master_record_number,agency,agency_tracking_number,county,city,collision_date,vehicles_involved,number_injured,number_dead,latitude,longitude,roadway_name,roadway_suffix,roadway_number,roadway_local_id,distance_from_reference,miles-feet_indicator,direction_from_reference,intersection_road_name,intersection_road_name_suffix,intersection_road_number,intersection_local_id,mile_marker,intersection_indicator,intersect_type,interchange_related_indicator,relation_to_junction,work_zone_type,construction_maintenance_zone,construction_maintenance_zone_location,fatal_case_number,officer_first_name,officer_last_name,weather_condition(s),manner_of_crash,pedestrian,bicycle,scooter,parking,hitrun,mou
102527001,METROPOLITAN NASHVILLE POLICE DEPT,20190726619,Davidson,Nashville,10/2/2019 2:00:00 PM,2,0,0,36.038260,-86.647440,I 24,,,,0.00,,,,,,,60.20,N,Not at Intersection, ,Non-Junction,Construction Zone,,,         ,Nelson,Hemingway,Clear,Front to Rear,no,no,no,no,no,False
102527002,METROPOLITAN NASHVILLE POLICE DEPT,20190726520,Davidson,Nashville,10/2/2019 1:08:00 PM,2,0,0,36.048080,-86.663970,I 24,,,,0.00,,,,,,,59.10,N,Not at Intersection, ,Non-Junction,None,,,         ,Jason,Hees,Clear,"Sideswipe, Same Direction",no,no,no,no,no,False
102527003,Metro Park Police,20190723426,Davidson,Nashville,10/1/2019 9:15:00 AM,2,0,0,36.062320,-86.904630,HIGHWAY 100,,,,0.00,,,OLD HICKORY BLVD,,,,0.00,Y,T-Intersection, ,,None,,,         ,Johnny,Perry,,,no,no,no,no,no,False
102527017,METROPOLITAN NASHVILLE POLICE DEPT,20190726598,Davidson,Nashville,10/2/2019 2:11:00 PM,2,0,0,36.203550,-86.738530,GALLATIN PKE,,,,0.00,,,E TRINITY LN,,,,0.00,Y,T-Intersection, ,Intersection,None,,,         ,David,Collins,Clear,Front to Rear,no,no,no,no,no,False
102527018,METROPOLITAN NASHVILLE POLICE DEPT,20190726604,Davidson,Nashville,10/2/2019 2:15:00 PM,2,1,0,36.145460,-86.743990,FESSLERS LN,,,,291.00,Feet,North,ELM HILL PKE,,,,0.00,N,Not at Intersection,N,Non-Junction,None,,,         ,Tien,Nguyen,Clear,Front to Rear,no,no,no,no,no,False
102527020,METROPOLITAN NASHVILLE POLICE DEPT,20190726529,Davidson,Nashville,10/2/2019 1:32:00 PM,1,0,0,36.034400,-86.643100,I 24,,,,0.00,,,,,,,60.60,N,Not at Intersection,N,Non-Junction,None,,,         ,Jessie,Meadows,Clear,Not Collision with Motor Vehicle in Transport,no,no,no,no,no,False
102527021,METROPOLITAN NASHVILLE POLICE DEPT,20190726265,Davidson,Nashville,10/2/2019 11:35:00 AM,2,0,0,36.129050,-86.905640,CHARLOTTE PKE,,,,159.00,Feet,West,CHARLOTTE PKE PVTDR,,,,0.00,N,Not at Intersection,N,Non-Junction,None,,,         ,Walter,Gray II,Clear,Front to Rear,no,no,no,no,no,False
102527035,METROPOLITAN NASHVILLE POLICE DEPT,20190726657,Davidson,Nashville,10/2/2019 2:45:00 PM,2,0,0,36.117970,-86.800820,BRIGHTWOOD AV,,,,17.00,Feet,South,LOMBARDY AV,,,,0.00,N,Not at Intersection, ,Non-Junction,Construction Zone,,,         ,Conor,Cronin,Clear,Front to Rear,no,no,no,no,no,False
102527049,BELLE MEADE POLICE DEPT,19-0277,Davidson,Belle Meade,10/2/2019 9:00:00 AM,2,0,0,36.122610,-86.850880,HARDING PKE,,,,170.00,Feet,East,LYNNWOOD BLVD,,,,0.00,N,Not at Intersection,N,Non-Junction,None,,,         ,David,Wright,Clear,Front to Rear,no,no,no,no,no,False
102527050,METROPOLITAN NASHVILLE POLICE DEPT,20190726664,Davidson,Nashville,10/2/2019 2:22:00 PM,2,0,0,36.109310,-86.720100,I24 W EXT RAMP,,,,0.00,,,I 24,,,,0.00,Y,Y-Intersection, ,,None,,,         ,Jesse,Cox,,,no,no,no,no,no,False
102527054,METROPOLITAN NASHVILLE POLICE DEPT,20190726655,Davidson,Nashville,10/2/2019 2:51:00 PM,2,1,0,36.040980,-86.779200,OLD HICKORY BLVD,,,,63.00,Feet,East,FRANKLIN PIKE CIR,,,,0.00,N,Not at Intersection, ,Non-Junction,None,,,         ,FELIKS,ABRAHAMYAN,Clear,Front to Rear,no,no,no,no,no,False
102527066,METROPOLITAN NASHVILLE POLICE DEPT,20190726708,Davidson,Nashville,10/2/2019 3:10:00 PM,2,0,0,36.164640,-86.698290,LEBANON PKE,,,,207.00,Feet,South,MILL CREEK MEADOW DR,,,,0.00,N,Not at Intersection, ,Non-Junction,None,,,         ,John,Kelley,Clear,Front to Rear,no,no,no,no,no,False
102527076,METROPOLITAN NASHVILLE POLICE DEPT,20190726691,Davidson,Nashville,10/2/2019 2:35:00 PM,2,0,0,36.240770,-86.752410,BRILEY PKWYE,,,,87.00,Feet,South,BRILEY PKWYW,,,,0.00,N,Not at Intersection, ,,None,,,         ,John,Braun,,,no,no,no,no,no,False
102527088,METROPOLITAN NASHVILLE POLICE DEPT,20190726836,Davidson,Nashville,10/2/2019 4:33:00 PM,2,0,0,36.119400,-86.808880,HILLSBORO PKE,,,,73.00,Feet,South,STOKES LN,,,,0.00,N,Not at Intersection,N,Non-Junction,None,,,         ,Randy,Puckett,Clear,Angle,no,no,no,no,yes,False
102527089,METROPOLITAN NASHVILLE POLICE DEPT,20190726758,Davidson,Nashville,10/2/2019 3:52:00 PM,2,1,0,36.152640,-86.796740,WEST END AV,,,,241.00,Feet,East,19TH AVN,,,,0.00,N,Not at Intersection,N,Non-Junction,None,,,         ,Randall,Ward,Clear,Angle,no,no,no,no,no,False
102527095,METROPOLITAN NASHVILLE POLICE DEPT,20190726828,Davidson,Nashville,10/2/2019 4:25:00 PM,3,0,0,36.120100,-86.773910,I440 ENT RAMP,,,,0.00,Feet,East,I 65,,,,0.00,N,Not at Intersection, ,Non-Junction,None,,,         ,Conor,Cronin,Clear,Front to Rear,no,no,no,no,no,False
102527099,METROPOLITAN NASHVILLE POLICE DEPT,20190726734,Davidson,Nashville,10/2/2019 12:00:00 AM,2,1,0,36.157040,-86.760460,I40 W ENT RAMP,,,,0.00,,,I 24,,,,0.00,Y,Y-Intersection,N,Non-Junction,None,,,         ,Derek,Betty,Clear,Front to Rear,no,no,no,no,no,False
102527101,METROPOLITAN NASHVILLE POLICE DEPT,20190726748,Davidson,Nashville,10/2/2019 3:20:00 PM,2,0,0,36.047390,-86.816020,GRANNY WHITE PKE,,,,166.00,Feet,South,OMAN DR,,,,0.00,N,Not at Intersection, ,Non-Junction,None,,,         ,Brandon,Hughes,Clear,Front to Rear,no,no,no,no,no,False
102527102,METROPOLITAN NASHVILLE POLICE DEPT,20190726711,Davidson,Nashville,10/2/2019 3:08:00 PM,2,0,0,36.187060,-86.770910,N 2ND ST,,,,55.00,Feet,South,CLEVELAND ST,,,,0.00,N,Not at Intersection,N,Non-Junction,None,,,         ,Gregory,Cenicola,Clear,Front to Rear,no,no,no,no,yes,False
102527103,BERRY HILL POLICE DEPT,19-4148,Davidson,Berry Hill,10/2/2019 12:00:00 AM,2,0,0,36.119320,-86.772490,BERRY RD,,,,104.00,Feet,East,I65 N ENT RAMP,,,,0.00,N,Not at Intersection, ,Non-Junction,None,,,         ,John,Gleixner,Clear,Front to Rear,no,no,no,no,yes,False
102527107,METROPOLITAN NASHVILLE POLICE DEPT,20190726811,Davidson,Not in City Limit,10/2/2019 3:55:00 PM,2,0,0,36.056880,-86.971250,POPLAR CREEK RD,,,,0.00,,,SOMERSET PL,,,,0.00,Y,T-Intersection, ,,None,,,         ,Katelyn,Argeroplos,,,no,no,no,no,no,False
102527112,GOODLETTSVILLE POLICE DEPT,19-37085,Davidson,Goodlettsville,10/2/2019 4:17:00 PM,3,1,0,36.295590,-86.716200,I 65,,,,0.00,,,,,,,94.75,N,Not at Intersection,N,Non-Junction,None,,,         ,Rico,Jones,Clear,Front to Rear,no,no,no,no,no,False
102527113,METROPOLITAN NASHVILLE POLICE DEPT,20190726899,Davidson,Nashville,10/2/2019 5:03:00 PM,2,1,0,36.246690,-86.743890,I65 N ENT RAMP,,,,0.00,,,I 65,,,,0.00,Y,OTHER,N,Entrance/Exit Ramp Related,None,,,         ,Christopher,Littles,Clear,Front to Rear,no,no,no,no,no,False
102527114,METROPOLITAN NASHVILLE POLICE DEPT,20190726851,Davidson,Nashville,10/2/2019 4:38:00 PM,2,0,0,36.109490,-86.728240,THOMPSON LN,,,,58.00,Feet,West,BRILEY PKWYN,,,,0.00,N,Not at Intersection, ,Non-Junction,None,,,         ,Rachel,Susee,Clear,Front to Rear,no,no,no,no,no,False
102527125,METROPOLITAN NASHVILLE POLICE DEPT,20190726800,Davidson,Nashville,10/2/2019 4:04:00 PM,2,0,0,36.093700,-86.762800,I 65,,,,0.00,,,,,,,78.60,N,Not at Intersection,N,Non-Junction,None,,,         ,Thomas,Broatch,Clear,"Sideswipe, Same Direction",no,no,no,no,yes,False
102527131,METROPOLITAN NASHVILLE POLICE DEPT,20190724391,Davidson,Nashville,10/1/2019 5:12:00 PM,2,0,0,36.110590,-86.716060,BRILEY PKWYS,,,,86.00,Feet,East,AVERITT EXPRESS DR,,,,0.00,N,Not at Intersection, ,Non-Junction,None,,,         ,James,Williams,Clear,"Sideswipe, Same Direction",no,no,no,no,no,False
102527132,METROPOLITAN NASHVILLE POLICE DEPT,20190726877,Davidson,Nashville,10/2/2019 4:40:00 PM,2,0,0,36.152950,-86.857960,WHITE BRIDGE PKE EXT RAMP,,,,0.00,Feet,East,I40 W EXT RAMP,,,,0.00,N,Not at Intersection, ,,None,,,         ,Justin,Coyle,,,no,no,no,no,no,False
102527135,METROPOLITAN NASHVILLE POLICE DEPT,20190726617,Davidson,Nashville,10/2/2019 2:15:00 PM,2,0,0,36.047440,-86.862630,HILLSBORO PKE,,,,50.00,Feet,North,OLD HICKORY BLVD,,,,0.00,N,Not at Intersection, ,Non-Junction,None,,,         ,Walter,Gray II,Clear,Front to Rear,no,no,no,no,no,False
102527136,METROPOLITAN NASHVILLE POLICE DEPT,20190726922,Davidson,Nashville,10/2/2019 5:12:00 PM,3,0,0,36.130280,-86.801710,BLAIR BLVD,,,,94.00,Feet,East,21ST AVS,,,,0.00,N,Not at Intersection,N,Non-Junction,None,,,         ,Randy,Puckett,Clear,Angle,no,no,no,no,no,False
102527139,METROPOLITAN NASHVILLE POLICE DEPT,20190726745,Davidson,Nashville,10/2/2019 3:12:00 PM,3,0,0,36.037460,-86.786110,OLD HICKORY BLVD,,,,139.00,Feet,East,FRANKLIN PKE,,,,0.00,N,Not at Intersection, ,,None,,,         ,FELIKS,ABRAHAMYAN,,,no,no,no,no,no,False
102527142,METROPOLITAN NASHVILLE POLICE DEPT,20190726923,Davidson,Nashville,10/2/2019 4:02:00 PM,2,0,0,36.183620,-86.610590,OLD HICKORY BLVD,,,,24.00,Feet,East,ANDREW JACKSON PKWY,,,,0.00,N,Not at Intersection, ,,None,,,         ,Tony,Mingsing,,,no,no,no,no,no,False
102527144,VANDERBILT UNIVERSITY POLICE,20190726724,Davidson,Nashville,10/2/2019 2:45:00 PM,1,0,0,36.142400,-86.800730,MEDICAL CENTER DR,,,,0.00,,,,,,,0.00,,, ,,None,,,         ,Yarrish,Hammons,,,no,no,no,yes,no,Campus
102527145,METROPOLITAN NASHVILLE POLICE DEPT,20190726996,Davidson,Nashville,10/2/2019 5:42:00 PM,2,0,0,36.193490,-86.830940,CLARKSVILLE PKE,,,,101.00,Feet,East,BUENA VISTA PKE,,,,0.00,N,Not at Intersection,N,Non-Junction,None,,,         ,Cressie,Prill,Clear,"Sideswipe, Same Direction",no,no,no,no,yes,False
102527146,METROPOLITAN NASHVILLE POLICE DEPT,20190726969,Davidson,Not in City Limit,10/2/2019 5:41:00 PM,2,0,0,36.261240,-86.712530,GALLATIN PKES,,,,0.00,,,MAPLE ST,,,,0.00,Y,T-Intersection,N,Intersection,None,,,         ,Christopher,Littles,Clear,Angle,no,no,no,no,no,False
102527155,METROPOLITAN NASHVILLE POLICE DEPT,20190726891,Davidson,Nashville,10/2/2019 4:56:00 PM,2,0,0,36.170820,-86.601550,OLD HICKORY BLVD,,,,0.00,,,I40 W EXT RAMP,,,,0.00,Y,Four-Way,N,Intersection,None,,,         ,Michael,Suagua,Clear,Front to Rear,no,no,no,no,no,False
102527156,METROPOLITAN NASHVILLE POLICE DEPT,20190726911,Davidson,Nashville,10/2/2019 5:05:00 PM,2,1,0,36.169520,-86.810990,I 40,,,,0.00,,,,,,,207.05,N,Not at Intersection,N,Non-Junction,None,,,         ,Jonathan,Sharp,Clear,Front to Rear,no,no,no,no,no,False
102527165,METROPOLITAN NASHVILLE POLICE DEPT,20190727012,Davidson,Nashville,10/2/2019 5:52:00 PM,2,0,0,36.134250,-86.775380,WEDGEWOOD AV,,,,9.00,Feet,South,I65 N ENT RAMP,,,,0.00,N,Not at Intersection, ,Non-Junction,None,,,         ,Randy,Puckett,Clear,Front to Rear,no,no,no,no,no,False
102527168,METROPOLITAN NASHVILLE POLICE DEPT,20190726928,Davidson,Nashville,10/2/2019 5:17:00 PM,3,1,0,36.061100,-86.681040,I 24,,,,0.00,,,,,,,57.75,N,Not at Intersection,N,Non-Junction,None,,,         ,Marcus,Darden,Clear,Front to Rear,no,no,no,no,no,False
102527169,METROPOLITAN NASHVILLE POLICE DEPT,20190726767,Davidson,Nashville,10/2/2019 3:57:00 PM,2,2,0,36.122680,-86.845500,WOODMONT BLVD,,,,233.00,Feet,South,PARK MANOR BLVD,,,,0.00,N,Not at Intersection,N,Non-Junction,None,,,         ,Walter,Gray II,Clear,HeadOn,no,no,no,no,no,False
102527170,METROPOLITAN NASHVILLE POLICE DEPT,20190726910,Davidson,Nashville,10/2/2019 4:40:00 PM,2,0,0,36.154710,-86.773120,LEA AV,,,,0.00,,,4TH AVS,,,,0.00,Y,OTHER, ,Intersection,None,,,         ,Brian,DeMarce,Clear,"Sideswipe, Same Direction",no,no,no,no,no,False
102527179,METROPOLITAN NASHVILLE POLICE DEPT,20190727045,Davidson,Nashville,10/2/2019 12:00:00 AM,2,1,0,36.178150,-86.751660,MAIN ST,,,,0.00,,,N 10TH ST,,,,0.00,Y,Four-Way, ,Intersection,None,,,         ,Gordon,Stovall,Clear,Front to Rear,no,no,no,no,no,False
102527180,METROPOLITAN NASHVILLE POLICE DEPT,20190726933,Davidson,Not in City Limit,10/2/2019 5:19:00 PM,2,0,0,36.132980,-86.926170,RIVER RD,,,,34.00,Feet,North,GOWER RD,,,,0.00,N,Not at Intersection,Y,Non-Junction,None,,,         ,Edward,Starke,Clear,"Sideswipe, Opposite Direction",no,no,no,no,no,False
102527182,METROPOLITAN NASHVILLE POLICE DEPT,20190726871,Davidson,Nashville,10/2/2019 4:48:00 PM,2,0,0,36.158480,-86.777120,DEMONBREUN ST,,,,0.00,,,5TH AVS,,,,0.00,Y,Four-Way, ,Intersection,None,,,         ,Joseph,Bingham,Clear,"Sideswipe, Opposite Direction",no,no,no,no,no,False
102527186,METROPOLITAN NASHVILLE POLICE DEPT,20190726978,Davidson,Nashville,10/2/2019 5:48:00 PM,2,1,0,36.075090,-86.919040,HWY 70 S,,,,70.00,Feet,East,OLD HICKORY BLVD,,,,0.00,N,Not at Intersection, ,Non-Junction,None,,,         ,Jeremy,Huffine,Clear,Angle,no,no,no,no,no,False
102527195,METROPOLITAN NASHVILLE POLICE DEPT,20190726942,Davidson,Nashville,10/2/2019 5:10:00 PM,2,0,0,36.145790,-86.696080,BRILEY PKWY S EXT RAMP,,,,0.00,Feet,East,I40 W ENT RAMP,,,,0.00,N,Not at Intersection, ,,None,,,         ,John,Kelley,,,no,no,no,no,no,False
102527196,METROPOLITAN NASHVILLE POLICE DEPT,20190726915,Davidson,Nashville,10/2/2019 5:00:00 PM,2,0,0,36.140570,-86.723100,I 40,,,,0.00,,,,,,,213.50,N,Not at Intersection,N,Non-Junction,None,,,         ,John,Kelley,Clear,Front to Rear,no,no,no,no,yes,False
102527198,METROPOLITAN NASHVILLE POLICE DEPT,20190727096,Davidson,Nashville,10/2/2019 6:56:00 PM,1,0,0,36.139350,-86.819100,ORLEANS DR,,,,0.00,Feet,North,WEST END AV,,,,0.00,N,Not at Intersection, ,Non-Junction,None,,,         ,Ryan,Coll,Clear,Not Collision with Motor Vehicle in Transport,no,no,no,no,no,False
102527213,METROPOLITAN NASHVILLE POLICE DEPT,20190275376,Davidson,Nashville,10/2/2019 2:50:00 AM,1,2,0,36.049280,-86.775790,I 65,,,,0.00,,,,,,,75.40,N,Not at Intersection,N,Non-Junction,None,,,         ,William,Chambers,Clear,Not Collision with Motor Vehicle in Transport,no,no,no,no,yes,False
102527216,METROPOLITAN NASHVILLE POLICE DEPT,20190726979,Davidson,Nashville,10/2/2019 5:45:00 PM,2,2,0,36.103530,-86.666280,OLD MURFREESBORO PKE,,,,68.00,Feet,East,FAIRCLOTH LN,,,,0.00,N,Not at Intersection,N,Non-Junction,None,,,         ,Maryanne,Bartello,Clear,Angle,no,no,no,no,no,False
102527217,METROPOLITAN NASHVILLE POLICE DEPT,20190726961,Davidson,Not in City Limit,10/2/2019 5:37:00 PM,2,1,0,36.072700,-86.926470,OLD HARDING PKE,,,,0.00,,,HICKS RD,,,,0.00,Y,Four-Way,N,Intersection,None,,,         ,Katelyn,Argeroplos,Clear,Front to Rear,no,no,no,no,yes,False
102527218,METROPOLITAN NASHVILLE POLICE DEPT,20190726987,Davidson,Nashville,10/2/2019 5:20:00 PM,2,0,0,36.151430,-86.773650,DIVISION ST,,,,193.00,Feet,East,6TH AVS,,,,0.00,N,Not at Intersection, ,Non-Junction,None,,,         ,Brian,DeMarce,Clear,Front to Rear,no,no,no,no,no,False
102527219,METROPOLITAN NASHVILLE POLICE DEPT,20190727103,Davidson,Nashville,10/2/2019 12:00:00 AM,2,0,0,36.149310,-86.833330,NEVADA AV,,,,100.00,Feet,East,40TH AVN,,,,0.00,N,Not at Intersection,N,Non-Junction,None,,,         ,Walter,Gray II,Clear,"Sideswipe, Same Direction",no,no,no,no,yes,False
102527232,VANDERBILT UNIVERSITY POLICE,20190726741,Davidson,Nashville,10/2/2019 12:00:00 AM,2,0,0,36.144150,-86.813670,WEST END AV,,,,1.00,Feet,South,29TH AVS,,,,0.00,N,Not at Intersection, ,Non-Junction,None,,,         ,Alan,Reed,Clear,"Sideswipe, Same Direction",no,no,no,no,no,Campus
102527233,METROPOLITAN NASHVILLE POLICE DEPT,20190727111,Davidson,Nashville,10/2/2019 5:45:00 PM,2,0,0,36.149690,-86.778840,DIVISION ST,,,,102.00,Feet,East,8TH AVS,,,,0.00,N,Not at Intersection, ,Non-Junction,None,,,         ,Derek,Betty,Clear,Front to Rear,no,no,no,no,yes,False
102527237,METROPOLITAN NASHVILLE POLICE DEPT,20190726742,Davidson,Nashville,10/2/2019 3:42:00 PM,2,2,0,36.142670,-86.707700,I 40,,,,0.00,,,,,,,214.35,N,Not at Intersection,N,Non-Junction,None,,,         ,Dontaveous,Eubanks,Clear,Front to Rear,no,no,no,no,no,False
102527240,METROPOLITAN NASHVILLE POLICE DEPT,20190726983,Davidson,Nashville,10/2/2019 5:30:00 PM,2,1,0,36.117470,-86.773460,I 65,,,,0.00,,,,,,,80.30,N,Not at Intersection,N,Non-Junction,None,,,         ,Thomas,Broatch,Clear,"Sideswipe, Same Direction",no,no,no,no,no,False
102527243,METROPOLITAN NASHVILLE POLICE DEPT,20190727184,Davidson,Nashville,10/2/2019 7:57:00 PM,1,0,0,36.134840,-86.779040,8TH AV S,,,,0.00,,,,,,,0.00,,,N,Non-Junction,None,,,         ,Randy,Puckett,Clear,Not Collision with Motor Vehicle in Transport,no,no,no,yes,yes,False
102527244,METROPOLITAN NASHVILLE POLICE DEPT,20190727114,Davidson,Nashville,10/2/2019 6:30:00 PM,2,1,0,36.153210,-86.764960,I 40,,,,0.00,,,,,,,210.70,N,Not at Intersection,N,Non-Junction,None,,,         ,Brian,DeMarce,Clear,Front to Rear,no,no,no,no,yes,False
102527246,METROPOLITAN NASHVILLE POLICE DEPT,20190726940,Davidson,Nashville,10/2/2019 5:26:00 PM,2,0,0,36.120430,-86.750610,MELROSE AV,,,,0.00,,,GRANDVIEW AV,,,,0.00,Y,T-Intersection,N,Intersection,None,,,         ,FELIKS,ABRAHAMYAN,Clear,Angle,no,no,no,no,no,False
102527259,METROPOLITAN NASHVILLE POLICE DEPT,20190727199,Davidson,Nashville,10/2/2019 7:25:00 PM,2,0,0,36.150160,-86.748840,I 40,,,,0.00,,,,,,,211.70,N,Not at Intersection,N,Non-Junction,None,,,         ,Darci,Stechman,Clear,Front to Rear,no,no,no,no,yes,False
102527262,METROPOLITAN NASHVILLE POLICE DEPT,20190727228,Davidson,Nashville,10/2/2019 8:25:00 PM,2,0,0,36.192710,-86.744370,DOUGLAS AV,,,,0.00,,,GALLATIN AV,,,,0.00,Y,Four-Way, ,Non-Junction,None,,,         ,Richard,Conger,Clear,"Sideswipe, Same Direction",no,no,no,no,no,False
102527263,METROPOLITAN NASHVILLE POLICE DEPT,20190727174,Davidson,Nashville,10/2/2019 6:08:00 PM,2,0,0,36.174970,-86.774310,N 1ST ST,,,,208.00,Feet,North,OLDHAM ST,,,,0.00,N,Not at Intersection, ,,None,,,         ,Roy,Sain Jr.,,,no,no,no,no,no,False
102527272,METROPOLITAN NASHVILLE POLICE DEPT,20190727201,Davidson,Nashville,10/2/2019 5:10:00 PM,2,1,0,36.160190,-86.818890,28TH AVN,,,,0.00,,,BOOKER ST,,,,0.00,Y,T-Intersection,N,Intersection,None,,,         ,Jonathan,Sharp,Clear,Front to Rear,no,no,no,no,yes,False
102527277,METROPOLITAN NASHVILLE POLICE DEPT,20190727205,Davidson,Nashville,10/2/2019 8:15:00 PM,2,1,0,36.206880,-86.870620,BRILEY PKWY N EXT RAMP,,,,0.00,Feet,East,BRILEY PKWYN,,,,0.00,N,Not at Intersection,N,Entrance/Exit Ramp Related,None,,,         ,Cressie,Prill,Clear,Front to Rear,no,no,no,no,no,False
102527281,METROPOLITAN NASHVILLE POLICE DEPT,20190726812,Davidson,Nashville,10/2/2019 3:25:00 PM,2,0,0,36.038210,-86.800900,OLD HICKORY BLVD,,,,0.00,,,WESTPARK DR,,,,0.00,Y,T-Intersection, ,,None,,,         ,Cynthia,Quirouette,,,no,no,no,no,no,False
102527303,METROPOLITAN NASHVILLE POLICE DEPT,20190726672,Davidson,Nashville,10/2/2019 3:02:00 PM,2,0,0,36.159120,-86.792610,14TH AVN,,,,56.00,Feet,South,HYNES ST,,,,0.00,N,Not at Intersection, ,Non-Junction,None,,,         ,John,Roberson,Clear,Front to Rear,no,no,no,no,no,False
102527304,METROPOLITAN NASHVILLE POLICE DEPT,20190726955,Davidson,Nashville,10/2/2019 5:20:00 PM,2,2,0,36.134220,-86.819500,I 440,,,,0.00,,,,,,,1.70,N,Not at Intersection,N,Non-Junction,Construction Zone,Work On Shoulder Or Median,Activity Area,         ,John,Roberson,Clear,Front to Rear,no,no,no,no,no,False
102527341,METROPOLITAN NASHVILLE POLICE DEPT,20190727265,Davidson,Nashville,10/2/2019 8:45:00 PM,2,2,0,36.136200,-86.629800,BELL RD,,,,10.00,Feet,South,REELFOOT DR,,,,0.00,N,Not at Intersection,N,Non-Junction,None,,,         ,Maryanne,Bartello,Clear,HeadOn,no,no,no,no,no,False
102527344,METROPOLITAN NASHVILLE POLICE DEPT,20190727130,Davidson,Nashville,10/2/2019 7:19:00 PM,4,0,0,36.150150,-86.771630,I 40,,,,0.00,,,,,,,210.30,N,Not at Intersection,N,Non-Junction,None,,,         ,FELIKS,ABRAHAMYAN,Clear,Front to Rear,no,no,no,no,no,False
102527350,METROPOLITAN NASHVILLE POLICE DEPT,20190727172,Davidson,Nashville,10/2/2019 7:20:00 PM,2,0,0,36.150660,-86.770480,4TH AVS,,,,20.00,Feet,West,I40 E EXT RAMP,,,,0.00,N,Not at Intersection, ,Non-Junction,None,,,         ,Conor,Cronin,Clear,"Sideswipe, Same Direction",no,no,no,no,no,False
102527356,METROPOLITAN NASHVILLE POLICE DEPT,20190727106,Davidson,Nashville,10/2/2019 7:07:00 PM,3,4,0,36.195310,-86.772200,DICKERSON PKE,,,,0.00,,,FERN AV,,,,0.00,Y,T-Intersection,N,Intersection-Related,None,,,         ,John,Braun,Clear,Angle,no,no,no,no,yes,False
102527360,METROPOLITAN NASHVILLE POLICE DEPT,20190726947,Davidson,Nashville,10/2/2019 3:20:00 PM,2,0,0,36.077150,-86.734090,HARDING PL,,,,0.00,Feet,,OVERCREST DR,,,,0.00,Y,T-Intersection, ,Intersection-Related,None,,,         ,William,King,Clear,Angle,no,no,no,no,no,False
102527373,METROPOLITAN NASHVILLE POLICE DEPT,20190727219,Davidson,Nashville,10/2/2019 7:42:00 PM,2,0,0,36.086580,-86.771740,HARDING PL,,,,65.00,Feet,East,FRANKLIN PKE,,,,0.00,N,Not at Intersection, ,Non-Junction,None,,,         ,Alberta,Auguste,Clear,Front to Rear,no,no,no,no,no,False
102527380,METROPOLITAN NASHVILLE POLICE DEPT,20190726801,Davidson,Nashville,10/2/2019 3:32:00 PM,2,0,0,36.038660,-86.645840,CROSSINGS BLVD,,,,854.00,Feet,West,I24 E ENT RAMP,,,,0.00,N,Not at Intersection,N,Non-Junction,None,,,         ,Patrick,Martin,Clear,"Sideswipe, Same Direction",no,no,no,no,yes,False
102527381,METROPOLITAN NASHVILLE POLICE DEPT,20190726993,Davidson,Nashville,10/2/2019 5:55:00 PM,3,3,0,36.070940,-86.635150,MURFREESBORO PKE,,,,456.00,Feet,South,BELL RD,,,,0.00,N,Not at Intersection,N,"Driveway, Alley Access, etc",None,,,         ,Patrick,Martin,Clear,Angle,no,no,no,no,no,False
102527390,Nashville Airport Police,2019-04209,Davidson,Nashville,10/2/2019 6:56:00 PM,1,0,0,36.130360,-86.667550,TERMINAL DR,,,,782.00,Feet,West,AIRPORT SERVICE RD,,,,0.00,N,Not at Intersection, ,Non-Junction,None,,,         ,Nathan,Holt,Clear,Not Collision with Motor Vehicle in Transport,no,no,no,yes,no,False
102527393,METROPOLITAN NASHVILLE POLICE DEPT,20190726854,Davidson,Nashville,10/2/2019 4:35:00 PM,2,1,0,36.118430,-86.726260,I 24,,,,0.00,,,,,,,53.00,N,Not at Intersection,N,Non-Junction,None,,,         ,Jesse,Cox,Clear,Front to Rear,no,no,no,no,no,False
102527435,METROPOLITAN NASHVILLE POLICE DEPT,20190726976,Davidson,Nashville,10/2/2019 3:37:00 PM,2,0,0,36.148100,-86.857910,WHITE BRIDGE PKE,,,,115.00,Feet,South,LENOX AV,,,,0.00,N,Not at Intersection, ,Non-Junction,None,,,         ,Torian,Cox,Clear,Angle,no,no,no,no,no,False
102527452,METROPOLITAN NASHVILLE POLICE DEPT,20190725442,Davidson,Nashville,10/2/2019 4:40:00 AM,2,1,0,36.124190,-86.745720,I 440,,,,0.00,,,,,,,6.50,N,Not at Intersection,N,Non-Junction,None,,,         ,Sarah,Cartwright,Clear,Angle,no,no,no,no,no,False
102527454,METROPOLITAN NASHVILLE POLICE DEPT,20190725043,Davidson,Nashville,10/1/2019 11:27:00 PM,4,0,0,36.028750,-86.636750,I 24,,,,0.00,,,,,,,61.10,N,Not at Intersection,N,Non-Junction,Construction Zone,Laneclosure,Before First Warning Area,         ,Mario,Diaz,Clear,Front to Rear,no,no,no,no,no,False
102527462,METROPOLITAN NASHVILLE POLICE DEPT,20190727437,Davidson,Not in City Limit,10/2/2019 9:00:00 PM,2,0,0,36.078590,-86.950680,US HWY 70S,,,,5.00,Feet,East,CONNECTING ROAD,,,,0.00,N,Not at Intersection, ,OtherLocation,None,,,         ,William,Vanbergen,Clear,Angle,no,no,no,yes,no,False