master_record_number,agency,agency_tracking_number,county,city,collision_date,vehicles_involved,number_injured,number_dead,latitude,longitude,roadway_name,roadway_suffix,roadway_number,roadway_local_id,distance_from_reference,miles-feet_indicator,direction_from_reference,intersection_road_name,intersection_road_name_suffix,intersection_road_number,intersection_local_id,mile_marker,intersection_indicator,intersect_type,interchange_related_indicator,relation_to_junction,work_zone_type,construction_maintenance_zone,construction_maintenance_zone_location,fatal_case_number,officer_first_name,officer_last_name,weather_condition(s),manner_of_crash,pedestrian,bicycle,scooter,parking,hitrun,mou
102528165,METROPOLITAN NASHVILLE POLICE DEPT,20190729363,Davidson,Nashville,10/3/2019 3:55:00 PM,2,0,0,36.163050,-86.761530,I 24,,,,0.00,,,,,,,49.25,N,Not at Intersection,N,Non-Junction,None,,,         ,Kevin,Clausius,Clear,"Sideswipe, Same Direction",no,no,no,no,yes,False
102528175,METROPOLITAN NASHVILLE POLICE DEPT,20190729452,Davidson,Nashville,10/3/2019 5:01:00 PM,3,0,0,36.253240,-86.697670,NEELYS BEND RD,,,,146.00,Feet,East,HOWSE AV,,,,0.00,N,Not at Intersection,N,Non-Junction,None,,,         ,Christopher,Littles,Clear,Front to Rear,no,no,no,no,no,False
102528176,METROPOLITAN NASHVILLE POLICE DEPT,20190729277,Davidson,Nashville,10/3/2019 3:28:00 PM,2,1,0,36.230320,-86.773800,EWING DR,,,,0.00,Feet,,RICHMOND HILL DR,,,,0.00,Y,Four-Way,N,Intersection,None,,,         ,Rodney,Phipps,Clear,Angle,no,no,no,no,no,False
102528180,METROPOLITAN NASHVILLE POLICE DEPT,20190729424,Davidson,Nashville,10/3/2019 3:12:00 PM,2,0,0,36.167890,-86.815600,I 40,,,,0.00,,,EXIT 207,,,,0.00,Y,Y-Intersection, ,Intersection-Related,None,,,         ,Russell,Jones,Clear,Angle,no,no,no,no,no,False
102528182,METROPOLITAN NASHVILLE POLICE DEPT,20190729399,Davidson,Nashville,10/3/2019 4:00:00 PM,2,1,0,36.206200,-86.773680,I65 N EXT RAMP,,,,0.00,,,I65 N ENT RAMP,,,,0.00,Y,T-Intersection, ,Entrance/Exit Ramp Related,None,,,         ,Wade,Johnson,Clear,Front to Rear,no,no,no,no,no,False
102528196,METROPOLITAN NASHVILLE POLICE DEPT,20190729505,Davidson,Nashville,10/3/2019 5:27:00 PM,2,0,0,36.141760,-86.793440,16TH AVS,,,,377.00,Feet,North,HORTON AV,,,,0.00,N,Not at Intersection, ,"Driveway, Alley Access, etc",None,,,         ,John,Chambers,Clear,Angle,no,no,no,no,no,False
102528199,METROPOLITAN NASHVILLE POLICE DEPT,20190729420,Davidson,Nashville,10/3/2019 4:45:00 PM,2,0,0,36.135200,-86.759790,NOLENSVILLE PKE,,,,104.00,Feet,South,WINGROVE ST,,,,0.00,N,Not at Intersection, ,Non-Junction,None,,,         ,Randy,Puckett,Clear,Angle,no,no,no,no,no,False
102528200,METROPOLITAN NASHVILLE POLICE DEPT,20190729478,Davidson,Nashville,10/3/2019 4:57:00 PM,2,0,0,36.105900,-86.718470,I 24,,,,0.00,,,,,,,54.00,N,Not at Intersection,N,Non-Junction,None,,,         ,Patrick,Martin,Clear,Front to Rear,no,no,no,no,no,False
102528209,METROPOLITAN NASHVILLE POLICE DEPT,20190729461,Davidson,Nashville,10/3/2019 4:29:00 PM,2,0,0,36.144290,-86.695230,I 40,,,,0.00,,,,,,,215.00,N,Not at Intersection, ,Non-Junction,None,,,         ,Gabriel,Vasquez,Clear,Front to Rear,no,no,no,no,no,False
102528210,METROPOLITAN NASHVILLE POLICE DEPT,20190729485,Davidson,Nashville,10/3/2019 5:19:00 PM,2,1,0,36.132650,-86.727160,I 24,,,,0.00,,,,,,,52.00,N,Not at Intersection,N,Non-Junction,None,,,         ,Gabriel,Vasquez,Clear,Front to Rear,no,no,no,no,yes,False
102528211,METROPOLITAN NASHVILLE POLICE DEPT,20190729527,Davidson,Nashville,10/3/2019 12:00:00 AM,1,0,0,36.134790,-86.723680,MURFREESBORO PKE,,,,248.00,Feet,East,I24 W EXT RAMP,,,,0.00,N,Not at Intersection,N,OtherLocation,None,,,         ,Rachel,Susee,Clear,Not Collision with Motor Vehicle in Transport,no,no,no,yes,yes,False
102528220,METROPOLITAN NASHVILLE POLICE DEPT,20190729413,Davidson,Nashville,10/3/2019 4:12:00 PM,2,0,0,36.142760,-86.707120,I 40,,,,0.00,,,,,,,214.40,N,Not at Intersection, ,Non-Junction,None,,,         ,Dontaveous,Eubanks,Clear,Front to Rear,no,no,no,no,no,False
102528221,METROPOLITAN NASHVILLE POLICE DEPT,20190729565,Davidson,Nashville,10/3/2019 5:23:00 PM,2,0,0,36.059370,-86.853090,HILLSBORO PKE,,,,0.00,,,CHICKERING LN,,,,0.00,Y,Four-Way, ,Intersection,None,,,         ,Molly,Page,Clear,Front to Rear,no,no,no,no,no,False
102528229,METROPOLITAN NASHVILLE POLICE DEPT,20190729489,Davidson,Nashville,10/3/2019 4:29:00 PM,2,0,0,36.150590,-86.785550,I 40,,,,0.00,,,,,,,209.50,N,Not at Intersection,N,Non-Junction,None,,,         ,FELIKS,ABRAHAMYAN,Clear,"Sideswipe, Same Direction",no,no,no,no,no,False
102528237,METROPOLITAN NASHVILLE POLICE DEPT,20190729610,Davidson,Nashville,10/3/2019 4:25:00 PM,2,0,0,36.156800,-86.774480,4TH AVS,,,,125.00,Feet,South,KOREAN VETERANS BLVD,,,,0.00,N,Not at Intersection, ,Non-Junction,None,,,         ,Jordan,Vrbas,Clear,Angle,no,no,no,no,no,False
102528238,METROPOLITAN NASHVILLE POLICE DEPT,20190729529,Davidson,Nashville,10/3/2019 5:35:00 PM,4,4,0,36.042410,-86.653720,I 24,,,,0.00,,,,,,,59.75,N,Not at Intersection,N,Non-Junction,None,,,         ,Jesse,Cox,Clear,Front to Rear,no,no,no,no,no,False
102528239,METROPOLITAN NASHVILLE POLICE DEPT,20190729620,Davidson,Not in City Limit,10/3/2019 6:18:00 PM,2,1,0,36.261240,-86.712530,GALLATIN PKES,,,,0.00,,,MAPLE ST,,,,0.00,Y,T-Intersection,N,Intersection,None,,,         ,Christopher,Littles,Clear,Angle,no,no,no,no,no,False
102528244,METROPOLITAN NASHVILLE POLICE DEPT,20190729633,Davidson,Nashville,10/3/2019 5:53:00 PM,2,0,0,36.108820,-86.721230,I 24,,,,0.00,,,,,,,53.80,N,Not at Intersection, ,,None,,,         ,Patrick,Martin,,,no,no,no,no,no,False
102528258,METROPOLITAN NASHVILLE POLICE DEPT,20190729580,Davidson,Nashville,10/3/2019 4:38:00 PM,2,0,0,36.170400,-86.768450,INTERSTATE DR,,,,0.00,,,WOODLAND ST,,,,0.00,Y,Four-Way, ,,None,,,         ,Derek,Betty,,,no,no,no,no,no,False
102528262,METROPOLITAN NASHVILLE POLICE DEPT,20190729656,Davidson,Antioch,10/3/2019 6:44:00 PM,3,1,0,36.031640,-86.594150,US HWY 41,,,,0.00,,,PARKS RETREAT DR,,,,0.00,Y,T-Intersection,N,Non-Junction,None,,,         ,Eric,Wegener,Clear,Front to Rear,no,no,no,no,yes,False
102528276,METROPOLITAN NASHVILLE POLICE DEPT,20190729683,Davidson,Nashville,10/3/2019 6:55:00 PM,2,0,0,36.099490,-86.658060,OLD MURFREESBORO PKE,,,,1432.00,Feet,West,SMITH SPRINGS RD,,,,0.00,N,Not at Intersection, ,Non-Junction,None,,,         ,Gabriel,Vasquez,Clear,Front to Rear,no,no,no,no,no,False
102528280,METROPOLITAN NASHVILLE POLICE DEPT,20190729643,Davidson,Nashville,10/3/2019 6:39:00 PM,2,0,0,36.065560,-86.680110,ANTIOCH PKE,,,,0.00,,,REEVES RD,,,,0.00,Y,T-Intersection, ,Intersection,None,,,         ,Laura,Williams,Clear,Angle,no,no,no,no,yes,False
102528291,METROPOLITAN NASHVILLE POLICE DEPT,20190729238,Davidson,Nashville,10/3/2019 3:10:00 PM,2,0,0,36.167020,-86.777110,UNION ST,,,,19.00,Feet,East,1ST AVN,,,,0.00,N,Not at Intersection,N,Non-Junction,None,,,         ,Nicolas,Pernell,Clear,Front to Rear,no,no,no,no,no,False
102528292,METROPOLITAN NASHVILLE POLICE DEPT,20190729591,Davidson,Nashville,10/3/2019 4:01:00 PM,2,0,0,36.162140,-86.790550,CHARLOTTE AV,,,,21.00,Feet,East,11TH AVN,,,,0.00,N,Not at Intersection, ,Non-Junction,None,,,         ,Nicolas,Pernell,Clear,Front to Rear,no,no,no,no,no,False
102528300,METROPOLITAN NASHVILLE POLICE DEPT,20190729805,Davidson,Nashville,10/3/2019 7:00:00 PM,2,0,0,36.068480,-86.674440,RICHARDS RD,,,,33.00,Feet,North,ARTELIA DR,,,,0.00,N,Not at Intersection, ,Non-Junction,None,,,         ,Jesse,Cox,Clear,Front to Rear,no,no,no,no,no,False
102528303,METROPOLITAN NASHVILLE POLICE DEPT,20190729733,Davidson,Nashville,10/3/2019 7:21:00 PM,2,0,0,36.203810,-86.738390,GALLATIN PKE,,,,46.00,Feet,South,LELAND AV,,,,0.00,N,Not at Intersection,N,Non-Junction,None,,,         ,Jessica,Scott,Clear,Angle,no,no,no,no,no,False
102528321,METROPOLITAN NASHVILLE POLICE DEPT,20190729816,Davidson,Nashville,10/3/2019 6:53:00 PM,2,0,0,36.080760,-86.726710,NOLENSVILLE PKE,,,,436.00,Feet,North,HARDING PL,,,,0.00,N,Not at Intersection, ,,None,,,         ,Patrick,Martin,,,no,no,no,no,no,False
102528322,METROPOLITAN NASHVILLE POLICE DEPT,20190729571,Davidson,Nashville,10/3/2019 5:50:00 PM,2,0,0,36.105620,-86.671800,MURFREESBORO PKE,,,,0.00,Feet,,EZELL PKE,,,,0.00,Y,T-Intersection,N,Intersection,None,,,         ,William,Cleveland,Clear,"Sideswipe, Same Direction",no,no,no,no,yes,False
102528344,METROPOLITAN NASHVILLE POLICE DEPT,20190729773,Davidson,Lakewood,10/3/2019 7:40:00 PM,2,0,0,36.238780,-86.630010,PITTS AV,,,,0.00,,,LAKESHORE DR,,,,0.00,Y,Four-Way, ,Intersection,None,,,         ,Tony,Mingsing,Clear,Front to Rear,no,no,no,no,no,False
102528350,VANDERBILT UNIVERSITY POLICE,20190729654,Davidson,Nashville,10/3/2019 6:25:00 PM,1,0,0,36.139720,-86.805870,24TH AVS,,,,0.00,,,,,,,0.00,,, ,Non-Junction,None,,,         ,Edwin,Melgar,Clear,Not Collision with Motor Vehicle in Transport,no,no,no,no,no,Campus
102528356,METROPOLITAN NASHVILLE POLICE DEPT,20190729516,Davidson,Nashville,10/3/2019 4:12:00 PM,2,0,0,36.144390,-86.695900,I 40,,,,0.00,,,,,,,215.00,N,Not at Intersection, ,Non-Junction,None,,,         ,Dontaveous,Eubanks,Clear,Front to Rear,no,no,no,no,no,False
102528362,METROPOLITAN NASHVILLE POLICE DEPT,20190729728,Davidson,Nashville,10/3/2019 6:35:00 PM,2,0,0,36.150360,-86.804170,LOUISE AV,,,,0.00,,,HAYES ST,,,,0.00,Y,T-Intersection, ,,None,,,         ,FELIKS,ABRAHAMYAN,,,no,no,no,no,no,Campus
102528387,METROPOLITAN NASHVILLE POLICE DEPT,20190729945,Davidson,Nashville,10/3/2019 8:41:00 PM,2,0,0,36.179840,-86.798540,DELTA AVE,,,,0.00,,,GARFIELD ST,,,,0.00,Y,Four-Way, ,Intersection-Related,None,,,         ,Russell,Jones,Clear,Angle,no,no,no,no,yes,False
102528388,METROPOLITAN NASHVILLE POLICE DEPT,20190729540,Davidson,Nashville,10/3/2019 3:55:00 PM,2,0,0,36.174510,-86.869870,BRILEY PKWYN,,,,345.00,Feet,North,BRILEY PKWYS,,,,0.00,N,Not at Intersection, ,Non-Junction,None,,,         ,Justin,Coyle,Clear,"Sideswipe, Same Direction",no,no,no,no,no,False
102528389,METROPOLITAN NASHVILLE POLICE DEPT,20190729653,Davidson,Nashville,10/3/2019 6:16:00 PM,3,2,0,36.143960,-86.873270,CHARLOTTE PKE,,,,70.00,Feet,West,WATTS LN,,,,0.00,N,Not at Intersection,N,Non-Junction,None,,,         ,Justin,Coyle,Clear,Front to Rear,no,no,no,no,no,False
102528423,METROPOLITAN NASHVILLE POLICE DEPT,20190729898,Davidson,Nashville,10/3/2019 8:25:00 PM,3,0,0,36.118180,-86.767950,I 440,,,,0.00,,,,,,,5.25,N,Not at Intersection,N,Non-Junction,None,,,         ,FELIKS,ABRAHAMYAN,Clear,Front to Rear,no,no,no,no,no,False
102528470,METROPOLITAN NASHVILLE POLICE DEPT,20190729959,Davidson,Nashville,10/3/2019 9:11:00 PM,2,1,0,36.050130,-86.648990,BELL RD,,,,159.00,Feet,East,MT VIEW RD,,,,0.00,N,Not at Intersection,N,Non-Junction,None,,,         ,Patrick,Martin,Clear,Front to Rear,no,no,no,no,no,False
102528476,METROPOLITAN NASHVILLE POLICE DEPT,20190729957,Davidson,Not in City Limit,10/3/2019 8:50:00 PM,2,0,0,36.266530,-86.690110,N DUPONT AV,,,,0.00,,,MYATT DR,,,,0.00,Y,Four-Way,Y,Intersection-Related,None,,,         ,Derek,Sibley,Clear,Angle,no,no,no,no,no,False
102528499,METROPOLITAN NASHVILLE POLICE DEPT,2019-0728811,Davidson,Nashville,10/3/2019 11:18:00 AM,2,0,0,36.032890,-86.768820,CLOVERLAND DR,,,,127.00,Feet,North,JONES PKWY,,,,0.00,N,Not at Intersection,N,Non-Junction,None,,,         ,Sean,Williams,Clear,"Sideswipe, Opposite Direction",no,no,no,no,no,False
102528500,METROPOLITAN NASHVILLE POLICE DEPT,2019-0729000,Davidson,Nashville,10/3/2019 12:07:00 PM,3,1,0,36.087020,-86.730020,ELYSIAN FIELDS CT,,,,81.00,Feet,East,NOLENSVILLE PKE,,,,0.00,N,Not at Intersection,N,Non-Junction,None,,,         ,Sean,Williams,Clear,Front to Rear,no,no,no,no,yes,False
102528515,GOODLETTSVILLE POLICE DEPT,19-37216,Davidson,Goodlettsville,10/3/2019 7:46:00 PM,2,1,0,36.297370,-86.713030,ALTA LOMA RD,,,,0.00,,,HARDAWAY DR,,,,0.00,Y,T-Intersection,N,Intersection,None,,,         ,Kenneth,Parks,Clear,Angle,no,no,no,no,no,False
102528516,METROPOLITAN NASHVILLE POLICE DEPT,20190730081,Davidson,Nashville,10/3/2019 9:36:00 PM,2,0,0,36.143530,-86.687720,I40 W EXT RAMP,,,,0.00,Feet,East,I 40,,,,0.00,N,Not at Intersection, ,Non-Junction,None,,,         ,Joseph,Patricio,Clear,"Sideswipe, Same Direction",no,no,no,no,no,False
102528518,METROPOLITAN NASHVILLE POLICE DEPT,20190728180,Davidson,Nashville,10/3/2019 6:18:00 AM,6,4,0,36.039890,-86.741800,OLD HICKORY BLVD,,,,500.00,Feet,East,EDMONDSON PKE,,,,0.00,N,Not at Intersection,N,Non-Junction,None,,,         ,Brandon,Rardin,Clear,Front to Rear,no,no,no,no,yes,False
102528522,METROPOLITAN NASHVILLE POLICE DEPT,20190729522,Davidson,Nashville,10/3/2019 5:22:00 PM,2,1,0,36.045100,-86.743960,EDMONDSON PKE,,,,39.00,Feet,South,BRIGHTON VILLAGE DR,,,,0.00,N,Not at Intersection,N,Non-Junction,None,,,         ,Alberta,Auguste,Clear,Front to Rear,no,no,no,no,no,False
102528523,METROPOLITAN NASHVILLE POLICE DEPT,20190729734,Davidson,Nashville,10/3/2019 6:02:00 PM,2,0,0,36.048180,-86.713600,NOLENSVILLE PKE,,,,225.00,Feet,South,HICKORYVIEW DR,,,,0.00,N,Not at Intersection, ,Non-Junction,None,,,         ,Alberta,Auguste,Clear,"Sideswipe, Same Direction",no,no,no,no,no,False
102528552,METROPOLITAN NASHVILLE POLICE DEPT,20190730194,Davidson,Nashville,10/3/2019 11:40:00 PM,2,0,0,36.175710,-86.771970,I 24,,,,0.00,,,,,,,48.00,N,Not at Intersection,N,Non-Junction,None,,,         ,Daniel,Russett,Clear,Angle,no,no,no,no,yes,False
102528556,GOODLETTSVILLE POLICE DEPT,19-37226,Davidson,Goodlettsville,10/3/2019 10:57:00 PM,1,0,0,36.316520,-86.713280,S MAIN ST,,,,161.00,Feet,North,HOLLYWOOD ST,,,,0.00,N,Not at Intersection,N,Non-Junction,None,,,         ,Christopher,Jones,Clear,Not Collision with Motor Vehicle in Transport,no,no,no,no,yes,False
102528563,METROPOLITAN NASHVILLE POLICE DEPT,20190730470,Davidson,Nashville,10/4/2019 2:20:00 AM,1,0,0,36.114590,-86.646500,COUCHVILLE PKE,,,,111.00,Feet,East,REYNOLDS RD,,,,0.00,,Not at Intersection,Y,Non-Junction,None,,,         ,Jacob,West,Clear,Not Collision with Motor Vehicle in Transport,no,no,no,no,no,False
102528565,METROPOLITAN NASHVILLE POLICE DEPT,20190730147,Davidson,Nashville,10/3/2019 11:22:00 PM,2,2,0,36.162370,-86.782070,CHURCH ST,,,,0.00,,,CAPITOL BLVD,,,,0.00,Y,T-Intersection,N,Non-Junction,None,,,         ,Ralph,Gault,Clear,Front to Rear,no,no,no,no,no,False
102528584,METROPOLITAN NASHVILLE POLICE DEPT,20190730456,Davidson,Nashville,10/4/2019 1:50:00 AM,1,1,0,36.065110,-86.827490,ROBERT E LEE CT,,,,157.00,Feet,West,ROBERT E LEE DR,,,,0.00,N,Not at Intersection,N,Non-Junction,None,,,         ,Justan,Vance,Clear,Not Collision with Motor Vehicle in Transport,no,no,no,no,no,False
102528596,METROPOLITAN NASHVILLE POLICE DEPT,20190730455,Davidson,Nashville,10/4/2019 2:05:00 AM,2,0,0,36.164240,-86.819900,28TH AVN,,,,0.00,,,ALBION ST,,,,0.00,Y,Four-Way,N,Intersection,None,,,         ,Brandon,Simpkins,Clear,Angle,no,no,no,no,no,False
102528616,METROPOLITAN NASHVILLE POLICE DEPT,20190730659,Davidson,Nashville,10/4/2019 5:13:00 AM,1,0,0,36.184950,-86.759210,ELLINGTON PKWY N ENT RAMP,,,,0.00,,,CLEVELAND ST,,,,0.00,Y,OTHER,N,Entrance/Exit Ramp Related,None,,,         ,Joshua,Whitworth,Clear,Not Collision with Motor Vehicle in Transport,no,no,no,no,yes,False
102528623,METROPOLITAN NASHVILLE POLICE DEPT,20190730489,Davidson,Nashville,10/4/2019 2:36:00 AM,2,0,0,36.087830,-86.692530,ANTIOCH PKE,,,,175.00,Feet,North,HARDING PL,,,,0.00,N,Not at Intersection, ,Non-Junction,None,,,         ,Antoine,Maghamez,Clear,Front to Rear,no,no,no,no,no,False
102528624,METROPOLITAN NASHVILLE POLICE DEPT,20190730460,Davidson,Antioch,10/3/2019 11:29:00 PM,2,0,0,36.009950,-86.615370,I 24,,,,0.00,,,,,,,63.00,N,Not at Intersection, ,Non-Junction,Construction Zone,,,         ,Mario,Diaz,Clear,"Sideswipe, Same Direction",no,no,no,no,yes,False
102528625,METROPOLITAN NASHVILLE POLICE DEPT,20190730642,Davidson,Nashville,10/4/2019 5:00:00 AM,2,0,0,36.163450,-86.783530,UNION ST,,,,0.00,,,7TH AVN,,,,0.00,Y,Four-Way, ,Intersection,None,,,         ,Daniel,Russett,Clear,Angle,no,no,no,no,no,False
102528668,METROPOLITAN NASHVILLE POLICE DEPT,20190730650,Davidson,Nashville,10/3/2019 10:45:00 PM,2,0,0,36.070290,-86.684540,ANTIOCH PKE,,,,0.00,Feet,,HAYWOOD LN,,,,0.00,Y,T-Intersection,N,Intersection-Related,None,,,         ,Teresah,Pinho,Clear,Front to Rear,no,no,no,no,yes,False
102528683,METROPOLITAN NASHVILLE POLICE DEPT,20190730740,Davidson,Not in City Limit,10/4/2019 6:00:00 AM,2,0,0,36.309590,-86.825510,I 24,,,,0.00,,,,,,,37.75,N,Not at Intersection,N,Non-Junction,None,,,         ,Timothy,Ward,Clear,Front to Rear,no,no,no,no,no,False
102528685,METROPOLITAN NASHVILLE POLICE DEPT,20190730792,Davidson,Not in City Limit,10/4/2019 6:55:00 AM,2,0,0,36.160060,-86.569480,EARHART RD,,,,384.00,Feet,North,JOHN HAGAR RD,,,,0.00,N,Not at Intersection, ,"Driveway, Alley Access, etc",None,,,         ,Michael,Dance,Clear,Angle,no,no,no,no,no,False
102528701,METROPOLITAN NASHVILLE POLICE DEPT,20190730819,Davidson,Nashville,10/4/2019 7:07:00 AM,2,0,0,36.103590,-86.666480,FAIRCLOTH LN,,,,12.00,Feet,South,OLD MURFREESBORO PKE,,,,0.00,N,Not at Intersection, ,,None,,,         ,Samuel,Fredericks,,,no,no,no,no,no,False
102528723,METROPOLITAN NASHVILLE POLICE DEPT,20190730849,Davidson,Nashville,10/4/2019 7:28:00 AM,2,2,0,36.148810,-86.666280,ELM HILL PKE,,,,0.00,,,DONELSON PKE,,,,0.00,Y,Four-Way,N,Intersection-Related,None,,,         ,Tien,Nguyen,Clear,Angle,no,no,no,no,no,False
102528730,METROPOLITAN NASHVILLE POLICE DEPT,20190730900,Davidson,Nashville,10/4/2019 7:52:00 AM,2,0,0,36.220310,-86.845640,PHIPPS DR,,,,554.00,Feet,North,LUNN DR,,,,0.00,N,Not at Intersection, ,Non-Junction,None,,,         ,Fabjan,Llukaj,Clear,"Sideswipe, Same Direction",no,no,no,no,yes,False
102528740,METROPOLITAN NASHVILLE POLICE DEPT,20190730959,Davidson,Nashville,10/4/2019 8:00:00 AM,1,0,0,36.153720,-86.862070,LOVELL ST,,,,196.00,Feet,North,MAXON AV,,,,0.00,N,Not at Intersection, ,,None,,,         ,Curtis,Rich,,,no,no,no,no,no,False
102528745,METROPOLITAN NASHVILLE POLICE DEPT,20190730958,Davidson,Nashville,10/4/2019 8:21:00 AM,2,0,0,36.144440,-86.741900,ELM HILL PKE,,,,59.00,Feet,West,LANNIE BOSWELL AV,,,,0.00,N,Not at Intersection, ,Non-Junction,None,,,         ,Tien,Nguyen,Clear,Angle,no,no,no,no,no,False
102528746,METROPOLITAN NASHVILLE POLICE DEPT,20190730880,Davidson,Nashville,10/4/2019 7:44:00 AM,2,0,0,36.158050,-86.790300,GEORGE L DAVIS BLVD,,,,16.00,Feet,North,I40 W EXT RAMP,,,,0.00,N,Not at Intersection, ,Entrance/Exit Ramp Related,None,,,         ,Tony,Folad,Clear,"Sideswipe, Same Direction",no,no,no,no,no,False
102528760,METROPOLITAN NASHVILLE POLICE DEPT,20190730969,Davidson,Nashville,10/4/2019 7:49:00 AM,2,0,0,36.148060,-86.743440,FESSLERS LN,,,,6.00,Feet,South,BONDS AV,,,,0.00,N,Not at Intersection, ,Non-Junction,None,,,         ,Daniel,Fuentes,Clear,Front to Rear,no,no,no,no,yes,False
102528777,METROPOLITAN NASHVILLE POLICE DEPT,20190730770,Davidson,Nashville,10/4/2019 6:40:00 AM,1,1,0,35.991480,-86.649990,BURKITT RD,,,,1438.00,Feet,East,WHITTEMORE LN,,,,0.00,N,Not at Intersection,N,Non-Junction,None,,,         ,Jessie,Meadows,Clear,Not Collision with Motor Vehicle in Transport,no,no,no,no,no,False
102528778,METROPOLITAN NASHVILLE POLICE DEPT,20190730914,Davidson,Nashville,10/4/2019 8:05:00 AM,2,0,0,36.080370,-86.685700,ANTIOCH PKE,,,,0.00,,,FRANKLIN LIMESTONE RD,,,,0.00,Y,Four-Way, ,Non-Junction,None,,,         ,Nopel,Stella,Clear,Front to Rear,no,no,no,no,no,False
102528795,METROPOLITAN NASHVILLE POLICE DEPT,20190730935,Davidson,Antioch,10/4/2019 8:17:00 AM,3,0,0,36.004930,-86.622820,OLD HICKORY BLVD,,,,296.00,Feet,West,BURKITT RD,,,,0.00,N,Not at Intersection, ,Non-Junction,None,,,         ,Jessie,Meadows,Clear,Front to Rear,no,no,no,no,no,False
102528801,METROPOLITAN NASHVILLE POLICE DEPT,20190731081,Davidson,Not in City Limit,10/4/2019 9:30:00 AM,2,0,0,36.041380,-86.953490,KITTRELL RD,,,,221.00,Feet,North,CHAFFIN DR,,,,0.00,N,Not at Intersection, ,Non-Junction,None,,,         ,Wesley,Tilley,Clear,Angle,no,no,no,yes,yes,False
102528802,METROPOLITAN NASHVILLE POLICE DEPT,20190731105,Davidson,Nashville,10/4/2019 9:57:00 AM,2,0,0,36.139500,-86.700200,KNIGHTS OF COLUMBUS BLVD,,,,0.00,,,I40 E ENT RAMP,,,,0.00,Y,Four-Way, ,Intersection-Related,None,,,         ,Tien,Nguyen,Clear,"Sideswipe, Same Direction",no,no,no,no,no,False
102528839,METROPOLITAN NASHVILLE POLICE DEPT,20190731080,Davidson,Not in City Limit,10/4/2019 9:45:00 AM,2,0,0,36.062320,-86.942740,BEECH BEND DR,,,,0.00,,,OLD HARDING PKE,,,,0.00,Y,Four-Way, ,,None,,,         ,Curtis,Rich,,,no,no,no,no,no,False
102528866,METROPOLITAN NASHVILLE POLICE DEPT,20190731194,Davidson,Nashville,10/4/2019 10:28:00 AM,2,0,0,36.207620,-86.777790,BRICK CHURCH PKE,,,,25.00,Feet,North,I65 S EXT RAMP,,,,0.00,N,Not at Intersection, ,,None,,,         ,Fabjan,Llukaj,,,no,no,no,no,no,False
102528874,METROPOLITAN NASHVILLE POLICE DEPT,20190731098,Davidson,Not in City Limit,10/4/2019 9:50:00 AM,2,0,0,36.065340,-86.995870,MCCRORY LN,,,,0.00,,,AVONDALE PARK BLVD,,,,0.00,Y,T-Intersection, ,,None,,,         ,Charles,Boles,,,no,no,no,no,no,False
102528899,METROPOLITAN NASHVILLE POLICE DEPT,20190731011,Davidson,Nashville,10/4/2019 8:55:00 AM,2,0,0,36.110760,-86.742700,THOMPSON LN,,,,77.00,Feet,East,FOSTER AV,,,,0.00,N,Not at Intersection, ,Non-Junction,None,,,         ,Jessie,Meadows,Clear,Angle,no,no,no,no,no,False
102528905,BERRY HILL POLICE DEPT,19-4193,Davidson,Berry Hill,10/4/2019 9:18:00 AM,1,0,0,36.121370,-86.775450,FRANKLIN PKE,,,,0.00,,,KIRKWOOD AV,,,,0.00,Y,T-Intersection, ,OtherLocation,None,,,         ,Larry,Carter,Clear,Not Collision with Motor Vehicle in Transport,no,no,no,yes,no,False
102528921,METROPOLITAN NASHVILLE POLICE DEPT,20190731164,Davidson,Nashville,10/4/2019 7:45:00 AM,2,0,0,36.142770,-86.765280,4TH AVS,,,,138.00,Feet,North,HOUSTON ST,,,,0.00,N,Not at Intersection, ,Non-Junction,None,,,         ,Jessie,Meadows,Clear,"Sideswipe, Same Direction",no,no,no,no,no,False
102528923,METROPOLITAN NASHVILLE POLICE DEPT,20190731374,Davidson,Nashville,10/4/2019 12:07:00 PM,2,0,0,36.157960,-86.791550,US HWY 70,,,,0.00,,,CHURCH ST,,,,0.00,Y,Four-Way, ,,None,,,         ,Nathan,Glass,,,no,no,no,no,no,False
102528962,METROPOLITAN NASHVILLE POLICE DEPT,20190731229,Davidson,Nashville,10/4/2019 8:42:00 AM,2,0,0,36.020330,-86.704310,SUNNYWOOD DR,,,,279.00,Feet,East,CONCORD MILL LN,,,,0.00,N,Not at Intersection,N,Non-Junction,None,,,         ,Jessie,Meadows,Clear,"Sideswipe, Same Direction",no,no,no,no,yes,False
102528982,METROPOLITAN NASHVILLE POLICE DEPT,20190731308,Davidson,Madison,10/4/2019 10:42:00 AM,2,0,0,36.265380,-86.739540,OLD HICKORY BLVDW,,,,416.00,Feet,West,I65 S ENT RAMP,,,,0.00,N,Not at Intersection, ,Non-Junction,None,,,         ,Cyretha,Frazier,Clear,"Sideswipe, Same Direction",no,no,no,no,no,False
102528998,METROPOLITAN NASHVILLE POLICE DEPT,20190731434,Davidson,Nashville,10/4/2019 12:42:00 PM,2,0,0,36.170860,-86.601330,I40 W EXT RAMP,,,,0.00,Feet,,I 40,,,,0.00,Y,Four-Way, ,Intersection-Related,None,,,         ,Tien,Nguyen,Clear,Front to Rear,no,no,no,no,no,False
102529007,METROPOLITAN NASHVILLE POLICE DEPT,20190731381,Davidson,Nashville,10/4/2019 12:14:00 PM,2,0,0,36.105260,-86.763530,POWELL AV,,,,0.00,,,ARMORY OAKS DR,,,,0.00,Y,T-Intersection, ,Intersection,None,,,         ,Justin,Pinkelton,Clear,Angle,no,no,no,no,no,False