master_record_number,agency,agency_tracking_number,county,city,collision_date,vehicles_involved,number_injured,number_dead,latitude,longitude,roadway_name,roadway_suffix,roadway_number,roadway_local_id,distance_from_reference,miles-feet_indicator,direction_from_reference,intersection_road_name,intersection_road_name_suffix,intersection_road_number,intersection_local_id,mile_marker,intersection_indicator,intersect_type,interchange_related_indicator,relation_to_junction,work_zone_type,construction_maintenance_zone,construction_maintenance_zone_location,fatal_case_number,officer_first_name,officer_last_name,weather_condition(s),manner_of_crash,pedestrian,bicycle,scooter,parking,hitrun,mou
102529703,METROPOLITAN NASHVILLE POLICE DEPT,20190732508,Davidson,Nashville,10/4/2019 9:34:00 PM,1,1,0,36.151030,-86.783930,DIVISION ST,,,,124.00,Feet,East,12TH AVS,,,,0.00,N,Not at Intersection, ,Non-Junction,None,,,         ,Derek,Betty,Clear,Not Collision with Motor Vehicle in Transport,yes,no,no,no,no,False
102529708,METROPOLITAN NASHVILLE POLICE DEPT,20190732424,Davidson,Nashville,10/4/2019 8:53:00 PM,1,0,0,36.082170,-86.651950,UNA ANTIOCH PKE,,,,0.00,,,PICCADILLY ROW,,,,0.00,Y,T-Intersection,N,Intersection-Related,None,,,         ,Taylor,Hurley,Clear,Not Collision with Motor Vehicle in Transport,no,no,no,no,yes,False
102529714,METROPOLITAN NASHVILLE POLICE DEPT,20190732495,Davidson,Nashville,10/4/2019 12:00:00 AM,1,0,0,36.193640,-86.809890,GRANSTAFF APTS @ METROCENTER P,,,,0.00,,,ROSA L PARKS BLVD,,,,0.00,Y,T-Intersection,N,Non-Junction,None,,,         ,Jonathan,Sharp,Clear,Not Collision with Motor Vehicle in Transport,no,no,no,no,yes,False
102529726,METROPOLITAN NASHVILLE POLICE DEPT,20190732209,Davidson,Antioch,10/4/2019 7:14:00 PM,2,0,0,36.015760,-86.620140,OLD HICKORY BLVD,,,,74.00,Feet,North,I24 W EXT RAMP,,,,0.00,N,Not at Intersection,N,Non-Junction,None,,,         ,Nathaniel,Myers,Clear,Angle,no,no,no,yes,yes,False
102529800,METROPOLITAN NASHVILLE POLICE DEPT,20190732639,Davidson,Nashville,10/4/2019 10:30:00 PM,2,2,0,36.157980,-86.772640,2ND AVS,,,,0.00,,,KOREAN VETERANS BLVD,,,,0.00,Y,Four-Way,N,Intersection,None,,,         ,Daniel,Russett,Clear,Angle,no,no,no,no,no,False
102529805,METROPOLITAN NASHVILLE POLICE DEPT,20190732747,Davidson,Nashville,10/4/2019 5:05:00 PM,2,0,0,36.154510,-86.788350,I 40,,,,0.00,,,,,,,209.25,N,Not at Intersection,N,Non-Junction,None,,,         ,Jeffrey,Mullins,Clear,"Sideswipe, Same Direction",no,no,no,no,yes,False
102529807,METROPOLITAN NASHVILLE POLICE DEPT,20190732749,Davidson,Nashville,10/5/2019 12:08:00 AM,2,2,0,36.153250,-86.794010,17TH AVS,,,,0.00,,,BROADWAY,,,,0.00,Y,Four-Way,Y,Intersection,None,,,         ,Dakota,Vermillion,Clear,Angle,no,no,no,no,no,False
102529819,METROPOLITAN NASHVILLE POLICE DEPT,20190732698,Davidson,Nashville,10/4/2019 12:00:00 AM,1,0,0,36.083430,-86.689090,ANTIOCH PKE,,,,0.00,Feet,,EZELL PKE,,,,0.00,Y,Four-Way,N,Intersection-Related,None,,,         ,Derrick,Toney,Clear,Not Collision with Motor Vehicle in Transport,no,no,no,no,yes,False
102529823,METROPOLITAN NASHVILLE POLICE DEPT,20190732814,Davidson,Nashville,10/5/2019 12:00:00 AM,2,0,0,36.239190,-86.830700,CLARKSVILLE PKE,,,,419.00,Feet,North,STEVENS LN,,,,0.00,N,Not at Intersection,N,Non-Junction,None,,,         ,Joseph,Gawlowski,Clear,Angle,no,no,no,no,yes,False
102529824,METROPOLITAN NASHVILLE POLICE DEPT,20190732701,Davidson,Nashville,10/4/2019 11:20:00 PM,2,0,0,36.154320,-86.741520,RUCKER AV,,,,0.00,Feet,,LEBANON PKE,,,,0.00,Y,T-Intersection, ,,None,,,         ,Meghan,Pope,,,no,no,no,no,no,False
102529836,METROPOLITAN NASHVILLE POLICE DEPT,20190732743,Davidson,Nashville,10/5/2019 12:03:00 AM,2,0,0,36.084160,-86.705890,LINBAR DR,,,,0.00,,,HARDING PL,,,,0.00,Y,Four-Way,N,Intersection-Related,None,,,         ,Robert,Erickson,Clear,"Sideswipe, Opposite Direction",no,no,no,no,no,False
102529841,METROPOLITAN NASHVILLE POLICE DEPT,20190732810,Davidson,Nashville,10/5/2019 12:00:00 AM,2,0,0,36.194200,-86.776180,I 24,,,,0.00,,,,,,,46.60,N,Not at Intersection, ,Non-Junction,None,,,         ,Timothy,Ward,Clear,"Sideswipe, Same Direction",no,no,no,no,no,False
102529844,METROPOLITAN NASHVILLE POLICE DEPT,20190732775,Davidson,Nashville,10/5/2019 12:29:00 AM,2,2,0,36.238040,-86.830800,STEVENS LN,,,,0.00,,,CLARKSVILLE PKE,,,,0.00,Y,Four-Way,N,Non-Junction,None,,,         ,Abigail,Malone,Clear,Angle,no,no,no,no,no,False
102529851,METROPOLITAN NASHVILLE POLICE DEPT,20190732635,Davidson,Not in City Limit,10/4/2019 9:10:00 PM,1,0,0,36.372410,-86.891790,WHITES CREEK PKE,,,,12.00,Feet,North,RILEY ADCOCK RD,,,,0.00,N,Not at Intersection,N,Non-Junction,None,,,         ,Byron,Agoston,Clear,Not Collision with Motor Vehicle in Transport,no,no,no,no,no,False
102529855,METROPOLITAN NASHVILLE POLICE DEPT,20190733016,Davidson,Nashville,10/4/2019 11:35:00 PM,2,0,0,36.143700,-86.880200,PREMIER DR,,,,651.00,Feet,South,THUNDERBIRD DR,,,,0.00,N,Not at Intersection,N,Non-Junction,None,,,         ,Joshua,Asbell,Clear,Rear to Rear,no,no,no,yes,no,False
102529868,METROPOLITAN NASHVILLE POLICE DEPT,20190732834,Davidson,Nashville,10/5/2019 12:50:00 AM,1,1,0,36.177770,-86.771690,DICKERSON PKE,,,,236.00,Feet,South,I24 W ENT RAMP,,,,0.00,N,Not at Intersection,N,Non-Junction,None,,,         ,Edward,Holden,Clear,Not Collision with Motor Vehicle in Transport,no,no,no,no,no,False
102529871,METROPOLITAN NASHVILLE POLICE DEPT,20190733001,Davidson,Nashville,10/5/2019 2:45:00 AM,2,3,0,36.151670,-86.789500,DIVISION ST,,,,0.00,,,MUSIC CIR E,,,,0.00,Y,Four-Way,Y,Intersection,None,,,         ,Jarrett,Ipox,Clear,Front to Rear,no,no,no,no,no,False
102529885,METROPOLITAN NASHVILLE POLICE DEPT,20190733081,Davidson,Nashville,10/5/2019 2:53:00 AM,2,0,0,36.151010,-86.796490,19TH AVS,,,,0.00,,,BROADWAY,,,,0.00,Y,Four-Way,Y,Intersection-Related,None,,,         ,Dakota,Vermillion,Clear,"Sideswipe, Same Direction",no,no,no,no,yes,False
102529892,METROPOLITAN NASHVILLE POLICE DEPT,20190733104,Davidson,Nashville,10/5/2019 4:20:00 AM,1,1,0,36.088440,-86.610600,SMITH SPRINGS RD,,,,260.00,Feet,West,OLD SMITH SPRINGS RD,,,,0.00,N,Not at Intersection,N,Non-Junction,None,,,         ,Douglas,Meringer,Clear,Not Collision with Motor Vehicle in Transport,no,no,no,no,no,False
102529901,METROPOLITAN NASHVILLE POLICE DEPT,20190733135,Davidson,Nashville,10/5/2019 4:49:00 AM,2,0,0,36.061620,-86.638640,BELL RD,,,,550.00,Feet,East,HICKORY HIGHLANDS DR,,,,0.00,N,Not at Intersection,N,Non-Junction,None,,,         ,Matthew,Swindell,Clear,"Sideswipe, Same Direction",no,no,no,no,yes,False
102529911,METROPOLITAN NASHVILLE POLICE DEPT,20190732684,Davidson,Nashville,10/4/2019 11:00:00 PM,2,0,0,36.104420,-86.809380,RICHARD JONES RD,,,,165.00,Feet,West,HILLMONT DR,,,,0.00,N,Not at Intersection,N,Non-Junction,None,,,         ,Jose,Salazar,Clear,"Sideswipe, Opposite Direction",no,no,no,yes,no,False
102529915,METROPOLITAN NASHVILLE POLICE DEPT,20190733192,Davidson,Nashville,10/5/2019 5:50:00 AM,2,0,0,36.142060,-86.735180,I 40,,,,0.00,,,,,,,212.80,N,Not at Intersection,N,Non-Junction,None,,,         ,Meghan,Pope,Clear,"Sideswipe, Same Direction",no,no,no,no,no,False
102529916,METROPOLITAN NASHVILLE POLICE DEPT,20190733059,Davidson,Antioch,10/5/2019 3:30:00 AM,1,1,0,36.072800,-86.609600,ANDERSON,RD,,,0.00,,,TOWNE VILLAGE,DR,,,0.00,Y,T-Intersection,N,Intersection,None,,,         ,Holly,Davis,Clear,Not Collision with Motor Vehicle in Transport,no,no,no,no,yes,False
102529917,METROPOLITAN NASHVILLE POLICE DEPT,20190733047,Davidson,Nashville,10/5/2019 3:16:00 AM,2,0,0,36.109650,-86.721540,I 24,,,,0.00,,,,,,,53.70,N,Not at Intersection,N,Non-Junction,None,,,         ,Antoine,Maghamez,Clear,"Sideswipe, Same Direction",no,no,no,no,no,False
102529920,METROPOLITAN NASHVILLE POLICE DEPT,20190733202,Davidson,Nashville,10/5/2019 6:08:00 AM,2,0,0,36.142060,-86.735180,I 40,,,,0.00,,,,,,,212.80,N,Not at Intersection,N,Non-Junction,None,,,         ,Meghan,Pope,Clear,Front to Rear,no,no,no,no,no,False
102529945,METROPOLITAN NASHVILLE POLICE DEPT,20190733045,Davidson,Nashville,10/5/2019 12:00:00 AM,1,0,0,36.191830,-86.778810,I 65,,,,0.00,,,,,,,86.40,N,Not at Intersection,N,Non-Junction,None,,,         ,Kelcey,Bell,Clear,Not Collision with Motor Vehicle in Transport,no,no,no,no,no,False
102529966,METROPOLITAN NASHVILLE POLICE DEPT,20190733310,Davidson,Nashville,10/5/2019 7:59:00 AM,2,0,0,36.194710,-86.776170,I 65,,,,0.00,,,,,,,86.50,N,Not at Intersection, ,Entrance/Exit Ramp Related,None,,,         ,James,Wray,Clear,"Sideswipe, Same Direction",no,no,no,no,no,False
102529968,METROPOLITAN NASHVILLE POLICE DEPT,20190733350,Davidson,Nashville,10/5/2019 6:20:00 AM,2,0,0,36.044850,-86.662970,BELL RD,,,,426.00,Feet,West,CANE RIDGE RD,,,,0.00,N,Not at Intersection, ,Non-Junction,None,,,         ,Nicholas,Carter,Clear,Angle,no,no,no,no,no,False
102529973,METROPOLITAN NASHVILLE POLICE DEPT,20190733268,Davidson,Nashville,10/5/2019 7:20:00 AM,3,0,0,36.176570,-86.770290,SPRING ST,,,,9.00,Feet,East,DICKERSON PKE,,,,0.00,N,Not at Intersection,N,Non-Junction,None,,,         ,Zachary,Carter,Clear,Front to Rear,no,no,no,no,no,False
102529976,METROPOLITAN NASHVILLE POLICE DEPT,2019 0733376,Davidson,Not in City Limit,10/5/2019 8:35:00 AM,2,1,0,36.118530,-86.932160,HALEYS HOPE CT,,,,120.00,Feet,East,WEST RUNNING BROOK RD,,,,0.00,N,Not at Intersection, ,Non-Junction,None,,,         ,Paul,Junkmann,Clear,Angle,no,no,no,no,no,False
102529986,METROPOLITAN NASHVILLE POLICE DEPT,20190733278,Davidson,Nashville,10/5/2019 7:25:00 AM,2,0,0,36.205580,-86.776410,I 65,,,,0.00,,,,,,,87.25,N,Not at Intersection,N,Non-Junction,None,,,         ,Lawrence,Whited,Clear,"Sideswipe, Same Direction",no,no,no,no,no,False
102529987,METROPOLITAN NASHVILLE POLICE DEPT,20190733434,Davidson,Nashville,10/5/2019 9:22:00 AM,2,0,0,36.188140,-86.769290,STOCKELL ST,,,,131.00,Feet,South,VAUGHN ST,,,,0.00,N,Not at Intersection,N,Non-Junction,None,,,         ,Nicholas,Smith,Clear,"Sideswipe, Same Direction",no,no,no,no,yes,False
102530006,METROPOLITAN NASHVILLE POLICE DEPT,20190733322,Davidson,Nashville,10/5/2019 8:20:00 AM,2,0,0,36.178980,-86.896520,COCKRILL BEND BLVD,,,,1186.00,Feet,North,COCKRILL BEND CIR,,,,0.00,N,Not at Intersection, ,Non-Junction,None,,,         ,George,Spencer,Clear,Angle,no,no,no,no,no,False
102530015,METROPOLITAN NASHVILLE POLICE DEPT,20190733401,Davidson,Nashville,10/5/2019 9:00:00 AM,2,2,0,36.153000,-86.857610,BRILEY PKWY,,,,0.00,,,I40 W EXT RAMP,,,,0.00,Y,OTHER,N,Intersection,None,,,         ,Roger,Luther,Clear,Front to Rear,no,no,no,no,no,False
102530027,METROPOLITAN NASHVILLE POLICE DEPT,20190733413,Davidson,Nashville,10/5/2019 9:05:00 AM,2,0,0,36.157510,-86.852540,ILLINOIS AV,,,,104.00,Feet,East,54TH AVN,,,,0.00,N,Not at Intersection, ,Non-Junction,None,,,         ,Brian,Myatt,Clear,"Sideswipe, Same Direction",no,no,no,no,no,False
102530032,METROPOLITAN NASHVILLE POLICE DEPT,20190733473,Davidson,Nashville,10/5/2019 10:00:00 AM,2,0,0,36.082610,-86.761570,SIDCO DR,,,,186.00,Feet,North,HARDING PL,,,,0.00,N,Not at Intersection, ,,None,,,         ,Raymond,Flaherty,,,no,no,no,no,no,False
102530066,METROPOLITAN NASHVILLE POLICE DEPT,20190733616,Davidson,Nashville,10/5/2019 11:48:00 AM,2,0,0,36.045370,-86.713260,NOLENSVILLE PKE,,,,0.00,,,OLD HICKORY BLVD,,,,0.00,Y,Four-Way, ,Non-Junction,None,,,         ,Ian,Hammond,Clear,Front to Rear,no,no,no,no,yes,False
102530067,METROPOLITAN NASHVILLE POLICE DEPT,20190733544,Davidson,Nashville,10/5/2019 10:40:00 AM,3,1,0,36.145230,-86.857990,WHITE BRIDGE PKE,,,,84.00,Feet,North,BURGESS AV,,,,0.00,N,Not at Intersection, ,Non-Junction,None,,,         ,Brian,Myatt,Clear,Front to Rear,no,no,no,no,yes,False
102530125,METROPOLITAN NASHVILLE POLICE DEPT,20190733647,Davidson,Nashville,10/5/2019 12:14:00 PM,2,1,0,36.164030,-86.786240,CHARLOTTE AV,,,,0.00,,,ROSA L PARKS BLVD,,,,0.00,Y,Four-Way,Y,Intersection,None,,,         ,Kyle,Eicholtz,Clear,Angle,no,no,no,no,no,False
102530150,METROPOLITAN NASHVILLE POLICE DEPT,20190733670,Davidson,Nashville,10/5/2019 12:15:00 PM,2,0,0,36.148080,-86.625760,BELL RD,,,,300.00,Feet,North,TRAILS CIR,,,,0.00,N,Not at Intersection, ,Non-Junction,None,,,         ,Eric,Jackson,Clear,Front to Rear,no,no,no,no,no,False
102530152,METROPOLITAN NASHVILLE POLICE DEPT,20190733672,Davidson,Nashville,10/5/2019 12:31:00 PM,2,0,0,36.078590,-86.726030,NOLENSVILLE PKE,,,,378.00,Feet,South,HARDING PL,,,,0.00,N,Not at Intersection,N,Non-Junction,None,,,         ,Jose,Oliveros,Clear,"Sideswipe, Same Direction",no,no,no,no,yes,False
102530194,METROPOLITAN NASHVILLE POLICE DEPT,20190733695,Davidson,Nashville,10/5/2019 12:58:00 PM,2,0,0,36.045920,-86.675170,BELL RD,,,,251.00,Feet,West,BLUE HOLE RD,,,,0.00,N,Not at Intersection, ,Non-Junction,None,,,         ,Brandon,Evans,Clear,Angle,no,no,no,no,no,False
102530199,METROPOLITAN NASHVILLE POLICE DEPT,20190733640,Davidson,Nashville,10/5/2019 12:06:00 PM,2,0,0,36.077950,-86.783610,TYNE BLVD,,,,484.00,Feet,West,OVERTON LEA RD,,,,0.00,N,Not at Intersection, ,Non-Junction,None,,,         ,Earl,Davis,Clear,"Sideswipe, Same Direction",no,no,no,no,no,False
102530229,METROPOLITAN NASHVILLE POLICE DEPT,20190733744,Davidson,Nashville,10/5/2019 11:56:00 AM,2,0,0,36.200950,-86.739940,GALLATIN PKE,,,,0.00,,,BURCHWOOD AV,,,,0.00,Y,OTHER,N,Non-Junction,None,,,         ,Joshua,Baker,Clear,"Sideswipe, Opposite Direction",no,no,no,yes,yes,False
102530251,METROPOLITAN NASHVILLE POLICE DEPT,20190733715,Davidson,Nashville,10/5/2019 1:22:00 PM,2,0,0,36.246680,-86.721170,GALLATIN PKES,,,,0.00,,,BERKLEY DR,,,,0.00,Y,T-Intersection, ,Intersection,None,,,         ,Samuel,Kersten,Clear,Angle,no,no,no,no,no,False
102530253,METROPOLITAN NASHVILLE POLICE DEPT,20190733709,Davidson,Nashville,10/5/2019 1:10:00 PM,2,0,0,36.149710,-86.748030,I 40,,,,0.00,,,,,,,211.75,N,Not at Intersection, ,Non-Junction,None,,,         ,Zachary,Scott,Clear,"Sideswipe, Same Direction",no,no,no,no,no,False
102530262,METROPOLITAN NASHVILLE POLICE DEPT,20190733505,Davidson,Nashville,10/5/2019 10:19:00 AM,2,2,0,36.187920,-86.798480,DOMINICAN DR,,,,0.00,,,ROSA L PARKS BLVD,,,,0.00,Y,Four-Way,N,Intersection,None,,,         ,Caleb,Jernigan,Clear,Front to Rear,no,no,no,no,yes,False
102530272,METROPOLITAN NASHVILLE POLICE DEPT,20190733763,Davidson,Nashville,10/5/2019 1:40:00 PM,2,0,0,36.200180,-86.769890,GATEWOOD AVE,,,,0.00,,,US HWY 31W,,,,0.00,Y,T-Intersection,N,Intersection,None,,,         ,Nicholas,Smith,Clear,Angle,no,no,no,no,no,False
102530290,METROPOLITAN NASHVILLE POLICE DEPT,20190733697,Davidson,Nashville,10/5/2019 12:45:00 PM,2,0,0,36.080170,-86.645340,MURFREESBORO PKE,,,,334.00,Feet,North,EDGE O LAKE DR,,,,0.00,N,Not at Intersection, ,,None,,,         ,Jason,Hees,,,no,no,no,no,no,False
102530296,GOODLETTSVILLE POLICE DEPT,19-37399,Davidson,Goodlettsville,10/5/2019 12:02:00 PM,2,1,0,36.325400,-86.711290,CHURCH ST,,,,0.00,,,CONNELL ST,,,,0.00,Y,Four-Way,N,Non-Junction,None,,,         ,Matt,Shoesmith,Clear,"Sideswipe, Same Direction",no,no,no,no,no,False
102530297,METROPOLITAN NASHVILLE POLICE DEPT,20190733790,Davidson,Nashville,10/5/2019 2:18:00 PM,3,1,0,36.239870,-86.631440,OLD HICKORY BLVD,,,,36.00,Feet,West,ANTHONY ST,,,,0.00,N,Not at Intersection,N,Non-Junction,None,,,         ,Richard,Luellen,Clear,Front to Rear,no,no,no,no,no,False
102530310,METROPOLITAN NASHVILLE POLICE DEPT,20190733807,Davidson,Nashville,10/5/2019 12:00:00 AM,2,0,0,36.180160,-86.745310,ORDWAY PL,,,,0.00,,,N 14TH ST,,,,0.00,Y,Four-Way,N,Intersection,None,,,         ,Gordon,Stovall,Clear,Angle,no,no,no,no,no,False
102530316,METROPOLITAN NASHVILLE POLICE DEPT,20190733818,Davidson,Nashville,10/5/2019 12:00:00 AM,2,0,0,36.159650,-86.774430,DEMONBREUN ST,,,,83.00,Feet,East,3RD AVS,,,,0.00,N,Not at Intersection, ,Non-Junction,None,,,         ,Trevor,Taylor,Clear,"Sideswipe, Same Direction",no,no,no,no,no,False
102530317,METROPOLITAN NASHVILLE POLICE DEPT,20190733777,Davidson,Nashville,10/5/2019 2:07:00 PM,2,0,0,36.163860,-86.779090,4TH AVN,,,,73.00,Feet,North,CHURCH ST,,,,0.00,N,Not at Intersection, ,,None,,,         ,James,Hill,,,no,no,no,no,no,False
102530325,METROPOLITAN NASHVILLE POLICE DEPT,20190733834,Davidson,Nashville,10/5/2019 2:45:00 PM,2,1,0,36.232290,-86.624730,SHUTE LN,,,,0.00,,,OLD HICKORY BLVD,,,,0.00,Y,T-Intersection,N,Intersection,None,,,         ,Tyler,Hall,Clear,Front to Rear,no,no,no,no,no,False
102530342,GOODLETTSVILLE POLICE DEPT,19-37410,Davidson,Goodlettsville,10/5/2019 1:50:00 PM,2,0,0,36.304000,-86.702350,RIVERGATE PKWY,,,,0.00,Feet,,RIVERGATE MALL PVTDR,,,,0.00,Y,T-Intersection, ,Intersection-Related,None,,,         ,Brittany,Swift,Clear,Angle,no,no,no,no,no,False
102530344,BERRY HILL POLICE DEPT,19-4175,Davidson,Berry Hill,10/2/2019 10:30:00 AM,2,0,0,36.120760,-86.775300,FRANKLIN PKE,,,,0.00,,,,,,,0.00,,, ,,None,,,         ,Roy,Morris,,,no,no,no,yes,no,False
102530351,METROPOLITAN NASHVILLE POLICE DEPT,20190733813,Davidson,Nashville,10/5/2019 2:41:00 PM,2,1,0,36.115900,-86.785140,I 440,,,,0.00,,,,,,,4.25,N,Not at Intersection,N,Non-Junction,Construction Zone,,,         ,Randy,Puckett,Clear,Front to Rear,no,no,no,no,no,False
102530363,Nashville Airport Police,2019-04250,Davidson,Nashville,10/4/2019 12:00:00 AM,2,2,0,36.142200,-86.666600,I40 W EXT RAMP,,,,0.00,,,I 40,,,,0.00,Y,Four-Way,Y,Intersection-Related,None,,,         ,Nathan,Holt,Clear,HeadOn,no,no,no,no,no,False
102530364,METROPOLITAN NASHVILLE POLICE DEPT,20190733814,Davidson,Nashville,10/5/2019 2:11:00 PM,2,0,0,36.044770,-86.659600,I24 E ENT RAMP,,,,0.00,,,I 24,,,,0.00,Y,Four-Way, ,Non-Junction,None,,,         ,Taylor,Hurley,Clear,Front to Rear,no,no,no,no,no,False
102530370,METROPOLITAN NASHVILLE POLICE DEPT,20190733810,Davidson,Nashville,10/5/2019 2:20:00 PM,2,0,0,36.142960,-86.684020,I 40,,,,0.00,,,,,,,215.60,N,Not at Intersection, ,Non-Junction,None,,,         ,Torry,Hill,Clear,"Sideswipe, Same Direction",no,no,no,no,no,False
102530371,GOODLETTSVILLE POLICE DEPT,19-37387,Davidson,Goodlettsville,10/5/2019 9:12:00 AM,1,1,0,36.335520,-86.717190,N MAIN ST,,,,480.00,Feet,North,FANNIN DR,,,,0.00,N,Not at Intersection,N,Non-Junction,None,,,         ,Charles,Hauskin,Clear,Not Collision with Motor Vehicle in Transport,no,no,no,no,no,False
102530383,METROPOLITAN NASHVILLE POLICE DEPT,20190733806,Davidson,Nashville,10/5/2019 12:05:00 PM,1,0,0,36.200680,-86.745660,DELMAS AV,,,,603.00,Feet,North,FAIRWIN AV,,,,0.00,N,Not at Intersection,N,Non-Junction,None,,,         ,Cooper,HIll,Clear,Not Collision with Motor Vehicle in Transport,no,no,no,yes,no,False
102530385,METROPOLITAN NASHVILLE POLICE DEPT,20190733968,Davidson,Nashville,10/5/2019 3:48:00 PM,2,0,0,36.086300,-86.699150,HARDING PL,,,,149.00,Feet,West,I24 W ENT RAMP,,,,0.00,N,Not at Intersection,N,Non-Junction,None,,,         ,Ryan,Sherry,Clear,"Sideswipe, Same Direction",no,no,no,no,yes,False
102530389,GOODLETTSVILLE POLICE DEPT,19-37415,Davidson,Goodlettsville,10/5/2019 3:01:00 PM,2,1,0,36.315040,-86.713620,S MAIN ST,,,,0.00,,,RIVERGATE PKWY,,,,0.00,Y,T-Intersection,N,Intersection,None,,,         ,Nicholas,Given,Clear,Front to Rear,no,no,no,no,no,False
102530399,METROPOLITAN NASHVILLE POLICE DEPT,20190733798,Davidson,Nashville,10/5/2019 2:35:00 PM,2,2,0,36.221240,-86.761840,DICKERSON PKE,,,,0.00,,,PINE RIDGE DR,,,,0.00,Y,T-Intersection,Y,Intersection-Related,None,,,         ,Jonathan,Handley,Clear,Angle,no,no,no,no,no,False
102530411,METROPOLITAN NASHVILLE POLICE DEPT,20190733951,Davidson,Nashville,10/5/2019 3:46:00 PM,2,1,0,36.149700,-86.859830,CHARLOTTE PKE,,,,31.00,Feet,East,OCEOLA AV,,,,0.00,N,Not at Intersection,N,Non-Junction,None,,,         ,Molly,Page,Clear,Front to Rear,no,no,no,no,no,False
102530414,METROPOLITAN NASHVILLE POLICE DEPT,20190733963,Davidson,Nashville,10/5/2019 11:19:00 AM,2,0,0,36.186470,-86.804570,CASS ST,,,,144.00,Feet,East,10TH AVN,,,,0.00,N,Not at Intersection, ,Non-Junction,None,,,         ,Jonathan,Sharp,Clear,"Sideswipe, Same Direction",no,no,no,no,no,False
102530415,METROPOLITAN NASHVILLE POLICE DEPT,20190734011,Davidson,Nashville,10/5/2019 4:40:00 PM,2,0,0,36.138300,-86.783300,HILLSIDE AV,,,,551.00,Feet,South,RESERVOIR CT,,,,0.00,N,Not at Intersection,N,Non-Junction,None,,,         ,Heather,Fox,Clear,Angle,no,no,no,no,yes,False
102530417,METROPOLITAN NASHVILLE POLICE DEPT,20190734010,Davidson,Nashville,10/5/2019 4:20:00 PM,2,0,0,36.143960,-86.722570,ELM HILL PKE,,,,0.00,,,SPENCE LN,,,,0.00,Y,Four-Way,N,Intersection,None,,,         ,Torry,Hill,Clear,Angle,no,no,no,no,yes,False
102530418,METROPOLITAN NASHVILLE POLICE DEPT,20190734003,Davidson,Nashville,10/5/2019 12:00:00 AM,1,0,0,36.031130,-86.751410,CLOVERLAND DR,,,,0.00,,,COPPERFIELD CT,,,,0.00,Y,T-Intersection,N,Intersection-Related,None,,,         ,Cynthia,Quirouette,Clear,Not Collision with Motor Vehicle in Transport,no,no,no,no,yes,False
102530424,METROPOLITAN NASHVILLE POLICE DEPT,20190733809,Davidson,Nashville,10/5/2019 2:48:00 PM,2,1,0,36.107790,-86.743630,NOLENSVILLE PKE,,,,78.00,Feet,North,TIMMONS ST,,,,0.00,N,Not at Intersection,N,Non-Junction,None,,,         ,Alberta,Auguste,Clear,"Sideswipe, Same Direction",no,no,no,no,no,False
102530432,METROPOLITAN NASHVILLE POLICE DEPT,20190733912,Davidson,Nashville,10/5/2019 3:32:00 PM,2,0,0,36.160760,-86.793690,14TH AVN,,,,0.00,,,CHARLOTTE AV,,,,0.00,Y,Four-Way,N,Intersection,None,,,         ,Gabriel,Hamilton,Clear,"Sideswipe, Same Direction",no,no,no,no,no,False
102530442,METROPOLITAN NASHVILLE POLICE DEPT,20190734015,Davidson,Nashville,10/5/2019 4:31:00 PM,2,2,0,36.162600,-86.664040,DONELSON PKE,,,,167.00,Feet,South,COLONIAL CIR,,,,0.00,N,Not at Intersection,N,Non-Junction,None,,,         ,Tony,Mingsing,Clear,HeadOn,no,no,no,no,no,False
102530443,METROPOLITAN NASHVILLE POLICE DEPT,20190734072,Davidson,Nashville,10/5/2019 5:27:00 PM,2,0,0,36.216830,-86.694610,MCGAVOCK PIKE,,,,182.00,Feet,West,-- UNKNOWN RAMP/ROAD --,,,,0.00,N,Not at Intersection, ,Non-Junction,None,,,         ,Jason,Milyaro Lucas,Clear,"Sideswipe, Same Direction",no,no,no,no,no,False
102530444,METROPOLITAN NASHVILLE POLICE DEPT,20190733634,Davidson,Nashville,10/5/2019 12:03:00 PM,3,0,0,36.080990,-86.757550,HARDING PL,,,,240.00,Feet,East,TROUSDALE DR,,,,0.00,N,Not at Intersection,N,Non-Junction,None,,,         ,Raymond,Flaherty,Clear,Front to Rear,no,no,no,no,no,False
102530451,METROPOLITAN NASHVILLE POLICE DEPT,20190733974,Davidson,Nashville,10/5/2019 4:09:00 PM,2,0,0,36.140990,-86.717780,I 40,,,,0.00,,,,,,,213.75,N,Not at Intersection, ,Non-Junction,None,,,         ,Deandera,Payne,Clear,"Sideswipe, Same Direction",no,no,no,no,no,False
102530457,METROPOLITAN NASHVILLE POLICE DEPT,20190734066,Davidson,Nashville,10/5/2019 5:24:00 PM,2,0,0,36.165890,-86.766580,SHELBY AV,,,,233.00,Feet,West,I24 E ENT RAMP,,,,0.00,N,Not at Intersection, ,Non-Junction,None,,,         ,Nicolas,Pernell,Clear,Angle,no,no,no,no,no,False
102530463,METROPOLITAN NASHVILLE POLICE DEPT,20190733796,Davidson,Nashville,10/5/2019 2:30:00 PM,4,2,0,36.189420,-86.824060,CLARKSVILLE PKE,,,,345.00,Feet,West,ROSA L PARKS BLVD,,,,0.00,N,Not at Intersection,N,Non-Junction,None,,,         ,Cressie,Prill,Clear,Other,no,no,no,no,no,False
102530482,METROPOLITAN NASHVILLE POLICE DEPT,20190734080,Davidson,Nashville,10/5/2019 5:35:00 PM,2,0,0,36.095040,-86.737090,NOLENSVILLE PKE,,,,306.00,Feet,South,WHEELER AV,,,,0.00,N,Not at Intersection, ,Non-Junction,None,,,         ,Heather,Fox,Clear,Angle,no,no,no,no,no,False