master_record_number,agency,agency_tracking_number,county,city,collision_date,vehicles_involved,number_injured,number_dead,latitude,longitude,roadway_name,roadway_suffix,roadway_number,roadway_local_id,distance_from_reference,miles-feet_indicator,direction_from_reference,intersection_road_name,intersection_road_name_suffix,intersection_road_number,intersection_local_id,mile_marker,intersection_indicator,intersect_type,interchange_related_indicator,relation_to_junction,work_zone_type,construction_maintenance_zone,construction_maintenance_zone_location,fatal_case_number,officer_first_name,officer_last_name,weather_condition(s),manner_of_crash,pedestrian,bicycle,scooter,parking,hitrun,mou
102530483,METROPOLITAN NASHVILLE POLICE DEPT,20190734031,Davidson,Nashville,10/5/2019 4:55:00 PM,2,2,0,36.231600,-86.781500,EWING DR,,,,4.00,Feet,East,BRICK CHURCH PKE,,,,0.00,N,Not at Intersection,N,Non-Junction,None,,,         ,Andrew,Ramirez,Clear,Angle,no,no,no,no,no,False
102530490,METROPOLITAN NASHVILLE POLICE DEPT,20190734121,Davidson,Nashville,10/5/2019 4:50:00 PM,2,0,0,36.066670,-86.717940,NORTHCREST DR,,,,0.00,,,NOLENSVILLE PKE,,,,0.00,Y,T-Intersection,N,Intersection,None,,,         ,Cynthia,Quirouette,Clear,Angle,no,no,no,no,yes,False
102530493,METROPOLITAN NASHVILLE POLICE DEPT,20190734123,Davidson,Nashville,10/5/2019 6:01:00 PM,2,0,0,36.120710,-86.790280,KIRKWOOD AV,,,,87.00,Feet,East,12TH AVS,,,,0.00,N,Not at Intersection, ,Non-Junction,None,,,         ,Randy,Puckett,Clear,Angle,no,no,no,no,no,False
102530495,METROPOLITAN NASHVILLE POLICE DEPT,20190733971,Davidson,Nashville,10/5/2019 4:08:00 PM,3,1,0,36.124230,-86.745160,I 440,,,,0.00,,,,,,,6.55,N,Not at Intersection,N,Non-Junction,None,,,         ,Laura,Williams,Clear,Front to Rear,no,no,no,no,no,False
102530500,METROPOLITAN NASHVILLE POLICE DEPT,20190733924,Davidson,Nashville,10/5/2019 3:44:00 PM,2,0,0,36.216630,-86.811330,MOORMANS ARM RD,,,,403.00,Feet,West,WALKER LN,,,,0.00,N,Not at Intersection,N,Non-Junction,None,,,         ,Peter,Kinsey,Clear,"Sideswipe, Same Direction",no,no,no,no,no,False
102530502,METROPOLITAN NASHVILLE POLICE DEPT,20190734054,Davidson,Nashville,10/5/2019 5:11:00 PM,1,0,0,36.231170,-86.723520,HAYSBORO AV,,,,382.00,Feet,South,GALLATIN PKE,,,,0.00,N,Not at Intersection,N,Non-Junction,None,,,         ,Jessica,Scott,Clear,Not Collision with Motor Vehicle in Transport,no,no,no,no,no,False
102530503,GOODLETTSVILLE POLICE DEPT,19-37368,Davidson,Goodlettsville,10/5/2019 2:15:00 AM,1,0,0,36.324170,-86.709260,E CEDAR ST,,,,443.00,Feet,East,CHURCH ST,,,,0.00,N,Not at Intersection,N,Non-Junction,None,,,         ,Jason,Ayers,Clear,Not Collision with Motor Vehicle in Transport,no,no,no,no,no,False
102530547,METROPOLITAN NASHVILLE POLICE DEPT,20190734061,Davidson,Not in City Limit,10/5/2019 5:22:00 PM,1,1,0,36.294030,-86.780890,BRICK CHURCH PKE,,,,993.00,Feet,North,JACKSON RD,,,,0.00,N,Not at Intersection,N,Non-Junction,None,,,         ,Robert,Leverick,Clear,Not Collision with Motor Vehicle in Transport,no,no,no,no,no,False
102530551,METROPOLITAN NASHVILLE POLICE DEPT,20190734279,Davidson,Nashville,10/5/2019 7:51:00 PM,2,0,0,36.162970,-86.781650,6TH AVN,,,,135.00,Feet,North,CHURCH ST,,,,0.00,N,Not at Intersection, ,Non-Junction,None,,,         ,Jordan,Vrbas,Clear,Angle,no,no,no,no,no,False
102530552,METROPOLITAN NASHVILLE POLICE DEPT,20190734262,Davidson,Nashville,10/5/2019 5:35:00 PM,2,0,0,36.171290,-86.808180,HEIMAN ST,,,,225.00,Feet,West,DR D B TODD JR BLVD,,,,0.00,N,Not at Intersection,N,Non-Junction,None,,,         ,Khalid,Abbady,Clear,"Sideswipe, Same Direction",no,no,no,no,yes,False
102530555,METROPOLITAN NASHVILLE POLICE DEPT,20190734144,Davidson,Nashville,10/5/2019 5:28:00 PM,2,0,0,36.154030,-86.787570,I40 W EXT RAMP,,,,0.00,,,I 40,,,,0.00,Y,Four-Way,N,Intersection,None,,,         ,Nicolas,Pernell,Clear,Angle,no,no,no,no,no,False
102530559,METROPOLITAN NASHVILLE POLICE DEPT,20190734150,Davidson,Nashville,10/5/2019 6:00:00 PM,2,1,0,36.062670,-86.626160,MURFREESBORO PKE,,,,1032.00,Feet,South,HAMILTON CHURCH RD,,,,0.00,N,Not at Intersection,N,Non-Junction,None,,,         ,Jesse,Cox,Clear,Angle,no,no,no,no,no,False
102530560,METROPOLITAN NASHVILLE POLICE DEPT,20190734153,Davidson,Nashville,10/5/2019 6:35:00 PM,2,4,0,36.130010,-86.855460,WHITE BRIDGE PKE,,,,333.00,Feet,West,TARGET PVTDR,,,,0.00,N,Not at Intersection,N,Non-Junction,None,,,         ,Justin,Coyle,Clear,"Sideswipe, Same Direction",no,no,no,no,no,False
102530569,METROPOLITAN NASHVILLE POLICE DEPT,20190734173,Davidson,Nashville,10/5/2019 7:00:00 PM,1,0,0,36.191130,-86.806350,10TH AVN,,,,70.00,Feet,North,KELLOW ST,,,,0.00,N,Not at Intersection,N,Non-Junction,None,,,         ,Eric,Thomas,Clear,Unknown,no,no,no,no,no,False
102530570,METROPOLITAN NASHVILLE POLICE DEPT,20190734254,Davidson,Nashville,10/5/2019 7:35:00 PM,2,2,0,36.118800,-86.726410,I 24,,,,0.00,,,,,,,53.00,N,Not at Intersection,N,Non-Junction,None,,,         ,Ryan,Sherry,Clear,Front to Rear,no,no,no,no,yes,False
102530575,METROPOLITAN NASHVILLE POLICE DEPT,20190734298,Davidson,Not in City Limit,10/5/2019 6:25:00 PM,2,0,0,36.278750,-86.773520,OLD HICKORY BLVD,,,,192.00,Feet,East,GRANDVILLE BLVD,,,,0.00,N,Not at Intersection, ,Non-Junction,None,,,         ,Andrew,Ramirez,Clear,Front to Rear,no,no,no,no,no,False
102530576,METROPOLITAN NASHVILLE POLICE DEPT,20190734214,Davidson,Nashville,10/5/2019 12:00:00 AM,2,1,0,36.152480,-86.773240,LAFAYETTE ST,,,,0.00,,,5TH AVS,,,,0.00,Y,Four-Way,Y,Intersection,None,,,         ,Trevor,Taylor,Clear,Angle,no,no,no,no,yes,False
102530588,GOODLETTSVILLE POLICE DEPT,19-37429,Davidson,Goodlettsville,10/5/2019 6:37:00 PM,2,2,0,36.306690,-86.703500,RIVERGATE PKWY,,,,0.00,,,,,,,0.00,,,N,Intersection-Related,None,,,         ,Devonte,Tapp,Clear,Front to Rear,no,no,no,no,no,False
102530596,METROPOLITAN NASHVILLE POLICE DEPT,20190734358,Davidson,Nashville,10/5/2019 8:35:00 PM,2,0,0,36.142090,-86.764820,4TH AVS,,,,39.00,Feet,South,HOUSTON ST,,,,0.00,N,Not at Intersection, ,Non-Junction,None,,,         ,Heather,Fox,Clear,"Sideswipe, Same Direction",no,no,no,no,no,False
102530597,METROPOLITAN NASHVILLE POLICE DEPT,20190734319,Davidson,Nashville,10/5/2019 8:14:00 PM,3,2,0,36.088410,-86.649600,MURFREESBORO PKE,,,,267.00,Feet,South,RANSOM PL,,,,0.00,N,Not at Intersection,N,Non-Junction,None,,,         ,Steven,Powers,Clear,Front to Rear,no,no,no,no,yes,False
102530599,METROPOLITAN NASHVILLE POLICE DEPT,20190734331,Davidson,Nashville,10/5/2019 8:20:00 PM,2,2,0,36.064760,-86.628450,HAMILTON CHURCH RD,,,,0.00,,,US HWY 41,,,,0.00,Y,Four-Way,N,Intersection-Related,None,,,         ,Eric,Wegener,Clear,Angle,no,no,no,no,no,False
102530640,METROPOLITAN NASHVILLE POLICE DEPT,20190734341,Davidson,Nashville,10/5/2019 6:20:00 PM,2,0,0,36.157480,-86.635890,STEWARTS FERRY PKE,,,,0.00,Feet,,MCCRORY CREEK RD,,,,0.00,Y,Four-Way,Y,Intersection,None,,,         ,Tony,Mingsing,Clear,Front to Rear,no,no,no,no,no,False
102530641,METROPOLITAN NASHVILLE POLICE DEPT,20190734337,Davidson,Nashville,10/5/2019 8:28:00 PM,4,3,0,36.045490,-86.704500,OLD HICKORY BLVD,,,,265.00,Feet,West,EULALA DR,,,,0.00,N,Not at Intersection,N,Non-Junction,None,,,         ,Taylor,Hurley,Clear,Front to Rear,no,no,no,no,yes,False
102530646,METROPOLITAN NASHVILLE POLICE DEPT,20190734404,Davidson,Nashville,10/5/2019 12:00:00 AM,2,1,0,36.139400,-86.727300,I 24,,,,0.00,,,,,,,51.45,N,Not at Intersection,Y,Entrance/Exit Ramp Related,None,,,         ,Torry,Hill,Clear,Front to Rear,no,no,no,no,no,False
102530647,METROPOLITAN NASHVILLE POLICE DEPT,20190734245,Davidson,Nashville,10/5/2019 7:02:00 PM,3,0,0,36.045850,-86.660520,I24 E EXT RAMP,,,,138.00,Feet,South,I 24,,,,0.00,N,Not at Intersection, ,,None,,,         ,Jesse,Cox,,,no,no,no,no,no,False
102530656,METROPOLITAN NASHVILLE POLICE DEPT,20190734442,Davidson,Nashville,10/5/2019 9:41:00 PM,2,0,0,36.136940,-86.726640,I40 E ENT RAMP,,,,0.00,Feet,East,I 24,,,,0.00,N,Not at Intersection, ,,None,,,         ,Steven,Powers,,,no,no,no,no,no,False
102530657,METROPOLITAN NASHVILLE POLICE DEPT,20190734433,Davidson,Nashville,10/5/2019 9:35:00 PM,1,1,0,36.252680,-86.757620,DICKERSON PKE,,,,260.00,Feet,South,BARNETT DR,,,,0.00,N,Not at Intersection,N,Non-Junction,None,,,         ,Andrew,Ramirez,Clear,Not Collision with Motor Vehicle in Transport,no,no,no,no,no,False
102530658,METROPOLITAN NASHVILLE POLICE DEPT,20190729859,Davidson,Nashville,10/3/2019 8:23:00 PM,1,0,1,36.267230,-86.791880,I 24,,,,0.00,,,,,,,41.35,N,Not at Intersection,N,Non-Junction,None,,,19-0783  ,Christopher,Augustin,Clear,Not Collision with Motor Vehicle in Transport,no,no,no,no,yes,False
102530659,METROPOLITAN NASHVILLE POLICE DEPT,20190732619,Davidson,Nashville,10/4/2019 10:42:00 PM,1,0,1,36.152480,-86.773240,LAFAYETTE ST,,,,0.00,Feet,,5TH AVS,,,,0.00,Y,Four-Way,N,Intersection,None,,,19-0879  ,Christopher,Augustin,Clear,Not Collision with Motor Vehicle in Transport,yes,no,no,no,no,False
102530660,METROPOLITAN NASHVILLE POLICE DEPT,20190733767,Davidson,Nashville,10/5/2019 1:57:00 PM,2,2,1,36.067410,-86.631250,MURFREESBORO PKE,,,,0.00,,,FOREST VIEW DR,,,,0.00,Y,Four-Way,N,Intersection,None,,,19-0797  ,Christopher,Augustin,Clear,Angle,no,no,no,no,no,False
102530661,METROPOLITAN NASHVILLE POLICE DEPT,20190734437,Davidson,Nashville,10/5/2019 8:13:00 PM,2,0,0,36.124290,-86.696340,BRILEY PKWY,,,,0.00,,,VULTEE BLVD,,,,0.00,Y,Four-Way,N,Non-Junction,None,,,         ,Brady,Reynolds,Clear,Angle,no,no,no,no,no,False
102530662,METROPOLITAN NASHVILLE POLICE DEPT,20190734395,Davidson,Nashville,10/5/2019 8:40:00 PM,2,1,0,36.037400,-86.786570,FRANKLIN PKE,,,,0.00,,,OLD HICKORY BLVD,,,,0.00,Y,Four-Way, ,Intersection-Related,None,,,         ,Cynthia,Quirouette,Clear,"Sideswipe, Same Direction",no,no,no,no,no,False
102530669,METROPOLITAN NASHVILLE POLICE DEPT,20190734426,Davidson,Nashville,10/5/2019 9:30:00 PM,2,1,0,36.193050,-86.802370,ROSA L PARKS BLVD,,,,160.00,Feet,West,LAKE FRONT OFFICE PARK PVTDR,,,,0.00,N,Not at Intersection,N,Non-Junction,None,,,         ,Cressie,Prill,Clear,"Sideswipe, Same Direction",no,no,no,no,no,False
102530688,METROPOLITAN NASHVILLE POLICE DEPT,20190734296,Davidson,Nashville,10/5/2019 7:48:00 PM,2,0,0,36.119980,-86.726810,I 24,,,,0.00,,,,,,,52.90,N,Not at Intersection,N,Non-Junction,None,,,         ,Andrew,Brazee,Clear,"Sideswipe, Same Direction",no,no,no,no,yes,False
102530723,METROPOLITAN NASHVILLE POLICE DEPT,20190734370,Davidson,Nashville,10/5/2019 7:40:00 PM,2,0,0,36.208140,-86.777740,BRICK CHURCH PKE,,,,144.00,Feet,North,I65 S EXT RAMP,,,,0.00,N,Not at Intersection, ,,None,,,         ,Peter,Kinsey,,,no,no,no,yes,no,False
102530734,METROPOLITAN NASHVILLE POLICE DEPT,20190734502,Davidson,Nashville,10/5/2019 10:43:00 PM,2,1,0,36.124770,-86.806000,I440 W EXT RAMP,,,,0.00,Feet,,HILLSBORO PKE,,,,0.00,Y,OTHER,N,Intersection,None,,,         ,David,Crisman,Clear,Angle,no,no,no,no,no,False
102530737,METROPOLITAN NASHVILLE POLICE DEPT,20190734468,Davidson,Nashville,10/5/2019 10:04:00 PM,2,0,0,36.135540,-86.797170,MAGNOLIA BLVD,,,,0.00,,,17TH AVS,,,,0.00,Y,Four-Way,N,Intersection,None,,,         ,Gabriel,Hamilton,Clear,Angle,no,no,no,no,no,False
102530756,METROPOLITAN NASHVILLE POLICE DEPT,20190734628,Davidson,Nashville,10/5/2019 9:30:00 PM,1,1,0,36.181700,-86.768820,MERIDIAN ST,,,,191.00,Feet,North,BERRY ST,,,,0.00,N,Not at Intersection,N,Non-Junction,None,,,         ,Erik,Schall,Clear,Not Collision with Motor Vehicle in Transport,yes,no,no,no,yes,False
102530758,METROPOLITAN NASHVILLE POLICE DEPT,20190734555,Davidson,Not in City Limit,10/5/2019 6:59:00 PM,2,0,0,36.071120,-86.947080,TODD PREIS DR,,,,0.00,,,SAWYER BROWN RD,,,,0.00,Y,Roundabout, ,Intersection,None,,,         ,Joshua,Asbell,Clear,Angle,no,no,no,no,no,False
102530760,METROPOLITAN NASHVILLE POLICE DEPT,20190734569,Davidson,Nashville,10/5/2019 12:00:00 AM,2,0,0,36.184760,-86.754440,MCFERRIN AV,,,,47.00,Feet,South,W EASTLAND AV,,,,0.00,N,Not at Intersection,N,Non-Junction,None,,,         ,Colin,Bleem,Clear,Angle,no,no,no,no,yes,False
102530770,METROPOLITAN NASHVILLE POLICE DEPT,20190734651,Davidson,Nashville,10/6/2019 12:03:00 AM,2,2,0,36.148230,-86.745480,I 40,,,,0.00,,,,,,,211.90,N,Not at Intersection,N,Non-Junction,None,,,         ,Joseph,Patricio,Clear,Front to Rear,no,no,no,no,no,False
102530772,METROPOLITAN NASHVILLE POLICE DEPT,20190734600,Davidson,Nashville,10/5/2019 10:50:00 PM,2,0,0,36.161020,-86.777200,BROADWAY,,,,0.00,,,4TH AVN,,,,0.00,Y,OTHER, ,Intersection-Related,None,,,         ,William,Erickson,Clear,"Sideswipe, Same Direction",no,no,no,no,no,False
102530781,METROPOLITAN NASHVILLE POLICE DEPT,20190734706,Davidson,Nashville,10/6/2019 12:39:00 AM,3,0,0,36.131660,-86.818190,I 440,,,,0.00,,,,,,,1.85,N,Not at Intersection, ,Non-Junction,Construction Zone,,,         ,Matthew,Jankiewicz,Clear,"Sideswipe, Same Direction",no,no,no,no,yes,False
102530782,METROPOLITAN NASHVILLE POLICE DEPT,20190734522,Davidson,Nashville,10/5/2019 10:43:00 PM,3,0,0,36.070270,-86.684580,HAYWOOD LN,,,,14.00,Feet,West,ANTIOCH PKE,,,,0.00,N,Not at Intersection,N,Non-Junction,None,,,         ,Holly,Davis,Clear,Front to Rear,no,no,no,no,no,False
102530784,METROPOLITAN NASHVILLE POLICE DEPT,2019-0734689,Davidson,Nashville,10/6/2019 12:00:00 AM,1,1,0,36.148510,-86.745950,I 40,,,,0.00,,,,,,,211.90,N,Not at Intersection,N,Non-Junction,None,,,         ,Joshua,McGarvey,Clear,Not Collision with Motor Vehicle in Transport,no,no,no,no,no,False
102530785,METROPOLITAN NASHVILLE POLICE DEPT,20190734504,Davidson,Nashville,10/5/2019 10:00:00 PM,2,0,0,36.151800,-86.771250,4TH AVS,,,,0.00,,,LAFAYETTE ST,,,,0.00,Y,Four-Way, ,,None,,,         ,Douglas,Mann,,,no,no,no,no,no,False
102530786,METROPOLITAN NASHVILLE POLICE DEPT,20190734483,Davidson,Nashville,10/5/2019 10:23:00 PM,2,0,0,36.155750,-86.788700,13TH AVS,,,,104.00,Feet,South,I40 W ENT RAMP,,,,0.00,N,Not at Intersection, ,,None,,,         ,Douglas,Mann,,,no,no,no,no,no,False
102530802,METROPOLITAN NASHVILLE POLICE DEPT,20190734665,Davidson,Nashville,10/6/2019 12:15:00 AM,2,0,0,36.069200,-86.683900,ANTIOCH PKE,,,,35.00,Feet,North,RICHARDS RD,,,,0.00,N,Not at Intersection, ,Non-Junction,None,,,         ,Holly,Davis,Clear,Front to Rear,no,no,no,no,no,False
102530812,METROPOLITAN NASHVILLE POLICE DEPT,20190734715,Davidson,Nashville,10/6/2019 1:00:00 AM,2,1,0,36.151760,-86.768630,2ND AVS,,,,0.00,,,I40 W EXT RAMP,,,,0.00,Y,T-Intersection,N,Intersection-Related,None,,,         ,Hunter,Fikes,Clear,Angle,no,no,no,no,no,False
102530817,METROPOLITAN NASHVILLE POLICE DEPT,20190734825,Davidson,Nashville,10/6/2019 1:52:00 AM,2,0,0,36.171950,-86.767460,ELLINGTON PKWY N ENT RAMP,,,,0.00,Feet,East,I 24,,,,0.00,N,Not at Intersection, ,Entrance/Exit Ramp Related,None,,,         ,Douglas,Smith,Clear,"Sideswipe, Same Direction",no,no,no,no,no,False
102530822,METROPOLITAN NASHVILLE POLICE DEPT,20190734942,Davidson,Nashville,10/6/2019 1:15:00 AM,2,0,0,36.149890,-86.796780,DIVISION ST,,,,16.00,Feet,West,LYLE AV,,,,0.00,N,Not at Intersection,N,Non-Junction,None,,,         ,Brian,Warstadt,Clear,Angle,no,no,no,no,yes,False
102530827,METROPOLITAN NASHVILLE POLICE DEPT,20190734807,Davidson,Nashville,10/6/2019 12:44:00 AM,2,0,0,36.151000,-86.796480,19TH AVE S,,,,0.00,,,US HWY 431,,,,0.00,Y,Four-Way, ,Intersection,None,,,         ,Jarrett,Ipox,Clear,Angle,no,no,no,no,no,False
102530831,METROPOLITAN NASHVILLE POLICE DEPT,20190734921,Davidson,Nashville,10/6/2019 12:00:00 AM,2,0,0,36.069450,-86.693800,APACHE TRL,,,,0.00,,,,,,,0.00,,,N,Non-Junction,None,,,         ,Alex,DiBernardo,Clear,"Sideswipe, Same Direction",no,no,no,yes,yes,False
102530832,METROPOLITAN NASHVILLE POLICE DEPT,20190734931,Davidson,Nashville,10/6/2019 3:10:00 AM,1,0,0,36.058010,-86.678760,APACHE TRL,,,,25.00,Feet,North,BART DR,,,,0.00,N,Not at Intersection,N,Non-Junction,None,,,         ,Alex,DiBernardo,Clear,Not Collision with Motor Vehicle in Transport,no,no,no,no,yes,False
102530833,METROPOLITAN NASHVILLE POLICE DEPT,20190734550,Davidson,Nashville,10/5/2019 10:59:00 PM,2,0,0,36.172420,-86.794810,10TH AVN,,,,0.00,Feet,,JEFFERSON ST,,,,0.00,Y,Four-Way, ,Intersection-Related,None,,,         ,Christopher,Royer,Clear,Front to Rear,no,no,no,no,no,False
102530842,METROPOLITAN NASHVILLE POLICE DEPT,20190734895,Davidson,Nashville,10/6/2019 2:47:00 AM,1,0,0,36.195800,-86.745230,MCCLURKAN AV,,,,269.00,Feet,West,TREVECCA AV,,,,0.00,N,Not at Intersection,N,Non-Junction,None,,,         ,Reginald,Pierre-Paul,Clear,Not Collision with Motor Vehicle in Transport,no,no,no,no,yes,False
102530863,METROPOLITAN NASHVILLE POLICE DEPT,20190734938,Davidson,Nashville,10/6/2019 12:00:00 AM,2,1,0,36.107170,-86.719490,I24 W EXT RAMP,,,,0.00,Feet,East,I 24,,,,0.00,N,Not at Intersection,N,Non-Junction,None,,,         ,Antoine,Maghamez,Clear,Unknown,no,no,no,no,yes,False
102530877,METROPOLITAN NASHVILLE POLICE DEPT,20190735030,Davidson,Nashville,10/6/2019 5:00:00 AM,2,2,0,36.141400,-86.732270,I 40,,,,0.00,,,,,,,213.00,N,Not at Intersection,N,Non-Junction,None,,,         ,Joseph,Patricio,Clear,Angle,no,no,no,no,no,False
102530890,METROPOLITAN NASHVILLE POLICE DEPT,20190735123,Davidson,Nashville,10/6/2019 5:45:00 AM,2,0,0,36.153760,-86.777850,7TH AVS,,,,20.00,Feet,South,LEA AV,,,,0.00,N,Not at Intersection,N,Non-Junction,None,,,         ,William,Erickson,Clear,Front to Rear,no,no,no,no,yes,False
102530910,BERRY HILL POLICE DEPT,19-4173,Davidson,Berry Hill,10/3/2019 11:55:00 AM,2,0,0,36.112760,-86.765110,HEATHER PL,,,,134.00,Feet,West,DOGWOOD PL,,,,0.00,N,Not at Intersection, ,OtherLocation,None,,,         ,Ronnie,Hill,Clear,"Sideswipe, Same Direction",no,no,no,yes,yes,False
102530916,GOODLETTSVILLE POLICE DEPT,19-37389,Davidson,Goodlettsville,10/5/2019 10:28:00 AM,2,3,0,36.304350,-86.700980,RIVERGATE MALL PVTDR,,,,0.00,,,,,,,0.00,,Not at Intersection,N,"Driveway, Alley Access, etc",None,,,         ,Charles,Hauskin,Clear,Angle,no,no,no,no,no,False
102530917,METROPOLITAN NASHVILLE POLICE DEPT,20190735079,Davidson,Nashville,10/6/2019 5:40:00 AM,3,0,0,36.152870,-86.758110,GREEN ST,,,,97.00,Feet,West,LEWIS ST,,,,0.00,N,Not at Intersection,N,Non-Junction,None,,,         ,Joshua,Dale,Clear,Angle,yes,no,no,no,no,False
102530964,METROPOLITAN NASHVILLE POLICE DEPT,20190735169,Davidson,Nashville,10/6/2019 6:54:00 AM,2,0,0,36.160250,-86.782960,COMMERCE ST,,,,0.00,,,ROSA L PARKS BLVD,,,,0.00,Y,Four-Way, ,Intersection,None,,,         ,Kyle,Eicholtz,Clear,Angle,no,no,no,no,no,False
102531015,METROPOLITAN NASHVILLE POLICE DEPT,2019724033,Davidson,Nashville,10/1/2019 2:00:00 PM,2,0,0,36.145030,-86.766730,4TH AVS,,,,0.00,,,CHESTNUT ST,,,,0.00,Y,Four-Way,N,Intersection,None,,,         ,David,Barras,Clear,"Sideswipe, Same Direction",no,no,no,no,no,False
102531038,METROPOLITAN NASHVILLE POLICE DEPT,20190733678,Davidson,Nashville,10/5/2019 12:30:00 PM,2,0,0,36.149220,-86.773700,I 40,,,,0.00,,,,,,,210.20,N,Not at Intersection, ,,None,,,         ,David,Barras,,,no,no,no,no,no,False
102531078,METROPOLITAN NASHVILLE POLICE DEPT,20190735444,Davidson,Nashville,10/6/2019 10:25:00 AM,1,0,0,36.159230,-86.791920,I 40,,,,0.00,,,,,,,208.85,N,Not at Intersection,N,Non-Junction,None,,,         ,Kyle,Eicholtz,Rain,Not Collision with Motor Vehicle in Transport,no,no,no,no,no,False
102531093,METROPOLITAN NASHVILLE POLICE DEPT,20190735456,Davidson,Nashville,10/6/2019 10:30:00 AM,2,0,0,36.157380,-86.792700,15TH AVN,,,,0.00,Feet,East,CHURCH ST,,,,0.00,N,Not at Intersection, ,Non-Junction,None,,,         ,Devin,Mabry,Rain,Front to Rear,no,no,no,no,yes,False
102531094,METROPOLITAN NASHVILLE POLICE DEPT,20190735395,Davidson,Nashville,10/6/2019 9:35:00 AM,4,1,0,36.149610,-86.810150,25TH AVE N,,,,258.00,Feet,North,BRANDAU PL,,,,0.00,N,Not at Intersection,N,Non-Junction,None,,,         ,Gregory,Scott,Rain,Angle,no,no,no,no,no,False
102531128,METROPOLITAN NASHVILLE POLICE DEPT,20190735475,Davidson,Nashville,10/6/2019 10:43:00 AM,2,0,0,36.207780,-86.776320,I 65,,,,0.00,,,,,,,87.40,N,Not at Intersection, ,Non-Junction,None,,,         ,Royce,McLester,Rain,Front to Rear,no,no,no,no,no,False
102531135,METROPOLITAN NASHVILLE POLICE DEPT,20190735496,Davidson,Nashville,10/6/2019 11:02:00 AM,2,0,0,36.071640,-86.731710,WHISPERING HILLS DR,,,,393.00,Feet,East,EDMONDSON PKE,,,,0.00,N,Not at Intersection,N,Non-Junction,None,,,         ,Ian,Hammond,Cloudy,Front to Rear,no,no,no,no,no,False
102531136,METROPOLITAN NASHVILLE POLICE DEPT,20190735516,Davidson,Nashville,10/6/2019 11:16:00 AM,3,1,0,36.147560,-86.744140,I 40,,,,0.00,,,,,,,212.00,N,Not at Intersection,Y,Non-Junction,None,,,         ,Zachary,Plese,Cloudy,Angle,no,no,no,no,yes,False
102531137,METROPOLITAN NASHVILLE POLICE DEPT,20190735349,Davidson,Nashville,10/6/2019 9:00:00 AM,2,0,0,36.040720,-86.779280,STONE BROOK DR,,,,73.00,Feet,South,OLD HICKORY BLVD,,,,0.00,N,Not at Intersection, ,,None,,,         ,Raymond,Flaherty,,,no,no,no,no,no,False
102531138,METROPOLITAN NASHVILLE POLICE DEPT,20190735401,Davidson,Nashville,10/6/2019 9:46:00 AM,2,0,0,36.086580,-86.771970,FRANKLIN PKE,,,,0.00,,,HARDING PL,,,,0.00,Y,Four-Way,N,Intersection,None,,,         ,Raymond,Flaherty,Rain,Angle,no,no,no,no,no,False
102531140,METROPOLITAN NASHVILLE POLICE DEPT,20190735579,Davidson,Nashville,10/6/2019 12:00:00 PM,2,0,0,36.043930,-86.693300,BELL RD,,,,0.00,Feet,,BROOK VIEW ESTATES DR,,,,0.00,Y,Four-Way,N,Intersection,None,,,         ,Adam,Warren,Clear,Angle,no,no,no,no,yes,False
102531147,METROPOLITAN NASHVILLE POLICE DEPT,20190735572,Davidson,Nashville,10/6/2019 12:10:00 PM,2,0,0,36.172590,-86.762800,S 6TH ST,,,,0.00,,,WOODLAND ST,,,,0.00,Y,Four-Way, ,Non-Junction,None,,,         ,David,Collins,Cloudy,Unknown,no,no,no,no,yes,False
102531153,METROPOLITAN NASHVILLE POLICE DEPT,20190735493,Davidson,Nashville,10/6/2019 12:00:00 AM,3,0,0,36.195780,-86.776120,I 65,,,,0.00,,,,,,,86.60,N,Not at Intersection,N,Non-Junction,None,,,         ,Corey,Reed,Rain,Front to Rear,no,no,no,no,no,False
102531161,METROPOLITAN NASHVILLE POLICE DEPT,20190735484,Davidson,Nashville,10/6/2019 10:53:00 AM,3,0,0,36.167880,-86.796040,I 40,,,,0.00,,,,,,,208.20,N,Not at Intersection,N,Non-Junction,None,,,         ,James,Hill,Rain,Angle,no,no,no,no,yes,False
102531182,METROPOLITAN NASHVILLE POLICE DEPT,20190735606,Davidson,Nashville,10/6/2019 12:15:00 PM,2,0,0,36.162210,-86.848030,CENTENNIAL BLVD,,,,139.00,Feet,East,LOUISIANA AV,,,,0.00,N,Not at Intersection, ,OtherLocation,None,,,         ,Brian,Myatt,Cloudy,"Sideswipe, Opposite Direction",no,no,no,yes,yes,False
102531199,GOODLETTSVILLE POLICE DEPT,19-37521,Davidson,Goodlettsville,10/6/2019 12:25:00 PM,2,0,0,36.309430,-86.695550,VIETNAM VETERANS BLVD SB EXT R,,,,32.00,Feet,East,CONFERENCE DR,,,,0.00,N,Not at Intersection, ,Non-Junction,None,,,         ,Donald,Brinton,Rain,Front to Rear,no,no,no,no,no,False
102531203,METROPOLITAN NASHVILLE POLICE DEPT,20190735607,Davidson,Nashville,10/6/2019 12:34:00 PM,1,0,0,36.217360,-86.763230,LORRAINE AV,,,,0.00,Feet,East,DICKERSON PKE,,,,0.00,N,Not at Intersection, ,Non-Junction,None,,,         ,Royce,McLester,Cloudy,Not Collision with Motor Vehicle in Transport,no,no,no,yes,no,False