master_record_number,agency,agency_tracking_number,county,city,collision_date,vehicles_involved,number_injured,number_dead,latitude,longitude,roadway_name,roadway_suffix,roadway_number,roadway_local_id,distance_from_reference,miles-feet_indicator,direction_from_reference,intersection_road_name,intersection_road_name_suffix,intersection_road_number,intersection_local_id,mile_marker,intersection_indicator,intersect_type,interchange_related_indicator,relation_to_junction,work_zone_type,construction_maintenance_zone,construction_maintenance_zone_location,fatal_case_number,officer_first_name,officer_last_name,weather_condition(s),manner_of_crash,pedestrian,bicycle,scooter,parking,hitrun,mou
102531204,METROPOLITAN NASHVILLE POLICE DEPT,20190735643,Davidson,Nashville,10/6/2019 1:02:00 PM,2,0,0,36.141480,-86.622420,LINCOYA BAY DR,,,,0.00,,,,,,,0.00,,,N,Non-Junction,None,,,         ,Michael,Brooks,Cloudy,"Sideswipe, Opposite Direction",no,no,no,no,yes,False
102531210,METROPOLITAN NASHVILLE POLICE DEPT,20190735495,Davidson,Nashville,10/6/2019 10:57:00 AM,2,0,0,36.206500,-86.776480,W TRINITY LN,,,,10.00,Feet,South,I65 S ENT RAMP,,,,0.00,N,Not at Intersection,N,Non-Junction,None,,,         ,Jamel,Griffin,Rain,Front to Rear,no,no,no,no,no,False
102531212,METROPOLITAN NASHVILLE POLICE DEPT,20190735595,Davidson,Nashville,10/6/2019 12:20:00 PM,1,0,0,36.230970,-86.717740,HAYSBORO AV,,,,311.00,Feet,East,LOG CABIN RD,,,,0.00,N,Not at Intersection,N,Non-Junction,None,,,         ,Eric,Knight,Cloudy,Not Collision with Motor Vehicle in Transport,no,no,no,yes,no,False
102531240,VANDERBILT UNIVERSITY POLICE,20190735660,Davidson,Nashville,10/6/2019 1:15:00 PM,2,0,0,36.145030,-86.806340,VANDERBILT PL,,,,0.00,,,,,,,0.00,,, ,Non-Junction,None,,,         ,Ron,Reeves,Cloudy,Angle,no,no,no,no,no,Campus
102531241,METROPOLITAN NASHVILLE POLICE DEPT,20190735710,Davidson,Nashville,10/6/2019 2:08:00 PM,2,0,0,36.046530,-86.683350,BELL RD,,,,0.00,,,BRENTRIDGE DR,,,,0.00,Y,OTHER,N,Non-Junction,None,,,         ,Adam,Warren,Cloudy,Front to Rear,no,no,no,no,yes,False
102531245,BERRY HILL POLICE DEPT,19-4209,Davidson,Berry Hill,10/5/2019 12:50:00 PM,2,0,0,36.121370,-86.775450,FRANKLIN PKE,,,,0.00,,,KIRKWOOD AV,,,,0.00,Y,T-Intersection, ,Intersection-Related,Utility Zone,,,         ,Larry,Carter,Clear,"Sideswipe, Same Direction",no,no,no,no,no,False
102531271,VANDERBILT UNIVERSITY POLICE,20190734453,Davidson,Nashville,10/5/2019 9:25:00 PM,2,1,0,36.150390,-86.801420,WEST END AV,,,,66.00,Feet,West,21ST AVN,,,,0.00,N,Not at Intersection,N,Non-Junction,None,,,         ,Christopher,Dion,Clear,Angle,no,no,no,no,no,Campus
102531273,METROPOLITAN NASHVILLE POLICE DEPT,20190735746,Davidson,Nashville,10/6/2019 2:52:00 PM,2,0,0,36.109500,-86.728000,EAST THOMPSON LN,,,,24.00,Feet,North,BRILEY PKWYN,,,,0.00,N,Not at Intersection, ,Non-Junction,None,,,         ,Rachel,Susee,Clear,"Sideswipe, Same Direction",no,no,no,no,yes,False
102531276,METROPOLITAN NASHVILLE POLICE DEPT,20190735724,Davidson,Nashville,10/6/2019 2:39:00 PM,3,0,0,36.171070,-86.770090,JAMES ROBERTSON PKWY,,,,336.00,Feet,West,INTERSTATE DR,,,,0.00,N,Not at Intersection, ,Non-Junction,None,,,         ,Donald,Davidson,Cloudy,"Sideswipe, Same Direction",no,no,no,no,no,False
102531292,Metro Park Police,2019-073359,Davidson,Nashville,10/5/2019 11:15:00 AM,1,1,0,36.072470,-86.894510,STATE HWY 100,,,,816.00,Feet,South,HARPETH TRACE CT,,,,0.00,N,Not at Intersection,N,Non-Junction,None,,,         ,Roy,Lee,Clear,Not Collision with Motor Vehicle in Transport,yes,no,no,yes,yes,False
102531300,METROPOLITAN NASHVILLE POLICE DEPT,20190735765,Davidson,Nashville,10/6/2019 3:07:00 PM,1,0,0,36.134250,-86.775380,WEDGEWOOD AV,,,,9.00,Feet,South,I65 N ENT RAMP,,,,0.00,N,Not at Intersection, ,Non-Junction,None,,,         ,John,Timm,Clear,Not Collision with Motor Vehicle in Transport,no,no,no,no,no,False
102531306,METROPOLITAN NASHVILLE POLICE DEPT,20190735847,Davidson,Nashville,10/6/2019 4:00:00 PM,2,0,0,36.170570,-86.606330,I40 E EXT RAMP,,,,0.00,,,I 40,,,,0.00,Y,Y-Intersection,N,Non-Junction,None,,,         ,Ricki,Armstrong,Rain,Front to Rear,no,no,no,no,yes,False
102531311,METROPOLITAN NASHVILLE POLICE DEPT,20190735814,Davidson,Nashville,10/6/2019 3:35:00 PM,2,1,0,36.136710,-86.763470,MOORE AV,,,,271.00,Feet,East,RAINS AV,,,,0.00,N,Not at Intersection,N,Non-Junction,None,,,         ,John,Timm,Clear,Rear to Rear,no,no,no,no,no,False
102531315,METROPOLITAN NASHVILLE POLICE DEPT,20190735828,Davidson,Nashville,10/6/2019 3:33:00 PM,2,0,0,36.142830,-86.822820,I 440,,,,0.00,,,,,,,1.00,N,Not at Intersection,N,Non-Junction,None,,,         ,Molly,Page,Clear,Front to Rear,no,no,no,no,yes,False
102531316,METROPOLITAN NASHVILLE POLICE DEPT,20190735768,Davidson,Nashville,10/6/2019 3:19:00 PM,2,1,0,36.143180,-86.685510,I 40,,,,0.00,,,,,,,215.55,N,Not at Intersection,N,Non-Junction,None,,,         ,Torry,Hill,Cloudy,Front to Rear,no,no,no,no,no,False
102531317,METROPOLITAN NASHVILLE POLICE DEPT,20190734098,Davidson,Old Hickory,10/5/2019 5:05:00 PM,1,0,0,36.256910,-86.642960,RIVERSIDE RD,,,,179.00,Feet,North,14TH ST,,,,0.00,N,Not at Intersection,N,Non-Junction,None,,,         ,Tyler,Hall,Clear,Not Collision with Motor Vehicle in Transport,no,no,no,yes,no,False
102531334,METROPOLITAN NASHVILLE POLICE DEPT,20190735892,Davidson,Nashville,10/6/2019 4:34:00 PM,2,0,0,36.075010,-86.662540,UNA ANTIOCH PKE,,,,0.00,,,BILLINGSGATE RD,,,,0.00,Y,T-Intersection, ,Non-Junction,None,,,         ,Laura,Williams,Rain,Angle,no,no,no,no,no,False
102531351,BELLE MEADE POLICE DEPT,19-0288,Davidson,Belle Meade,10/6/2019 10:43:00 AM,2,0,0,36.095850,-86.856780,BELLE MEADE BLVD,,,,0.00,,,HARDING PL,,,,0.00,Y,Four-Way,Y,Intersection,None,,,         ,Jon,Carter,Rain,Angle,no,no,no,no,no,False
102531352,GOODLETTSVILLE POLICE DEPT,19-37374,Davidson,Goodlettsville,10/5/2019 5:37:00 AM,2,0,0,36.314630,-86.699020,CONFERENCE DR,,,,0.00,,,WINDSOR GREEN BLVD,,,,0.00,Y,Four-Way,Y,Non-Junction,None,,,         ,Jessica,Gistarb,Clear,Angle,no,no,no,no,no,False
102531361,METROPOLITAN NASHVILLE POLICE DEPT,20190735912,Davidson,Nashville,10/6/2019 4:55:00 PM,2,1,0,36.050760,-86.673220,TIMBERLAKE WAY,,,,0.00,Feet,South,BLUE HOLE RD,,,,0.00,N,Not at Intersection,N,Non-Junction,None,,,         ,Laura,Williams,Rain,Front to Rear,no,no,no,no,no,False
102531381,METROPOLITAN NASHVILLE POLICE DEPT,20190735903,Davidson,Nashville,10/6/2019 4:15:00 PM,2,0,0,36.166230,-86.765790,SHELBY AV,,,,0.00,Feet,West,I24 E EXT RAMP,,,,0.00,N,Not at Intersection,N,Non-Junction,None,,,         ,Riley,Brewer,Rain,Front to Rear,no,no,no,no,no,False
102531396,METROPOLITAN NASHVILLE POLICE DEPT,20190735963,Davidson,Nashville,10/6/2019 5:33:00 PM,2,0,0,36.168340,-86.770620,RUSSELL ST,,,,0.00,,,S 2ND ST,,,,0.00,Y,T-Intersection, ,Intersection,None,,,         ,David,Snowden,Rain,Angle,no,no,no,no,no,False
102531400,METROPOLITAN NASHVILLE POLICE DEPT,20190735891,Davidson,Nashville,10/6/2019 12:00:00 AM,2,0,0,36.066520,-86.681440,ANTIOCH PKE,,,,526.00,Feet,West,MILL CREEK BLUE HOLE GRNWY,,,,0.00,N,Not at Intersection,N,Non-Junction,None,,,         ,Jedidayah,Merriweather,Rain,Front to Rear,no,no,no,no,no,False
102531401,METROPOLITAN NASHVILLE POLICE DEPT,20190735990,Davidson,Nashville,10/6/2019 5:49:00 PM,1,1,0,36.089230,-86.606830,OLD SMITH SPRINGS RD,,,,11.00,Feet,West,ANDERSON RD,,,,0.00,N,Not at Intersection,N,Non-Junction,None,,,         ,Steven,Powers,Rain,Not Collision with Motor Vehicle in Transport,no,no,no,no,no,False
102531403,METROPOLITAN NASHVILLE POLICE DEPT,20190735861,Davidson,Nashville,10/6/2019 4:16:00 PM,6,0,0,36.122730,-86.751370,I 440,,,,0.00,,,,,,,6.30,N,Not at Intersection,N,Non-Junction,Construction Zone,,,         ,Randy,Puckett,Rain,Front to Rear,no,no,no,no,no,False
102531407,METROPOLITAN NASHVILLE POLICE DEPT,20190735987,Davidson,Nashville,10/6/2019 5:30:00 PM,2,0,0,36.153810,-86.772530,4TH AVS,,,,213.00,Feet,North,ELM ST,,,,0.00,N,Not at Intersection, ,Non-Junction,Construction Zone,,,         ,Nicolas,Pernell,Rain,Angle,no,no,no,no,no,False
102531412,METROPOLITAN NASHVILLE POLICE DEPT,20190735818,Davidson,Nashville,10/6/2019 3:40:00 PM,4,0,0,36.244560,-86.762090,SKYLINE COMMONS PVTDR,,,,0.00,Feet,East,DOVERSIDE DR,,,,0.00,N,Not at Intersection,N,Non-Junction,None,,,         ,Andrew,Ramirez,Cloudy,HeadOn,no,no,no,no,no,False
102531413,METROPOLITAN NASHVILLE POLICE DEPT,20190735942,Davidson,Not in City Limit,10/6/2019 5:10:00 PM,1,1,0,36.261470,-86.738120,I65 N EXT RAMP,,,,0.00,Feet,East,I 65,,,,0.00,N,Not at Intersection,N,Non-Junction,None,,,         ,Andrew,Ramirez,Cloudy,Not Collision with Motor Vehicle in Transport,no,no,no,no,no,False
102531414,METROPOLITAN NASHVILLE POLICE DEPT,20190735983,Davidson,Nashville,10/6/2019 12:00:00 AM,1,2,0,36.077200,-86.672710,FRANKLIN LIMESTONE RD,,,,578.00,Feet,North,MULLINS RD,,,,0.00,N,Not at Intersection,N,Non-Junction,None,,,         ,Rachel,Susee,Rain,Not Collision with Motor Vehicle in Transport,no,no,no,no,no,False
102531420,METROPOLITAN NASHVILLE POLICE DEPT,20190735921,Davidson,Nashville,10/6/2019 3:00:00 PM,2,1,0,36.141980,-86.677790,I 40,,,,0.00,,,,,,,216.00,N,Not at Intersection,N,Non-Junction,None,,,         ,Dontaveous,Eubanks,Rain,Not Collision with Motor Vehicle in Transport,no,no,no,no,no,False
102531425,METROPOLITAN NASHVILLE POLICE DEPT,20190735895,Davidson,Nashville,10/6/2019 4:44:00 PM,3,0,0,36.153740,-86.847760,I 40,,,,0.00,,,,,,,204.50,N,Not at Intersection,N,Non-Junction,None,,,         ,Justin,Coyle,Rain,Angle,no,no,no,no,no,False
102531429,METROPOLITAN NASHVILLE POLICE DEPT,20190735802,Davidson,Nashville,10/6/2019 2:52:00 PM,2,0,0,36.251430,-86.719920,MOVING CENTER CT,,,,494.00,Feet,West,US HWY 31E,,,,0.00,N,Not at Intersection,N,Non-Junction,None,,,         ,Mary,Robinson,Cloudy,Unknown,no,no,no,yes,yes,False
102531435,METROPOLITAN NASHVILLE POLICE DEPT,20190736083,Davidson,Nashville,10/6/2019 7:05:00 PM,2,0,0,36.255380,-86.703790,NEELYS BEND RD,,,,37.00,Feet,West,MARGARET ST,,,,0.00,N,Not at Intersection, ,Non-Junction,None,,,         ,John,Walden,Rain,Angle,no,no,no,no,no,False
102531436,METROPOLITAN NASHVILLE POLICE DEPT,20190736102,Davidson,Nashville,10/6/2019 6:59:00 PM,2,1,0,36.210920,-86.733110,GREENFIELD AV,,,,0.00,Feet,,GALLATIN PKE,,,,0.00,Y,Four-Way,Y,Intersection,None,,,         ,Jessica,Scott,Other,Angle,no,no,no,no,no,False
102531440,METROPOLITAN NASHVILLE POLICE DEPT,20190736149,Davidson,Nashville,10/6/2019 5:16:00 PM,2,0,0,36.126610,-86.783950,WALDKIRCH AV,,,,224.00,Feet,West,9TH AVS,,,,0.00,N,Not at Intersection, ,,None,,,         ,Randy,Puckett,,,no,no,no,no,no,False
102531442,METROPOLITAN NASHVILLE POLICE DEPT,20190736116,Davidson,Nashville,10/6/2019 7:29:00 PM,2,0,0,36.088590,-86.615430,CASTLEGATE DR,,,,248.00,Feet,South,SMITH SPRINGS RD,,,,0.00,N,Not at Intersection, ,Non-Junction,None,,,         ,Steven,Powers,Rain,Angle,no,no,no,no,yes,False
102531459,METROPOLITAN NASHVILLE POLICE DEPT,20190735797,Davidson,Nashville,10/6/2019 2:15:00 PM,2,0,0,36.093420,-86.736270,NOLENSVILLE PKE,,,,0.00,,,NATCHEZ CT,,,,0.00,Y,Four-Way,N,Intersection,None,,,         ,David,Lang,Cloudy,Angle,no,no,no,no,yes,False
102531462,METROPOLITAN NASHVILLE POLICE DEPT,20190735950,Davidson,Nashville,10/6/2019 5:15:00 PM,2,0,0,36.046580,-86.673940,BLUE HOLE RD,,,,330.00,Feet,North,BELL RD,,,,0.00,N,Not at Intersection, ,Non-Junction,None,,,         ,Sean,Weaver,Rain,Angle,no,no,no,no,no,False
102531465,METROPOLITAN NASHVILLE POLICE DEPT,20190736140,Davidson,Nashville,10/6/2019 4:25:00 PM,2,0,0,36.105790,-86.813920,HILLSBORO PKE,,,,26.00,Feet,South,ABBOTT MARTIN RD,,,,0.00,N,Not at Intersection,N,Non-Junction,None,,,         ,Heather,Fox,Clear,Angle,no,no,no,yes,yes,False
102531476,METROPOLITAN NASHVILLE POLICE DEPT,20190736150,Davidson,Nashville,10/6/2019 7:50:00 PM,2,1,0,36.071540,-86.664330,APOLLO DR,,,,0.00,,,UNA ANTIOCH PKE,,,,0.00,Y,T-Intersection,N,Intersection,None,,,         ,YUNUS,ADAK,Rain,Angle,no,no,no,no,yes,False
102531477,METROPOLITAN NASHVILLE POLICE DEPT,20190736197,Davidson,Nashville,10/6/2019 8:34:00 PM,1,0,0,36.171510,-86.651610,LEBANON PKE,,,,373.00,Feet,East,RIVERCREST PASS,,,,0.00,N,Not at Intersection,N,Non-Junction,None,,,         ,Gabriel,Vasquez,Rain,Not Collision with Motor Vehicle in Transport,no,no,no,no,no,False
102531503,METROPOLITAN NASHVILLE POLICE DEPT,20190736078,Davidson,Nashville,10/6/2019 7:00:00 PM,1,1,0,36.088810,-86.661810,FRANKLIN LIMESTONE RD,,,,55.00,Feet,North,FRANKLIN LIMESTONE CT,,,,0.00,N,Not at Intersection,N,Non-Junction,None,,,         ,Sean,Weaver,Rain,Not Collision with Motor Vehicle in Transport,no,no,no,no,no,False
102531555,METROPOLITAN NASHVILLE POLICE DEPT,20190736291,Davidson,Nashville,10/6/2019 10:00:00 PM,2,0,0,36.069290,-86.688700,HAYWOOD LN,,,,76.00,Feet,East,I24 W ENT RAMP,,,,0.00,N,Not at Intersection,N,Non-Junction,None,,,         ,Ryan,Sherry,Rain,Front to Rear,no,no,no,no,yes,False
102531562,METROPOLITAN NASHVILLE POLICE DEPT,20190736212,Davidson,Nashville,10/6/2019 8:40:00 PM,1,0,0,36.180890,-86.737000,MCEWEN AV,,,,21.00,Feet,West,AVONDALE DR,,,,0.00,N,Not at Intersection,N,Non-Junction,None,,,         ,Chad,Connors,Rain,Not Collision with Motor Vehicle in Transport,no,no,no,no,no,False
102531565,METROPOLITAN NASHVILLE POLICE DEPT,20190736293,Davidson,Nashville,10/6/2019 10:00:00 PM,2,3,0,36.163090,-86.819610,-- UNKNOWN RAMP/ROAD --,,,,0.00,,,I 40,,,,0.00,Y,OTHER,Y,Entrance/Exit Ramp Related,None,,,         ,Luke,Steigerwalt,Rain,HeadOn,no,no,no,no,no,False
102531566,METROPOLITAN NASHVILLE POLICE DEPT,20190736135,Davidson,Nashville,10/6/2019 7:43:00 PM,3,1,0,36.074120,-86.663260,PEBBLE CREEK DR,,,,0.00,Feet,,UNA ANTIOCH PKE,,,,0.00,Y,Four-Way, ,Intersection-Related,None,,,         ,Sean,Weaver,Rain,Front to Rear,no,no,no,no,yes,False
102531575,METROPOLITAN NASHVILLE POLICE DEPT,20190736218,Davidson,Nashville,10/6/2019 8:51:00 PM,4,2,0,36.193100,-86.777250,I 65,,,,0.00,,,,,,,86.50,N,Not at Intersection,N,Non-Junction,None,,,         ,Eric,McCoy,Rain,Front to Rear,yes,no,no,no,no,False
102531576,METROPOLITAN NASHVILLE POLICE DEPT,20190736259,Davidson,Nashville,10/6/2019 9:25:00 PM,2,0,0,36.228820,-86.744010,MAPLEWOOD LN,,,,0.00,,,LEMONT DR,,,,0.00,Y,Four-Way,N,Intersection,None,,,         ,Cooper,HIll,Rain,HeadOn,no,no,no,no,yes,False
102531583,METROPOLITAN NASHVILLE POLICE DEPT,20190735908,Davidson,Nashville,10/6/2019 3:07:00 PM,2,0,0,36.078800,-86.726090,NOLENSVILLE PKE,,,,299.00,Feet,South,HARDING PL,,,,0.00,N,Not at Intersection,N,Non-Junction,None,,,         ,Gabriel,Hamilton,Rain,Front to Rear,no,no,no,no,yes,False
102531584,METROPOLITAN NASHVILLE POLICE DEPT,20190735994,Davidson,Nashville,10/6/2019 5:35:00 PM,2,1,0,36.081280,-86.759060,HARDING PL,,,,216.00,Feet,West,TROUSDALE DR,,,,0.00,N,Not at Intersection,N,Non-Junction,None,,,         ,Gabriel,Hamilton,Rain,Angle,no,no,no,no,no,False
102531591,METROPOLITAN NASHVILLE POLICE DEPT,20190736338,Davidson,Nashville,10/6/2019 10:50:00 PM,2,0,0,36.150920,-86.750090,I 40,,,,0.00,,,,,,,211.60,N,Not at Intersection,N,Non-Junction,None,,,         ,Joshua,Dale,Rain,HeadOn,no,no,no,no,no,False
102531597,METROPOLITAN NASHVILLE POLICE DEPT,20190736324,Davidson,Nashville,10/6/2019 10:15:00 PM,1,0,0,36.118890,-86.726440,I 24,,,,0.00,,,,,,,53.00,N,Not at Intersection,N,Non-Junction,None,,,         ,Maccio,Hightower,Rain,Not Collision with Motor Vehicle in Transport,no,no,no,no,no,False
102531600,GOODLETTSVILLE POLICE DEPT,19-37574,Davidson,Goodlettsville,10/6/2019 9:09:00 PM,1,1,0,36.315330,-86.701090,I 65,,,,0.00,,,,,,,96.40,N,Not at Intersection,N,Non-Junction,None,,,         ,Shane,Farrell,Rain,Not Collision with Motor Vehicle in Transport,no,no,no,no,no,False
102531603,METROPOLITAN NASHVILLE POLICE DEPT,20190736321,Davidson,Nashville,10/6/2019 10:40:00 PM,1,0,0,36.194800,-86.735300,CHESTER AV,,,,19.00,Feet,West,BELLE FORREST AV,,,,0.00,N,Not at Intersection,N,Non-Junction,None,,,         ,Douglas,Smith,Rain,Not Collision with Motor Vehicle in Transport,no,no,no,no,no,False
102531606,METROPOLITAN NASHVILLE POLICE DEPT,20190736089,Davidson,Nashville,10/6/2019 7:10:00 PM,2,0,0,36.205690,-86.777970,I65 S ENT RAMP,,,,0.00,,,I 65,,,,0.00,Y,Y-Intersection, ,Non-Junction,None,,,         ,Cressie,Prill,Rain,Angle,no,no,no,no,no,False
102531607,METROPOLITAN NASHVILLE POLICE DEPT,20190736086,Davidson,Nashville,10/6/2019 4:56:00 PM,2,0,0,36.209840,-86.776050,I 65,,,,0.00,,,,,,,87.60,N,Not at Intersection, ,Non-Junction,None,,,         ,Cressie,Prill,Rain,"Sideswipe, Same Direction",no,no,no,no,no,False
102531608,METROPOLITAN NASHVILLE POLICE DEPT,20190736380,Davidson,Nashville,10/6/2019 11:13:00 PM,1,0,0,36.069270,-86.689470,I 24,,,,0.00,,,,,,,57.00,N,Not at Intersection,N,Non-Junction,None,,,         ,Robert,Erickson,Rain,Not Collision with Motor Vehicle in Transport,no,no,no,no,no,False
102531612,METROPOLITAN NASHVILLE POLICE DEPT,20190736407,Davidson,Nashville,10/6/2019 11:40:00 PM,1,0,0,36.069640,-86.687380,I24 W ENT RAMP,,,,0.00,Feet,East,I 24,,,,0.00,N,Not at Intersection, ,Non-Junction,None,,,         ,Joshua,Dodge,Rain,Not Collision with Motor Vehicle in Transport,no,no,no,no,no,False
102531613,METROPOLITAN NASHVILLE POLICE DEPT,20190736453,Davidson,Nashville,10/7/2019 12:00:00 AM,2,3,0,36.152680,-86.796660,WEST END AV,,,,230.00,Feet,West,18TH AVS,,,,0.00,N,Not at Intersection,N,Non-Junction,None,,,         ,David,Crisman,Rain,Angle,no,no,no,no,no,False
102531615,METROPOLITAN NASHVILLE POLICE DEPT,20190736328,Davidson,Nashville,10/6/2019 10:15:00 PM,2,0,0,36.097470,-86.763220,I 65,,,,0.00,,,,,,,78.85,N,Not at Intersection, ,Non-Junction,None,,,         ,Stephen,Johnston,Rain,Not Collision with Motor Vehicle in Transport,no,no,no,no,no,False
102531618,METROPOLITAN NASHVILLE POLICE DEPT,20190736522,Davidson,Nashville,10/7/2019 1:19:00 AM,1,1,0,36.144160,-86.738650,I 40,,,,0.00,,,,,,,212.40,N,Not at Intersection,N,Non-Junction,None,,,         ,Adam,Masle,Rain,Not Collision with Motor Vehicle in Transport,no,no,no,no,no,False
102531619,METROPOLITAN NASHVILLE POLICE DEPT,20190736479,Davidson,Nashville,10/6/2019 6:10:00 PM,2,0,0,36.080050,-86.720060,RECOVERY RD,,,,375.00,Feet,North,HARDING PL,,,,0.00,N,Not at Intersection,N,Non-Junction,None,,,         ,Antoine,Maghamez,Rain,"Sideswipe, Same Direction",no,no,no,no,no,False
102531621,METROPOLITAN NASHVILLE POLICE DEPT,20190736524,Davidson,Nashville,10/7/2019 12:00:00 AM,2,1,0,36.124080,-86.751680,NOLENSVILLE PKE,,,,0.00,,,I440 W EXT RAMP,,,,0.00,Y,T-Intersection,Y,Entrance/Exit Ramp Related,None,,,         ,Randall,Atkinson,Rain,Angle,no,no,no,no,no,False
102531623,METROPOLITAN NASHVILLE POLICE DEPT,20190736340,Davidson,Nashville,10/6/2019 10:59:00 PM,2,1,0,36.141640,-86.734350,I 40,,,,0.00,,,,,,,212.85,N,Not at Intersection,N,Non-Junction,None,,,         ,Douglas,Meringer,Rain,Angle,no,no,no,no,no,False
102531624,METROPOLITAN NASHVILLE POLICE DEPT,20190736587,Davidson,Nashville,10/7/2019 12:00:00 AM,1,1,0,36.123840,-86.748620,I440 W EXT RAMP,,,,0.00,Feet,East,I 440,,,,0.00,N,Not at Intersection,Y,Entrance/Exit Ramp Related,Construction Zone,Work On Shoulder Or Median,Advanced Warning Area,         ,Joshua,Dodge,Rain,Not Collision with Motor Vehicle in Transport,no,no,no,no,no,False
102531630,METROPOLITAN NASHVILLE POLICE DEPT,20190736606,Davidson,Nashville,10/7/2019 2:40:00 AM,1,1,0,36.141850,-86.675990,I 40,,,,0.00,,,,,,,215.00,N,Not at Intersection,Y,Non-Junction,None,,,         ,Mathew,Clement,Rain,Not Collision with Motor Vehicle in Transport,no,no,no,no,no,False
102531647,METROPOLITAN NASHVILLE POLICE DEPT,20190736526,Davidson,Nashville,10/7/2019 1:19:00 AM,2,0,0,36.149730,-86.748060,I 40,,,,0.00,,,,,,,211.75,N,Not at Intersection,N,Non-Junction,None,,,         ,Douglas,Meringer,Rain,"Sideswipe, Same Direction",no,no,no,no,no,False
102531664,METROPOLITAN NASHVILLE POLICE DEPT,20190736602,Davidson,Nashville,10/7/2019 2:40:00 AM,1,1,0,36.160470,-86.778440,5TH AVS,,,,0.00,,,BROADWAY,,,,0.00,Y,Four-Way,N,Intersection,None,,,         ,Brenna,Hosey,Rain,Not Collision with Motor Vehicle in Transport,no,no,no,no,no,False
102531667,METROPOLITAN NASHVILLE POLICE DEPT,20190736702,Davidson,Nashville,10/7/2019 4:26:00 AM,1,0,0,36.151150,-86.750600,I 40,,,,0.00,,,,,,,211.55,N,Not at Intersection,N,Non-Junction,None,,,         ,William,Burnett,Rain,Not Collision with Motor Vehicle in Transport,no,no,no,no,no,False
102531677,METROPOLITAN NASHVILLE POLICE DEPT,20190736672,Davidson,Nashville,10/7/2019 3:45:00 AM,1,0,0,36.164190,-86.762830,I 24,,,,0.00,,,,,,,49.15,N,Not at Intersection,N,Non-Junction,None,,,         ,Joshua,Whitworth,Rain,Not Collision with Motor Vehicle in Transport,no,no,no,no,no,False
102531678,METROPOLITAN NASHVILLE POLICE DEPT,20190736712,Davidson,Nashville,10/7/2019 4:35:00 AM,1,0,0,36.140520,-86.731650,I 40,,,,0.00,,,,,,,213.00,N,Not at Intersection,N,Non-Junction,None,,,         ,Tyler,Manivong,Rain,Not Collision with Motor Vehicle in Transport,no,no,no,no,no,False
102531679,METROPOLITAN NASHVILLE POLICE DEPT,20190736731,Davidson,Nashville,10/7/2019 3:50:00 AM,2,0,0,36.206710,-86.779440,W TRINITY LN,,,,299.00,Feet,West,HAMPTON ST,,,,0.00,N,Not at Intersection,N,OtherLocation,None,,,         ,Jacob,Dick,Rain,Front to Rear,no,no,no,yes,yes,False
102531680,METROPOLITAN NASHVILLE POLICE DEPT,20190736718,Davidson,Not in City Limit,10/7/2019 4:38:00 AM,1,0,0,36.270930,-86.935140,LITTLE MARROWBONE RD,,,,0.55,Miles,West,GRAYS POINT RD,,,,0.00,N,Not at Intersection,N,Non-Junction,None,,,         ,Timothy,Ward,Rain,Not Collision with Motor Vehicle in Transport,no,no,no,no,no,False
102531682,METROPOLITAN NASHVILLE POLICE DEPT,20190736705,Davidson,Not in City Limit,10/7/2019 4:29:00 AM,2,1,0,36.327100,-86.784670,LICKTON PKE,,,,536.00,Feet,West,LICKTON PKE PVTDR,,,,0.00,N,Not at Intersection, ,Non-Junction,None,,,         ,Ashton,Hill,Rain,Not Collision with Motor Vehicle in Transport,no,no,no,no,no,False
102531684,METROPOLITAN NASHVILLE POLICE DEPT,20190736550,Davidson,Nashville,10/7/2019 12:30:00 AM,2,1,0,36.045590,-86.659220,I 24,,,,0.00,,,,,,,59.40,N,Not at Intersection,N,Non-Junction,None,,,         ,William,Williams,Rain,Front to Rear,no,no,no,no,no,False
102531685,METROPOLITAN NASHVILLE POLICE DEPT,20190736652,Davidson,Nashville,10/7/2019 1:14:00 AM,2,0,0,36.052210,-86.644910,EAGLE VIEW BLVD,,,,0.00,Feet,,BELL RD,,,,0.00,Y,T-Intersection,N,Intersection,None,,,         ,Joshua,Dodge,Rain,Front to Rear,no,no,no,no,no,False
102531689,METROPOLITAN NASHVILLE POLICE DEPT,20190736777,Davidson,Nashville,10/7/2019 5:30:00 AM,1,0,0,36.192030,-86.781140,I 65,,,,0.00,,,,,,,86.25,N,Not at Intersection,N,Non-Junction,None,,,         ,Erik,Schall,Rain,Not Collision with Motor Vehicle in Transport,no,no,no,no,no,False
102531690,METROPOLITAN NASHVILLE POLICE DEPT,20190736668,Davidson,Nashville,10/7/2019 3:42:00 AM,1,1,0,36.150980,-86.750220,I 40,,,,0.00,,,,,,,211.60,N,Not at Intersection,N,Non-Junction,None,,,         ,Douglas,Meringer,Rain,Not Collision with Motor Vehicle in Transport,no,no,no,no,no,False
102531691,METROPOLITAN NASHVILLE POLICE DEPT,20190736722,Davidson,Nashville,10/7/2019 4:43:00 AM,1,0,0,36.142090,-86.679060,I 40,,,,0.00,,,,,,,215.90,N,Not at Intersection,Y,Non-Junction,None,,,         ,Mathew,Clement,Rain,Not Collision with Motor Vehicle in Transport,no,no,no,no,no,False