master_record_number,agency,agency_tracking_number,county,city,collision_date,vehicles_involved,number_injured,number_dead,latitude,longitude,roadway_name,roadway_suffix,roadway_number,roadway_local_id,distance_from_reference,miles-feet_indicator,direction_from_reference,intersection_road_name,intersection_road_name_suffix,intersection_road_number,intersection_local_id,mile_marker,intersection_indicator,intersect_type,interchange_related_indicator,relation_to_junction,work_zone_type,construction_maintenance_zone,construction_maintenance_zone_location,fatal_case_number,officer_first_name,officer_last_name,weather_condition(s),manner_of_crash,pedestrian,bicycle,scooter,parking,hitrun,mou
102532180,METROPOLITAN NASHVILLE POLICE DEPT,20190737998,Davidson,Nashville,10/7/2019 6:34:00 PM,2,0,0,36.086960,-86.693430,HARDING PL,,,,398.00,Feet,West,ANTIOCH PKE,,,,0.00,N,Not at Intersection, ,Non-Junction,None,,,         ,Ryan,Sherry,Clear,Angle,no,no,no,no,no,False
102532181,METROPOLITAN NASHVILLE POLICE DEPT,20190737877,Davidson,Nashville,10/7/2019 5:14:00 PM,2,0,0,36.086970,-86.648490,NASHBORO BLVD,,,,59.00,Feet,East,MURFREESBORO PKE,,,,0.00,N,Not at Intersection, ,Non-Junction,None,,,         ,Maryanne,Bartello,Cloudy,Angle,no,no,no,no,yes,False
102532189,BERRY HILL POLICE DEPT,19-4241,Davidson,Berry Hill,10/7/2019 12:00:00 AM,2,0,0,36.118860,-86.774590,FRANKLIN PKE,,,,0.00,,,BERRY RD,,,,0.00,Y,Four-Way, ,Intersection,None,,,         ,John,Gleixner,Cloudy,Front to Rear,no,no,no,no,no,False
102532190,BERRY HILL POLICE DEPT,19-4244,Davidson,Berry Hill,10/7/2019 12:00:00 AM,2,0,0,36.128680,-86.777500,BRADFORD AV,,,,117.00,Feet,East,8TH AVS,,,,0.00,N,Not at Intersection, ,,None,,,         ,John,Gleixner,,,no,no,no,no,no,False
102532202,METROPOLITAN NASHVILLE POLICE DEPT,20190737962,Davidson,Nashville,10/7/2019 6:15:00 PM,2,1,0,36.222010,-86.761560,DICKERSON PKE,,,,120.00,Feet,North,HART LN,,,,0.00,N,Not at Intersection,N,Non-Junction,None,,,         ,Christopher,Valdez,Clear,Angle,no,no,no,no,no,False
102532211,METROPOLITAN NASHVILLE POLICE DEPT,20190737934,Davidson,Nashville,10/7/2019 5:59:00 PM,2,1,0,36.079190,-86.727530,HARDING PL,,,,390.00,Feet,West,NOLENSVILLE PKE,,,,0.00,N,Not at Intersection,N,Non-Junction,None,,,         ,FELIKS,ABRAHAMYAN,Clear,Angle,no,no,no,no,no,False
102532213,METROPOLITAN NASHVILLE POLICE DEPT,20190737783,Davidson,Nashville,10/7/2019 4:12:00 PM,2,0,0,36.152020,-86.792220,DIVISION ST,,,,174.00,Feet,West,MUSIC SQE,,,,0.00,N,Not at Intersection, ,,None,,,         ,Gabriel,Hamilton,,,no,no,no,no,no,False
102532231,METROPOLITAN NASHVILLE POLICE DEPT,20190737705,Davidson,Nashville,10/7/2019 2:20:00 PM,2,0,0,36.135860,-86.803460,ACKLEN AV,,,,541.00,Feet,East,24TH AVS,,,,0.00,N,Not at Intersection, ,Non-Junction,None,,,         ,John,Roberson,Cloudy,Angle,no,no,no,no,no,Campus
102532232,METROPOLITAN NASHVILLE POLICE DEPT,20190738008,Davidson,Nashville,10/7/2019 6:39:00 PM,2,0,0,36.146270,-86.809790,WEST END AV,,,,0.00,,,NATCHEZ TRC,,,,0.00,Y,Four-Way, ,Intersection-Related,None,,,         ,John,Roberson,Cloudy,"Sideswipe, Same Direction",no,no,no,no,no,Campus
102532245,METROPOLITAN NASHVILLE POLICE DEPT,20190738019,Davidson,Nashville,10/7/2019 6:44:00 PM,3,0,0,36.200020,-86.620760,OLD HICKORY BLVD,,,,592.00,Feet,North,LEBANON PKE,,,,0.00,N,Not at Intersection,N,Non-Junction,None,,,         ,Allyson,Reis,Clear,Front to Rear,no,no,no,no,no,False
102532249,METROPOLITAN NASHVILLE POLICE DEPT,20190738065,Davidson,Nashville,10/7/2019 6:34:00 PM,2,0,0,36.082470,-86.711120,HARDING PL,,,,200.00,Feet,West,TAMPA DR,,,,0.00,N,Not at Intersection,N,Non-Junction,None,,,         ,Patrick,Martin,Clear,Front to Rear,no,no,no,no,yes,False
102532253,METROPOLITAN NASHVILLE POLICE DEPT,20190738172,Davidson,Nashville,10/6/2019 4:00:00 PM,1,1,0,36.164800,-86.784330,CHARLOTTE AV,,,,13.00,Feet,East,7TH AVN,,,,0.00,N,Not at Intersection, ,Non-Junction,None,,,         ,Jordan,Vrbas,Clear,Not Collision with Motor Vehicle in Transport,no,yes,no,no,no,False
102532262,METROPOLITAN NASHVILLE POLICE DEPT,20190738050,Davidson,Antioch,10/7/2019 6:20:00 PM,2,0,0,36.018300,-86.619510,STATE HWY 171,,,,0.00,,,OWEN DR,,,,0.00,Y,T-Intersection,N,Non-Junction,None,,,         ,Eric,Wegener,Cloudy,Front to Rear,no,no,no,no,no,False
102532264,METROPOLITAN NASHVILLE POLICE DEPT,20190737999,Davidson,Nashville,10/7/2019 2:25:00 PM,2,0,0,36.156600,-86.805900,CHARLOTTE AV,,,,29.00,Feet,West,21ST AVN,,,,0.00,N,Not at Intersection,N,Non-Junction,None,,,         ,Gabriel,Hamilton,Cloudy,"Sideswipe, Same Direction",no,no,no,no,no,False
102532265,METROPOLITAN NASHVILLE POLICE DEPT,20190738080,Davidson,Not in City Limit,10/7/2019 7:25:00 PM,1,0,0,36.340270,-86.771080,LICKTON PKE,,,,258.00,Feet,West,LICKTON PKE PVTDR,,,,0.00,N,Not at Intersection,N,Non-Junction,None,,,         ,Andrew,Ramirez,Clear,Not Collision with Motor Vehicle in Transport,no,no,no,no,yes,False
102532266,METROPOLITAN NASHVILLE POLICE DEPT,20190737982,Davidson,Nashville,10/7/2019 5:40:00 PM,2,0,0,36.226520,-86.695820,BRILEY PKWYN,,,,0.99,Miles,North,BRILEY PKWY N EXT RAMP,,,,0.00,N,Not at Intersection,N,Non-Junction,None,,,         ,Cooper,HIll,Clear,"Sideswipe, Same Direction",no,no,no,no,yes,False
102532270,METROPOLITAN NASHVILLE POLICE DEPT,20190738124,Davidson,Nashville,10/7/2019 8:00:00 PM,1,0,0,36.078990,-86.906660,HIGHWAY 70S,,,,713.00,Feet,East,ERIN LN,,,,0.00,N,Not at Intersection, ,Non-Junction,None,,,         ,Jeremy,Huffine,Clear,Not Collision with Motor Vehicle in Transport,no,no,no,no,no,False
102532271,METROPOLITAN NASHVILLE POLICE DEPT,20190738108,Davidson,Nashville,10/7/2019 7:30:00 PM,2,0,0,36.036500,-86.786910,FRANKLIN PKE,,,,45.00,Feet,North,FRANKLIN RD,,,,0.00,N,Not at Intersection, ,Non-Junction,None,,,         ,Donovan,Coble,Cloudy,Angle,no,no,no,no,no,False
102532280,METROPOLITAN NASHVILLE POLICE DEPT,20190738126,Davidson,Nashville,10/7/2019 7:10:00 PM,4,0,0,36.060730,-86.916150,HIGHWAY 100,,,,0.00,,,OLD HICKORY BLVD,,,,0.00,Y,T-Intersection,Y,Intersection,None,,,         ,William,Vanbergen,Clear,Front to Rear,no,no,no,no,yes,False
102532295,METROPOLITAN NASHVILLE POLICE DEPT,20190734632,Davidson,Nashville,10/5/2019 11:46:00 PM,2,1,0,36.037800,-86.730820,WOODLAND HILLS DR,,,,334.00,Feet,South,STATE HWY 254,,,,0.00,N,Not at Intersection,N,Non-Junction,None,,,         ,Garrett,Reingardt,Clear,Angle,no,no,no,no,no,False
102532296,Metro Park Police,2019738028,Davidson,Nashville,10/7/2019 7:49:00 PM,2,0,0,36.151150,-86.857800,WHITE BRIDGE PKE,,,,0.00,,,WHITE BRIDGE PL,,,,0.00,Y,Four-Way, ,Non-Junction,None,,,         ,Penny,Adcock,Cloudy,Front to Rear,no,no,no,no,no,False
102532303,METROPOLITAN NASHVILLE POLICE DEPT,20190737992,Davidson,Nashville,10/7/2019 6:15:00 PM,2,0,0,36.069150,-86.720270,NOLENSVILLE PKE,,,,312.00,Feet,East,TAYLOR RD,,,,0.00,N,Not at Intersection,N,Non-Junction,None,,,         ,Jesse,Cox,Cloudy,Angle,no,no,no,no,no,False
102532305,METROPOLITAN NASHVILLE POLICE DEPT,20190737908,Davidson,Nashville,10/7/2019 5:42:00 PM,2,2,0,36.065000,-86.717300,NOLENSVILLE PKE,,,,561.00,Feet,East,NORTHCREST DR,,,,0.00,N,Not at Intersection,N,Non-Junction,None,,,         ,Brandon,Hughes,Cloudy,Angle,no,no,no,no,no,False
102532318,METROPOLITAN NASHVILLE POLICE DEPT,20190738257,Davidson,Antioch,10/7/2019 9:30:00 PM,2,3,0,36.039230,-86.602760,US HWY 41,,,,0.00,,,OLD HICKORY BLVD,,,,0.00,Y,Four-Way,N,Non-Junction,None,,,         ,Eric,Wegener,Clear,Front to Rear,no,no,no,no,no,False
102532319,METROPOLITAN NASHVILLE POLICE DEPT,20190738255,Davidson,Nashville,10/7/2019 9:25:00 PM,2,0,0,36.082670,-86.710490,TAMPA DR,,,,0.00,,,HARDING PL,,,,0.00,Y,Four-Way,Y,Intersection,None,,,         ,Jesse,Cox,Clear,Angle,no,no,no,no,yes,False
102532322,METROPOLITAN NASHVILLE POLICE DEPT,20190738269,Davidson,Nashville,10/7/2019 9:38:00 PM,2,1,0,36.049390,-86.651790,HICKORY HOLLOW MALL PVTDR PL,,,,42.00,Feet,North,BELL RD,,,,0.00,N,Not at Intersection,Y,Unknown,None,,,         ,Ian,Wilson,Clear,Angle,no,no,no,no,yes,False
102532324,METROPOLITAN NASHVILLE POLICE DEPT,20190738133,Davidson,Nashville,10/7/2019 7:47:00 PM,2,0,0,36.079070,-86.727880,HARDING PL,,,,502.00,Feet,West,NOLENSVILLE PKE,,,,0.00,N,Not at Intersection,N,Non-Junction,None,,,         ,William,King,Clear,Angle,no,no,no,no,no,False
102532325,METROPOLITAN NASHVILLE POLICE DEPT,20190738242,Davidson,Nashville,10/7/2019 9:18:00 PM,1,1,0,36.142160,-86.677560,I 40,,,,0.00,,,,,,,216.00,N,Not at Intersection,N,Non-Junction,None,,,         ,Dontaveous,Eubanks,Clear,Not Collision with Motor Vehicle in Transport,no,no,no,no,no,False
102532336,METROPOLITAN NASHVILLE POLICE DEPT,20190738327,Davidson,Not in City Limit,10/7/2019 9:59:00 PM,2,0,0,36.021780,-86.628990,I 24,,,,0.00,,,,,,,61.90,N,Not at Intersection, ,,None,,,         ,Patrick,Martin,,,no,no,no,no,no,False
102532346,METROPOLITAN NASHVILLE POLICE DEPT,20190736457,Davidson,Nashville,10/7/2019 12:15:00 AM,1,0,0,36.129000,-86.900000,I40 E EXT RAMP,,,,0.00,Feet,East,I 40,,,,0.00,N,Not at Intersection,N,Non-Junction,None,,,         ,Aaron,Wigginton,Rain,Not Collision with Motor Vehicle in Transport,no,no,no,no,no,False
102532358,METROPOLITAN NASHVILLE POLICE DEPT,20190738356,Davidson,Nashville,10/7/2019 10:29:00 PM,2,0,0,36.219240,-86.774560,I 65,,,,0.00,,,,,,,88.25,N,Not at Intersection,N,Non-Junction,None,,,         ,Lindsey,Anderson,Clear,"Sideswipe, Same Direction",no,no,no,no,yes,False
102532373,METROPOLITAN NASHVILLE POLICE DEPT,20190738445,Davidson,Not in City Limit,10/7/2019 12:00:00 AM,1,0,0,36.258010,-86.703960,FOREST PARK RD,,,,31.00,Feet,South,COVENTRY WOODS DR,,,,0.00,N,Not at Intersection,N,Non-Junction,None,,,         ,Chad,Mahoney,Clear,Not Collision with Motor Vehicle in Transport,no,no,no,no,yes,False
102532383,METROPOLITAN NASHVILLE POLICE DEPT,20190738406,Davidson,Nashville,10/7/2019 10:15:00 PM,2,0,0,36.193110,-86.831050,CLARKSVILLE PKE,,,,202.00,Feet,South,BUENA VISTA PKE,,,,0.00,N,Not at Intersection,N,Non-Junction,None,,,         ,Abigail,Malone,Clear,Angle,no,no,no,yes,yes,False
102532390,METROPOLITAN NASHVILLE POLICE DEPT,20190738617,Davidson,Nashville,10/8/2019 12:40:00 AM,1,1,0,36.204350,-86.730670,MCGAVOCK PKE,,,,187.00,Feet,West,HUFFINE ST,,,,0.00,N,Not at Intersection,N,Non-Junction,None,,,         ,Douglas,Smith,Clear,Not Collision with Motor Vehicle in Transport,no,no,no,no,no,False
102532445,METROPOLITAN NASHVILLE POLICE DEPT,20190739137,Davidson,Nashville,10/8/2019 5:45:00 AM,2,1,0,36.091360,-86.828510,HARDING PL,,,,0.00,Feet,,HILLSBORO PKE,,,,0.00,Y,Four-Way,N,Intersection,None,,,         ,Jeremy,Spears,Clear,Angle,no,no,no,no,no,False
102532461,BERRY HILL POLICE DEPT,19-4236,Davidson,Berry Hill,10/7/2019 11:50:00 AM,2,0,0,36.121280,-86.765590,BRANSFORD AV,,,,174.00,Feet,North,BERRY RD,,,,0.00,N,Not at Intersection, ,Non-Junction,None,,,         ,Rick,Willliams,Rain,"Sideswipe, Same Direction",no,no,no,yes,no,False
102532473,METROPOLITAN NASHVILLE POLICE DEPT,20190739282,Davidson,Nashville,10/8/2019 7:20:00 AM,2,0,0,36.248070,-86.743020,I65 S EXT RAMP,,,,0.00,,,I 65,,,,0.00,Y,Y-Intersection, ,Entrance/Exit Ramp Related,None,,,         ,Brandon,Bilbrey,Clear,"Sideswipe, Same Direction",no,no,no,no,no,False
102532477,METROPOLITAN NASHVILLE POLICE DEPT,20190739226,Davidson,Nashville,10/8/2019 6:13:00 AM,2,0,0,36.177440,-86.801020,I40 E ENT RAMP,,,,0.00,Feet,East,I 65,,,,0.00,N,Not at Intersection,N,Non-Junction,None,,,         ,Garrett,Short,Clear,Front to Rear,no,no,no,no,no,False
102532479,METROPOLITAN NASHVILLE POLICE DEPT,20190739205,Davidson,Nashville,10/8/2019 6:37:00 AM,2,1,0,36.079600,-86.726320,NOLENSVILLE PKE,,,,0.00,,,HARDING PL,,,,0.00,Y,Four-Way,Y,Intersection,None,,,         ,Joseph,Simon,Clear,Front to Rear,no,no,no,no,no,False
102532484,METROPOLITAN NASHVILLE POLICE DEPT,20190739254,Davidson,Nashville,10/8/2019 7:04:00 AM,2,0,0,36.136030,-86.698680,BRILEY PKWYN,,,,0.00,,,CORPORATE DR,,,,0.00,Y,Four-Way, ,Intersection,None,,,         ,Michael,Dance,Cloudy,Front to Rear,no,no,no,no,no,False
102532485,METROPOLITAN NASHVILLE POLICE DEPT,20190739322,Davidson,Not in City Limit,10/8/2019 7:40:00 AM,2,0,0,36.080300,-86.954760,HIGHWAY 70S,,,,13.00,Feet,East,I40 E ENT RAMP,,,,0.00,N,Not at Intersection, ,Non-Junction,None,,,         ,Wesley,Tilley,Cloudy,Front to Rear,no,no,no,no,no,False
102532489,METROPOLITAN NASHVILLE POLICE DEPT,20190739331,Davidson,Nashville,10/8/2019 7:50:00 AM,2,0,0,36.169490,-86.766730,I 24,,,,0.00,,,,,,,48.70,N,Not at Intersection, ,,None,,,         ,James,Hill,,,no,no,no,no,no,False
102532502,METROPOLITAN NASHVILLE POLICE DEPT,20190739320,Davidson,Nashville,10/8/2019 12:00:00 AM,2,0,0,36.154490,-86.772970,4TH AVS,,,,91.00,Feet,South,LEA AV,,,,0.00,N,Not at Intersection, ,,None,,,         ,James,Thornton,,,no,no,no,no,no,False
102532504,METROPOLITAN NASHVILLE POLICE DEPT,20190739299,Davidson,Nashville,10/8/2019 7:32:00 AM,1,1,0,36.170950,-86.652680,LEBANON PKE,,,,0.00,,,RIVERCREST PASS,,,,0.00,Y,T-Intersection,N,Non-Junction,None,,,         ,Tien,Nguyen,Cloudy,Not Collision with Motor Vehicle in Transport,no,no,no,no,no,False
102532505,METROPOLITAN NASHVILLE POLICE DEPT,20190739327,Davidson,Nashville,10/8/2019 7:45:00 AM,2,0,0,36.143380,-86.703250,I 40,,,,0.00,,,,,,,214.55,N,Not at Intersection,N,Non-Junction,None,,,         ,Michael,Dance,Clear,Front to Rear,no,no,no,no,no,False
102532511,METROPOLITAN NASHVILLE POLICE DEPT,20190739342,Davidson,Nashville,10/8/2019 12:00:00 AM,1,0,0,36.068430,-86.708110,HAYWOOD LN,,,,122.00,Feet,East,HAYWOOD CTN,,,,0.00,N,Not at Intersection,N,Non-Junction,None,,,         ,Stanley,Collins,Cloudy,Not Collision with Motor Vehicle in Transport,no,no,no,no,yes,False
102532513,METROPOLITAN NASHVILLE POLICE DEPT,20190739289,Davidson,Nashville,10/8/2019 7:25:00 AM,2,0,0,36.144560,-86.743130,ELM HILL PKE,,,,271.00,Feet,East,FESSLERS LN,,,,0.00,N,Not at Intersection,N,"Driveway, Alley Access, etc",None,,,         ,Michael,Dance,Cloudy,Angle,no,no,no,no,yes,False
102532515,METROPOLITAN NASHVILLE POLICE DEPT,20190739301,Davidson,Nashville,10/8/2019 7:35:00 AM,2,1,0,36.132650,-86.727160,I 24,,,,0.00,,,,,,,52.00,N,Not at Intersection, ,Non-Junction,None,,,         ,Todd,Watson,Cloudy,Front to Rear,no,no,no,no,no,False
102532516,METROPOLITAN NASHVILLE POLICE DEPT,20190739261,Davidson,Nashville,10/8/2019 6:30:00 AM,2,0,0,36.047840,-86.612050,MURFREESBORO PKE,,,,1284.00,Feet,North,MOUNTAIN SPRINGS RD,,,,0.00,N,Not at Intersection,N,Non-Junction,None,,,         ,Theodore,Flick,Cloudy,Front to Rear,no,no,no,no,no,False
102532517,METROPOLITAN NASHVILLE POLICE DEPT,20190739432,Davidson,Nashville,10/8/2019 8:45:00 AM,2,0,0,36.139050,-86.733010,MURFREESBORO PKE,,,,0.00,,,ARLINGTON AV,,,,0.00,Y,OTHER, ,OtherLocation,None,,,         ,Tien,Nguyen,Cloudy,"Sideswipe, Same Direction",no,no,no,no,no,False
102532521,METROPOLITAN NASHVILLE POLICE DEPT,20190739408,Davidson,Nashville,10/8/2019 8:31:00 AM,2,1,0,36.115050,-86.773040,I 65,,,,0.00,,,,,,,80.10,N,Not at Intersection,N,Non-Junction,None,,,         ,Earl,Davis,Cloudy,"Sideswipe, Same Direction",no,no,no,no,no,False
102532525,METROPOLITAN NASHVILLE POLICE DEPT,20190739417,Davidson,Nashville,10/8/2019 8:36:00 AM,1,1,0,36.153300,-86.775680,LAFAYETTE ST,,,,0.00,,,6TH AVS,,,,0.00,Y,Five Point Or More,N,Intersection,None,,,         ,Bianca,Crawford,Clear,Not Collision with Motor Vehicle in Transport,yes,no,no,no,no,False
102532532,METROPOLITAN NASHVILLE POLICE DEPT,20190739451,Davidson,Nashville,10/8/2019 8:57:00 AM,1,0,0,36.115770,-86.781970,I 440,,,,0.00,,,,,,,4.40,N,Not at Intersection, ,Non-Junction,Construction Zone,,,         ,Gary,Sneed,Cloudy,Not Collision with Motor Vehicle in Transport,no,no,no,no,no,False
102532561,METROPOLITAN NASHVILLE POLICE DEPT,2019 0739527,Davidson,Nashville,10/8/2019 9:35:00 AM,2,0,0,36.061420,-86.909150,HIGHWAY 100,,,,532.00,Feet,East,WARNER NATURE CTR PVTDR,,,,0.00,N,Not at Intersection,N,Non-Junction,None,,,         ,Paul,Junkmann,Cloudy,Front to Rear,no,no,no,no,no,False
102532562,METROPOLITAN NASHVILLE POLICE DEPT,20190739555,Davidson,Nashville,10/8/2019 9:59:00 AM,2,0,0,36.111040,-86.754040,THOMPSON LN,,,,159.00,Feet,West,FOSTER CREIGHTON DR,,,,0.00,N,Not at Intersection,N,Non-Junction,None,,,         ,Justin,Pinkelton,Clear,"Sideswipe, Same Direction",no,no,no,no,no,False
102532564,METROPOLITAN NASHVILLE POLICE DEPT,20190739504,Davidson,Lakewood,10/8/2019 9:34:00 AM,2,0,0,36.243510,-86.636140,OLD HICKORY BLVD,,,,0.00,,,FERRELL DR,,,,0.00,Y,T-Intersection, ,Intersection-Related,None,,,         ,Tien,Nguyen,Cloudy,Front to Rear,no,no,no,no,no,False
102532582,VANDERBILT UNIVERSITY POLICE,20190738270,Davidson,Nashville,10/7/2019 9:30:00 PM,1,0,0,36.144370,-86.800120,21ST AVS,,,,0.00,,,,,,,0.00,,, ,Non-Junction,None,,,         ,O'Darra,Beauvais,Clear,Unknown,no,no,no,yes,no,Campus
102532596,METROPOLITAN NASHVILLE POLICE DEPT,20190739701,Davidson,Nashville,10/8/2019 10:01:00 AM,2,0,0,36.079130,-86.658590,BISHOPSGATE RD,,,,301.00,Feet,North,PICCADILLY ROW,,,,0.00,N,Not at Intersection, ,Non-Junction,None,,,         ,Jason,Hees,Cloudy,Angle,no,no,no,no,no,False
102532599,METROPOLITAN NASHVILLE POLICE DEPT,20190739075,Davidson,Nashville,10/8/2019 4:53:00 AM,2,0,0,36.165640,-86.778640,3RD AVN,,,,0.00,,,UNION ST,,,,0.00,Y,OTHER,N,Intersection,None,,,         ,Kelcey,Bell,Clear,Other,no,no,no,no,no,False
102532610,METROPOLITAN NASHVILLE POLICE DEPT,20190739651,Davidson,Nashville,10/8/2019 9:54:00 AM,2,0,0,36.090320,-86.733970,NOLENSVILLE PKE,,,,142.00,Feet,North,ZOO RD,,,,0.00,N,Not at Intersection, ,Non-Junction,None,,,         ,Charles,Wakefield,Clear,Front to Rear,no,no,no,no,no,False
102532616,METROPOLITAN NASHVILLE POLICE DEPT,20190739603,Davidson,Nashville,10/8/2019 9:30:00 AM,2,0,0,36.110940,-86.745220,THOMPSON LN,,,,0.00,Feet,,NOLENSVILLE PKE,,,,0.00,Y,Four-Way, ,Intersection,None,,,         ,Todd,Watson,Cloudy,Front to Rear,no,no,no,no,no,False
102532619,METROPOLITAN NASHVILLE POLICE DEPT,20190739611,Davidson,Nashville,10/8/2019 10:17:00 AM,2,0,0,36.124670,-86.847350,WOODMONT BLVD,,,,140.00,Feet,South,HARDING PKE,,,,0.00,N,Not at Intersection,N,Non-Junction,None,,,         ,Wayne,Helm,Cloudy,Angle,no,no,no,no,no,False
102532622,METROPOLITAN NASHVILLE POLICE DEPT,20190737544,Davidson,Nashville,10/7/2019 1:53:00 PM,1,1,0,36.245540,-86.736140,BRIARVILLE RD,,,,211.00,Feet,South,S GRAYCROFT AV,,,,0.00,N,Not at Intersection,N,Non-Junction,None,,,         ,Gabriel,Centeno,Cloudy,Not Collision with Motor Vehicle in Transport,no,no,no,no,no,False
102532633,METROPOLITAN NASHVILLE POLICE DEPT,20190739797,Davidson,Nashville,10/8/2019 12:23:00 PM,2,0,0,36.236380,-86.795720,BRILEY PKWYE,,,,2425.00,Feet,East,KNIGHT DR,,,,0.00,N,Not at Intersection, ,Non-Junction,None,,,         ,Wesley,Young,Clear,Not Collision with Motor Vehicle in Transport,no,no,no,no,yes,False
102532634,METROPOLITAN NASHVILLE POLICE DEPT,2019-0739490,Davidson,Nashville,10/8/2019 9:04:00 AM,7,6,0,36.263070,-86.711920,STATE RT 45,,,,0.00,,,GALLATIN PKEN,,,,0.00,Y,Four-Way,N,Intersection-Related,None,,,         ,Travis,Baxter,Cloudy,HeadOn,no,no,no,no,no,False
102532635,METROPOLITAN NASHVILLE POLICE DEPT,20190739704,Davidson,Nashville,10/8/2019 11:28:00 AM,2,0,0,36.130070,-86.900780,CHARLOTTE PKE,,,,0.00,,,CABOT DR,,,,0.00,Y,T-Intersection, ,Intersection,None,,,         ,Benjamin,Cantrell,Clear,"Sideswipe, Same Direction",no,no,no,no,no,False
102532644,METROPOLITAN NASHVILLE POLICE DEPT,20190739707,Davidson,Nashville,10/8/2019 11:41:00 AM,2,1,0,36.221940,-86.694110,MUSIC VALLEY DR,,,,256.00,Feet,South,MUSIC CITY CIR,,,,0.00,N,Not at Intersection,N,"Driveway, Alley Access, etc",None,,,         ,Michael,Dance,Clear,Angle,no,no,no,no,no,False
102532659,METROPOLITAN NASHVILLE POLICE DEPT,20190739525,Davidson,Nashville,10/8/2019 10:11:00 AM,2,0,0,36.152100,-86.767820,I40 W EXT RAMP,,,,270.00,Feet,East,2ND AVS,,,,0.00,N,Not at Intersection, ,Non-Junction,None,,,         ,Wesley,Henderson,Clear,Front to Rear,no,no,no,no,no,False
102532663,METROPOLITAN NASHVILLE POLICE DEPT,20190739761,Davidson,Nashville,10/8/2019 12:16:00 PM,2,1,0,36.153000,-86.792070,16TH AVE S,,,,99.00,Feet,South,MCGAVOCK ST,,,,0.00,N,Not at Intersection,N,Non-Junction,None,,,         ,Nathan,Glass,Clear,"Sideswipe, Same Direction",no,no,no,no,no,False
102532697,METROPOLITAN NASHVILLE POLICE DEPT,20190739750,Davidson,Nashville,10/8/2019 12:10:00 PM,2,0,0,36.205790,-86.771120,LUCAS LN,,,,105.00,Feet,South,W TRINITY LN,,,,0.00,N,Not at Intersection, ,Non-Junction,None,,,         ,Russell,Freeman,Clear,Front to Rear,no,no,no,no,no,False
102532755,METROPOLITAN NASHVILLE POLICE DEPT,20190739803,Davidson,Nashville,10/8/2019 12:40:00 PM,2,0,0,36.044810,-86.659990,STATE HWY 254,,,,97.00,Feet,South,-- UNKNOWN RAMP/ROAD --,,,,0.00,N,Not at Intersection,N,Non-Junction,None,,,         ,Melissa,Lomax,Clear,"Sideswipe, Same Direction",no,no,no,no,yes,False
102532756,METROPOLITAN NASHVILLE POLICE DEPT,20190739965,Davidson,Nashville,10/8/2019 2:13:00 PM,2,0,0,36.055680,-86.774710,I 65,,,,0.00,,,,,,,74.90,N,Not at Intersection, ,Non-Junction,None,,,         ,Gary,Sneed,Clear,"Sideswipe, Same Direction",no,no,no,no,no,False
102532765,GOODLETTSVILLE POLICE DEPT,19-37759,Davidson,Goodlettsville,10/8/2019 1:00:00 PM,2,0,0,36.315700,-86.701420,I 65,,,,0.00,,,,,,,96.40,N,Not at Intersection,N,Non-Junction,None,,,         ,George,Forbes,Clear,"Sideswipe, Same Direction",no,no,no,no,no,False
102532768,METROPOLITAN NASHVILLE POLICE DEPT,20190739885,Davidson,Nashville,10/8/2019 1:24:00 PM,2,0,0,36.048720,-86.655930,HICKORY HOLLOW MALL PVTDR PL,,,,428.00,Feet,North,BELL RD,,,,0.00,N,Not at Intersection,N,Non-Junction,None,,,         ,Stanley,Collins,Clear,Angle,no,no,no,yes,yes,False
102532772,METROPOLITAN NASHVILLE POLICE DEPT,20190739938,Davidson,Not in City Limit,10/8/2019 1:53:00 PM,2,2,0,36.077450,-86.947140,HIGHWAY 70S,,,,0.00,Feet,,BELLEVUE CTR PVTDR,,,,0.00,Y,Four-Way,N,Intersection,None,,,         ,Regina,Lewis,Clear,Angle,no,no,no,no,no,False
102532784,METROPOLITAN NASHVILLE POLICE DEPT,20190739854,Davidson,Nashville,10/8/2019 1:15:00 PM,2,2,0,36.239040,-86.754720,I65 S EXT RAMP,,,,0.00,,,I 65,,,,0.00,Y,OTHER,Y,Entrance/Exit Ramp Related,None,,,         ,Gabriel,Centeno,Clear,Angle,no,no,no,no,no,False
102532793,METROPOLITAN NASHVILLE POLICE DEPT,20190739751,Davidson,Nashville,10/8/2019 12:14:00 PM,2,0,0,36.174900,-86.771370,I 24,,,,0.00,,,,,,,48.10,N,Not at Intersection, ,Entrance/Exit Ramp Related,None,,,         ,Bianca,Crawford,Clear,"Sideswipe, Same Direction",no,no,no,no,no,False
102532797,METROPOLITAN NASHVILLE POLICE DEPT,20190740016,Davidson,Nashville,10/8/2019 1:07:00 PM,2,1,0,36.209280,-86.776160,I65 S EXT RAMP,,,,0.00,Feet,East,I 65,,,,0.00,N,Not at Intersection,N,Non-Junction,None,,,         ,Carey,Steel,Clear,Front to Rear,no,no,no,no,yes,False
102532824,METROPOLITAN NASHVILLE POLICE DEPT,20190740065,Davidson,Nashville,10/8/2019 3:15:00 PM,2,0,0,36.113820,-86.809210,WOODMONT BLVD,,,,0.00,Feet,West,GOLF CLUB LN,,,,0.00,N,Not at Intersection, ,Non-Junction,None,,,         ,Conor,Cronin,Clear,Front to Rear,no,no,no,no,no,False