master_record_number,agency,agency_tracking_number,county,city,collision_date,vehicles_involved,number_injured,number_dead,latitude,longitude,roadway_name,roadway_suffix,roadway_number,roadway_local_id,distance_from_reference,miles-feet_indicator,direction_from_reference,intersection_road_name,intersection_road_name_suffix,intersection_road_number,intersection_local_id,mile_marker,intersection_indicator,intersect_type,interchange_related_indicator,relation_to_junction,work_zone_type,construction_maintenance_zone,construction_maintenance_zone_location,fatal_case_number,officer_first_name,officer_last_name,weather_condition(s),manner_of_crash,pedestrian,bicycle,scooter,parking,hitrun,mou
102532839,METROPOLITAN NASHVILLE POLICE DEPT,20190740010,Davidson,Nashville,10/8/2019 2:45:00 PM,2,0,0,36.044800,-86.669920,BELL RD,,,,89.00,Feet,West,BEECHWOOD TER,,,,0.00,N,Not at Intersection,N,Non-Junction,None,,,         ,Jesse,Cox,Clear,Angle,no,no,no,no,no,False
102532863,METROPOLITAN NASHVILLE POLICE DEPT,20190739883,Davidson,Nashville,10/8/2019 1:27:00 PM,2,1,0,36.071870,-86.636180,MURFREESBORO PKE,,,,0.00,,,BELL RD,,,,0.00,Y,Four-Way, ,Intersection-Related,None,,,         ,Tien,Nguyen,Clear,Front to Rear,no,no,no,no,no,False
102532866,METROPOLITAN NASHVILLE POLICE DEPT,20190740046,Davidson,Nashville,10/8/2019 3:00:00 PM,2,0,0,36.080610,-86.726650,NOLENSVILLE PKE,,,,378.00,Feet,North,HARDING PL,,,,0.00,N,Not at Intersection,N,Non-Junction,None,,,         ,Donovan,Coble,Clear,Angle,no,no,no,no,yes,False
102532867,METROPOLITAN NASHVILLE POLICE DEPT,20190740142,Davidson,Nashville,10/8/2019 2:21:00 PM,2,0,0,36.152160,-86.800510,HAYES ST,,,,156.00,Feet,West,20TH AVN,,,,0.00,N,Not at Intersection,N,OtherLocation,None,,,         ,Randall,Ward,Clear,Other,no,no,no,yes,yes,Campus
102532868,VANDERBILT UNIVERSITY POLICE,20190739873,Davidson,Nashville,10/8/2019 1:01:00 PM,2,0,0,36.139280,-86.806050,CHILDRENS WAY,,,,0.00,,,,,,,0.00,,, ,Non-Junction,None,,,         ,Ron,Reeves,Clear,Angle,no,no,no,yes,no,Campus
102532873,METROPOLITAN NASHVILLE POLICE DEPT,20190740107,Davidson,Nashville,10/8/2019 3:45:00 PM,2,0,0,36.159420,-86.792290,I 40,,,,0.00,,,,,,,208.85,N,Not at Intersection,N,Non-Junction,None,,,         ,John,Roberson,Clear,Front to Rear,no,no,no,no,yes,False
102532875,THP District 3 - Nashville,319065611,Davidson,Nashville,10/8/2019 4:01:00 PM,2,0,0,36.140550,-86.628140,BELL RD,,,,215.00,Feet,South,ELM HILL PKE,,,,0.00,N,Not at Intersection, ,Non-Junction,None,,,         ,Roberto,Pineda,Clear,Front to Rear,no,no,no,no,no,False
102532878,METROPOLITAN NASHVILLE POLICE DEPT,20190740017,Davidson,Nashville,10/8/2019 2:40:00 PM,2,0,0,36.203100,-86.776850,I 65,,,,0.00,,,,,,,87.10,N,Not at Intersection,N,Non-Junction,None,,,         ,James,Williams,Clear,Front to Rear,no,no,no,no,no,False
102532880,METROPOLITAN NASHVILLE POLICE DEPT,20190740168,Davidson,Nashville,10/8/2019 4:23:00 PM,2,0,0,36.072440,-86.683300,ANTIOCH PKE,,,,101.00,Feet,North,CHEROKEE PL,,,,0.00,N,Not at Intersection, ,Non-Junction,None,,,         ,Jesse,Cox,Clear,Angle,no,no,no,no,no,False
102532881,METROPOLITAN NASHVILLE POLICE DEPT,20190740144,Davidson,Nashville,10/8/2019 4:10:00 PM,2,0,0,36.135450,-86.759970,NOLENSVILLE PKE,,,,0.00,Feet,,WINGROVE ST,,,,0.00,Y,T-Intersection, ,Intersection-Related,None,,,         ,Conor,Cronin,Clear,Front to Rear,no,no,no,no,no,False
102532886,METROPOLITAN NASHVILLE POLICE DEPT,20190740008,Davidson,Nashville,10/8/2019 2:55:00 PM,2,0,0,36.157650,-86.770950,HERMITAGE AV,,,,126.00,Feet,North,PEABODY ST,,,,0.00,N,Not at Intersection, ,Non-Junction,None,,,         ,Phillip,Burke,Clear,Front to Rear,no,no,no,no,no,False
102532895,METROPOLITAN NASHVILLE POLICE DEPT,20190740166,Davidson,Nashville,10/8/2019 4:23:00 PM,2,0,0,36.218470,-86.837310,KINGS LN,,,,79.00,Feet,West,CLARKSVILLE PKE,,,,0.00,N,Not at Intersection, ,Non-Junction,None,,,         ,Matthew,White,Clear,Front to Rear,no,no,no,no,no,False
102532898,BELLE MEADE POLICE DEPT,19-0292,Davidson,Belle Meade,10/8/2019 3:30:00 PM,2,1,0,36.095840,-86.857660,HARDING PL,,,,258.00,Feet,West,BELLE MEADE BLVD,,,,0.00,N,Not at Intersection,N,Non-Junction,None,,,         ,David,Wright,Clear,Angle,no,no,no,no,no,False
102532899,METROPOLITAN NASHVILLE POLICE DEPT,20190740143,Davidson,Nashville,10/8/2019 4:10:00 PM,2,0,0,36.151380,-86.802110,HAYES ST,,,,0.00,,,21ST AVN,,,,0.00,Y,OTHER, ,Non-Junction,None,,,         ,David,Lang,Clear,Other,no,no,no,no,no,Campus
102532902,METROPOLITAN NASHVILLE POLICE DEPT,20190740197,Davidson,Nashville,10/8/2019 4:26:00 PM,2,0,0,36.115650,-86.776940,I 440,,,,0.00,,,,,,,4.70,N,Not at Intersection, ,Non-Junction,Construction Zone,,,         ,Douglas,Sykes,Clear,Front to Rear,no,no,no,no,no,False
102532913,METROPOLITAN NASHVILLE POLICE DEPT,20190740220,Davidson,Nashville,10/8/2019 4:51:00 PM,2,0,0,36.121580,-86.751560,NOLENSVILLE PKE,,,,0.00,Feet,East,I 440,,,,0.00,N,Not at Intersection, ,,Construction Zone,,,         ,Citlaly,Juarez,,,no,no,no,no,no,False
102532916,METROPOLITAN NASHVILLE POLICE DEPT,20190740185,Davidson,Nashville,10/8/2019 3:29:00 PM,2,0,0,36.150440,-86.696630,ELM HILL PKE,,,,38.00,Feet,East,WANDA DR,,,,0.00,N,Not at Intersection, ,Non-Junction,None,,,         ,Samuel,Sundra,Clear,"Sideswipe, Same Direction",no,no,no,no,no,False
102532920,GOODLETTSVILLE POLICE DEPT,19-37801,Davidson,Goodlettsville,10/8/2019 4:56:00 PM,2,0,0,36.294390,-86.717720,I 65,,,,0.00,,,,,,,94.65,N,Not at Intersection, ,Non-Junction,None,,,         ,Hannah,Poole,Clear,"Sideswipe, Same Direction",no,no,no,no,no,False
102532921,METROPOLITAN NASHVILLE POLICE DEPT,20190740210,Davidson,Nashville,10/8/2019 3:50:00 PM,2,0,0,36.167250,-86.814690,25TH AVN,,,,0.00,,,MEHARRY BLVD,,,,0.00,Y,T-Intersection, ,Intersection-Related,None,,,         ,John,McDonnell,Clear,Angle,no,no,no,no,yes,False
102532927,METROPOLITAN NASHVILLE POLICE DEPT,20190740264,Davidson,Nashville,10/8/2019 4:37:00 PM,2,0,0,36.070100,-86.690870,I24 E EXT RAMP,,,,680.00,Feet,South,I 24,,,,0.00,N,Not at Intersection,N,Non-Junction,None,,,         ,Marcus,Darden,Clear,Front to Rear,no,no,no,no,yes,False
102532951,METROPOLITAN NASHVILLE POLICE DEPT,20190740114,Davidson,Nashville,10/8/2019 3:53:00 PM,3,0,0,36.083180,-86.708930,HARDING PL,,,,500.00,Feet,East,TAMPA DR,,,,0.00,N,Not at Intersection,N,Non-Junction,None,,,         ,Patrick,Martin,Clear,Front to Rear,no,no,no,no,yes,False
102532959,METROPOLITAN NASHVILLE POLICE DEPT,20190740096,Davidson,Nashville,10/8/2019 3:44:00 PM,2,0,0,36.142140,-86.789540,14TH AVS,,,,304.00,Feet,South,EDGEHILL AV,,,,0.00,N,Not at Intersection,N,Non-Junction,None,,,         ,FELIKS,ABRAHAMYAN,Clear,"Sideswipe, Opposite Direction",no,no,no,no,yes,False
102532961,METROPOLITAN NASHVILLE POLICE DEPT,20190740278,Davidson,Not in City Limit,10/8/2019 5:17:00 PM,2,1,0,36.283590,-86.730070,I 65,,,,0.00,,,,,,,93.65,N,Not at Intersection,N,Non-Junction,None,,,         ,Derek,Sibley,Clear,Front to Rear,no,no,no,no,no,False
102532962,METROPOLITAN NASHVILLE POLICE DEPT,20190740302,Davidson,Nashville,10/8/2019 4:45:00 PM,2,0,0,36.145840,-86.741750,I 40,,,,0.00,,,,,,,212.20,N,Not at Intersection, ,,None,,,         ,John,Kelley,,,no,no,no,no,no,False
102532963,METROPOLITAN NASHVILLE POLICE DEPT,20190740211,Davidson,Nashville,10/8/2019 4:46:00 PM,2,0,0,36.256490,-86.714250,GALLATIN PKES,,,,117.00,Feet,North,NEELYS BEND RD,,,,0.00,N,Not at Intersection, ,Non-Junction,None,,,         ,Christopher,Littles,Clear,Not Collision with Motor Vehicle in Transport,no,no,no,no,no,False
102532976,BERRY HILL POLICE DEPT,19-4260,Davidson,Nashville,10/8/2019 12:00:00 AM,2,0,0,36.110460,-86.766950,POWELL AV,,,,189.00,Feet,South,OLD POWELL AV,,,,0.00,N,Not at Intersection, ,Non-Junction,None,,,         ,John,Gleixner,Clear,"Sideswipe, Same Direction",no,no,no,no,no,False
102532977,VANDERBILT UNIVERSITY POLICE,20190740363,Davidson,Nashville,10/8/2019 5:45:00 PM,2,0,0,36.139480,-86.803580,PIERCE AV,,,,0.00,,,,,,,0.00,,, ,Non-Junction,None,,,         ,O'Darra,Beauvais,Clear,"Sideswipe, Same Direction",no,no,no,yes,no,Campus
102532978,METROPOLITAN NASHVILLE POLICE DEPT,20190740318,Davidson,Nashville,10/8/2019 5:49:00 PM,2,0,0,36.152200,-86.842220,CHARLOTTE AV,,,,0.00,,,46TH AVN,,,,0.00,Y,Four-Way, ,Non-Junction,None,,,         ,Albert,Wilson,Clear,Angle,no,no,no,no,no,False
102532982,METROPOLITAN NASHVILLE POLICE DEPT,20190740317,Davidson,Nashville,10/8/2019 5:38:00 PM,3,0,0,36.041150,-86.776310,OLD HICKORY BLVD,,,,0.00,,,BRENTWOOD TRC,,,,0.00,Y,Four-Way, ,,None,,,         ,FELIKS,ABRAHAMYAN,,,no,no,no,no,no,False
102532987,METROPOLITAN NASHVILLE POLICE DEPT,20190740373,Davidson,Nashville,10/8/2019 6:10:00 PM,2,0,0,36.154500,-86.779300,8TH AVS,,,,63.00,Feet,South,LAFAYETTE ST,,,,0.00,N,Not at Intersection, ,Non-Junction,None,,,         ,Brent,Morris,Clear,Angle,no,no,no,no,no,False
102532989,METROPOLITAN NASHVILLE POLICE DEPT,20190740298,Davidson,Nashville,10/8/2019 5:35:00 PM,1,1,0,36.126700,-86.711090,EAST THOMPSON LN,,,,0.00,,,MURFREESBORO PKE,,,,0.00,Y,Four-Way,N,Intersection,None,,,         ,Patrick,Martin,Clear,Not Collision with Motor Vehicle in Transport,yes,no,no,no,no,False
102532990,METROPOLITAN NASHVILLE POLICE DEPT,20190740293,Davidson,Nashville,10/8/2019 5:27:00 PM,2,0,0,36.233510,-86.726060,JOYCE LN,,,,365.00,Feet,West,GALLATIN PKE,,,,0.00,N,Not at Intersection, ,Non-Junction,None,,,         ,Christopher,Valdez,Clear,Angle,no,no,no,no,no,False
102532991,METROPOLITAN NASHVILLE POLICE DEPT,20190740307,Davidson,Nashville,10/8/2019 5:15:00 PM,2,0,0,36.116100,-86.832150,WOODMONT BLVD,,,,27.00,Feet,East,FOXHALL RD,,,,0.00,N,Not at Intersection, ,,None,,,         ,Broderick,Jones,,,no,no,no,no,no,False
102533004,METROPOLITAN NASHVILLE POLICE DEPT,20190740346,Davidson,Nashville,10/8/2019 3:55:00 PM,2,0,0,36.179530,-86.815770,24TH AVN,,,,88.00,Feet,North,SANTI AV,,,,0.00,N,Not at Intersection, ,,None,,,         ,Marcus,Mitchell,,,no,no,no,no,no,False
102533008,METROPOLITAN NASHVILLE POLICE DEPT,20190740088,Davidson,Nashville,10/8/2019 2:39:00 PM,2,0,0,36.093740,-86.706060,I 24,,,,0.00,,,,,,,55.10,N,Not at Intersection, ,Non-Junction,None,,,         ,Sean,Weaver,Clear,Front to Rear,no,no,no,no,no,False
102533009,METROPOLITAN NASHVILLE POLICE DEPT,20190740432,Davidson,Nashville,10/8/2019 6:50:00 PM,2,1,0,36.044880,-86.660020,BELL RD,,,,85.00,Feet,West,I24 E EXT RAMP,,,,0.00,N,Not at Intersection,N,Non-Junction,None,,,         ,Jesse,Cox,Clear,Front to Rear,no,no,no,no,yes,False
102533012,METROPOLITAN NASHVILLE POLICE DEPT,20190740577,Davidson,Nashville,10/8/2019 6:30:00 PM,2,0,0,36.153940,-86.758260,I 40,,,,0.00,,,,,,,211.10,N,Not at Intersection, ,Non-Junction,None,,,         ,John,Kelley,Clear,"Sideswipe, Same Direction",no,no,no,no,no,False
102533013,METROPOLITAN NASHVILLE POLICE DEPT,20190740588,Davidson,Nashville,10/8/2019 7:56:00 PM,2,0,0,36.111320,-86.724460,EAST THOMPSON LN,,,,368.00,Feet,West,I24 E EXT RAMP,,,,0.00,N,Not at Intersection,N,"Driveway, Alley Access, etc",None,,,         ,Patrick,Martin,Clear,Angle,no,no,no,no,yes,False
102533028,METROPOLITAN NASHVILLE POLICE DEPT,20190740668,Davidson,Nashville,10/8/2019 8:25:00 PM,1,0,0,36.038660,-86.647990,I24 E EXT RAMP,,,,0.00,Feet,East,I 24,,,,0.00,N,Not at Intersection,N,Non-Junction,None,,,         ,Jesse,Cox,Clear,Not Collision with Motor Vehicle in Transport,no,no,no,no,no,False
102533040,Nashville Airport Police,2019-04298,Davidson,Nashville,10/8/2019 5:20:00 PM,2,0,0,36.139000,-86.665800,DONELSON PKE,,,,0.00,,,I40 E ENT RAMP,,,,0.00,Y,OTHER, ,Non-Junction,None,,,         ,Lucas,Delheimer,Clear,Front to Rear,no,no,no,no,no,False
102533052,METROPOLITAN NASHVILLE POLICE DEPT,20190740575,Davidson,Nashville,10/8/2019 7:55:00 PM,2,0,0,36.163140,-86.819320,I40 E ENT RAMP,,,,0.00,,,I 40,,,,0.00,Y,Y-Intersection, ,Intersection,None,,,         ,Christopher,Butner,Clear,Front to Rear,no,no,no,no,no,False
102533063,METROPOLITAN NASHVILLE POLICE DEPT,20190740744,Davidson,Nashville,10/8/2019 4:30:00 PM,1,0,0,36.130790,-86.898740,I 40,,,,0.00,,,,,,,201.10,N,Not at Intersection, ,,None,,,         ,Trevor,Taylor,,,no,no,no,no,no,False
102533068,METROPOLITAN NASHVILLE POLICE DEPT,20190740528,Davidson,Nashville,10/8/2019 7:36:00 PM,2,1,0,36.081100,-86.758360,HARDING PL,,,,0.00,,,TROUSDALE DR,,,,0.00,Y,Four-Way,N,Intersection,None,,,         ,FELIKS,ABRAHAMYAN,Clear,Angle,no,no,no,no,no,False
102533080,METROPOLITAN NASHVILLE POLICE DEPT,20190740741,Davidson,Nashville,10/8/2019 9:09:00 PM,2,0,0,36.132220,-86.727170,I 24,,,,0.00,,,,,,,52.00,N,Not at Intersection, ,,None,,,         ,Patrick,Martin,,,no,no,no,no,no,False
102533094,METROPOLITAN NASHVILLE POLICE DEPT,20190740638,Davidson,Nashville,10/8/2019 7:30:00 PM,2,0,0,36.200160,-86.618750,LEBANON PKE,,,,75.00,Feet,South,HERMITAGE RD,,,,0.00,N,Not at Intersection, ,Non-Junction,None,,,         ,Ricki,Armstrong,Clear,Front to Rear,no,no,no,no,no,False
102533099,METROPOLITAN NASHVILLE POLICE DEPT,20190740686,Davidson,Nashville,10/8/2019 8:13:00 PM,2,0,0,36.171630,-86.752050,S 10TH ST,,,,0.00,,,,,,,0.00,,,N,Non-Junction,None,,,         ,Amanda,Fox,Clear,Angle,no,no,no,yes,yes,False
102533112,METROPOLITAN NASHVILLE POLICE DEPT,20190740506,Davidson,Nashville,10/8/2019 6:54:00 PM,2,2,0,36.151190,-86.774240,6TH AVS,,,,0.00,,,DIVISION ST,,,,0.00,Y,Four-Way,N,Intersection,None,,,         ,Jason,King,Clear,Front to Rear,no,no,no,no,no,False
102533121,METROPOLITAN NASHVILLE POLICE DEPT,20190740749,Davidson,Nashville,10/8/2019 9:08:00 PM,2,0,0,36.124290,-86.696340,BRILEY PKWY,,,,0.00,,,VULTEE BLVD,,,,0.00,Y,Four-Way,N,Intersection,None,,,         ,Cheri,Cox,Clear,HeadOn,no,no,no,no,yes,False
102533140,METROPOLITAN NASHVILLE POLICE DEPT,20190739099,Davidson,Nashville,10/8/2019 5:21:00 AM,1,0,0,36.084080,-86.701980,WALLACE RD,,,,184.00,Feet,South,LARGO DR,,,,0.00,N,Not at Intersection, ,Non-Junction,None,,,         ,Autumn,Manning,Clear,Not Collision with Motor Vehicle in Transport,no,no,no,yes,no,False
102533153,METROPOLITAN NASHVILLE POLICE DEPT,20190740285,Davidson,Antioch,10/8/2019 5:23:00 PM,2,0,0,36.028350,-86.590470,MURFREESBORO PKE,,,,0.00,Feet,East,LAVERGNE COUCHVILLE PKE,,,,0.00,N,Not at Intersection,N,Non-Junction,None,,,         ,Wesley,Carver,Clear,Angle,no,no,no,no,no,False
102533170,METROPOLITAN NASHVILLE POLICE DEPT,20190740862,Davidson,Nashville,10/8/2019 10:30:00 PM,2,1,0,36.167740,-86.820530,JEFFERSON ST,,,,35.00,Feet,East,ED TEMPLE BLVD,,,,0.00,N,Not at Intersection, ,Non-Junction,None,,,         ,Timothy,Skopek,Clear,Front to Rear,no,no,no,no,no,False
102533171,METROPOLITAN NASHVILLE POLICE DEPT,20190741032,Davidson,Nashville,10/8/2019 10:35:00 PM,2,0,0,36.206620,-86.777900,W TRINITY LN,,,,0.00,,,BRICK CHURCH PKE,,,,0.00,Y,Four-Way,N,Intersection,None,,,         ,Jacob,Dick,Clear,Front to Rear,no,no,no,no,no,False
102533173,METROPOLITAN NASHVILLE POLICE DEPT,20190740953,Davidson,Nashville,10/8/2019 11:18:00 PM,1,1,0,36.027220,-86.662830,PRESTON RD,,,,932.00,Feet,North,PETTUS RD,,,,0.00,N,Not at Intersection,N,Non-Junction,None,,,         ,Sarah,Cartwright,Clear,Not Collision with Motor Vehicle in Transport,no,no,no,no,no,False
102533175,METROPOLITAN NASHVILLE POLICE DEPT,20190741027,Davidson,Nashville,10/9/2019 12:10:00 AM,1,0,0,36.117890,-86.800740,I 440,,,,0.00,,,,,,,3.20,N,Not at Intersection, ,Non-Junction,Work Zone,,,         ,Bryce,Hatten,Clear,Not Collision with Motor Vehicle in Transport,no,no,no,no,no,False
102533177,METROPOLITAN NASHVILLE POLICE DEPT,20190741074,Davidson,Nashville,10/8/2019 9:25:00 PM,2,0,0,36.176240,-86.787100,4TH AVN,,,,180.00,Feet,North,MADISON ST,,,,0.00,N,Not at Intersection,N,Non-Junction,None,,,         ,Joshua,Green,Clear,"Sideswipe, Same Direction",no,no,no,no,yes,False
102533193,VANDERBILT UNIVERSITY POLICE,20190741321,Davidson,Nashville,10/9/2019 3:05:00 AM,1,0,0,36.144810,-86.800370,21ST AVS,,,,0.00,,,,,,,0.00,,, ,,None,,,         ,William,Gladu,,,no,no,no,yes,no,Campus
102533209,METROPOLITAN NASHVILLE POLICE DEPT,20190741362,Davidson,Nashville,10/9/2019 3:25:00 AM,1,0,0,36.193860,-86.762080,DOUGLAS AV,,,,86.00,Feet,West,N 5TH ST,,,,0.00,N,Not at Intersection,N,Non-Junction,None,,,         ,Eric,Cunningham,Clear,Not Collision with Motor Vehicle in Transport,no,no,no,no,yes,False
102533210,METROPOLITAN NASHVILLE POLICE DEPT,20190741292,Davidson,Nashville,10/9/2019 2:48:00 AM,1,1,0,36.152580,-86.831240,CHARLOTTE AV,,,,77.00,Feet,West,38TH AVN,,,,0.00,N,Not at Intersection,N,Non-Junction,None,,,         ,Christian,Downen,Clear,Not Collision with Motor Vehicle in Transport,no,no,no,no,no,False
102533211,METROPOLITAN NASHVILLE POLICE DEPT,20190741373,Davidson,Nashville,10/9/2019 3:32:00 AM,1,0,0,36.067730,-86.636750,BELL RD,,,,429.00,Feet,North,MORRIS GENTRY BLVD,,,,0.00,N,Not at Intersection,N,Non-Junction,None,,,         ,David,Moser,Clear,Not Collision with Motor Vehicle in Transport,no,no,no,no,no,False
102533216,METROPOLITAN NASHVILLE POLICE DEPT,20190741469,Davidson,Antioch,10/9/2019 4:31:00 AM,1,0,0,36.068350,-86.585610,HOBSON PKE,,,,127.00,Feet,West,SMITH SPRINGS PKWY,,,,0.00,N,Not at Intersection, ,Non-Junction,None,,,         ,Sarah,Cartwright,Clear,Not Collision with Motor Vehicle in Transport,no,no,no,no,no,False
102533226,METROPOLITAN NASHVILLE POLICE DEPT,2019-0741244,Davidson,Nashville,10/9/2019 12:00:00 AM,1,0,0,36.231050,-86.721740,HAYSBORO AV,,,,63.00,Feet,East,INGLEWOOD CT,,,,0.00,N,Not at Intersection,N,Non-Junction,None,,,         ,James,Wells Jr.,Clear,Not Collision with Motor Vehicle in Transport,no,no,no,no,no,False
102533263,METROPOLITAN NASHVILLE POLICE DEPT,20190741647,Davidson,Nashville,10/9/2019 6:38:00 AM,2,0,0,36.066070,-86.661900,UNA ANTIOCH PKE,,,,427.00,Feet,South,RICHARDS RD,,,,0.00,N,Not at Intersection, ,Non-Junction,None,,,         ,Jason,Hees,Clear,"Sideswipe, Same Direction",no,no,no,no,no,False
102533269,METROPOLITAN NASHVILLE POLICE DEPT,20190741688,Davidson,Nashville,10/9/2019 7:08:00 AM,3,0,0,36.110090,-86.770340,I 65,,,,0.00,,,,,,,79.75,N,Not at Intersection,N,Non-Junction,None,,,         ,Justin,Pinkelton,Clear,Front to Rear,no,no,no,no,no,False
102533273,METROPOLITAN NASHVILLE POLICE DEPT,20190741663,Davidson,Nashville,10/9/2019 6:33:00 AM,2,0,0,36.155630,-86.827920,I 40,,,,0.00,,,,,,,205.60,N,Not at Intersection, ,Non-Junction,None,,,         ,Wayne,Helm,Clear,Front to Rear,no,no,no,no,no,False
102533283,METROPOLITAN NASHVILLE POLICE DEPT,20190741648,Davidson,Nashville,10/9/2019 6:13:00 AM,2,0,0,36.204330,-86.776730,I 65,,,,0.00,,,,,,,87.15,N,Not at Intersection, ,Non-Junction,None,,,         ,William,Coy,Clear,"Sideswipe, Same Direction",no,no,no,no,no,False
102533284,METROPOLITAN NASHVILLE POLICE DEPT,20190741654,Davidson,Nashville,10/9/2019 6:33:00 AM,2,0,0,36.203050,-86.776850,I 65,,,,0.00,,,,,,,87.10,N,Not at Intersection, ,,None,,,         ,James,Wray,,,no,no,no,no,no,False
102533295,METROPOLITAN NASHVILLE POLICE DEPT,20190741765,Davidson,Nashville,10/9/2019 7:53:00 AM,2,0,0,36.126170,-86.769850,CRAIGHEAD ST,,,,207.00,Feet,East,OCEANSIDE DR,,,,0.00,N,Not at Intersection, ,Non-Junction,None,,,         ,Jose,Oliveros,Clear,Front to Rear,no,no,no,no,no,False
102533302,METROPOLITAN NASHVILLE POLICE DEPT,20190741741,Davidson,Nashville,10/9/2019 8:20:00 AM,2,0,0,36.039280,-86.712840,NOLENSVILLE PKE,,,,228.00,Feet,South,MILL CREEK WHITTEMORE GRNWY,,,,0.00,N,Not at Intersection, ,"Driveway, Alley Access, etc",None,,,         ,Thomas,White,Clear,"Sideswipe, Same Direction",no,no,no,no,no,False
102533309,METROPOLITAN NASHVILLE POLICE DEPT,20190737424,Davidson,Nashville,10/7/2019 12:00:00 PM,2,0,0,36.163470,-86.779470,CHURCH ST,,,,36.00,Feet,East,ARCADE ALY,,,,0.00,N,Not at Intersection, ,Non-Junction,None,,,         ,Gregory,Julia,Rain,"Sideswipe, Same Direction",no,no,no,no,no,False
102533318,METROPOLITAN NASHVILLE POLICE DEPT,20190741824,Davidson,Nashville,10/9/2019 8:35:00 AM,2,0,0,36.169750,-86.809410,I 40,,,,0.00,,,,,,,207.15,N,Not at Intersection,N,Non-Junction,None,,,         ,Anthony,Cavis,Clear,Front to Rear,no,no,no,no,yes,False
102533319,METROPOLITAN NASHVILLE POLICE DEPT,20190741743,Davidson,Nashville,10/9/2019 7:40:00 AM,2,0,0,36.071870,-86.636180,MURFREESBORO PKE,,,,0.00,,,BELL RD,,,,0.00,Y,Four-Way,N,Non-Junction,None,,,         ,Honorio,Canchola,Clear,Rear to Side,no,no,no,no,no,False
102533334,METROPOLITAN NASHVILLE POLICE DEPT,20190741836,Davidson,Nashville,10/9/2019 8:00:00 AM,2,1,0,36.044400,-86.647050,CROSSINGS BLVD,,,,0.00,,,CROSSINGS PL,,,,0.00,Y,T-Intersection,N,Intersection,None,,,         ,Todd,Watson,Clear,Angle,no,no,no,no,no,False
102533339,METROPOLITAN NASHVILLE POLICE DEPT,20190741968,Davidson,Nashville,10/9/2019 9:42:00 AM,3,5,0,36.181800,-86.641570,JACKSON DOWNS BLVD,,,,0.00,,,LEBANON PKE,,,,0.00,Y,Four-Way,N,Intersection,None,,,         ,Michael,Dance,Clear,Angle,no,no,no,no,no,False
102533350,METROPOLITAN NASHVILLE POLICE DEPT,20190742064,Davidson,Nashville,10/9/2019 10:31:00 AM,2,0,0,36.108240,-86.769090,I 65,,,,0.00,,,,,,,79.60,N,Not at Intersection,N,Non-Junction,None,,,         ,Justin,Pinkelton,Clear,Front to Rear,no,no,no,no,no,False
102533351,METROPOLITAN NASHVILLE POLICE DEPT,20190742046,Davidson,Nashville,10/9/2019 10:12:00 AM,2,0,0,36.193010,-86.802060,ROSA L PARKS BLVD,,,,69.00,Feet,West,ATHENS WAY,,,,0.00,N,Not at Intersection,N,Non-Junction,None,,,         ,Anthony,Cavis,Clear,Front to Rear,no,no,no,no,yes,False
102533359,METROPOLITAN NASHVILLE POLICE DEPT,20190741768,Davidson,Nashville,10/9/2019 7:50:00 AM,2,1,0,36.186440,-86.796160,I 65,,,,0.00,,,,,,,85.50,N,Not at Intersection,N,Non-Junction,None,,,         ,Wesley,Young,Clear,Front to Rear,no,no,no,no,no,False
102533365,METROPOLITAN NASHVILLE POLICE DEPT,20190741825,Davidson,Nashville,10/9/2019 12:00:00 AM,2,0,0,36.160240,-86.760500,I 24,,,,0.00,,,,,,,49.45,N,Not at Intersection, ,Non-Junction,None,,,         ,James,Thornton,Clear,"Sideswipe, Same Direction",no,no,no,no,no,False
102533368,METROPOLITAN NASHVILLE POLICE DEPT,20190741790,Davidson,Nashville,10/9/2019 7:49:00 AM,2,0,0,36.169300,-86.577760,I 40,,,,0.00,,,,,,,222.10,N,Not at Intersection, ,Non-Junction,None,,,         ,Michelle,Norris,Clear,"Sideswipe, Same Direction",no,no,no,no,no,False
102533377,METROPOLITAN NASHVILLE POLICE DEPT,20190742104,Davidson,Nashville,10/9/2019 11:19:00 AM,2,0,0,36.119600,-86.726440,I 24,,,,0.00,,,,,,,53.00,N,Not at Intersection, ,Non-Junction,None,,,         ,Charles,Wakefield,Clear,"Sideswipe, Same Direction",no,no,no,no,no,False
102533378,METROPOLITAN NASHVILLE POLICE DEPT,20190742135,Davidson,Nashville,10/9/2019 11:15:00 AM,2,1,0,36.187090,-86.607840,ANDREW JACKSON WAY,,,,163.00,Feet,North,ANDREW JACKSON PKWY,,,,0.00,N,Not at Intersection,N,OtherLocation,None,,,         ,Tien,Nguyen,Clear,Front to Rear,no,no,no,no,no,False
102533379,VANDERBILT UNIVERSITY POLICE,20190726276,Davidson,Nashville,10/2/2019 11:00:00 AM,2,0,0,36.148660,-86.807040,24TH AVN,,,,0.00,,,ELLISTON PL,,,,0.00,Y,Four-Way, ,Intersection,None,,,         ,James,Hughey,Clear,Angle,no,no,no,no,no,Campus
102533391,METROPOLITAN NASHVILLE POLICE DEPT,20190740135,Davidson,Nashville,10/8/2019 4:10:00 PM,2,0,0,36.171010,-86.770280,JAMES ROBERTSON PKWY,,,,102.00,Feet,East,MAIN ST,,,,0.00,N,Not at Intersection, ,Non-Junction,None,,,         ,Brandon,O'Guin,Clear,"Sideswipe, Same Direction",no,no,no,no,no,False