master_record_number,agency,agency_tracking_number,county,city,collision_date,vehicles_involved,number_injured,number_dead,latitude,longitude,roadway_name,roadway_suffix,roadway_number,roadway_local_id,distance_from_reference,miles-feet_indicator,direction_from_reference,intersection_road_name,intersection_road_name_suffix,intersection_road_number,intersection_local_id,mile_marker,intersection_indicator,intersect_type,interchange_related_indicator,relation_to_junction,work_zone_type,construction_maintenance_zone,construction_maintenance_zone_location,fatal_case_number,officer_first_name,officer_last_name,weather_condition(s),manner_of_crash,pedestrian,bicycle,scooter,parking,hitrun,mou
102533393,METROPOLITAN NASHVILLE POLICE DEPT,20190742153,Davidson,Nashville,10/9/2019 12:00:00 AM,2,0,0,36.154920,-86.805680,MURPHY AV,,,,124.00,Feet,East,22ND AVN,,,,0.00,N,Not at Intersection,N,Non-Junction,None,,,         ,Natalia,Johnson,Clear,Unknown,no,no,no,no,yes,False
102533402,METROPOLITAN NASHVILLE POLICE DEPT,20190742245,Davidson,Nashville,10/9/2019 10:04:00 AM,2,0,0,36.143960,-86.722570,ELM HILL PKE,,,,0.00,,,SPENCE LN,,,,0.00,Y,Four-Way, ,Intersection-Related,None,,,         ,Tien,Nguyen,Clear,Front to Rear,no,no,no,no,no,False
102533403,METROPOLITAN NASHVILLE POLICE DEPT,20190742011,Davidson,Nashville,10/9/2019 9:00:00 AM,2,1,0,36.168810,-86.796890,I 40,,,,0.00,,,,,,,208.10,N,Not at Intersection, ,Non-Junction,None,,,         ,Gregory,Julia,Clear,Front to Rear,no,no,no,no,no,False
102533411,METROPOLITAN NASHVILLE POLICE DEPT,20190742229,Davidson,Nashville,10/9/2019 12:00:00 AM,2,0,0,36.154140,-86.785900,12TH AVS,,,,189.00,Feet,South,DEMONBREUN ST,,,,0.00,N,Not at Intersection, ,,None,,,         ,James,Thornton,,,no,no,no,no,no,False
102533432,METROPOLITAN NASHVILLE POLICE DEPT,20190740182,Davidson,Nashville,10/8/2019 4:20:00 PM,2,0,0,36.170330,-86.768640,WOODLAND ST,,,,62.00,Feet,West,INTERSTATE DR,,,,0.00,N,Not at Intersection, ,Non-Junction,None,,,         ,Brandon,O'Guin,Clear,"Sideswipe, Same Direction",no,no,no,no,no,False
102533433,METROPOLITAN NASHVILLE POLICE DEPT,20190742161,Davidson,Nashville,10/9/2019 11:38:00 AM,1,0,0,36.205330,-86.760510,E TRINITY LN,,,,199.00,Feet,West,OVERBY RD,,,,0.00,N,Not at Intersection,N,Non-Junction,None,,,         ,Russell,Freeman,Clear,Not Collision with Motor Vehicle in Transport,no,no,no,no,yes,False
102533441,METROPOLITAN NASHVILLE POLICE DEPT,20190742133,Davidson,Nashville,10/9/2019 11:05:00 AM,2,2,0,36.148790,-86.666350,ELM HILL PIKE,,,,0.00,Feet,,STATE HWY 255,,,,0.00,Y,Four-Way,N,Intersection,None,,,         ,Gerry,Hutcheson,Clear,Angle,no,no,no,no,no,False
102533482,METROPOLITAN NASHVILLE POLICE DEPT,20190740206,Davidson,Nashville,10/8/2019 4:40:00 PM,2,0,0,36.154790,-86.763410,LINDSLEY AV,,,,25.00,Feet,West,ANTHES DR,,,,0.00,N,Not at Intersection, ,Non-Junction,None,,,         ,Brandon,O'Guin,Clear,Front to Rear,no,no,no,no,no,False
102533483,METROPOLITAN NASHVILLE POLICE DEPT,20190742017,Davidson,Nashville,10/9/2019 9:00:00 AM,2,0,0,36.247650,-86.756770,DICKERSON PKE,,,,364.00,Feet,North,SKYLINE COMMONS PVTDR,,,,0.00,N,Not at Intersection, ,,None,,,         ,Jacob,Robbins,,,no,no,no,no,no,False
102533486,METROPOLITAN NASHVILLE POLICE DEPT,20190741745,Davidson,Nashville,10/9/2019 7:40:00 AM,2,0,0,36.197060,-86.828130,BUENA VISTA PKE,,,,0.00,,,CLIFF DR,,,,0.00,Y,Four-Way,N,Intersection-Related,None,,,         ,Kenneth,Oneal,Clear,Angle,no,no,no,no,yes,False
102533487,METROPOLITAN NASHVILLE POLICE DEPT,20190742331,Davidson,Nashville,10/9/2019 12:22:00 PM,2,0,0,36.169200,-86.681250,LEBANON PKE,,,,344.00,Feet,East,FAIRWAY DR,,,,0.00,N,Not at Intersection, ,Non-Junction,None,,,         ,Tien,Nguyen,Clear,Front to Rear,no,no,no,no,no,False
102533499,METROPOLITAN NASHVILLE POLICE DEPT,20190742319,Davidson,Nashville,10/9/2019 1:00:00 PM,2,0,0,36.139140,-86.778400,8TH AVS,,,,27.00,Feet,South,HAMILTON AV,,,,0.00,N,Not at Intersection, ,Non-Junction,None,,,         ,Natalia,Johnson,Clear,Front to Rear,no,no,no,no,no,False
102533508,METROPOLITAN NASHVILLE POLICE DEPT,20190742338,Davidson,Nashville,10/9/2019 12:00:00 AM,1,0,0,36.053360,-86.680860,BENZING RD,,,,460.00,Feet,South,SHIHMEN DR,,,,0.00,N,Not at Intersection, ,Non-Junction,None,,,         ,Stanley,Collins,Unknown,Not Collision with Motor Vehicle in Transport,no,no,no,yes,yes,False
102533510,METROPOLITAN NASHVILLE POLICE DEPT,20190742350,Davidson,Not in City Limit,10/9/2019 1:32:00 PM,2,0,0,36.075160,-86.939320,HIGHWAY 70S,,,,339.00,Feet,East,BELLEVUE RD,,,,0.00,N,Not at Intersection,N,Non-Junction,None,,,         ,Wesley,Tilley,Clear,Front to Rear,no,no,no,no,yes,False
102533521,METROPOLITAN NASHVILLE POLICE DEPT,20190741949,Davidson,Nashville,10/9/2019 12:00:00 AM,1,0,0,36.174880,-86.785230,JEFFERSON ST,,,,170.00,Feet,West,3RD AVN,,,,0.00,N,Not at Intersection, ,Non-Junction,None,,,         ,Kristen,Morgan,Unknown,Unknown,no,no,no,no,yes,False
102533527,THP District 3 - Nashville,319065751,Davidson,Not in City Limit,10/9/2019 12:45:00 PM,2,0,0,36.019610,-86.626490,I 24,,,,0.00,,,,,,,62.10,N,Not at Intersection, ,Non-Junction,None,,,         ,Andrew,Simunic,Clear,"Sideswipe, Same Direction",no,no,no,no,no,False
102533556,METROPOLITAN NASHVILLE POLICE DEPT,20190742239,Davidson,Nashville,10/9/2019 9:57:00 AM,1,0,0,36.159250,-86.774450,3RD AVS,,,,124.00,Feet,South,DEMONBREUN ST,,,,0.00,N,Not at Intersection,N,Non-Junction,None,,,         ,Frank,Campbell,Clear,Not Collision with Motor Vehicle in Transport,no,no,no,no,yes,False
102533596,METROPOLITAN NASHVILLE POLICE DEPT,20190742465,Davidson,Nashville,10/9/2019 2:42:00 PM,2,1,0,36.136860,-86.699470,BRILEY PKWY,,,,174.00,Feet,South,GLASTONBURY RD,,,,0.00,N,Not at Intersection,N,Non-Junction,None,,,         ,Brady,Reynolds,Clear,Rear to Rear,no,no,no,yes,yes,False
102533599,METROPOLITAN NASHVILLE POLICE DEPT,20190742469,Davidson,Nashville,10/9/2019 2:37:00 PM,3,0,0,36.153000,-86.857610,BRILEY PKWY,,,,0.00,,,I40 W EXT RAMP,,,,0.00,Y,Four-Way, ,,None,,,         ,Robert,Crow,,,no,no,no,no,no,False
102533627,METROPOLITAN NASHVILLE POLICE DEPT,20190742490,Davidson,Nashville,10/9/2019 1:50:00 PM,2,0,0,36.037720,-86.794750,OLD HICKORY BLVD,,,,0.00,,,BRENTWOOD BLVD,,,,0.00,Y,Four-Way, ,Intersection,None,,,         ,Cynthia,Quirouette,Clear,Angle,no,no,no,no,no,False
102533632,METROPOLITAN NASHVILLE POLICE DEPT,20190742523,Davidson,Nashville,10/9/2019 3:12:00 PM,2,0,0,36.255010,-86.715230,MADISON BLVD,,,,0.00,,,GALLATIN PKES,,,,0.00,Y,T-Intersection, ,Intersection,None,,,         ,Christopher,Littles,Clear,Angle,no,no,no,no,no,False
102533633,METROPOLITAN NASHVILLE POLICE DEPT,20190742576,Davidson,Nashville,10/9/2019 3:38:00 PM,2,0,0,36.251230,-86.690830,NEELYS BEND RD,,,,71.00,Feet,West,KINSEY BLVD,,,,0.00,N,Not at Intersection,N,Non-Junction,None,,,         ,Christopher,Littles,Clear,Front to Rear,no,no,no,no,no,False
102533657,METROPOLITAN NASHVILLE POLICE DEPT,20190742614,Davidson,Nashville,10/9/2019 3:40:00 PM,2,1,0,36.168390,-86.687960,BRILEY PKWY N EXT RAMP,,,,0.00,,,BRILEY PKWY N ENT RAMP,,,,0.00,Y,Four-Way,Y,Intersection,None,,,         ,John,Kelley,Clear,Angle,no,no,no,no,no,False
102533658,METROPOLITAN NASHVILLE POLICE DEPT,20190742519,Davidson,Nashville,10/9/2019 3:09:00 PM,2,0,0,36.077500,-86.665990,BILLINGSGATE RD,,,,50.00,Feet,West,CAVENDISH CT,,,,0.00,N,Not at Intersection, ,Non-Junction,None,,,         ,Patrick,Martin,Clear,Front to Rear,no,no,no,no,no,False
102533675,METROPOLITAN NASHVILLE POLICE DEPT,20190742590,Davidson,Nashville,10/9/2019 3:30:00 PM,2,0,0,36.056710,-86.690640,OLIVIA DR,,,,322.00,Feet,South,BART DR,,,,0.00,N,Not at Intersection, ,,None,,,         ,William,Cleveland,,,no,no,no,yes,no,False
102533677,METROPOLITAN NASHVILLE POLICE DEPT,20190742676,Davidson,Nashville,10/9/2019 4:23:00 PM,2,0,0,36.134990,-86.723970,MURFREESBORO PKE,,,,135.00,Feet,East,I24 W EXT RAMP,,,,0.00,N,Not at Intersection, ,,None,,,         ,Jesse,Cox,,,no,no,no,no,no,False
102533693,METROPOLITAN NASHVILLE POLICE DEPT,20190742670,Davidson,Nashville,10/9/2019 1:43:00 PM,2,0,0,36.087740,-86.607190,SMITH SPRINGS RD,,,,0.00,,,ANDERSON RD,,,,0.00,Y,Four-Way,N,Intersection,None,,,         ,Cheri,Cox,Clear,Angle,no,no,no,no,no,False
102533694,METROPOLITAN NASHVILLE POLICE DEPT,20190742565,Davidson,Nashville,10/9/2019 3:20:00 PM,2,0,0,36.174520,-86.774220,N 1ST ST,,,,42.00,Feet,North,OLDHAM ST,,,,0.00,N,Not at Intersection, ,Non-Junction,None,,,         ,Brandon,O'Guin,Clear,"Sideswipe, Same Direction",no,no,no,no,no,False
102533697,METROPOLITAN NASHVILLE POLICE DEPT,20190742482,Davidson,Nashville,10/9/2019 2:55:00 PM,2,2,0,36.056000,-86.733190,META DR,,,,296.00,Feet,North,META CIR,,,,0.00,N,Not at Intersection,N,Non-Junction,None,,,         ,Brandon,Hughes,Clear,HeadOn,no,no,no,no,no,False
102533701,METROPOLITAN NASHVILLE POLICE DEPT,20190742840,Davidson,Nashville,10/9/2019 5:42:00 PM,3,0,0,36.171310,-86.798470,I 40,,,,0.00,,,,,,,207.90,N,Not at Intersection, ,Non-Junction,None,,,         ,Melvin,Taylor,Clear,Front to Rear,no,no,no,no,no,False
102533702,METROPOLITAN NASHVILLE POLICE DEPT,20190742811,Davidson,Nashville,10/9/2019 5:31:00 PM,2,1,0,36.054860,-86.729310,MCMURRAY DR,,,,191.00,Feet,East,HILSON RD,,,,0.00,N,Not at Intersection,Y,OtherLocation,None,,,         ,Douglas,Sykes,Clear,Angle,no,no,no,no,no,False
102533703,METROPOLITAN NASHVILLE POLICE DEPT,20190742764,Davidson,Nashville,10/9/2019 4:59:00 PM,2,0,0,36.134700,-86.824930,WEST END AV,,,,43.00,Feet,East,BOWLING AV,,,,0.00,N,Not at Intersection,N,Non-Junction,None,,,         ,Broderick,Jones,Clear,Angle,no,no,no,no,no,False
102533708,METROPOLITAN NASHVILLE POLICE DEPT,20190742652,Davidson,Nashville,10/9/2019 4:03:00 PM,2,0,0,36.125860,-86.752590,GLENROSE AV,,,,0.00,,,NOLENSVILLE PKE,,,,0.00,Y,T-Intersection, ,,None,,,         ,FELIKS,ABRAHAMYAN,,,no,no,no,no,no,False
102533709,VANDERBILT UNIVERSITY POLICE,20190742876,Davidson,Nashville,10/9/2019 12:00:00 AM,2,0,0,36.141850,-86.806660,25TH AVS,,,,376.00,Feet,South,HIGHLAND AV,,,,0.00,N,Not at Intersection,N,Non-Junction,None,,,         ,Alan,Reed,Clear,Unknown,no,no,no,yes,yes,Campus
102533715,METROPOLITAN NASHVILLE POLICE DEPT,20190742883,Davidson,Nashville,10/9/2019 5:10:00 PM,2,0,0,36.151440,-86.787570,DIVISION ST,,,,582.00,Feet,East,MUSIC CIRE,,,,0.00,N,Not at Intersection, ,"Driveway, Alley Access, etc",None,,,         ,John,Roberson,Clear,Angle,no,no,no,no,no,False
102533724,METROPOLITAN NASHVILLE POLICE DEPT,20190742856,Davidson,Not in City Limit,10/9/2019 5:43:00 PM,2,0,0,36.264070,-86.735930,-- UNKNOWN RAMP/ROAD --,,,,0.00,Feet,East,STATE HWY 45,,,,0.00,N,Not at Intersection, ,Entrance/Exit Ramp Related,None,,,         ,Jared,Dick,Clear,Front to Rear,no,no,no,no,no,False
102533728,METROPOLITAN NASHVILLE POLICE DEPT,20190742783,Davidson,Nashville,10/9/2019 5:12:00 PM,2,0,0,36.147120,-86.759420,PERKINS ST,,,,174.00,Feet,West,LEWIS ST,,,,0.00,N,Not at Intersection,N,Non-Junction,None,,,         ,Patrick,Martin,Clear,"Sideswipe, Same Direction",no,no,no,no,yes,False
102533729,METROPOLITAN NASHVILLE POLICE DEPT,20190742886,Davidson,Nashville,10/9/2019 5:58:00 PM,2,0,0,36.124080,-86.751680,NOLENSVILLE PKE,,,,0.00,,,I440 W EXT RAMP,,,,0.00,Y,T-Intersection, ,,None,,,         ,Andrew,Brazee,,,no,no,no,no,no,False
102533730,METROPOLITAN NASHVILLE POLICE DEPT,20190743000,Davidson,Nashville,10/9/2019 7:00:00 PM,2,0,0,36.188570,-86.746270,GALLATIN AV,,,,101.00,Feet,North,GRANADA AV,,,,0.00,N,Not at Intersection, ,Non-Junction,None,,,         ,Riley,Brewer,Clear,"Sideswipe, Same Direction",no,no,no,no,no,False
102533732,METROPOLITAN NASHVILLE POLICE DEPT,20190742898,Davidson,Not in City Limit,10/9/2019 5:48:00 PM,2,1,0,36.269260,-86.755740,OLD HICKORY BLVDW,,,,0.00,,,DICKERSON PKE,,,,0.00,Y,Four-Way,N,Intersection,None,,,         ,Keith,Parlato,Clear,Front to Rear,no,no,no,no,no,False
102533736,METROPOLITAN NASHVILLE POLICE DEPT,20190742786,Davidson,Nashville,10/9/2019 4:12:00 PM,3,1,0,36.075490,-86.729300,EDMONDSON PKE,,,,1248.00,Feet,West,WALLACE RD,,,,0.00,N,Not at Intersection,N,Non-Junction,None,,,         ,FELIKS,ABRAHAMYAN,Clear,Front to Rear,no,no,no,no,no,False
102533738,METROPOLITAN NASHVILLE POLICE DEPT,20190742833,Davidson,Nashville,10/9/2019 5:38:00 PM,2,0,0,36.217600,-86.754200,JONES PARK CT,,,,375.00,Feet,East,JONES AVE,,,,0.00,N,Not at Intersection, ,Non-Junction,None,,,         ,Chad,Connors,Clear,Angle,no,no,no,no,no,False
102533741,METROPOLITAN NASHVILLE POLICE DEPT,20190742902,Davidson,Nashville,10/9/2019 6:15:00 PM,1,1,0,36.045330,-86.658080,I24 W EXT RAMP,,,,0.00,,,I 24,,,,0.00,Y,OTHER,N,Entrance/Exit Ramp Related,None,,,         ,Patrick,Martin,Clear,Not Collision with Motor Vehicle in Transport,no,no,no,no,no,False
102533742,METROPOLITAN NASHVILLE POLICE DEPT,20190742744,Davidson,Antioch,10/9/2019 4:55:00 PM,2,1,0,36.045250,-86.609100,MURFREESBORO PKE,,,,0.00,Feet,,MOUNTAIN SPRINGS RD,,,,0.00,Y,Four-Way,N,Intersection,None,,,         ,Nathaniel,Myers,Clear,Angle,no,no,no,no,no,False
102533754,METROPOLITAN NASHVILLE POLICE DEPT,20190742909,Davidson,Nashville,10/9/2019 5:15:00 PM,2,0,0,36.161020,-86.777200,BROADWAY,,,,0.00,,,4TH AVN,,,,0.00,Y,Four-Way,N,Intersection,None,,,         ,Jason,King,Clear,"Sideswipe, Same Direction",no,no,no,no,yes,False
102533769,METROPOLITAN NASHVILLE POLICE DEPT,20190742994,Davidson,Nashville,10/9/2019 6:58:00 PM,2,0,0,36.185150,-86.756680,W EASTLAND AV,,,,237.00,Feet,North,CLEVELAND ST,,,,0.00,N,Not at Intersection, ,Non-Junction,None,,,         ,Gregory,Cenicola,Clear,"Sideswipe, Same Direction",no,no,no,no,no,False
102533776,METROPOLITAN NASHVILLE POLICE DEPT,20190742729,Davidson,Not in City Limit,10/9/2019 4:47:00 PM,2,2,0,36.263550,-86.716570,OLD HICKORY BLVDW,,,,0.00,,,PEGGY ST,,,,0.00,Y,T-Intersection,N,Intersection,None,,,         ,Christopher,Littles,Clear,Front to Rear,no,no,no,no,no,False
102533777,METROPOLITAN NASHVILLE POLICE DEPT,20190742790,Davidson,Not in City Limit,10/9/2019 5:18:00 PM,2,1,0,36.260970,-86.712630,GALLATIN PKES,,,,115.00,Feet,South,MAPLE ST,,,,0.00,N,Not at Intersection,N,Non-Junction,None,,,         ,Christopher,Littles,Clear,HeadOn,no,no,no,no,yes,False
102533778,METROPOLITAN NASHVILLE POLICE DEPT,20190742982,Davidson,Not in City Limit,10/9/2019 6:56:00 PM,2,0,0,36.269260,-86.755740,OLD HICKORY BLVDW,,,,0.00,,,DICKERSON PKE,,,,0.00,Y,Four-Way,N,Intersection,None,,,         ,Christopher,Littles,Clear,Angle,no,no,no,no,no,False
102533779,METROPOLITAN NASHVILLE POLICE DEPT,20190742753,Davidson,Nashville,10/9/2019 5:00:00 PM,3,0,0,36.165560,-86.761090,S 5TH ST,,,,35.00,Feet,North,SUMMER PL,,,,0.00,N,Not at Intersection,N,Non-Junction,None,,,         ,Alexander,Hartle,Clear,Front to Rear,no,no,no,no,yes,False
102533790,METROPOLITAN NASHVILLE POLICE DEPT,20190743118,Davidson,Nashville,10/9/2019 7:47:00 PM,2,0,0,36.153380,-86.764600,I 40,,,,0.00,,,,,,,210.70,N,Not at Intersection,Y,Entrance/Exit Ramp Related,None,,,         ,Jason,King,Clear,Front to Rear,no,no,no,no,yes,False
102533793,METROPOLITAN NASHVILLE POLICE DEPT,20190743134,Davidson,Nashville,10/9/2019 8:00:00 PM,2,0,0,36.217490,-86.781570,BRICK CHURCH PKE,,,,4.00,Feet,North,WOODFOLK AV,,,,0.00,N,Not at Intersection, ,,None,,,         ,Eric,McCoy,,,no,no,no,no,no,False
102533795,METROPOLITAN NASHVILLE POLICE DEPT,20190743009,Davidson,Nashville,10/9/2019 6:58:00 PM,2,0,0,36.088450,-86.609720,SMITH SPRINGS RD,,,,0.00,,,OLD SMITH SPRINGS RD,,,,0.00,Y,OTHER,N,Non-Junction,None,,,         ,Brady,Reynolds,Clear,Angle,no,no,no,no,yes,False
102533796,METROPOLITAN NASHVILLE POLICE DEPT,20190743172,Davidson,Not in City Limit,10/9/2019 8:20:00 PM,2,0,0,36.277660,-86.800300,I 24,,,,0.00,,,,,,,40.50,N,Not at Intersection,N,Non-Junction,None,,,         ,Christopher,Littles,Clear,Front to Rear,no,no,no,no,yes,False
102533797,METROPOLITAN NASHVILLE POLICE DEPT,20190743143,Davidson,Nashville,10/9/2019 5:45:00 PM,2,0,0,36.064610,-86.628280,MURFREESBORO PKE,,,,87.00,Feet,South,HAMILTON CHURCH RD,,,,0.00,N,Not at Intersection,N,Non-Junction,None,,,         ,Patrick,Martin,Clear,Front to Rear,no,no,no,no,yes,False
102533799,METROPOLITAN NASHVILLE POLICE DEPT,20190742987,Davidson,Nashville,10/9/2019 6:22:00 PM,2,0,0,36.100670,-86.739170,CHILTON ST,,,,227.00,Feet,East,NOLENSVILLE PKE,,,,0.00,N,Not at Intersection,N,Non-Junction,None,,,         ,Aimee,Ortiz,Cloudy,Other,no,no,no,no,yes,False
102533800,METROPOLITAN NASHVILLE POLICE DEPT,20190742969,Davidson,Nashville,10/9/2019 6:48:00 PM,2,2,0,36.060590,-86.903640,OLD HICKORY BLVD,,,,693.00,Feet,South,HIGHWAY 100,,,,0.00,N,Not at Intersection,N,Non-Junction,None,,,         ,Jeremy,Huffine,Clear,Front to Rear,no,no,no,no,no,False
102533802,METROPOLITAN NASHVILLE POLICE DEPT,20190742785,Davidson,Nashville,10/9/2019 5:16:00 PM,2,0,0,36.246660,-86.756610,DICKERSON PKE,,,,0.00,,,SKYLINE COMMONS PVTDR,,,,0.00,Y,T-Intersection,Y,Intersection-Related,None,,,         ,Bradley,Fort,Clear,Front to Rear,no,no,no,no,yes,False
102533804,METROPOLITAN NASHVILLE POLICE DEPT,20190743064,Davidson,Nashville,10/9/2019 7:29:00 PM,2,0,0,36.046180,-86.674130,BLUE HOLE RD,,,,173.00,Feet,North,BELL RD,,,,0.00,N,Not at Intersection, ,Non-Junction,None,,,         ,JA'Karyus,Redwine,Clear,Front to Rear,no,no,no,no,no,False
102533822,METROPOLITAN NASHVILLE POLICE DEPT,20190743177,Davidson,Not in City Limit,10/9/2019 6:45:00 PM,2,0,0,36.109630,-86.544650,HOBSON PKE,,,,1323.00,Feet,East,GRANNY WRIGHT LN,,,,0.00,N,Not at Intersection,N,Non-Junction,None,,,         ,Jesse,Cox,Clear,Front to Rear,no,no,no,no,no,False
102533825,METROPOLITAN NASHVILLE POLICE DEPT,20190743183,Davidson,Nashville,10/9/2019 8:26:00 PM,2,2,0,36.192300,-86.777120,I 65,,,,0.00,,,,,,,86.50,N,Not at Intersection,Y,Entrance/Exit Ramp Related,None,,,         ,Benjamin,Williams,Clear,"Sideswipe, Same Direction",no,no,no,no,no,False
102533856,METROPOLITAN NASHVILLE POLICE DEPT,20190742806,Davidson,Nashville,10/9/2019 4:11:00 PM,3,0,0,36.142020,-86.711610,I 40,,,,0.00,,,,,,,214.10,N,Not at Intersection,N,Non-Junction,None,,,         ,Dontaveous,Eubanks,Clear,Angle,no,no,no,no,yes,False
102533857,METROPOLITAN NASHVILLE POLICE DEPT,20190742857,Davidson,Nashville,10/9/2019 5:50:00 PM,2,0,0,36.136400,-86.725590,MURFREESBORO PKE EXT RAMP,,,,0.00,Feet,East,I24 W ENT RAMP,,,,0.00,N,Not at Intersection, ,Entrance/Exit Ramp Related,None,,,         ,Dontaveous,Eubanks,Clear,"Sideswipe, Same Direction",no,no,no,no,no,False
102533863,METROPOLITAN NASHVILLE POLICE DEPT,20190743245,Davidson,Nashville,10/9/2019 8:45:00 PM,2,0,0,36.174860,-86.794090,MONROE ST,,,,79.00,Feet,West,9TH AVN,,,,0.00,N,Not at Intersection, ,Non-Junction,None,,,         ,Katelin,Ehrhardt,Clear,Angle,no,no,no,no,no,False
102533868,METROPOLITAN NASHVILLE POLICE DEPT,20190868345,Davidson,Nashville,10/9/2019 7:00:00 PM,1,0,0,36.229110,-86.624940,OLD HICKORY BLVD,,,,363.00,Feet,North,CLEVELAND HALL BLVD,,,,0.00,N,Not at Intersection, ,Non-Junction,None,,,         ,Ricki,Armstrong,Clear,Not Collision with Motor Vehicle in Transport,no,no,no,no,no,False
102533880,METROPOLITAN NASHVILLE POLICE DEPT,20190743160,Davidson,Nashville,10/9/2019 8:13:00 PM,2,0,0,36.184060,-86.751860,W EASTLAND AV,,,,330.00,Feet,East,LAURENT ST,,,,0.00,N,Not at Intersection,N,Non-Junction,None,,,         ,Tyler,Adcock,Clear,"Sideswipe, Same Direction",no,no,no,no,no,False
102533884,METROPOLITAN NASHVILLE POLICE DEPT,20190743297,Davidson,Nashville,10/9/2019 9:15:00 PM,1,0,0,36.169950,-86.654560,LEBANON PKE,,,,16.00,Feet,West,GUILL CT,,,,0.00,N,Not at Intersection,N,Non-Junction,None,,,         ,John,Kelley,Clear,Not Collision with Motor Vehicle in Transport,no,no,no,no,no,False
102533890,METROPOLITAN NASHVILLE POLICE DEPT,20190743318,Davidson,Nashville,10/9/2019 9:18:00 PM,2,0,0,36.157460,-86.772310,2ND AVS,,,,200.00,Feet,South,KOREAN VETERANS BLVD,,,,0.00,N,Not at Intersection,N,Non-Junction,None,,,         ,Jason,King,Clear,"Sideswipe, Same Direction",no,no,no,no,yes,False
102533891,METROPOLITAN NASHVILLE POLICE DEPT,20190743375,Davidson,Not in City Limit,10/9/2019 10:07:00 PM,1,1,0,35.990530,-86.669300,BURKITT RD,,,,624.00,Feet,North,CANONBURY DR,,,,0.00,N,Not at Intersection,N,Non-Junction,None,,,         ,Patrick,Martin,Clear,Not Collision with Motor Vehicle in Transport,no,no,no,no,no,False
102533899,METROPOLITAN NASHVILLE POLICE DEPT,20190743374,Davidson,Nashville,10/9/2019 10:00:00 PM,2,0,0,36.101530,-86.868050,HARDING PL,,,,242.00,Feet,West,WINDSOR DR,,,,0.00,N,Not at Intersection, ,Non-Junction,None,,,         ,Broderick,Jones,Clear,Front to Rear,no,no,no,no,no,False
102533900,METROPOLITAN NASHVILLE POLICE DEPT,20190743416,Davidson,Nashville,10/9/2019 10:40:00 PM,2,0,0,36.186770,-86.819520,CLARKSVILLE PKE,,,,266.00,Feet,West,26TH AVN,,,,0.00,N,Not at Intersection,N,Non-Junction,None,,,         ,Erik,Schall,Clear,Front to Rear,no,no,no,no,yes,False
102533920,METROPOLITAN NASHVILLE POLICE DEPT,20190743422,Davidson,Nashville,10/9/2019 12:00:00 AM,2,0,0,36.083890,-86.624390,WILDWOOD DR,,,,200.00,Feet,South,GOODWIN DR,,,,0.00,N,Not at Intersection,N,Non-Junction,None,,,         ,Bradley,Pope,Clear,Unknown,no,no,no,no,yes,False
102533927,METROPOLITAN NASHVILLE POLICE DEPT,20190743438,Davidson,Nashville,10/9/2019 11:01:00 PM,2,0,0,36.150440,-86.749390,I 40,,,,0.00,,,,,,,211.65,N,Not at Intersection, ,Non-Junction,None,,,         ,Ralph,Smith IV,Clear,Front to Rear,no,no,no,no,no,False
102533930,METROPOLITAN NASHVILLE POLICE DEPT,20190743584,Davidson,Not in City Limit,10/10/2019 12:07:00 AM,1,0,0,36.065340,-86.995870,MCCRORY LN,,,,0.00,,,AVONDALE PARK BLVD,,,,0.00,Y,T-Intersection, ,,None,,,         ,Jackson,Smythe,,,no,no,no,no,no,False
102533931,METROPOLITAN NASHVILLE POLICE DEPT,20190743547,Davidson,Not in City Limit,10/9/2019 11:24:00 PM,1,0,0,36.268320,-86.751220,OLD HICKORY BLVDW,,,,1376.00,Feet,East,DICKERSON PKE,,,,0.00,N,Not at Intersection, ,Non-Junction,None,,,         ,Ashton,Hill,Clear,Not Collision with Motor Vehicle in Transport,no,no,no,no,no,False
102533936,METROPOLITAN NASHVILLE POLICE DEPT,20190743409,Davidson,Nashville,10/9/2019 10:20:00 PM,2,1,0,36.241940,-86.757090,DICKERSON PKE,,,,0.00,,,DICKERSON PKE ENT RAMP,,,,0.00,Y,OTHER,N,Intersection-Related,None,,,         ,Coleman,McKellar,Clear,Front to Rear,no,no,no,no,no,False
102533939,METROPOLITAN NASHVILLE POLICE DEPT,20190743293,Davidson,Not in City Limit,10/9/2019 7:09:00 PM,2,1,0,36.108210,-87.018020,OLD CHARLOTTE PKE,,,,521.00,Feet,West,SEARS RD,,,,0.00,N,Not at Intersection,N,Non-Junction,None,,,         ,Jeremy,Huffine,Clear,"Sideswipe, Opposite Direction",no,no,no,no,no,False
102533941,METROPOLITAN NASHVILLE POLICE DEPT,20190743543,Davidson,Nashville,10/9/2019 11:53:00 PM,2,3,0,36.079550,-86.720430,RECOVERY RD,,,,168.00,Feet,North,WALLACE RD,,,,0.00,N,Not at Intersection,N,Non-Junction,None,,,         ,Autumn,Manning,Clear,HeadOn,no,no,no,no,no,False
102533963,METROPOLITAN NASHVILLE POLICE DEPT,20190744014,Davidson,Nashville,10/10/2019 12:00:00 AM,1,0,0,36.154790,-86.758370,US HWY 70,,,,0.00,,,DRIFTWOOD ST,,,,0.00,Y,T-Intersection,N,Non-Junction,None,,,         ,Bradley,Pope,Clear,Not Collision with Motor Vehicle in Transport,no,no,no,no,yes,False