master_record_number,agency,agency_tracking_number,county,city,collision_date,vehicles_involved,number_injured,number_dead,latitude,longitude,roadway_name,roadway_suffix,roadway_number,roadway_local_id,distance_from_reference,miles-feet_indicator,direction_from_reference,intersection_road_name,intersection_road_name_suffix,intersection_road_number,intersection_local_id,mile_marker,intersection_indicator,intersect_type,interchange_related_indicator,relation_to_junction,work_zone_type,construction_maintenance_zone,construction_maintenance_zone_location,fatal_case_number,officer_first_name,officer_last_name,weather_condition(s),manner_of_crash,pedestrian,bicycle,scooter,parking,hitrun,mou
102533975,METROPOLITAN NASHVILLE POLICE DEPT,20190744079,Davidson,Nashville,10/10/2019 5:30:00 AM,2,0,0,36.154050,-86.757570,I 40,,,,0.00,,,,,,,211.10,N,Not at Intersection,N,Non-Junction,None,,,         ,Blake,Lutz,Clear,Angle,no,no,no,no,yes,False
102533980,METROPOLITAN NASHVILLE POLICE DEPT,20190744010,Davidson,Nashville,10/10/2019 4:30:00 AM,2,0,0,36.154230,-86.742150,FESSLERS LN,,,,35.00,Feet,South,LEBANON PKE,,,,0.00,N,Not at Intersection, ,,None,,,         ,Lynsie,Smith,,,no,no,no,no,no,False
102534004,METROPOLITAN NASHVILLE POLICE DEPT,20190742294,Davidson,Nashville,10/9/2019 1:00:00 PM,2,1,0,36.169390,-86.807250,JEFFERSON ST,,,,187.00,Feet,West,DR D B TODD JR BLVD,,,,0.00,N,Not at Intersection,N,Non-Junction,None,,,         ,Wesley,Young,Clear,Front to Rear,no,no,no,no,no,False
102534006,METROPOLITAN NASHVILLE POLICE DEPT,20190744168,Davidson,Nashville,10/10/2019 6:12:00 AM,2,0,0,36.118890,-86.726160,I 24,,,,0.00,,,,,,,53.00,N,Not at Intersection,N,Non-Junction,None,,,         ,Jose,Oliveros,Clear,"Sideswipe, Same Direction",no,no,no,no,yes,False
102534010,METROPOLITAN NASHVILLE POLICE DEPT,20190742297,Davidson,Nashville,10/9/2019 1:00:00 PM,2,0,0,36.169430,-86.806970,JEFFERSON ST,,,,102.00,Feet,West,DR D B TODD JR BLVD,,,,0.00,N,Not at Intersection, ,Non-Junction,None,,,         ,Wesley,Young,Clear,Angle,no,no,no,no,no,False
102534028,METROPOLITAN NASHVILLE POLICE DEPT,20190744188,Davidson,Not in City Limit,10/10/2019 6:45:00 AM,1,0,0,36.303130,-86.683800,NORTHSIDE DR,,,,1437.00,Feet,East,GALLATIN PKEN,,,,0.00,N,Not at Intersection, ,Non-Junction,None,,,         ,Brandon,Bilbrey,Clear,Not Collision with Motor Vehicle in Transport,no,no,no,no,no,False
102534034,METROPOLITAN NASHVILLE POLICE DEPT,2019744259,Davidson,Nashville,10/10/2019 7:39:00 AM,1,1,0,36.157960,-86.791550,US HWY 70,,,,0.00,,,CHURCH ST,,,,0.00,Y,Four-Way,N,Intersection,None,,,         ,Nathan,Glass,Clear,Not Collision with Motor Vehicle in Transport,yes,no,no,no,yes,False
102534035,METROPOLITAN NASHVILLE POLICE DEPT,20190744191,Davidson,Nashville,10/10/2019 7:00:00 AM,3,1,0,36.119320,-86.701670,BRILEY PKWY S ENT RAMP,,,,0.00,,,BRILEY PKWY S EXT RAMP,,,,0.00,Y,Four-Way, ,Intersection-Related,None,,,         ,Tien,Nguyen,Clear,Front to Rear,no,no,no,no,no,False
102534042,METROPOLITAN NASHVILLE POLICE DEPT,20190744251,Davidson,Nashville,10/10/2019 7:32:00 AM,2,0,0,36.154510,-86.815630,CHARLOTTE AV,,,,0.00,,,26TH AVN,,,,0.00,Y,Four-Way, ,,None,,,         ,Caleb,Jernigan,,,no,no,no,no,no,False
102534060,METROPOLITAN NASHVILLE POLICE DEPT,20190744271,Davidson,Nashville,10/10/2019 7:27:00 AM,2,0,0,36.158280,-86.790900,CHURCH ST,,,,0.00,Feet,East,-- UNKNOWN RAMP/ROAD --,,,,0.00,N,Not at Intersection, ,Entrance/Exit Ramp Related,None,,,         ,Nathan,Glass,Clear,"Sideswipe, Same Direction",no,no,no,no,no,False
102534068,METROPOLITAN NASHVILLE POLICE DEPT,20190744241,Davidson,Nashville,10/10/2019 7:12:00 AM,2,1,0,36.097330,-86.706760,SPACE PARK SOUTH DR,,,,67.00,Feet,North,ANTIOCH PKE,,,,0.00,N,Not at Intersection,N,Non-Junction,None,,,         ,Ryan,Howard,Clear,Not Collision with Motor Vehicle in Transport,no,no,no,no,no,False
102534072,METROPOLITAN NASHVILLE POLICE DEPT,20190744206,Davidson,Nashville,10/10/2019 7:01:00 AM,2,0,0,36.244220,-86.780320,BRICK CHURCH PIKE,,,,0.00,,,BRICK CHURCH LN,,,,0.00,Y,T-Intersection,N,Intersection-Related,None,,,         ,Jacob,Robbins,Clear,Front to Rear,no,no,no,no,no,False
102534074,METROPOLITAN NASHVILLE POLICE DEPT,20190741008,Davidson,Nashville,10/8/2019 11:53:00 PM,1,0,0,36.129330,-86.802560,21ST AVS,,,,0.00,,,ASHWOOD AV,,,,0.00,Y,T-Intersection,N,Non-Junction,None,,,         ,Frank,Walker,Clear,Not Collision with Motor Vehicle in Transport,no,no,no,no,no,False
102534078,METROPOLITAN NASHVILLE POLICE DEPT,20190744219,Davidson,Nashville,10/10/2019 12:00:00 AM,2,0,0,36.151050,-86.750380,I 40,,,,0.00,,,,,,,211.60,N,Not at Intersection, ,,None,,,         ,Michelle,Norris,,,no,no,no,no,no,False
102534079,METROPOLITAN NASHVILLE POLICE DEPT,20190744293,Davidson,Nashville,10/10/2019 7:55:00 AM,2,0,0,36.124040,-86.780840,INVERNESS AV,,,,148.00,Feet,East,VAULX LN,,,,0.00,N,Not at Intersection, ,Non-Junction,None,,,         ,Natalia,Johnson,Clear,Angle,no,no,no,no,no,False
102534092,METROPOLITAN NASHVILLE POLICE DEPT,20190744171,Davidson,Nashville,10/10/2019 6:43:00 AM,3,0,0,36.118840,-86.726140,I 24,,,,0.00,,,,,,,53.00,N,Not at Intersection,N,Non-Junction,None,,,         ,Charles,Wakefield,Clear,Front to Rear,no,no,no,no,no,False
102534093,METROPOLITAN NASHVILLE POLICE DEPT,20190744331,Davidson,Nashville,10/10/2019 8:10:00 AM,2,0,0,36.175060,-86.784500,JEFFERSON ST,,,,56.00,Feet,East,3RD AVN,,,,0.00,N,Not at Intersection,N,Non-Junction,None,,,         ,Wesley,Young,Clear,"Sideswipe, Same Direction",no,no,no,no,no,False
102534094,METROPOLITAN NASHVILLE POLICE DEPT,20190744378,Davidson,Nashville,10/10/2019 8:35:00 AM,1,0,0,36.146440,-86.795130,18TH AVE S,,,,500.00,Feet,South,GRAND AVE,,,,0.00,N,Not at Intersection, ,Non-Junction,None,,,         ,Nathan,Glass,Clear,Not Collision with Motor Vehicle in Transport,no,no,no,yes,no,Campus
102534104,METROPOLITAN NASHVILLE POLICE DEPT,20190744476,Davidson,Nashville,10/10/2019 9:15:00 AM,2,2,0,36.045480,-86.647290,CROSSINGS BLVD,,,,0.00,,,MT VIEW RD,,,,0.00,Y,T-Intersection,Y,Intersection,None,,,         ,Thomas,White,Clear,Angle,no,no,no,no,no,False
102534108,METROPOLITAN NASHVILLE POLICE DEPT,20190744451,Davidson,Nashville,10/10/2019 9:13:00 AM,2,0,0,36.125600,-86.713130,EAST THOMPSON LN,,,,158.00,Feet,East,LAWNDALE DR,,,,0.00,N,Not at Intersection,N,Non-Junction,None,,,         ,Charles,Wakefield,Clear,Front to Rear,no,no,no,yes,yes,False
102534111,METROPOLITAN NASHVILLE POLICE DEPT,20190744521,Davidson,Nashville,10/10/2019 9:50:00 AM,2,0,0,36.042900,-86.744120,EDMONDSON PKE,,,,150.00,Feet,South,DERBY TRC,,,,0.00,N,Not at Intersection, ,Non-Junction,None,,,         ,Earl,Davis,Cloudy,Front to Rear,no,no,no,no,no,False
102534112,METROPOLITAN NASHVILLE POLICE DEPT,2019 0744436,Davidson,Nashville,10/10/2019 8:40:00 AM,2,0,0,36.142190,-86.822950,I 440,,,,0.00,,,,,,,0.10,N,Not at Intersection, ,,Construction Zone,,,         ,Paul,Junkmann,,,no,no,no,no,no,False
102534122,METROPOLITAN NASHVILLE POLICE DEPT,20190744315,Davidson,Nashville,10/10/2019 7:45:00 AM,3,0,0,36.132650,-86.727160,I 24,,,,0.00,,,,,,,52.00,N,Not at Intersection,N,Non-Junction,None,,,         ,Todd,Watson,Clear,Front to Rear,no,no,no,no,no,False
102534126,METROPOLITAN NASHVILLE POLICE DEPT,20190744299,Davidson,Not in City Limit,10/10/2019 8:01:00 AM,2,0,0,36.315960,-86.833930,I 24,,,,0.00,,,,,,,37.10,N,Not at Intersection,N,Non-Junction,None,,,         ,Jeanine,Sarno,Clear,"Sideswipe, Same Direction",no,no,no,no,no,False
102534134,METROPOLITAN NASHVILLE POLICE DEPT,20190744519,Davidson,Nashville,10/10/2019 12:00:00 AM,1,0,0,36.066170,-86.644360,RURAL HILL RD,,,,514.00,Feet,North,EVANFIELD CT,,,,0.00,N,Not at Intersection,N,Non-Junction,None,,,         ,Honorio,Canchola,Unknown,Not Collision with Motor Vehicle in Transport,no,no,no,no,yes,False
102534142,METROPOLITAN NASHVILLE POLICE DEPT,20190744551,Davidson,Not in City Limit,10/10/2019 9:40:00 AM,2,0,0,36.275580,-86.691490,MYATT DR,,,,0.00,,,,,,,0.00,,,N,Non-Junction,None,,,         ,Blake,McKay,Clear,Rear to Rear,no,no,no,yes,yes,False
102534143,METROPOLITAN NASHVILLE POLICE DEPT,2019 0744633,Davidson,Nashville,10/10/2019 9:22:00 AM,2,0,0,36.122340,-86.807220,I440 E EXT RAMP,,,,0.00,Feet,East,I 440,,,,0.00,N,Not at Intersection, ,,None,,,         ,Paul,Junkmann,,,no,no,no,no,no,False
102534165,METROPOLITAN NASHVILLE POLICE DEPT,20190744146,Davidson,Nashville,10/10/2019 6:24:00 AM,4,2,0,36.070410,-86.634560,MURFREESBORO PKE,,,,716.00,Feet,South,BELL RD,,,,0.00,N,Not at Intersection,N,Non-Junction,None,,,         ,Nicholas,Carter,Clear,Front to Rear,no,no,no,no,no,False
102534176,METROPOLITAN NASHVILLE POLICE DEPT,2019-0744694,Davidson,Nashville,10/10/2019 11:17:00 AM,2,1,0,36.045610,-86.710760,OLD HICKORY BLVD,,,,744.00,Feet,East,NOLENSVILLE PKE,,,,0.00,N,Not at Intersection,N,Non-Junction,None,,,         ,Stanley,Collins,Clear,Angle,no,no,no,no,no,False
102534177,METROPOLITAN NASHVILLE POLICE DEPT,20190744778,Davidson,Nashville,10/10/2019 12:00:00 PM,3,0,0,36.067850,-86.660780,NEWLODGE CT,,,,120.00,Feet,South,STREAMFIELD PASS,,,,0.00,N,Not at Intersection, ,Non-Junction,None,,,         ,Jason,Kedzierski,Clear,Angle,no,no,no,no,no,False
102534186,Metro Park Police,19-0744574,Davidson,Nashville,10/10/2019 12:00:00 AM,1,0,0,36.107180,-86.629800,NED SHELTON RD,,,,0.00,,,BELL RD,,,,0.00,Y,OTHER,N,Non-Junction,None,,,         ,Darrell,Howse,Unknown,Unknown,no,no,no,no,yes,False
102534190,METROPOLITAN NASHVILLE POLICE DEPT,20190744697,Davidson,Nashville,10/10/2019 11:07:00 AM,2,0,0,36.247960,-86.756840,US HWY 31W,,,,616.00,Feet,South,OLD DUE WEST AVE,,,,0.00,N,Not at Intersection, ,"Driveway, Alley Access, etc",None,,,         ,Jacob,Robbins,Clear,"Sideswipe, Same Direction",no,no,no,no,no,False
102534199,METROPOLITAN NASHVILLE POLICE DEPT,2019 0744794,Davidson,Nashville,10/10/2019 9:45:00 AM,2,0,0,36.151840,-86.834680,SYLVAN HEIGHTS WAY,,,,226.00,Feet,South,CHARLOTTE AV,,,,0.00,N,Not at Intersection, ,Non-Junction,None,,,         ,Paul,Junkmann,Cloudy,Angle,no,no,no,no,no,False
102534200,BERRY HILL POLICE DEPT,19-4291,Davidson,Nashville,10/10/2019 10:50:00 AM,2,1,0,36.112330,-86.767020,THOMPSON LN,,,,0.00,,,BRANSFORD AV,,,,0.00,Y,Four-Way,N,Intersection,None,,,         ,Larry,Carter,Cloudy,Front to Rear,no,no,no,no,no,False
102534202,METROPOLITAN NASHVILLE POLICE DEPT,20190744666,Davidson,Nashville,10/10/2019 10:40:00 AM,2,0,0,36.163810,-86.762670,I 24,,,,0.00,,,,,,,49.20,N,Not at Intersection, ,Non-Junction,None,,,         ,Frank,Campbell,Clear,Front to Rear,no,no,no,no,no,False
102534205,METROPOLITAN NASHVILLE POLICE DEPT,20190744655,Davidson,Nashville,10/10/2019 10:50:00 AM,3,2,0,36.166840,-86.765080,I 24,,,,0.00,,,,,,,48.90,N,Not at Intersection,N,Non-Junction,None,,,         ,Destiny,Zunic,Clear,Front to Rear,no,no,no,no,no,False
102534206,METROPOLITAN NASHVILLE POLICE DEPT,20190744777,Davidson,Nashville,10/10/2019 11:50:00 AM,2,0,0,36.047200,-86.656390,BELL RD,,,,183.00,Feet,West,HICKORY HOLLOW PKWY,,,,0.00,N,Not at Intersection, ,Non-Junction,None,,,         ,Melissa,Lomax,Clear,"Sideswipe, Same Direction",no,no,no,no,no,False
102534207,METROPOLITAN NASHVILLE POLICE DEPT,20190744812,Davidson,Nashville,10/10/2019 12:21:00 PM,3,2,0,36.111020,-86.753670,THOMPSON LN,,,,40.00,Feet,West,FOSTER CREIGHTON DR,,,,0.00,N,Not at Intersection,N,Non-Junction,None,,,         ,Justin,Pinkelton,Clear,Front to Rear,no,no,no,no,yes,False
102534229,METROPOLITAN NASHVILLE POLICE DEPT,20190744853,Davidson,Nashville,10/10/2019 12:46:00 PM,2,0,0,36.107740,-86.765410,POWELL AV,,,,506.00,Feet,North,POWELL PL,,,,0.00,N,Not at Intersection, ,Non-Junction,None,,,         ,Justin,Pinkelton,Clear,Front to Rear,no,no,no,no,no,False
102534249,METROPOLITAN NASHVILLE POLICE DEPT,20190744750,Davidson,Nashville,10/10/2019 11:46:00 AM,2,1,0,36.172490,-86.874180,CENTENNIAL BLVD,,,,115.00,Feet,North,TDOT PVTDR,,,,0.00,N,Not at Intersection,N,Non-Junction,None,,,         ,Roger,Luther,Clear,Angle,no,no,no,no,no,False
102534273,METROPOLITAN NASHVILLE POLICE DEPT,20190744792,Davidson,Nashville,10/10/2019 12:00:00 PM,2,1,0,36.222810,-86.725820,GREENLAND AV,,,,0.00,,,GALLATIN PKE,,,,0.00,Y,T-Intersection,N,Intersection,None,,,         ,Russell,Freeman,Cloudy,Angle,no,no,no,no,no,False
102534274,METROPOLITAN NASHVILLE POLICE DEPT,20190744921,Davidson,Nashville,10/10/2019 1:28:00 PM,2,0,0,36.141580,-86.715070,I 40,,,,0.00,,,,,,,213.90,N,Not at Intersection,N,Non-Junction,None,,,         ,Tien,Nguyen,Clear,"Sideswipe, Same Direction",no,no,no,no,yes,False
102534286,METROPOLITAN NASHVILLE POLICE DEPT,20190744703,Davidson,Nashville,10/10/2019 11:18:00 AM,2,0,0,36.174400,-86.774190,OLDHAM ST,,,,0.00,,,N 1ST ST,,,,0.00,Y,OTHER, ,Non-Junction,None,,,         ,Michael,Douglas,Cloudy,Front to Rear,no,no,no,yes,no,False
102534288,METROPOLITAN NASHVILLE POLICE DEPT,20190744915,Davidson,Nashville,10/10/2019 1:25:00 PM,2,1,0,36.165020,-86.764970,I24 E ENT RAMP,,,,0.00,Feet,East,I 24,,,,0.00,N,Not at Intersection,N,Non-Junction,None,,,         ,Tony,Folad,Cloudy,Front to Rear,no,no,no,no,no,False
102534291,BERRY HILL POLICE DEPT,19-4292,Davidson,Berry Hill,10/10/2019 12:00:00 AM,2,0,0,36.124780,-86.770680,MCKEAND AV,,,,0.00,,,,,,,0.00,,, ,Non-Junction,None,,,         ,John,Gleixner,Cloudy,Unknown,no,no,no,yes,yes,False
102534295,METROPOLITAN NASHVILLE POLICE DEPT,20190744838,Davidson,Nashville,10/10/2019 12:17:00 PM,2,0,0,36.126360,-86.730490,I440 W ENT RAMP,,,,0.00,Feet,East,I 440,,,,0.00,N,Not at Intersection,N,Entrance/Exit Ramp Related,Construction Zone,Laneclosure,Advanced Warning Area,         ,Todd,Watson,Clear,"Sideswipe, Same Direction",no,no,no,no,no,False
102534328,METROPOLITAN NASHVILLE POLICE DEPT,20190743351,Davidson,Not in City Limit,10/9/2019 9:33:00 PM,1,0,0,36.077340,-87.010200,I 40,,,,0.00,,,,,,,193.10,N,Not at Intersection, ,Non-Junction,Maintenance Zone,,,         ,Edward,Starke,Clear,Not Collision with Motor Vehicle in Transport,no,no,no,no,no,False
102534345,METROPOLITAN NASHVILLE POLICE DEPT,20190745107,Davidson,Nashville,10/10/2019 3:20:00 PM,2,0,0,36.069590,-86.693910,HAYWOOD LN,,,,0.00,Feet,,EZELL RD,,,,0.00,Y,Four-Way, ,Intersection,None,,,         ,Eric,Laury,Clear,Angle,no,no,no,no,no,False
102534355,METROPOLITAN NASHVILLE POLICE DEPT,20190745023,Davidson,Nashville,10/10/2019 2:13:00 PM,2,0,0,36.120050,-86.802660,I 440,,,,0.00,,,,,,,3.00,N,Not at Intersection,N,Non-Junction,Construction Zone,Laneclosure,Activity Area,         ,FELIKS,ABRAHAMYAN,Clear,Front to Rear,no,no,no,no,no,False
102534360,GOODLETTSVILLE POLICE DEPT,19-38033,Davidson,Goodlettsville,10/10/2019 2:53:00 PM,2,0,0,36.304000,-86.702350,RIVERGATE PKWY,,,,0.00,,,RIVERGATE MALL PVTDR,,,,0.00,Y,T-Intersection, ,Non-Junction,None,,,         ,Charles,Hauskin,Clear,"Sideswipe, Same Direction",no,no,no,no,no,False
102534362,METROPOLITAN NASHVILLE POLICE DEPT,20190745027,Davidson,Antioch,10/10/2019 12:51:00 PM,2,0,0,36.017410,-86.607300,CORPORATE PL,,,,0.00,,,HEIL QUAKER BLVD,,,,0.00,Y,Four-Way, ,Intersection,None,,,         ,Patrick,Martin,Cloudy,Angle,no,no,no,no,no,False
102534369,METROPOLITAN NASHVILLE POLICE DEPT,20190745112,Davidson,Nashville,10/10/2019 12:00:00 AM,2,1,0,36.136240,-86.726740,I 24,,,,0.00,,,,,,,52.25,N,Not at Intersection,N,Non-Junction,None,,,         ,Ryan,Sherry,Clear,Front to Rear,no,no,no,no,no,False
102534373,Nashville Airport Police,2019-04287,Davidson,Nashville,10/7/2019 7:30:00 PM,2,0,0,36.130540,-86.667850,TERMINAL DR,,,,2030.00,Feet,South,I40 E EXT RAMP,,,,0.00,N,Not at Intersection, ,,None,,,         ,Christopher,Swisher,,,no,no,no,no,no,False
102534392,METROPOLITAN NASHVILLE POLICE DEPT,20190745160,Davidson,Nashville,10/10/2019 3:20:00 PM,3,1,0,36.131120,-86.773730,I 65,,,,0.00,,,,,,,81.15,N,Not at Intersection, ,Entrance/Exit Ramp Related,None,,,         ,Heather,Fox,Clear,Front to Rear,no,no,no,no,no,False
102534395,METROPOLITAN NASHVILLE POLICE DEPT,20190745171,Davidson,Nashville,10/10/2019 4:02:00 PM,1,1,0,36.101870,-86.883940,BROOK HOLLOW RD,,,,324.00,Feet,South,CHURCHILL CT,,,,0.00,N,Not at Intersection, ,Non-Junction,None,,,         ,Jeremy,Huffine,Clear,Not Collision with Motor Vehicle in Transport,no,no,no,no,no,False
102534398,METROPOLITAN NASHVILLE POLICE DEPT,20190745164,Davidson,Nashville,10/10/2019 3:59:00 PM,2,0,0,36.248020,-86.720540,DUE WEST AVW,,,,60.00,Feet,West,GALLATIN PKES,,,,0.00,N,Not at Intersection, ,,None,,,         ,Christopher,Littles,,,no,no,no,no,no,False
102534399,METROPOLITAN NASHVILLE POLICE DEPT,20190745204,Davidson,Nashville,10/10/2019 4:19:00 PM,3,2,0,36.239710,-86.773390,BRILEY PKWYE,,,,888.00,Feet,West,SPEARS RD,,,,0.00,N,Not at Intersection,N,Non-Junction,None,,,         ,Christopher,Littles,Clear,Front to Rear,no,no,no,no,yes,False
102534400,METROPOLITAN NASHVILLE POLICE DEPT,20190745012,Davidson,Nashville,10/10/2019 2:37:00 PM,2,0,0,36.130080,-86.714020,MILLWOOD DR,,,,294.00,Feet,North,MURFREESBORO PKE,,,,0.00,N,Not at Intersection, ,Non-Junction,None,,,         ,Brady,Reynolds,Clear,Angle,no,no,no,no,no,False
102534404,BERRY HILL POLICE DEPT,19-4295,Davidson,Berry Hill,10/10/2019 12:00:00 AM,2,0,0,36.112530,-86.767390,THOMPSON LN,,,,0.00,,,,,,,0.00,,, ,Non-Junction,None,,,         ,John,Gleixner,Cloudy,Front to Rear,no,no,no,yes,no,False
102534409,METROPOLITAN NASHVILLE POLICE DEPT,20190745207,Davidson,Nashville,10/10/2019 4:16:00 PM,2,0,0,36.084090,-86.764050,I65 S EXT RAMP,,,,0.00,Feet,East,I 65,,,,0.00,N,Not at Intersection, ,,None,,,         ,Citlaly,Juarez,,,no,no,no,no,no,False
102534412,METROPOLITAN NASHVILLE POLICE DEPT,20190745179,Davidson,Nashville,10/10/2019 2:58:00 PM,2,0,0,36.155650,-86.789720,14TH AVS,,,,0.00,,,BROADWAY,,,,0.00,Y,Four-Way, ,Intersection,None,,,         ,John,Chambers,Cloudy,Angle,no,no,no,no,no,False
102534414,METROPOLITAN NASHVILLE POLICE DEPT,20190745299,Davidson,Nashville,10/10/2019 4:45:00 PM,2,0,0,36.145990,-86.741710,I 40,,,,0.00,,,,,,,212.20,N,Not at Intersection, ,Non-Junction,None,,,         ,Jason,Milyaro Lucas,Clear,Front to Rear,no,no,no,no,no,False
102534427,METROPOLITAN NASHVILLE POLICE DEPT,20190745209,Davidson,Nashville,10/10/2019 4:21:00 PM,2,1,0,36.244540,-86.760420,SKYLINE COMMONS PVTDR,,,,0.00,Feet,East,DOVERSIDE DR,,,,0.00,N,Not at Intersection,N,Non-Junction,None,,,         ,Bradley,Fort,Clear,Angle,no,no,no,no,no,False
102534429,METROPOLITAN NASHVILLE POLICE DEPT,20190745223,Davidson,Nashville,10/10/2019 4:20:00 PM,2,0,0,36.251260,-86.719530,MOVING CENTER CT,,,,363.00,Feet,West,US HWY 31E,,,,0.00,N,Not at Intersection,N,Non-Junction,None,,,         ,Brian,DeMarce,Clear,Angle,no,no,no,yes,no,False
102534436,METROPOLITAN NASHVILLE POLICE DEPT,20190745309,Davidson,Nashville,10/10/2019 4:35:00 PM,2,0,0,36.135890,-86.775420,I65 N ENT RAMP,,,,0.00,Feet,East,I 65,,,,0.00,N,Not at Intersection, ,,None,,,         ,Heather,Fox,,,no,no,no,no,no,False
102534441,METROPOLITAN NASHVILLE POLICE DEPT,20190745217,Davidson,Nashville,10/10/2019 12:00:00 AM,1,0,0,36.176040,-86.800650,I65 N ENT RAMP,,,,0.00,Feet,East,I 65,,,,0.00,N,Not at Intersection,N,Non-Junction,None,,,         ,Denarius,Lawson,Cloudy,Unknown,no,no,no,no,yes,False
102534444,METROPOLITAN NASHVILLE POLICE DEPT,20190745230,Davidson,Nashville,10/10/2019 3:30:00 PM,2,0,0,36.126330,-86.845720,HARDING PKE,,,,92.00,Feet,West,RIDGEFIELD WAY,,,,0.00,N,Not at Intersection, ,,None,,,         ,Justin,Coyle,,,no,no,no,no,no,False
102534457,METROPOLITAN NASHVILLE POLICE DEPT,20190745146,Davidson,Nashville,10/10/2019 3:50:00 PM,4,0,0,36.176610,-86.774580,N 1ST ST,,,,111.00,Feet,South,SPRING ST,,,,0.00,N,Not at Intersection, ,Non-Junction,None,,,         ,Brandon,O'Guin,Clear,"Sideswipe, Same Direction",no,no,no,no,no,False
102534465,METROPOLITAN NASHVILLE POLICE DEPT,20190745327,Davidson,Nashville,10/10/2019 4:02:00 PM,2,0,0,36.125100,-86.813700,I 440,,,,0.00,,,,,,,2.40,N,Not at Intersection, ,Non-Junction,None,,,         ,Edward,Starke,Clear,Front to Rear,no,no,no,no,no,False
102534470,METROPOLITAN NASHVILLE POLICE DEPT,20190745371,Davidson,Nashville,10/10/2019 3:43:00 PM,2,0,0,36.151650,-86.791650,MUSIC SQE,,,,70.00,Feet,South,DIVISION ST,,,,0.00,N,Not at Intersection, ,Non-Junction,None,,,         ,John,Chambers,Cloudy,Angle,no,no,no,no,no,False
102534474,METROPOLITAN NASHVILLE POLICE DEPT,20190745362,Davidson,Nashville,10/10/2019 5:51:00 PM,1,0,0,36.126440,-86.729540,I440 W ENT RAMP,,,,0.00,,East,I 24,,,,0.00,N,Not at Intersection,N,Entrance/Exit Ramp Related,Construction Zone,Laneclosure,Advanced Warning Area,         ,Patrick,Martin,Clear,Not Collision with Motor Vehicle in Transport,no,no,no,no,no,False
102534511,METROPOLITAN NASHVILLE POLICE DEPT,20190745444,Davidson,Nashville,10/10/2019 6:37:00 PM,2,3,0,36.148270,-86.641520,I 40,,,,0.00,,,,,,,218.15,N,Not at Intersection,N,Non-Junction,None,,,         ,Steven,Powers,Cloudy,Front to Rear,no,no,no,no,no,False
102534512,METROPOLITAN NASHVILLE POLICE DEPT,20190745082,Davidson,Nashville,10/10/2019 2:54:00 PM,2,0,0,36.040900,-86.779380,STONE BROOK DR,,,,0.00,,,OLD HICKORY BLVD,,,,0.00,Y,Four-Way, ,Intersection,None,,,         ,Steven,Begley,Clear,Angle,no,no,no,no,no,False
102534519,METROPOLITAN NASHVILLE POLICE DEPT,20190745534,Davidson,Goodlettsville,10/10/2019 6:50:00 PM,2,0,0,36.302930,-86.691590,GALLATIN PKEN,,,,110.00,Feet,East,CONFERENCE DR,,,,0.00,N,Not at Intersection, ,,None,,,         ,Christopher,Littles,,,no,no,no,no,no,False
102534521,METROPOLITAN NASHVILLE POLICE DEPT,20190745408,Davidson,Nashville,10/10/2019 6:00:00 PM,2,1,0,36.145750,-86.664750,ROYAL PKWY,,,,552.00,Feet,East,DONELSON PKE,,,,0.00,N,Not at Intersection,N,Non-Junction,None,,,         ,Kimberly,Forsyth,Clear,Angle,no,no,no,no,no,False
102534534,METROPOLITAN NASHVILLE POLICE DEPT,20190745491,Davidson,Nashville,10/10/2019 6:45:00 PM,2,0,0,36.198450,-86.620250,STATE HWY 45,,,,3.00,Feet,North,US HWY 70,,,,0.00,N,Not at Intersection, ,,None,,,         ,Tyler,Hall,,,no,no,no,no,no,False
102534537,METROPOLITAN NASHVILLE POLICE DEPT,20190745225,Davidson,Nashville,10/10/2019 2:21:00 PM,2,0,0,36.134560,-86.819640,I440 W EXT RAMP,,,,0.00,Feet,East,I 440,,,,0.00,N,Not at Intersection, ,,Construction Zone,,,         ,Darryl,Williams,,,no,no,no,no,no,False
102534538,METROPOLITAN NASHVILLE POLICE DEPT,20190745646,Davidson,Nashville,10/10/2019 7:53:00 PM,3,0,0,36.167280,-86.779320,JAMES ROBERTSON PKWY,,,,98.00,Feet,East,3RD AVN,,,,0.00,N,Not at Intersection, ,Non-Junction,None,,,         ,Jordan,Vrbas,Clear,Front to Rear,no,no,no,no,no,False
102534544,METROPOLITAN NASHVILLE POLICE DEPT,20190745533,Davidson,Nashville,10/10/2019 7:14:00 PM,2,1,0,36.207030,-86.791620,BAPTIST WORLD CENTER DR,,,,0.00,,,US HWY 431,,,,0.00,Y,Four-Way,N,Intersection,None,,,         ,Brandon,Simpkins,Clear,"Sideswipe, Same Direction",no,no,no,no,yes,False
102534548,METROPOLITAN NASHVILLE POLICE DEPT,20190745621,Davidson,Nashville,10/10/2019 7:49:00 PM,1,0,0,36.217040,-86.692480,BRILEY PKWYN,,,,88.00,Feet,North,MCGAVOCK PKE EB EXT RAMP,,,,0.00,N,Not at Intersection, ,Non-Junction,None,,,         ,Gabriel,Vasquez,Clear,Not Collision with Motor Vehicle in Transport,no,no,no,no,no,False