master_record_number,agency,agency_tracking_number,county,city,collision_date,vehicles_involved,number_injured,number_dead,latitude,longitude,roadway_name,roadway_suffix,roadway_number,roadway_local_id,distance_from_reference,miles-feet_indicator,direction_from_reference,intersection_road_name,intersection_road_name_suffix,intersection_road_number,intersection_local_id,mile_marker,intersection_indicator,intersect_type,interchange_related_indicator,relation_to_junction,work_zone_type,construction_maintenance_zone,construction_maintenance_zone_location,fatal_case_number,officer_first_name,officer_last_name,weather_condition(s),manner_of_crash,pedestrian,bicycle,scooter,parking,hitrun,mou
102535757,METROPOLITAN NASHVILLE POLICE DEPT,20190749061,Davidson,Nashville,10/12/2019 7:20:00 AM,1,0,0,36.145650,-86.881670,THUNDERBIRD DR,,,,185.00,Feet,South,STARLINER DR,,,,0.00,N,Not at Intersection,N,Non-Junction,None,,,         ,Terrence,Bradley,Clear,Not Collision with Motor Vehicle in Transport,no,no,no,no,no,False
102535760,METROPOLITAN NASHVILLE POLICE DEPT,20190749262,Davidson,Nashville,10/12/2019 12:00:00 AM,1,0,0,36.089260,-86.637080,NASHBORO BLVD,,,,218.00,Feet,West,FAIRWAY VILLAS PVTDR,,,,0.00,N,Not at Intersection,N,Non-Junction,None,,,         ,Samuel,Fredericks,Unknown,Not Collision with Motor Vehicle in Transport,no,no,no,no,yes,False
102535773,METROPOLITAN NASHVILLE POLICE DEPT,20190749320,Davidson,Nashville,10/12/2019 9:58:00 AM,2,0,0,36.206090,-86.736780,GALLATIN PKE,,,,0.00,,,ELVIRA AV,,,,0.00,Y,T-Intersection, ,,None,,,         ,Ethan,Usherwood,,,no,no,no,no,no,False
102535775,METROPOLITAN NASHVILLE POLICE DEPT,20190749228,Davidson,Nashville,10/12/2019 12:00:00 AM,2,0,0,36.217320,-86.700170,MCGAVOCK PKE,,,,233.00,Feet,West,OUTLET CENTER DR,,,,0.00,N,Not at Intersection,N,Non-Junction,None,,,         ,Lee,Davis,Unknown,HeadOn,no,no,no,yes,yes,False
102535789,METROPOLITAN NASHVILLE POLICE DEPT,20190749286,Davidson,Nashville,10/12/2019 9:20:00 AM,2,0,0,36.210880,-86.733140,GALLATIN PKE,,,,20.00,Feet,South,GREENFIELD AV,,,,0.00,N,Not at Intersection,N,Non-Junction,None,,,         ,Miles,Posey,Clear,Rear to Side,no,no,no,yes,yes,False
102535793,METROPOLITAN NASHVILLE POLICE DEPT,20190749292,Davidson,Nashville,10/12/2019 9:33:00 AM,3,0,0,36.153290,-86.764800,I 40,,,,0.00,,,,,,,210.70,N,Not at Intersection, ,Non-Junction,None,,,         ,Bianca,Crawford,Clear,Front to Rear,no,no,no,no,no,False
102535795,METROPOLITAN NASHVILLE POLICE DEPT,20190749323,Davidson,Nashville,10/12/2019 12:00:00 AM,2,0,0,36.090420,-86.720440,ELYSIAN FIELDS RD,,,,213.00,Feet,East,DEWAIN DR,,,,0.00,N,Not at Intersection,N,Non-Junction,None,,,         ,Joseph,Simon,Unknown,HeadOn,no,no,no,no,yes,False
102535797,METROPOLITAN NASHVILLE POLICE DEPT,20190749319,Davidson,Nashville,10/12/2019 10:01:00 AM,2,0,0,36.182700,-86.748840,STRATTON AV,,,,0.00,,,GALLATIN AV,,,,0.00,Y,T-Intersection, ,Non-Junction,None,,,         ,David,Collins,Clear,"Sideswipe, Same Direction",no,no,no,no,no,False
102535799,METROPOLITAN NASHVILLE POLICE DEPT,20190749011,Davidson,Nashville,10/12/2019 6:13:00 AM,2,1,0,36.126700,-86.711090,EAST THOMPSON LN,,,,0.00,,,MURFREESBORO PKE,,,,0.00,Y,Four-Way,N,Intersection,None,,,         ,MIchael,Mihajlov,Clear,Angle,no,no,no,no,no,False
102535800,METROPOLITAN NASHVILLE POLICE DEPT,20190749277,Davidson,Nashville,10/12/2019 9:24:00 AM,2,1,0,36.214610,-86.604660,LEBANON PKE,,,,0.00,,,SHUTE LN,,,,0.00,Y,T-Intersection,N,Intersection,None,,,         ,MIchael,Mihajlov,Clear,"Sideswipe, Same Direction",no,no,no,no,no,False
102535801,METROPOLITAN NASHVILLE POLICE DEPT,20190749221,Davidson,Not in City Limit,10/12/2019 8:43:00 AM,2,0,0,36.263270,-86.713990,STATE HWY 45,,,,184.00,Feet,East,DOUGLAS ST,,,,0.00,N,Not at Intersection, ,Non-Junction,None,,,         ,Brian,Sherman,Clear,Angle,no,no,no,no,no,False
102535809,METROPOLITAN NASHVILLE POLICE DEPT,20190749345,Davidson,Nashville,10/12/2019 10:25:00 AM,1,1,0,36.058200,-86.722570,MCMURRAY DR,,,,8.00,Feet,South,TUSCULUM RD,,,,0.00,N,Not at Intersection,N,Non-Junction,None,,,         ,Gregory,Scott,Clear,Not Collision with Motor Vehicle in Transport,no,no,no,no,no,False
102535811,METROPOLITAN NASHVILLE POLICE DEPT,20190749321,Davidson,Nashville,10/12/2019 12:00:00 AM,1,0,0,36.081110,-86.717400,WELCH RD,,,,150.00,Feet,West,SHASTA DR,,,,0.00,N,Not at Intersection,N,Non-Junction,None,,,         ,James,Thomas,Clear,Not Collision with Motor Vehicle in Transport,no,no,no,no,yes,False
102535842,METROPOLITAN NASHVILLE POLICE DEPT,20190749333,Davidson,Nashville,10/12/2019 10:07:00 AM,2,0,0,36.205600,-86.776570,I 65,,,,0.00,,,,,,,87.25,N,Not at Intersection, ,Non-Junction,None,,,         ,Bonita,Blue,Clear,Front to Rear,no,no,no,no,no,False
102535844,METROPOLITAN NASHVILLE POLICE DEPT,20190749355,Davidson,Nashville,10/12/2019 9:55:00 AM,2,0,0,36.141240,-86.731550,I 40,,,,0.00,,,,,,,212.95,N,Not at Intersection, ,Non-Junction,None,,,         ,Gerry,Hutcheson,Clear,Angle,no,no,no,no,no,False
102535852,METROPOLITAN NASHVILLE POLICE DEPT,20190749425,Davidson,Nashville,10/12/2019 11:23:00 AM,2,0,0,36.185300,-86.636500,JACKSON DOWNS BLVD,,,,0.00,,,LEBANON PKE,,,,0.00,Y,T-Intersection, ,,None,,,         ,MIchael,Mihajlov,,,no,no,no,no,no,False
102535854,METROPOLITAN NASHVILLE POLICE DEPT,20190749424,Davidson,Nashville,10/12/2019 11:30:00 AM,2,1,0,36.162470,-86.760990,I 24,,,,0.00,,,,,,,49.30,N,Not at Intersection, ,Non-Junction,None,,,         ,Dillon,Hunt,Clear,Front to Rear,no,no,no,no,no,False
102535857,METROPOLITAN NASHVILLE POLICE DEPT,20190749442,Davidson,Nashville,10/12/2019 11:00:00 AM,2,0,0,36.082050,-86.761570,HARDING PL,,,,42.00,Feet,East,SIDCO DR,,,,0.00,N,Not at Intersection, ,Non-Junction,None,,,         ,Jose,Oliveros,Clear,Front to Rear,no,no,no,no,no,False
102535864,METROPOLITAN NASHVILLE POLICE DEPT,20190749461,Davidson,Nashville,10/12/2019 12:00:00 PM,2,1,0,36.177970,-86.773150,I 24,,,,0.00,,,,,,,47.85,N,Not at Intersection,N,Non-Junction,None,,,         ,Ethan,Usherwood,Clear,Front to Rear,no,no,no,no,no,False
102535865,METROPOLITAN NASHVILLE POLICE DEPT,20190749265,Davidson,Nashville,10/12/2019 9:00:00 AM,2,0,0,36.131630,-86.767650,BENTON AV,,,,66.00,Feet,West,FARRELL KEY AV,,,,0.00,N,Not at Intersection, ,Non-Junction,None,,,         ,David,Barras,Cloudy,Angle,no,no,no,no,no,False
102535906,METROPOLITAN NASHVILLE POLICE DEPT,20190749396,Davidson,Nashville,10/12/2019 11:07:00 AM,3,2,0,36.187030,-86.795540,I 65,,,,0.00,,,,,,,85.55,N,Not at Intersection,N,Non-Junction,None,,,         ,Jerica,Gladston,Clear,Front to Rear,no,no,no,no,no,False
102535908,METROPOLITAN NASHVILLE POLICE DEPT,20190749313,Davidson,Nashville,10/12/2019 9:40:00 AM,2,0,0,36.131430,-86.834320,WILSON BLVDS,,,,0.00,,,WEST END AV,,,,0.00,Y,T-Intersection,Y,Intersection,None,,,         ,Brian,Myatt,Clear,"Sideswipe, Same Direction",no,no,no,no,no,False
102535926,METROPOLITAN NASHVILLE POLICE DEPT,2019 0749496,Davidson,Nashville,10/12/2019 12:20:00 PM,3,0,0,36.049940,-86.872370,OLD HICKORY BLVD,,,,492.00,Feet,East,MIDDLEBORO CT,,,,0.00,N,Not at Intersection,N,Non-Junction,None,,,         ,Paul,Junkmann,Clear,Front to Rear,no,no,no,no,no,False
102535927,METROPOLITAN NASHVILLE POLICE DEPT,20190749433,Davidson,Nashville,10/12/2019 11:10:00 AM,2,0,0,36.201700,-86.776590,I 65,,,,0.00,,,,,,,87.00,N,Not at Intersection,N,Non-Junction,None,,,         ,Miles,Posey,Clear,Front to Rear,no,no,no,no,yes,False
102535928,METROPOLITAN NASHVILLE POLICE DEPT,20190749419,Davidson,Nashville,10/12/2019 11:00:00 AM,2,0,0,36.116050,-86.810580,HILLSBORO PKE,,,,0.00,,,HAMPTON AV,,,,0.00,Y,T-Intersection, ,Intersection-Related,None,,,         ,Natalia,Johnson,Clear,Angle,no,no,no,no,no,False
102535937,METROPOLITAN NASHVILLE POLICE DEPT,20190749534,Davidson,Not in City Limit,10/12/2019 12:57:00 PM,2,2,0,36.271090,-86.710370,ROOSEVELT AV,,,,0.00,Feet,West,GALLATIN PKEN,,,,0.00,N,Not at Intersection,Y,Non-Junction,None,,,         ,Blake,McKay,Clear,Angle,no,no,no,no,no,False
102535941,METROPOLITAN NASHVILLE POLICE DEPT,20190749544,Davidson,Not in City Limit,10/12/2019 1:08:00 PM,2,0,0,36.074720,-86.937810,HIGHWAY 70S,,,,782.00,Feet,West,COLICE JEANNE RD,,,,0.00,N,Not at Intersection,N,Non-Junction,None,,,         ,Douglas,Atwood,Clear,Front to Rear,no,no,no,no,no,False
102535948,METROPOLITAN NASHVILLE POLICE DEPT,20190749450,Davidson,Nashville,10/12/2019 11:50:00 AM,4,1,0,36.176400,-86.767430,SPRING ST ENT RAMP,,,,0.00,,,SPRING ST,,,,0.00,Y,Y-Intersection,N,Non-Junction,None,,,         ,David,Collins,Clear,Front to Rear,no,no,no,no,no,False
102535969,METROPOLITAN NASHVILLE POLICE DEPT,20190749595,Davidson,Nashville,10/12/2019 11:57:00 AM,2,0,0,36.231500,-86.758920,DICKERSON PKE,,,,81.00,Feet,North,OAK VALLEY DR,,,,0.00,N,Not at Intersection, ,Non-Junction,None,,,         ,Michael,Agee,Clear,"Sideswipe, Same Direction",no,no,no,no,no,False
102535979,METROPOLITAN NASHVILLE POLICE DEPT,20190749559,Davidson,Nashville,10/12/2019 12:30:00 PM,2,0,0,36.062070,-86.682050,I 24,,,,0.00,,,,,,,57.65,N,Not at Intersection, ,Non-Junction,None,,,         ,Honorio,Canchola,Clear,"Sideswipe, Same Direction",no,no,no,no,no,False
102535980,METROPOLITAN NASHVILLE POLICE DEPT,20190749578,Davidson,Nashville,10/12/2019 1:30:00 PM,2,1,0,36.142610,-86.815490,31ST AVE S,,,,0.00,,,US HWY 70S,,,,0.00,Y,Four-Way,N,Intersection,None,,,         ,William,Caillouette,Clear,Front to Rear,no,no,no,no,no,Campus
102535986,METROPOLITAN NASHVILLE POLICE DEPT,20190749604,Davidson,Nashville,10/12/2019 10:45:00 AM,2,0,0,36.070550,-86.633970,MURFREESBORO PKE,,,,0.00,,,,,,,0.00,,, ,Non-Junction,None,,,         ,Nelson,Hemingway,Clear,Angle,no,no,no,no,yes,False
102535991,METROPOLITAN NASHVILLE POLICE DEPT,20190749629,Davidson,Nashville,10/12/2019 2:44:00 PM,2,2,0,36.149620,-86.747480,I 40,,,,0.00,,,,,,,211.75,N,Not at Intersection,N,Non-Junction,None,,,         ,Jason,Milyaro Lucas,Clear,Front to Rear,no,no,no,no,yes,False
102535992,METROPOLITAN NASHVILLE POLICE DEPT,20190749648,Davidson,Nashville,10/12/2019 2:07:00 PM,2,0,0,36.046930,-86.647940,MT VIEW RD,,,,53.00,Feet,South,BELL FORGE LNE,,,,0.00,N,Not at Intersection, ,Non-Junction,None,,,         ,YUNUS,ADAK,Clear,Front to Rear,no,no,no,no,no,False
102535999,METROPOLITAN NASHVILLE POLICE DEPT,20190749409,Davidson,Nashville,10/12/2019 11:13:00 AM,2,0,0,36.164260,-86.819900,28TH AVN,,,,4.00,Feet,North,ALBION ST,,,,0.00,N,Not at Intersection, ,Non-Junction,None,,,         ,Jamel,Griffin,Clear,"Sideswipe, Same Direction",no,no,no,no,no,False
102536017,METROPOLITAN NASHVILLE POLICE DEPT,20190749650,Davidson,Nashville,10/12/2019 12:00:00 AM,2,0,0,36.157670,-86.781310,8TH AVS,,,,86.00,Feet,South,MCGAVOCK ST,,,,0.00,N,Not at Intersection,N,Non-Junction,None,,,         ,Trevor,Taylor,Clear,Front to Rear,no,no,no,no,no,False
102536018,METROPOLITAN NASHVILLE POLICE DEPT,20190749573,Davidson,Nashville,10/12/2019 1:26:00 PM,3,0,0,36.163730,-86.762580,I 24,,,,0.00,,,,,,,49.20,N,Not at Intersection,N,Non-Junction,None,,,         ,Floyd,Brown,Clear,Front to Rear,no,no,no,no,no,False
102536041,GOODLETTSVILLE POLICE DEPT,19-38167,Davidson,Goodlettsville,10/11/2019 4:53:00 PM,1,1,0,36.312060,-86.680050,VIETNAM VETERANS BLVDS,,,,978.00,Feet,East,VIETNAM VETERANS BLVDN,,,,0.00,N,Not at Intersection,N,Non-Junction,None,,,         ,George,Forbes,Rain,Not Collision with Motor Vehicle in Transport,no,no,no,no,no,False
102536044,METROPOLITAN NASHVILLE POLICE DEPT,20190749698,Davidson,Nashville,10/12/2019 12:00:00 AM,2,0,0,36.130640,-86.898770,CHARLOTTE PKE,,,,604.00,Feet,West,I40 W EXT RAMP,,,,0.00,N,Not at Intersection,N,Non-Junction,None,,,         ,Joel,Cottrill,Clear,Front to Rear,no,no,no,no,no,False
102536051,METROPOLITAN NASHVILLE POLICE DEPT,20190749711,Davidson,Nashville,10/12/2019 3:33:00 PM,3,0,0,36.132500,-86.726960,-- UNKNOWN RAMP/ROAD --,,,,0.00,Feet,East,I 24,,,,0.00,N,Not at Intersection,N,Non-Junction,None,,,         ,Jason,Milyaro Lucas,Clear,Front to Rear,no,no,no,no,no,False
102536055,METROPOLITAN NASHVILLE POLICE DEPT,20190749705,Davidson,Nashville,10/12/2019 2:25:00 PM,2,0,0,36.096400,-86.648960,SMITH SPRINGS RD,,,,1293.00,Feet,East,REYNOLDS RD,,,,0.00,N,Not at Intersection,N,Non-Junction,None,,,         ,Brady,Reynolds,Clear,Front to Rear,no,no,no,no,no,False
102536056,METROPOLITAN NASHVILLE POLICE DEPT,20190749625,Davidson,Nashville,10/12/2019 2:40:00 PM,4,3,0,36.079370,-86.632570,EDGE O LAKE DR,,,,0.00,,,BELL RD,,,,0.00,Y,Four-Way,N,Intersection,None,,,         ,Gabriel,Vasquez,Clear,Angle,no,no,no,no,no,False
102536059,METROPOLITAN NASHVILLE POLICE DEPT,20190749610,Davidson,Nashville,10/12/2019 1:59:00 PM,2,0,0,36.169410,-86.767860,RUSSELL ST,,,,0.00,,,INTERSTATE DR,,,,0.00,Y,OTHER,N,Non-Junction,None,,,         ,Ronald,Bright,Clear,Front to Rear,no,no,no,no,no,False
102536068,METROPOLITAN NASHVILLE POLICE DEPT,20190749826,Davidson,Nashville,10/12/2019 3:59:00 PM,2,0,0,36.151470,-86.751350,I40 W EXT RAMP,,,,0.00,Feet,East,I 40,,,,0.00,N,Not at Intersection, ,Non-Junction,None,,,         ,Steven,Powers,Clear,Front to Rear,no,no,no,no,yes,False
102536069,METROPOLITAN NASHVILLE POLICE DEPT,20190749764,Davidson,Nashville,10/12/2019 4:12:00 PM,3,1,0,36.089590,-86.688520,EZELL PKE,,,,0.00,,,HARDING PL,,,,0.00,Y,Four-Way,Y,Intersection-Related,None,,,         ,Laura,Williams,Clear,Front to Rear,no,no,no,no,no,False
102536073,METROPOLITAN NASHVILLE POLICE DEPT,20190749800,Davidson,Nashville,10/12/2019 4:05:00 PM,2,0,0,36.125460,-86.752410,NOLENSVILLE PKE,,,,155.00,Feet,South,GLENROSE AV,,,,0.00,N,Not at Intersection,N,Non-Junction,None,,,         ,Heather,Fox,Clear,"Sideswipe, Same Direction",no,no,no,no,no,False
102536074,METROPOLITAN NASHVILLE POLICE DEPT,20190749762,Davidson,Nashville,10/12/2019 4:07:00 PM,2,0,0,36.047040,-86.862960,HILLSBORO PKE,,,,115.00,Feet,South,OLD HICKORY BLVD,,,,0.00,N,Not at Intersection,N,Non-Junction,None,,,         ,Robert,Crow,Clear,Angle,no,no,no,no,no,False
102536076,METROPOLITAN NASHVILLE POLICE DEPT,20190749551,Davidson,Not in City Limit,10/12/2019 12:40:00 PM,3,0,0,36.316790,-86.834850,I 24,,,,0.00,,,,,,,36.95,N,Not at Intersection,N,Non-Junction,None,,,         ,Corey,Reed,Clear,Front to Rear,no,no,no,no,no,False
102536077,GOODLETTSVILLE POLICE DEPT,19-38286,Davidson,Goodlettsville,10/12/2019 3:10:00 PM,2,1,0,36.307870,-86.703900,RIVERGATE PKWY,,,,0.00,Feet,East,I 65,,,,0.00,N,Not at Intersection,N,Non-Junction,None,,,         ,George,Forbes,Clear,Front to Rear,no,no,no,no,no,False
102536085,METROPOLITAN NASHVILLE POLICE DEPT,20190749739,Davidson,Nashville,10/12/2019 3:44:00 PM,2,0,0,36.040960,-86.774560,OLD HICKORY BLVD,,,,326.00,Feet,West,HEALTH PARK DR,,,,0.00,N,Not at Intersection,N,Non-Junction,None,,,         ,Cynthia,Quirouette,Clear,"Sideswipe, Same Direction",no,no,no,no,no,False
102536088,METROPOLITAN NASHVILLE POLICE DEPT,20190749836,Davidson,Nashville,10/12/2019 4:55:00 PM,2,1,0,36.169910,-86.756210,SHELBY AVE,,,,8.00,Feet,West,S 8TH ST,,,,0.00,N,Not at Intersection, ,Non-Junction,None,,,         ,Chad,Connors,Clear,Angle,no,no,no,no,no,False
102536091,METROPOLITAN NASHVILLE POLICE DEPT,20190749881,Davidson,Nashville,10/12/2019 3:56:00 PM,1,0,0,36.209740,-86.622900,OLD HICKORY BLVD,,,,235.00,Feet,South,RACHELS LN,,,,0.00,N,Not at Intersection, ,Non-Junction,None,,,         ,Christian,Vanders,Clear,Not Collision with Motor Vehicle in Transport,no,no,no,no,no,False
102536093,METROPOLITAN NASHVILLE POLICE DEPT,20190749701,Davidson,Nashville,10/12/2019 3:25:00 PM,2,0,0,36.221980,-86.590520,CASCADE DR,,,,141.00,Feet,South,SHASTA DR,,,,0.00,N,Not at Intersection, ,Non-Junction,None,,,         ,Abbey,Sawl,Clear,Front to Rear,no,no,no,no,no,False
102536102,METROPOLITAN NASHVILLE POLICE DEPT,20190749709,Davidson,Nashville,10/12/2019 3:20:00 PM,2,0,0,36.149010,-86.809690,25TH AVE N,,,,0.00,,,BRANDAU PL,,,,0.00,Y,Four-Way,Y,Intersection,None,,,         ,Jarrett,Ipox,Clear,"Sideswipe, Same Direction",no,no,no,no,no,Campus
102536120,METROPOLITAN NASHVILLE POLICE DEPT,20190749956,Davidson,Nashville,10/12/2019 6:26:00 PM,2,0,0,36.069170,-86.691320,I24 E EXT RAMP,,,,0.00,Feet,East,I 24,,,,0.00,N,Not at Intersection, ,Entrance/Exit Ramp Related,None,,,         ,Devonte,Coleman,Clear,"Sideswipe, Same Direction",no,no,no,no,no,False
102536127,METROPOLITAN NASHVILLE POLICE DEPT,20190749916,Davidson,Nashville,10/12/2019 12:00:00 AM,2,3,0,36.083250,-86.725400,WELCH RD,,,,41.00,Feet,East,TRAVIS DR,,,,0.00,N,Not at Intersection,N,Non-Junction,None,,,         ,Ryan,Sherry,Clear,Angle,no,no,no,no,no,False
102536129,METROPOLITAN NASHVILLE POLICE DEPT,20190749918,Davidson,Not in City Limit,10/12/2019 5:59:00 PM,1,0,0,36.266020,-86.893460,EATONS CREEK RD,,,,1179.00,Feet,North,SEDGE HILL TRAIL,,,,0.00,N,Not at Intersection,N,Non-Junction,None,,,         ,Tyler,Geiger,Clear,Not Collision with Motor Vehicle in Transport,no,no,no,no,no,False
102536130,METROPOLITAN NASHVILLE POLICE DEPT,20190750011,Davidson,Nashville,10/12/2019 6:56:00 PM,1,1,0,36.221700,-86.761670,DICKERSON PKE,,,,0.00,,,HART LN,,,,0.00,Y,T-Intersection,Y,Intersection,None,,,         ,Chase,Harriman,Clear,Not Collision with Motor Vehicle in Transport,yes,no,no,no,yes,False
102536133,METROPOLITAN NASHVILLE POLICE DEPT,20190749795,Davidson,Nashville,10/12/2019 4:27:00 PM,2,0,0,36.158500,-86.793800,15TH AVN,,,,70.00,Feet,South,HYNES ST,,,,0.00,N,Not at Intersection,N,Non-Junction,None,,,         ,Gabriel,Hamilton,Clear,Front to Rear,no,no,no,no,yes,False
102536146,METROPOLITAN NASHVILLE POLICE DEPT,20190749862,Davidson,Nashville,10/12/2019 5:14:00 PM,2,1,0,36.098610,-86.659380,HARDING PL,,,,0.00,Feet,West,MURFREESBORO PKE,,,,0.00,N,Not at Intersection,N,Non-Junction,None,,,         ,Jedidayah,Merriweather,Clear,Angle,no,no,no,no,no,False
102536148,METROPOLITAN NASHVILLE POLICE DEPT,20190749832,Davidson,Not in City Limit,10/12/2019 4:49:00 PM,2,0,0,36.044460,-86.956230,HIGHWAY 100,,,,0.00,,,OLD HARDING PKE,,,,0.00,Y,Four-Way, ,Intersection,None,,,         ,Adam,Reese,Clear,Angle,no,no,no,no,no,False
102536149,METROPOLITAN NASHVILLE POLICE DEPT,20190749977,Davidson,Not in City Limit,10/12/2019 5:50:00 PM,2,0,0,36.107510,-86.927960,I 40,,,,0.00,,,,,,,198.90,N,Not at Intersection, ,,None,,,         ,Adam,Reese,,,no,no,no,no,no,False
102536152,METROPOLITAN NASHVILLE POLICE DEPT,20190750024,Davidson,Nashville,10/12/2019 7:02:00 PM,2,0,0,36.088820,-86.702360,I 24,,,,0.00,,,,,,,55.50,N,Not at Intersection,N,Non-Junction,None,,,         ,Taylor,Hurley,Clear,Front to Rear,no,no,no,no,yes,False
102536155,METROPOLITAN NASHVILLE POLICE DEPT,20190750005,Davidson,Nashville,10/12/2019 6:47:00 PM,3,0,0,36.083480,-86.689090,EZELL PKE,,,,15.00,Feet,North,ANTIOCH PKE,,,,0.00,N,Not at Intersection, ,Non-Junction,None,,,         ,Laura,Williams,Clear,Front to Rear,no,no,no,no,no,False
102536156,VANDERBILT UNIVERSITY POLICE,20190750082,Davidson,Nashville,10/12/2019 7:05:00 PM,1,0,0,36.144690,-86.811500,28TH AVS,,,,247.00,Feet,South,WEST END AV,,,,0.00,N,Not at Intersection, ,Non-Junction,None,,,         ,Alan,Reed,Clear,Not Collision with Motor Vehicle in Transport,no,no,no,no,no,Campus
102536158,METROPOLITAN NASHVILLE POLICE DEPT,20190749819,Davidson,Nashville,10/12/2019 12:00:00 AM,2,0,0,36.045640,-86.710480,OLD HICKORY BLVD,,,,827.00,Feet,East,NOLENSVILLE PKE,,,,0.00,N,Not at Intersection,N,Non-Junction,None,,,         ,Wesley,Carver,Clear,Angle,no,no,no,no,yes,False
102536159,METROPOLITAN NASHVILLE POLICE DEPT,20190749990,Davidson,Nashville,10/12/2019 6:31:00 PM,2,0,0,36.042450,-86.712940,MILL CREEK WHITTLEMORE GRNWY,,,,0.00,Feet,,SWISS AV,,,,0.00,Y,Four-Way,N,Intersection-Related,None,,,         ,Ian,Wilson,Clear,Front to Rear,no,no,no,no,no,False
102536167,METROPOLITAN NASHVILLE POLICE DEPT,20190749884,Davidson,Nashville,10/12/2019 5:38:00 PM,2,0,0,36.160210,-86.779080,BROADWAY,,,,0.00,,,,,,,0.00,,, ,Non-Junction,None,,,         ,Phillip,Burke,Clear,"Sideswipe, Same Direction",no,no,no,no,no,False
102536192,METROPOLITAN NASHVILLE POLICE DEPT,20190750153,Davidson,Nashville,10/12/2019 8:32:00 PM,1,1,0,36.093510,-86.652660,MURFREESBORO PKE,,,,146.00,Feet,South,OLD MURFREESBORO PKE,,,,0.00,N,Not at Intersection,N,Non-Junction,None,,,         ,Laura,Williams,Clear,Not Collision with Motor Vehicle in Transport,no,no,no,no,no,False
102536223,METROPOLITAN NASHVILLE POLICE DEPT,20190750233,Davidson,Nashville,10/12/2019 9:01:00 PM,2,0,0,36.179780,-86.795810,ROSA L PARKS BLVD,,,,383.00,Feet,North,HUME ST,,,,0.00,N,Not at Intersection, ,Non-Junction,None,,,         ,Katelin,Ehrhardt,Clear,"Sideswipe, Same Direction",no,no,no,no,yes,False
102536224,METROPOLITAN NASHVILLE POLICE DEPT,20190750201,Davidson,Nashville,10/12/2019 9:02:00 PM,1,1,0,36.188410,-86.593350,TULIP GROVE RD,,,,267.00,Feet,South,OLD LEBANON DIRT RD,,,,0.00,N,Not at Intersection,N,Non-Junction,None,,,         ,Abbey,Sawl,Clear,Not Collision with Motor Vehicle in Transport,no,no,no,no,no,False
102536240,METROPOLITAN NASHVILLE POLICE DEPT,20190750161,Davidson,Not in City Limit,10/12/2019 8:30:00 PM,1,0,0,36.077890,-86.997410,I 40,,,,0.00,,,,,,,193.80,N,Not at Intersection, ,Non-Junction,None,,,         ,Adam,Reese,Clear,Not Collision with Motor Vehicle in Transport,no,no,no,no,no,False
102536250,METROPOLITAN NASHVILLE POLICE DEPT,20190750198,Davidson,Nashville,10/12/2019 8:28:00 PM,2,0,0,36.127780,-86.712510,MURFREESBORO PKE,,,,206.00,Feet,East,PHILFRE CT,,,,0.00,N,Not at Intersection,N,Non-Junction,None,,,         ,Andrew,Brazee,Clear,"Sideswipe, Same Direction",no,no,no,no,yes,False
102536251,METROPOLITAN NASHVILLE POLICE DEPT,20190750214,Davidson,Nashville,10/12/2019 9:12:00 PM,1,1,0,36.216800,-86.692390,STATE HWY 155,,,,6.00,Feet,South,MCGAVOCK PIKE,,,,0.00,N,Not at Intersection,N,Non-Junction,None,,,         ,Jason,Milyaro Lucas,Clear,Not Collision with Motor Vehicle in Transport,no,no,no,no,no,False
102536260,METROPOLITAN NASHVILLE POLICE DEPT,20190750300,Davidson,Nashville,10/12/2019 10:10:00 PM,2,0,0,36.248550,-86.719990,GALLATIN PKES,,,,206.00,Feet,North,DUE WEST AVE,,,,0.00,N,Not at Intersection, ,Non-Junction,None,,,         ,Evan,Grace,Clear,Front to Rear,no,no,no,no,no,False
102536276,METROPOLITAN NASHVILLE POLICE DEPT,20190750192,Davidson,Nashville,10/12/2019 9:01:00 PM,2,0,0,36.160590,-86.781660,7TH AVN,,,,85.00,Feet,South,COMMERCE ST,,,,0.00,N,Not at Intersection, ,Non-Junction,None,,,         ,Phillip,Burke,Clear,Angle,no,no,no,no,no,False
102536344,METROPOLITAN NASHVILLE POLICE DEPT,20190750391,Davidson,Nashville,10/12/2019 10:17:00 PM,2,0,0,36.253630,-86.772920,WESTCHESTER DR,,,,19.00,Feet,East,MEADOW CT,,,,0.00,N,Not at Intersection, ,Non-Junction,None,,,         ,Corey,Eldridge,Clear,Front to Rear,no,no,no,no,no,False
102536346,METROPOLITAN NASHVILLE POLICE DEPT,20190750378,Davidson,Nashville,10/12/2019 11:10:00 PM,2,1,0,36.066560,-86.636650,MORRIS GENTRY BLVD,,,,0.00,,,BELL RD,,,,0.00,Y,T-Intersection,N,Intersection-Related,None,,,         ,Sarah,Cartwright,Clear,Angle,no,no,no,no,no,False