master_record_number,agency,agency_tracking_number,county,city,collision_date,vehicles_involved,number_injured,number_dead,latitude,longitude,roadway_name,roadway_suffix,roadway_number,roadway_local_id,distance_from_reference,miles-feet_indicator,direction_from_reference,intersection_road_name,intersection_road_name_suffix,intersection_road_number,intersection_local_id,mile_marker,intersection_indicator,intersect_type,interchange_related_indicator,relation_to_junction,work_zone_type,construction_maintenance_zone,construction_maintenance_zone_location,fatal_case_number,officer_first_name,officer_last_name,weather_condition(s),manner_of_crash,pedestrian,bicycle,scooter,parking,hitrun,mou
102538187,METROPOLITAN NASHVILLE POLICE DEPT,20190755870,Davidson,Nashville,10/15/2019 8:46:00 AM,3,0,0,36.162640,-86.761440,I 24,,,,0.00,,,,,,,49.30,N,Not at Intersection, ,Non-Junction,None,,,         ,Frank,Campbell,Clear,Front to Rear,no,no,no,no,no,False
102538191,METROPOLITAN NASHVILLE POLICE DEPT,20190755814,Davidson,Nashville,10/15/2019 8:34:00 AM,2,0,0,36.095570,-86.707540,I 24,,,,0.00,,,,,,,54.95,N,Not at Intersection, ,Non-Junction,None,,,         ,Jessie,Meadows,Clear,Front to Rear,no,no,no,no,no,False
102538193,METROPOLITAN NASHVILLE POLICE DEPT,20190755845,Davidson,Nashville,10/15/2019 8:47:00 AM,3,2,0,36.176880,-86.800740,I 65,,,,0.00,,,,,,,84.80,N,Not at Intersection,N,Non-Junction,None,,,         ,Anthony,Cavis,Clear,HeadOn,no,no,no,no,no,False
102538197,METROPOLITAN NASHVILLE POLICE DEPT,20190756046,Davidson,Nashville,10/15/2019 10:28:00 AM,2,0,0,36.142100,-86.666300,I40 W EXT RAMP,,,,0.00,,,I 40,,,,0.00,Y,T-Intersection, ,Intersection,None,,,         ,Michael,Dance,Clear,Front to Rear,no,no,no,no,no,False
102538199,METROPOLITAN NASHVILLE POLICE DEPT,20190756016,Davidson,Nashville,10/15/2019 10:00:00 AM,2,1,0,36.187920,-86.798480,DOMINICAN DR,,,,0.00,,,ROSA L PARKS BLVD,,,,0.00,Y,Four-Way, ,Non-Junction,None,,,         ,Wesley,Young,Clear,Front to Rear,no,no,no,no,no,False
102538202,METROPOLITAN NASHVILLE POLICE DEPT,20190755787,Davidson,Nashville,10/15/2019 8:20:00 AM,2,0,0,36.163940,-86.782410,UNION ST,,,,28.00,Feet,West,6TH AVN,,,,0.00,N,Not at Intersection, ,Non-Junction,None,,,         ,Mark,Anderson,Clear,Front to Rear,no,no,no,no,no,False
102538208,METROPOLITAN NASHVILLE POLICE DEPT,20190756021,Davidson,Nashville,10/15/2019 10:18:00 AM,2,0,0,36.151330,-86.691670,ELM HILL PKE EB EXT RAMP,,,,0.00,,,ELM HILL PKE,,,,0.00,Y,T-Intersection,N,Entrance/Exit Ramp Related,None,,,         ,Tien,Nguyen,Clear,Angle,no,no,no,no,no,False
102538209,METROPOLITAN NASHVILLE POLICE DEPT,20190756015,Davidson,Nashville,10/15/2019 10:12:00 AM,2,0,0,36.116050,-86.810580,HILLSBORO PKE,,,,0.00,Feet,East,HAMPTON AV,,,,0.00,N,Not at Intersection, ,Non-Junction,None,,,         ,Devin,Mabry,Clear,Angle,no,no,no,no,no,False
102538229,METROPOLITAN NASHVILLE POLICE DEPT,20190753707,Davidson,Nashville,10/14/2019 1:05:00 PM,2,2,0,36.150480,-86.770350,4TH AVS,,,,0.00,,,I40 E EXT RAMP,,,,0.00,Y,Four-Way,N,Intersection,None,,,         ,David,Barras,Clear,Angle,no,no,no,no,no,False
102538231,METROPOLITAN NASHVILLE POLICE DEPT,20190756187,Davidson,Nashville,10/15/2019 11:44:00 AM,1,1,0,36.171900,-86.869320,BRILEY PKWYS,,,,127.00,Feet,South,BRILEY PKWYN,,,,0.00,N,Not at Intersection,N,Non-Junction,None,,,         ,Curtis,Rich,Clear,Not Collision with Motor Vehicle in Transport,no,no,no,no,no,False
102538251,METROPOLITAN NASHVILLE POLICE DEPT,20190756250,Davidson,Nashville,10/15/2019 12:14:00 PM,2,0,0,36.082680,-86.765110,HARDING PL,,,,0.00,,,I65 S ENT RAMP,,,,0.00,Y,Y-Intersection, ,Entrance/Exit Ramp Related,None,,,         ,Justin,Pinkelton,Clear,Front to Rear,no,no,no,no,no,False
102538272,METROPOLITAN NASHVILLE POLICE DEPT,20190756310,Davidson,Nashville,10/15/2019 12:21:00 PM,2,0,0,36.086580,-86.771970,FRANKLIN PKE,,,,0.00,,,HARDING PL,,,,0.00,Y,Four-Way, ,Intersection,None,,,         ,Justin,Pinkelton,Clear,Front to Rear,no,no,no,no,no,False
102538284,METROPOLITAN NASHVILLE POLICE DEPT,20190756333,Davidson,Nashville,10/15/2019 12:58:00 PM,2,0,0,36.165670,-86.869100,BRILEY PKWYN,,,,703.00,Feet,North,BRILEY PKWYS,,,,0.00,N,Not at Intersection,N,Non-Junction,None,,,         ,Curtis,Rich,Clear,Front to Rear,no,no,no,no,no,False
102538299,METROPOLITAN NASHVILLE POLICE DEPT,20190755863,Davidson,Nashville,10/15/2019 8:58:00 AM,2,1,0,36.174400,-86.774190,OLDHAM ST,,,,0.00,,,N 1ST ST,,,,0.00,Y,Four-Way,N,Intersection,None,,,         ,Wesley,Henderson,Clear,Angle,no,no,no,no,no,False
102538300,METROPOLITAN NASHVILLE POLICE DEPT,20190756058,Davidson,Nashville,10/15/2019 10:38:00 AM,2,0,0,36.241960,-86.757060,DICKERSON PKE ENT RAMP,,,,0.00,,,DICKERSON PKE,,,,0.00,Y,Four-Way, ,,None,,,         ,Joshua,Borum,,,no,no,no,no,no,False
102538302,TENNESSEE STATE UNIVERSITY ,19-TSU-46234,Davidson,Nashville,10/10/2019 7:40:00 AM,2,1,0,36.169680,-86.821300,W HEIMAN ST,,,,0.00,,,ED TEMPLE BLVD,,,,0.00,Y,OTHER,N,Intersection,None,,,         ,Ashley,Boleyjack,Clear,"Sideswipe, Opposite Direction",no,no,no,yes,no,False
102538304,METROPOLITAN NASHVILLE POLICE DEPT,20190756338,Davidson,Nashville,10/15/2019 11:30:00 AM,2,1,0,36.136160,-86.788700,WEDGEWOOD AVE,,,,0.00,,,12TH AVE S,,,,0.00,Y,Four-Way,Y,Intersection,None,,,         ,Nathan,Glass,Clear,Front to Rear,no,no,no,no,no,False
102538314,METROPOLITAN NASHVILLE POLICE DEPT,2019-0753804,Davidson,Nashville,10/14/2019 1:57:00 PM,2,0,0,36.039910,-86.742110,OLD HICKORY BLVD,,,,405.00,Feet,East,EDMONDSON PKE,,,,0.00,N,Not at Intersection, ,Non-Junction,None,,,         ,Sean,Williams,Clear,Angle,no,no,no,no,no,False
102538315,METROPOLITAN NASHVILLE POLICE DEPT,20190756053,Davidson,Nashville,10/15/2019 10:17:00 AM,1,0,0,36.074400,-86.744250,BLACKMAN RD,,,,291.00,Feet,West,TIMBERDALE DR,,,,0.00,N,Not at Intersection,N,Non-Junction,None,,,         ,Sean,Williams,Clear,Not Collision with Motor Vehicle in Transport,no,no,no,no,no,False
102538316,METROPOLITAN NASHVILLE POLICE DEPT,20190755935,Davidson,Nashville,10/15/2019 9:00:00 AM,2,0,0,36.082010,-86.761450,HARDING PL,,,,83.00,Feet,East,SIDCO DR,,,,0.00,N,Not at Intersection, ,Non-Junction,None,,,         ,David,Barras,Clear,"Sideswipe, Same Direction",no,no,no,no,no,False
102538336,METROPOLITAN NASHVILLE POLICE DEPT,20190756128,Davidson,Nashville,10/15/2019 11:16:00 AM,2,0,0,36.236500,-86.758080,US HWY 31W,,,,10.00,Feet,South,-- UNKNOWN RAMP/ROAD --,,,,0.00,N,Not at Intersection, ,Non-Junction,None,,,         ,Spencer,Pittman,Clear,Front to Rear,no,no,no,no,no,False
102538339,METROPOLITAN NASHVILLE POLICE DEPT,20190756262,Davidson,Nashville,10/15/2019 12:03:00 PM,2,0,0,36.163440,-86.791320,11TH AVN,,,,0.00,,,NELSON MERRY ST,,,,0.00,Y,Four-Way, ,,Work Zone,,,         ,Byron,Carter,,,no,no,no,no,no,False
102538344,METROPOLITAN NASHVILLE POLICE DEPT,20190755968,Davidson,Nashville,10/15/2019 9:43:00 AM,2,0,0,36.028380,-86.672680,BLUE HOLE RD,,,,29.00,Feet,North,PETTUS RD,,,,0.00,N,Not at Intersection, ,Non-Junction,None,,,         ,Jessie,Meadows,Clear,Front to Rear,no,no,no,no,no,False
102538345,METROPOLITAN NASHVILLE POLICE DEPT,20190888853,Davidson,Nashville,10/15/2019 11:45:00 AM,2,0,0,36.067260,-86.631430,MORRIS GENTRY BLVD,,,,75.00,Feet,West,MURFREESBORO PKE,,,,0.00,N,Not at Intersection,N,Non-Junction,None,,,         ,Jessie,Meadows,Clear,Front to Rear,no,no,no,no,no,False
102538349,METROPOLITAN NASHVILLE POLICE DEPT,2019-0756040,Davidson,Nashville,10/14/2019 11:00:00 PM,2,0,0,36.258720,-86.773240,BRICK CT,,,,233.00,Feet,North,BRICK DR,,,,0.00,N,Not at Intersection,N,Non-Junction,None,,,         ,James,Caruth,Unknown,Unknown,no,no,no,no,yes,False
102538356,METROPOLITAN NASHVILLE POLICE DEPT,20190755764,Davidson,Nashville,10/15/2019 12:00:00 AM,2,0,0,36.178270,-86.796450,DELTA AV,,,,329.00,Feet,West,HUME ST,,,,0.00,N,Not at Intersection,N,Non-Junction,None,,,         ,Garrett,Short,Unknown,Unknown,no,no,no,no,yes,False
102538357,METROPOLITAN NASHVILLE POLICE DEPT,20190756341,Davidson,Nashville,10/15/2019 10:50:00 AM,2,0,0,36.151440,-86.801990,21ST AVN,,,,0.00,,,HAYES ST,,,,0.00,Y,Four-Way,N,Intersection,None,,,         ,Brian,Murphy,Cloudy,Angle,no,no,no,no,no,Campus
102538358,METROPOLITAN NASHVILLE POLICE DEPT,20190756292,Davidson,Nashville,10/15/2019 12:15:00 PM,2,0,0,36.067170,-86.630990,MURFREESBORO PKE,,,,116.00,Feet,South,FOREST VIEW DR,,,,0.00,N,Not at Intersection, ,Non-Junction,None,,,         ,Jessie,Meadows,Clear,Front to Rear,no,no,no,no,no,False
102538377,METROPOLITAN NASHVILLE POLICE DEPT,20190756393,Davidson,Nashville,10/15/2019 1:34:00 PM,1,0,0,36.100190,-86.672330,EZELL PKE,,,,94.00,Feet,South,CITATION DR,,,,0.00,N,Not at Intersection, ,Non-Junction,None,,,         ,Jessie,Meadows,Clear,Not Collision with Motor Vehicle in Transport,no,no,no,no,no,False
102538410,METROPOLITAN NASHVILLE POLICE DEPT,20190756443,Davidson,Nashville,10/15/2019 1:45:00 PM,2,0,0,36.206270,-86.747180,DR RICHARD G ADAMS DR,,,,0.00,,,,,,,0.00,,, ,OtherLocation,None,,,         ,Russell,Freeman,Cloudy,Angle,no,no,no,yes,no,False
102538414,METROPOLITAN NASHVILLE POLICE DEPT,20190756196,Davidson,Nashville,10/15/2019 11:10:00 AM,2,0,0,36.134280,-86.774730,WEDGEWOOD AV,,,,0.00,,,I65 N ENT RAMP,,,,0.00,Y,Four-Way,Y,Entrance/Exit Ramp Related,None,,,         ,David,Barras,Clear,"Sideswipe, Same Direction",no,no,no,no,no,False
102538420,METROPOLITAN NASHVILLE POLICE DEPT,20190756479,Davidson,Nashville,10/15/2019 2:11:00 PM,2,0,0,36.152510,-86.773340,LAFAYETTE ST,,,,30.00,Feet,South,5TH AVS,,,,0.00,N,Not at Intersection, ,Non-Junction,None,,,         ,Bianca,Crawford,Clear,"Sideswipe, Opposite Direction",no,no,no,no,no,False
102538426,METROPOLITAN NASHVILLE POLICE DEPT,20190754496,Davidson,Hermitage,10/14/2019 4:09:00 PM,2,1,0,36.197520,-86.620780,LEBANON PKE,,,,142.00,Feet,North,OLD HICKORY BLVD,,,,0.00,N,Not at Intersection, ,Non-Junction,None,,,         ,Russell,Ward,Clear,Front to Rear,no,no,no,no,no,False
102538449,METROPOLITAN NASHVILLE POLICE DEPT,20190756586,Davidson,Nashville,10/15/2019 2:15:00 PM,2,0,0,36.157500,-86.818630,28TH AVN,,,,7.00,Feet,North,TORBETT ST,,,,0.00,N,Not at Intersection, ,Non-Junction,None,,,         ,Melvin,Taylor,Clear,Front to Rear,no,no,no,no,no,False
102538451,METROPOLITAN NASHVILLE POLICE DEPT,20190756511,Davidson,Nashville,10/15/2019 2:30:00 PM,2,0,0,36.215840,-86.599360,LEBANON PKE,,,,562.00,Feet,West,ANDREW JACKSON PKWY,,,,0.00,N,Not at Intersection,N,Non-Junction,None,,,         ,Thomas,Odom,Cloudy,Rear to Side,no,no,no,yes,yes,False
102538452,METROPOLITAN NASHVILLE POLICE DEPT,20190756362,Davidson,Nashville,10/15/2019 1:18:00 PM,1,0,0,36.207580,-86.584830,SHADOWLAWN CT,,,,116.00,Feet,North,SHADOWLAWN DR,,,,0.00,N,Not at Intersection, ,Non-Junction,None,,,         ,Thomas,Odom,Cloudy,Not Collision with Motor Vehicle in Transport,no,no,no,no,no,False
102538470,METROPOLITAN NASHVILLE POLICE DEPT,20190756601,Davidson,Nashville,10/15/2019 3:14:00 PM,2,0,0,36.084510,-86.704760,HARDING PL,,,,357.00,Feet,East,LINBAR DR,,,,0.00,N,Not at Intersection, ,,None,,,         ,Patrick,Martin,,,no,no,no,no,no,False
102538474,METROPOLITAN NASHVILLE POLICE DEPT,20190756579,Davidson,Nashville,10/15/2019 1:16:00 PM,2,0,0,36.184070,-86.769870,HANCOCK ST,,,,0.00,Feet,East,STOCKELL ST,,,,0.00,N,Not at Intersection,N,Non-Junction,None,,,         ,Cody,Jaworski,Clear,Angle,no,no,no,no,yes,False
102538475,METROPOLITAN NASHVILLE POLICE DEPT,20190756576,Davidson,Nashville,10/15/2019 2:45:00 PM,2,0,0,36.195000,-86.743160,CHESTER AV,,,,0.00,,,GALLATIN AV,,,,0.00,Y,T-Intersection, ,Intersection,None,,,         ,Garrett,Latham,Clear,Angle,no,no,no,no,no,False
102538477,METROPOLITAN NASHVILLE POLICE DEPT,20190756587,Davidson,Nashville,10/15/2019 3:05:00 PM,2,0,0,36.151710,-86.771190,4TH AVS,,,,34.00,Feet,South,LAFAYETTE ST,,,,0.00,N,Not at Intersection, ,Non-Junction,None,,,         ,Brandon,O'Guin,Cloudy,Front to Rear,no,no,no,no,no,False
102538486,METROPOLITAN NASHVILLE POLICE DEPT,20190756543,Davidson,Nashville,10/15/2019 2:33:00 PM,2,0,0,36.248240,-86.723590,DUE WEST AVW,,,,0.00,,,GIBSON DR,,,,0.00,Y,T-Intersection, ,Intersection,None,,,         ,Christopher,Littles,Cloudy,Front to Rear,no,no,no,no,no,False
102538487,METROPOLITAN NASHVILLE POLICE DEPT,20190756602,Davidson,Nashville,10/15/2019 1:13:00 PM,3,0,0,36.256190,-86.714390,NEELYS BEND RD,,,,0.00,,,GALLATIN PKES,,,,0.00,Y,T-Intersection, ,Intersection,None,,,         ,Christopher,Littles,Cloudy,Front to Rear,no,no,no,no,no,False
102538488,METROPOLITAN NASHVILLE POLICE DEPT,20190756674,Davidson,Nashville,10/15/2019 3:44:00 PM,1,0,0,36.249300,-86.746700,OLD DUE WEST AV,,,,628.00,Feet,East,SKYLINE MEMORIAL CT,,,,0.00,N,Not at Intersection,N,Non-Junction,None,,,         ,Christopher,Littles,Cloudy,Not Collision with Motor Vehicle in Transport,no,no,no,no,no,False
102538497,METROPOLITAN NASHVILLE POLICE DEPT,20190756473,Davidson,Nashville,10/15/2019 2:05:00 PM,2,0,0,36.229820,-86.759200,DICKERSON PKE,,,,164.00,Feet,North,BROADMOOR DR,,,,0.00,N,Not at Intersection, ,Non-Junction,None,,,         ,Mark,Anderson,Clear,Angle,no,no,no,no,no,False
102538505,METROPOLITAN NASHVILLE POLICE DEPT,2019-0751851,Davidson,Not in City Limit,10/13/2019 6:43:00 PM,2,1,0,36.302190,-86.812290,I 24,,,,0.00,,,,,,,38.65,N,Not at Intersection,N,Non-Junction,None,,,         ,John,McDonnell,Clear,Front to Rear,no,no,no,no,no,False
102538512,METROPOLITAN NASHVILLE POLICE DEPT,20190756539,Davidson,Nashville,10/15/2019 2:33:00 PM,2,1,0,36.150480,-86.770350,4TH AVS,,,,0.00,,,I40 E EXT RAMP,,,,0.00,Y,Four-Way, ,Non-Junction,None,,,         ,FELIKS,ABRAHAMYAN,Clear,Angle,no,no,no,no,no,False
102538525,METROPOLITAN NASHVILLE POLICE DEPT,20190756632,Davidson,Nashville,10/15/2019 3:24:00 PM,2,0,0,36.148660,-86.807040,24TH AVN,,,,0.00,,,ELLISTON PL,,,,0.00,Y,Four-Way, ,,None,,,         ,FELIKS,ABRAHAMYAN,,,no,no,no,no,no,Campus
102538527,VANDERBILT UNIVERSITY POLICE,20190753977,Davidson,Nashville,10/14/2019 3:20:00 PM,2,0,0,36.140080,-86.801060,PIERCE AV,,,,0.00,,,,,,,0.00,,, ,Non-Junction,None,,,         ,Edwin,Melgar,Clear,Angle,no,no,no,yes,no,Campus
102538534,METROPOLITAN NASHVILLE POLICE DEPT,20190756830,Davidson,Nashville,10/15/2019 4:37:00 PM,2,1,0,36.137560,-86.805090,24TH AVS,,,,169.00,Feet,South,BLAKEMORE AV,,,,0.00,N,Not at Intersection,N,Non-Junction,None,,,         ,Randall,Ward,Clear,Front to Rear,no,no,no,no,no,Campus
102538535,METROPOLITAN NASHVILLE POLICE DEPT,20190756516,Davidson,Nashville,10/15/2019 2:30:00 PM,1,1,0,36.160960,-86.843730,TENNESSEE AVE,,,,424.00,Feet,East,48TH AVE N,,,,0.00,N,Not at Intersection,N,Non-Junction,None,,,         ,Ty,Cummings,Clear,Not Collision with Motor Vehicle in Transport,no,no,no,yes,no,False
102538544,METROPOLITAN NASHVILLE POLICE DEPT,20190756774,Davidson,Nashville,10/15/2019 4:40:00 PM,2,2,0,36.115250,-86.791990,BATTLEFIELD DR,,,,0.00,,,GRANNY WHITE PKE,,,,0.00,Y,Four-Way,N,Intersection,None,,,         ,David,Lang,Clear,Angle,no,no,no,no,no,False
102538549,METROPOLITAN NASHVILLE POLICE DEPT,20190756853,Davidson,Nashville,10/15/2019 12:00:00 AM,2,0,0,36.045650,-86.778330,I 65,,,,0.00,,,,,,,75.15,N,Not at Intersection,N,AccelDecelLane,None,,,         ,Cynthia,Quirouette,Cloudy,Front to Rear,no,no,no,no,yes,False
102538552,METROPOLITAN NASHVILLE POLICE DEPT,20190756839,Davidson,Nashville,10/15/2019 4:35:00 PM,2,0,0,36.169250,-86.680870,LEBANON PKE,,,,291.00,Feet,West,MCGAVOCK PKE,,,,0.00,N,Not at Intersection, ,,None,,,         ,Allyson,Reis,,,no,no,no,no,no,False
102538553,METROPOLITAN NASHVILLE POLICE DEPT,20190756781,Davidson,Nashville,10/15/2019 4:41:00 PM,2,0,0,36.185990,-86.775240,I 24,,,,0.00,,,,,,,47.20,N,Not at Intersection, ,,None,,,         ,Cody,Jaworski,,,no,no,no,no,no,False
102538554,METROPOLITAN NASHVILLE POLICE DEPT,20190756563,Davidson,Not in City Limit,10/15/2019 1:46:00 PM,1,0,0,36.372660,-86.892020,WHITES CREEK PKE,,,,177.00,Feet,North,RILEY ADCOCK RD,,,,0.00,N,Not at Intersection, ,Non-Junction,None,,,         ,Janelle,Keslar,Clear,Not Collision with Motor Vehicle in Transport,no,no,no,yes,no,False
102538556,METROPOLITAN NASHVILLE POLICE DEPT,20190756716,Davidson,Nashville,10/15/2019 4:00:00 PM,2,0,0,36.125490,-86.700300,KERMIT DR,,,,6.00,Feet,West,GOODBAR DR,,,,0.00,N,Not at Intersection,N,Non-Junction,None,,,         ,Maryanne,Bartello,Clear,HeadOn,no,no,no,no,no,False
102538559,METROPOLITAN NASHVILLE POLICE DEPT,20190756857,Davidson,Nashville,10/15/2019 4:45:00 PM,2,0,0,36.145000,-86.765440,3RD AVS,,,,154.00,Feet,South,4TH AVS,,,,0.00,N,Not at Intersection, ,Non-Junction,None,,,         ,Ciarra,Rench,Clear,"Sideswipe, Same Direction",no,no,no,no,no,False
102538569,METROPOLITAN NASHVILLE POLICE DEPT,20190756749,Davidson,Not in City Limit,10/15/2019 3:31:00 PM,2,1,0,36.269260,-86.755740,OLD HICKORY BLVDW,,,,0.00,,,DICKERSON PKE,,,,0.00,Y,Four-Way, ,Intersection,None,,,         ,Christopher,Littles,Cloudy,Front to Rear,no,no,no,no,no,False
102538570,METROPOLITAN NASHVILLE POLICE DEPT,20190756855,Davidson,Nashville,10/15/2019 5:22:00 PM,3,1,0,36.240830,-86.752890,BRILEY PKWYE,,,,247.00,Feet,West,BRILEY PKWYW,,,,0.00,N,Not at Intersection,N,Entrance/Exit Ramp Related,None,,,         ,Christopher,Littles,Clear,Front to Rear,no,no,no,no,no,False
102538571,METROPOLITAN NASHVILLE POLICE DEPT,20190756843,Davidson,Nashville,10/15/2019 4:58:00 PM,2,0,0,36.239670,-86.780780,BRILEY PKWY W EXT RAMP,,,,0.00,,,BRICK CHURCH PKE,,,,0.00,Y,T-Intersection, ,Intersection,None,,,         ,Christopher,Littles,Clear,Front to Rear,no,no,no,no,no,False
102538572,METROPOLITAN NASHVILLE POLICE DEPT,20190756803,Davidson,Nashville,10/15/2019 4:47:00 PM,2,0,0,36.138690,-86.665420,STATE HWY 255,,,,0.00,,,CONNECTING ROAD,,,,0.00,Y,OTHER, ,OtherLocation,None,,,         ,Keith,Covert,Clear,Front to Rear,no,no,no,no,no,False
102538573,METROPOLITAN NASHVILLE POLICE DEPT,20190756731,Davidson,Nashville,10/15/2019 3:33:00 PM,2,0,0,36.044850,-86.668370,BELL RD,,,,0.00,,,ARBOR COMMON,,,,0.00,Y,Four-Way,N,Intersection,None,,,         ,Patrick,Martin,Clear,Angle,no,no,no,no,no,False
102538574,METROPOLITAN NASHVILLE POLICE DEPT,20190756798,Davidson,Nashville,10/15/2019 4:54:00 PM,1,0,0,36.179230,-86.758450,SMILEY ST,,,,110.00,Feet,West,N 9TH ST,,,,0.00,N,Not at Intersection, ,Non-Junction,None,,,         ,Gregory,Cenicola,Clear,Not Collision with Motor Vehicle in Transport,no,no,no,no,no,False
102538578,METROPOLITAN NASHVILLE POLICE DEPT,20190756739,Davidson,Not in City Limit,10/15/2019 3:27:00 PM,2,0,0,36.258590,-86.714630,MADISON ST,,,,125.00,Feet,West,DUVAL CT,,,,0.00,N,Not at Intersection, ,Non-Junction,None,,,         ,Kevin,Crawford,Clear,"Sideswipe, Same Direction",no,no,no,no,no,False
102538594,METROPOLITAN NASHVILLE POLICE DEPT,20190757015,Davidson,Nashville,10/15/2019 5:00:00 PM,2,0,0,36.078990,-86.695580,I 24,,,,0.00,,,,,,,56.30,N,Not at Intersection,N,Non-Junction,None,,,         ,Patrick,Martin,Clear,"Sideswipe, Same Direction",no,no,no,no,yes,False
102538596,METROPOLITAN NASHVILLE POLICE DEPT,20190756981,Davidson,Nashville,10/15/2019 3:58:00 PM,2,0,0,36.140670,-86.818490,PARK DR,,,,265.00,Feet,South,ACKLEN PARK DR,,,,0.00,N,Not at Intersection,N,Non-Junction,None,,,         ,John,Chambers,Cloudy,"Sideswipe, Opposite Direction",no,no,no,no,yes,False
102538597,METROPOLITAN NASHVILLE POLICE DEPT,20190756742,Davidson,Nashville,10/15/2019 4:03:00 PM,2,0,0,36.128320,-86.901000,I 40,,,,0.00,,,,,,,200.85,N,Not at Intersection, ,Non-Junction,None,,,         ,Jeremy,Huffine,Clear,Angle,no,no,no,no,no,False
102538598,METROPOLITAN NASHVILLE POLICE DEPT,20190756827,Davidson,Nashville,10/15/2019 5:00:00 PM,2,1,0,36.115390,-86.724750,I 24,,,,0.00,,,,,,,53.25,N,Not at Intersection,N,Non-Junction,None,,,         ,Aimee,Ortiz,Clear,Angle,no,no,no,no,yes,False
102538610,METROPOLITAN NASHVILLE POLICE DEPT,20190756820,Davidson,Not in City Limit,10/15/2019 12:00:00 AM,2,0,0,36.325920,-86.868970,WHITES CREEK PKE,,,,4.00,Feet,North,I24 W EXT RAMP,,,,0.00,N,Not at Intersection, ,Entrance/Exit Ramp Related,None,,,         ,Julie,Nabors,Clear,Front to Rear,no,no,no,no,no,False
102538618,METROPOLITAN NASHVILLE POLICE DEPT,20190756710,Davidson,Nashville,10/15/2019 4:03:00 PM,2,1,0,36.046240,-86.777380,I 65,,,,0.00,,,,,,,75.20,N,Not at Intersection,N,Non-Junction,None,,,         ,FELIKS,ABRAHAMYAN,Clear,"Sideswipe, Same Direction",no,no,no,no,no,False
102538619,BERRY HILL POLICE DEPT,19-4375,Davidson,Berry Hill,10/15/2019 12:00:00 AM,3,2,0,36.124460,-86.776500,FRANKLIN PKE,,,,197.00,Feet,South,INVERNESS AV,,,,0.00,N,Not at Intersection,N,Non-Junction,None,,,         ,John,Gleixner,Clear,Angle,no,no,no,no,no,False
102538624,METROPOLITAN NASHVILLE POLICE DEPT,20190756966,Davidson,Not in City Limit,10/15/2019 6:14:00 PM,2,1,0,36.062540,-86.943200,SAWYER BROWN RD,,,,156.00,Feet,West,OLD HARDING PKE,,,,0.00,N,Not at Intersection, ,Non-Junction,None,,,         ,Jeremy,Huffine,Clear,Front to Rear,no,no,no,no,no,False
102538626,METROPOLITAN NASHVILLE POLICE DEPT,20190756992,Davidson,Goodlettsville,10/15/2019 6:31:00 PM,2,0,0,36.295510,-86.698050,MYATT DR,,,,0.00,,,RIVERGATE BUSINESS CENTER PVTD,,,,0.00,Y,T-Intersection, ,Intersection,None,,,         ,Christopher,Littles,Clear,HeadOn,no,no,no,no,no,False
102538642,METROPOLITAN NASHVILLE POLICE DEPT,20190757053,Davidson,Nashville,10/15/2019 4:10:00 PM,3,0,0,36.117870,-86.800720,I 440,,,,0.00,,,,,,,3.20,N,Not at Intersection, ,,Construction Zone,,,         ,Citlaly,Juarez,,,no,no,no,no,no,False
102538646,METROPOLITAN NASHVILLE POLICE DEPT,20190757142,Davidson,Nashville,10/15/2019 7:31:00 PM,2,1,0,36.149260,-86.747190,I 40,,,,0.00,,,,,,,211.80,N,Not at Intersection,N,Non-Junction,None,,,         ,Samuel,Sundra,Clear,Front to Rear,no,no,no,no,no,False
102538652,METROPOLITAN NASHVILLE POLICE DEPT,20190757005,Davidson,Nashville,10/15/2019 5:35:00 PM,2,3,0,36.163530,-86.819630,I 40,,,,0.00,,,,,,,206.40,N,Not at Intersection,N,Non-Junction,None,,,         ,Janelle,Keslar,Clear,Front to Rear,no,no,no,no,yes,False
102538663,METROPOLITAN NASHVILLE POLICE DEPT,20190757117,Davidson,Nashville,10/15/2019 7:40:00 PM,2,0,0,36.117830,-86.800690,I 440,,,,0.00,,,,,,,3.20,N,Not at Intersection, ,,Construction Zone,,,         ,Citlaly,Juarez,,,no,no,no,no,no,False
102538665,METROPOLITAN NASHVILLE POLICE DEPT,20190757141,Davidson,Nashville,10/15/2019 5:31:00 PM,2,0,0,36.134240,-86.776370,I65 S ENT RAMP,,,,0.00,,,I65 S EXT RAMP,,,,0.00,Y,Four-Way, ,Intersection,None,,,         ,John,Chambers,Cloudy,Front to Rear,no,no,no,no,no,False
102538666,METROPOLITAN NASHVILLE POLICE DEPT,20190757104,Davidson,Nashville,10/15/2019 7:00:00 PM,2,0,0,36.081150,-86.758620,HARDING PL,,,,79.00,Feet,West,TROUSDALE DR,,,,0.00,N,Not at Intersection, ,Non-Junction,None,,,         ,William,King,Clear,Angle,no,no,no,no,yes,False
102538667,METROPOLITAN NASHVILLE POLICE DEPT,20190757146,Davidson,Nashville,10/15/2019 5:35:00 PM,2,0,0,36.213950,-86.764400,DICKERSON PKE,,,,0.00,,,ROCK ST,,,,0.00,Y,T-Intersection,N,Non-Junction,None,,,         ,Gregory,Cenicola,Clear,Angle,no,no,no,no,no,False