master_record_number,agency,agency_tracking_number,county,city,collision_date,vehicles_involved,number_injured,number_dead,latitude,longitude,roadway_name,roadway_suffix,roadway_number,roadway_local_id,distance_from_reference,miles-feet_indicator,direction_from_reference,intersection_road_name,intersection_road_name_suffix,intersection_road_number,intersection_local_id,mile_marker,intersection_indicator,intersect_type,interchange_related_indicator,relation_to_junction,work_zone_type,construction_maintenance_zone,construction_maintenance_zone_location,fatal_case_number,officer_first_name,officer_last_name,weather_condition(s),manner_of_crash,pedestrian,bicycle,scooter,parking,hitrun,mou
102540836,METROPOLITAN NASHVILLE POLICE DEPT,20190763575,Davidson,Nashville,10/18/2019 9:20:00 AM,1,0,0,36.050220,-86.660050,HICKORY HOLLOW MALL PVTDR PL,,,,0.00,,,,,,,0.00,,,N,Non-Junction,None,,,         ,Steven,Williams,Clear,Not Collision with Motor Vehicle in Transport,no,no,no,yes,no,False
102540837,METROPOLITAN NASHVILLE POLICE DEPT,20190763536,Davidson,Nashville,10/18/2019 8:54:00 AM,2,0,0,36.136260,-86.800930,US HWY 431,,,,142.00,Feet,South,BELCOURT AVE,,,,0.00,N,Not at Intersection, ,Non-Junction,None,,,         ,William,Caillouette,Clear,"Sideswipe, Same Direction",no,no,no,no,no,Campus
102540838,METROPOLITAN NASHVILLE POLICE DEPT,20190763510,Davidson,Old Hickory,10/18/2019 8:44:00 AM,3,1,0,36.251010,-86.645840,OLD HICKORY BLVD,,,,0.00,,,GOLF CLUB RD,,,,0.00,Y,T-Intersection,N,Intersection,None,,,         ,Michael,Brooks,Clear,Front to Rear,no,no,no,no,yes,False
102540856,VANDERBILT UNIVERSITY POLICE,190761593,Davidson,Nashville,10/17/2019 12:24:00 PM,2,0,0,36.139650,-86.804940,24TH AVS,,,,0.00,,,,,,,0.00,,, ,Non-Junction,None,,,         ,Robert,Pasinger,Clear,Angle,no,no,no,yes,yes,Campus
102540869,METROPOLITAN NASHVILLE POLICE DEPT,20190763549,Davidson,Nashville,10/18/2019 9:03:00 AM,2,0,0,36.121220,-86.803720,I 440,,,,0.00,,,,,,,2.90,N,Not at Intersection,N,Non-Junction,Construction Zone,Other,Activity Area,         ,Brent,Bauer,Clear,"Sideswipe, Same Direction",no,no,no,no,yes,False
102540877,METROPOLITAN NASHVILLE POLICE DEPT,20190763546,Davidson,Nashville,10/18/2019 9:10:00 AM,2,0,0,36.124590,-86.751970,NOLENSVILLE PKE,,,,161.00,Feet,South,ROSEDALE AV,,,,0.00,N,Not at Intersection, ,Non-Junction,None,,,         ,Jessie,Meadows,Clear,Angle,no,no,no,no,no,False
102540890,METROPOLITAN NASHVILLE POLICE DEPT,20190763585,Davidson,Nashville,10/18/2019 9:22:00 AM,1,0,0,36.059780,-86.622980,MURFREESBORO PKE,,,,1566.00,Feet,South,HAMILTON GLEN PL,,,,0.00,N,Not at Intersection, ,,None,,,         ,Jessie,Meadows,,,no,no,no,no,no,False
102540895,METROPOLITAN NASHVILLE POLICE DEPT,20190763562,Davidson,Nashville,10/18/2019 9:10:00 AM,1,0,0,36.165980,-86.805220,DR D B TODD JR BLVD,,,,88.00,Feet,North,JACKSON ST,,,,0.00,N,Not at Intersection,N,Non-Junction,None,,,         ,Brian,Mclarty,Clear,Not Collision with Motor Vehicle in Transport,no,no,no,no,yes,False
102540915,METROPOLITAN NASHVILLE POLICE DEPT,20190763701,Davidson,Nashville,10/18/2019 10:54:00 AM,1,1,0,36.106620,-86.821810,ABBOTT MARTIN RD,,,,0.00,,,CROSS CREEK RD,,,,0.00,Y,T-Intersection, ,Intersection,None,,,         ,Curtis,Rich,Clear,Not Collision with Motor Vehicle in Transport,yes,no,no,no,no,False
102540917,METROPOLITAN NASHVILLE POLICE DEPT,20190763480,Davidson,Not in City Limit,10/18/2019 8:31:00 AM,2,2,0,36.308170,-86.822010,I 24,,,,0.00,,,,,,,38.00,N,Not at Intersection,N,Non-Junction,None,,,         ,James,Wray,Clear,Front to Rear,no,no,no,no,no,False
102540921,METROPOLITAN NASHVILLE POLICE DEPT,20190763757,Davidson,Nashville,10/18/2019 9:33:00 AM,2,1,0,36.123400,-86.786410,MONTROSE AV,,,,0.00,,,10TH AVS,,,,0.00,Y,Four-Way,N,Intersection,None,,,         ,Jose,Oliveros,Clear,Angle,no,no,no,no,no,False
102540927,METROPOLITAN NASHVILLE POLICE DEPT,20190763662,Davidson,Nashville,10/18/2019 10:16:00 AM,3,2,0,36.118010,-86.800850,I 440,,,,0.00,,,,,,,3.15,N,Not at Intersection,N,Non-Junction,Construction Zone,Work On Shoulder Or Median,Activity Area,         ,Brent,Bauer,Clear,Front to Rear,no,no,no,no,no,False
102540949,METROPOLITAN NASHVILLE POLICE DEPT,20190763741,Davidson,Nashville,10/18/2019 10:38:00 AM,1,1,0,36.153410,-86.787480,I40 W EXT RAMP,,,,0.00,Feet,East,I 40,,,,0.00,N,Not at Intersection,N,Non-Junction,None,,,         ,Kyle,Eicholtz,Clear,Not Collision with Motor Vehicle in Transport,no,no,no,no,no,False
102540950,METROPOLITAN NASHVILLE POLICE DEPT,20190763702,Davidson,Nashville,10/18/2019 10:36:00 AM,2,0,0,36.151350,-86.768330,I40 E ENT RAMP,,,,0.00,,,I 40,,,,0.00,Y,Four-Way, ,Entrance/Exit Ramp Related,None,,,         ,Tien,Nguyen,Clear,Angle,no,no,no,no,no,False
102540969,METROPOLITAN NASHVILLE POLICE DEPT,2019-0761981,Davidson,Nashville,10/17/2019 5:35:00 PM,2,0,0,36.158210,-86.783680,BROADWAY,,,,92.00,Feet,West,9TH AVS,,,,0.00,N,Not at Intersection, ,,None,,,         ,Timothy,Mead,,,no,no,no,no,no,False
102540970,METROPOLITAN NASHVILLE POLICE DEPT,2019-0761933,Davidson,Nashville,10/17/2019 5:31:00 PM,2,0,0,36.154480,-86.779420,8TH AVS,,,,0.00,,,LAFAYETTE ST,,,,0.00,Y,Roundabout, ,,None,,,         ,Timothy,Mead,,,no,no,no,no,no,False
102540977,THP District 9 - Administrative,319066437,Davidson,Nashville,10/12/2019 3:56:00 PM,1,0,0,36.166040,-86.785200,7TH AVN,,,,517.00,Feet,North,CHARLOTTE AV,,,,0.00,N,Not at Intersection,N,Non-Junction,None,,,         ,Jeffrey,Buchanan,Clear,Not Collision with Motor Vehicle in Transport,no,no,no,no,no,False
102540993,METROPOLITAN NASHVILLE POLICE DEPT,20190763744,Davidson,Nashville,10/18/2019 11:12:00 AM,2,1,0,36.162390,-86.761240,I 24,,,,0.00,,,,,,,49.30,N,Not at Intersection, ,Non-Junction,None,,,         ,Destiny,Zunic,Clear,Front to Rear,no,no,no,no,no,False
102540997,METROPOLITAN NASHVILLE POLICE DEPT,20190763831,Davidson,Nashville,10/18/2019 11:24:00 AM,2,0,0,36.184420,-86.584070,CHESNEY GLEN DR,,,,316.00,Feet,South,GLENFALLS DR,,,,0.00,N,Not at Intersection, ,OtherLocation,None,,,         ,Tien,Nguyen,Clear,Not Collision with Motor Vehicle in Transport,no,no,no,no,no,False
102540999,METROPOLITAN NASHVILLE POLICE DEPT,20190763879,Davidson,Nashville,10/18/2019 12:23:00 PM,2,0,0,36.161130,-86.792840,CHARLOTTE AV,,,,54.00,Feet,West,I40 W ENT RAMP,,,,0.00,N,Not at Intersection, ,Non-Junction,None,,,         ,Kyle,Eicholtz,Clear,"Sideswipe, Same Direction",no,no,no,no,no,False
102541073,METROPOLITAN NASHVILLE POLICE DEPT,20190763840,Davidson,Nashville,10/18/2019 11:31:00 AM,2,0,0,36.144580,-86.813140,WEST END AV,,,,0.00,,,29TH AVN,,,,0.00,Y,Four-Way, ,Intersection,None,,,         ,Robert,Higgins,Clear,Front to Rear,no,no,no,no,no,Campus
102541076,METROPOLITAN NASHVILLE POLICE DEPT,20190763814,Davidson,Nashville,10/18/2019 11:55:00 AM,2,0,0,36.123810,-86.809760,I 440,,,,0.00,,,,,,,2.50,N,Not at Intersection, ,Non-Junction,Construction Zone,,,         ,Brent,Bauer,Clear,Front to Rear,no,no,no,no,no,False
102541079,GOODLETTSVILLE POLICE DEPT,19-38667,Davidson,Goodlettsville,10/15/2019 2:23:00 PM,2,2,0,36.306550,-86.698740,VIETNAM VETERANS BLVDN,,,,500.00,Feet,East,VIETNAM VETERANS BLVD NB EXT R,,,,0.00,N,Not at Intersection,Y,Entrance/Exit Ramp Related,None,,,         ,Brandon,Wright,Clear,"Sideswipe, Same Direction",no,no,no,no,no,False
102541164,METROPOLITAN NASHVILLE POLICE DEPT,20190763832,Davidson,Nashville,10/18/2019 12:00:00 AM,2,0,0,36.202350,-86.595580,SCOTTS CREEK TRL,,,,112.00,Feet,West,SCOTTS CREEK PKWY,,,,0.00,N,Not at Intersection,N,Non-Junction,None,,,         ,Tien,Nguyen,Clear,Angle,no,no,no,no,yes,False
102541247,METROPOLITAN NASHVILLE POLICE DEPT,20190763895,Davidson,Nashville,10/18/2019 10:39:00 AM,2,0,0,36.144580,-86.813140,WEST END AV,,,,0.00,,,29TH AVN,,,,0.00,Y,Four-Way,N,Intersection,None,,,         ,Robert,Higgins,Clear,"Sideswipe, Same Direction",no,no,no,no,yes,Campus
102541287,METROPOLITAN NASHVILLE POLICE DEPT,20190763980,Davidson,Nashville,10/18/2019 12:49:00 PM,2,0,0,36.140660,-86.725590,I 40,,,,0.00,,,,,,,213.35,N,Not at Intersection, ,,None,,,         ,Ralph,Harvey,,,no,no,no,no,no,False
102541289,GOODLETTSVILLE POLICE DEPT,19-39059,Davidson,Goodlettsville,10/18/2019 12:45:00 PM,2,0,0,36.303920,-86.702320,RIVERGATE PKWY,,,,32.00,Feet,South,RIVERGATE MALL PVTDR,,,,0.00,N,Not at Intersection,N,"Driveway, Alley Access, etc",None,,,         ,Brittany,Swift,Clear,Angle,no,no,no,no,yes,False
102541361,METROPOLITAN NASHVILLE POLICE DEPT,20190763909,Davidson,Nashville,10/18/2019 12:40:00 PM,2,0,0,36.193260,-86.830580,CLARKSVILLE PKE,,,,235.00,Feet,East,BUENA VISTA PKE,,,,0.00,N,Not at Intersection,N,Non-Junction,None,,,         ,Kenneth,Oneal,Clear,Angle,no,no,no,no,no,False
102541373,METROPOLITAN NASHVILLE POLICE DEPT,20190763571,Davidson,Nashville,10/18/2019 9:17:00 AM,3,0,0,36.040420,-86.751930,OLD HICKORY BLVD,,,,141.00,Feet,East,BRENTWOOD CHASE DR,,,,0.00,N,Not at Intersection, ,Non-Junction,None,,,         ,Ian,Hammond,Clear,"Sideswipe, Same Direction",no,no,no,no,no,False
102541374,METROPOLITAN NASHVILLE POLICE DEPT,20190763966,Davidson,Nashville,10/18/2019 1:15:00 PM,2,0,0,36.064670,-86.824990,ROBERT E LEE DR,,,,0.00,,,OTTER CREEK RD,,,,0.00,Y,T-Intersection,N,Intersection,None,,,         ,Ian,Hammond,Clear,Angle,no,no,no,no,no,False
102541398,METROPOLITAN NASHVILLE POLICE DEPT,20190763995,Davidson,Nashville,10/18/2019 12:33:00 PM,1,0,0,36.252640,-86.693770,RANDY RD,,,,143.00,Feet,North,NEELYS BEND RD,,,,0.00,N,Not at Intersection,N,Non-Junction,None,,,         ,Samuel,Kersten,Clear,Not Collision with Motor Vehicle in Transport,no,no,no,no,no,False
102541414,METROPOLITAN NASHVILLE POLICE DEPT,20190763855,Davidson,Nashville,10/18/2019 12:12:00 PM,2,0,0,36.206330,-86.776500,I 65,,,,0.00,,,,,,,87.30,N,Not at Intersection, ,,None,,,         ,Fabjan,Llukaj,,,no,no,no,no,no,False
102541415,METROPOLITAN NASHVILLE POLICE DEPT,20190763905,Davidson,Nashville,10/18/2019 12:35:00 PM,2,1,0,36.186870,-86.819680,CLARKSVILLE PKE,,,,323.00,Feet,West,26TH AVN,,,,0.00,N,Not at Intersection, ,Non-Junction,None,,,         ,Fabjan,Llukaj,Clear,Angle,no,no,no,no,no,False
102541416,METROPOLITAN NASHVILLE POLICE DEPT,20190764006,Davidson,Nashville,10/18/2019 1:33:00 PM,2,0,0,36.201840,-86.776840,I 65,,,,0.00,,,,,,,87.00,N,Not at Intersection, ,,None,,,         ,Fabjan,Llukaj,,,no,no,no,no,no,False
102541459,METROPOLITAN NASHVILLE POLICE DEPT,20190764043,Davidson,Nashville,10/18/2019 12:39:00 PM,2,0,0,36.155850,-86.789870,14TH AVN,,,,86.00,Feet,North,BROADWAY,,,,0.00,N,Not at Intersection, ,Non-Junction,None,,,         ,Phillip,Murphy,Clear,"Sideswipe, Same Direction",no,no,no,no,no,False
102541521,METROPOLITAN NASHVILLE POLICE DEPT,20190764090,Davidson,Nashville,10/18/2019 2:13:00 PM,2,3,0,36.142630,-86.765180,4TH AVS,,,,77.00,Feet,North,HART ST,,,,0.00,N,Not at Intersection,N,Non-Junction,None,,,         ,Jessie,Meadows,Clear,"Sideswipe, Same Direction",no,no,no,no,no,False
102541530,METROPOLITAN NASHVILLE POLICE DEPT,20190764147,Davidson,Nashville,10/18/2019 2:46:00 PM,2,0,0,36.113290,-86.772400,I 65,,,,0.00,,,,,,,80.00,N,Not at Intersection,N,Non-Junction,None,,,         ,FELIKS,ABRAHAMYAN,Clear,Front to Rear,no,no,no,no,no,False
102541607,METROPOLITAN NASHVILLE POLICE DEPT,20190763865,Davidson,Nashville,10/18/2019 10:34:00 AM,2,1,0,36.116240,-86.788710,I 440,,,,0.00,,,,,,,3.95,N,Not at Intersection,N,Non-Junction,Construction Zone,Work On Shoulder Or Median,Activity Area,         ,Phillip,Murphy,Clear,Front to Rear,no,no,no,no,no,False
102541661,METROPOLITAN NASHVILLE POLICE DEPT,20190764225,Davidson,Nashville,10/18/2019 2:10:00 PM,2,0,0,36.154950,-86.830450,I 40,,,,0.00,,,,,,,205.50,N,Not at Intersection, ,,None,,,         ,Broderick,Jones,,,no,no,no,no,no,False
102541668,METROPOLITAN NASHVILLE POLICE DEPT,20190764213,Davidson,Nashville,10/18/2019 2:21:00 PM,2,0,0,36.080420,-86.726590,NOLENSVILLE PKE,,,,307.00,Feet,North,HARDING PL,,,,0.00,N,Not at Intersection,N,OtherLocation,None,,,         ,Cynthia,Quirouette,Clear,"Sideswipe, Same Direction",no,no,no,no,yes,False
102541704,METROPOLITAN NASHVILLE POLICE DEPT,20190764169,Davidson,Nashville,10/18/2019 12:35:00 PM,2,0,0,36.166380,-86.817120,I 40,,,,0.00,,,,,,,206.65,N,Not at Intersection, ,Non-Junction,None,,,         ,Denarius,Lawson,Clear,Not Collision with Motor Vehicle in Transport,no,no,no,no,no,False
102541739,METROPOLITAN NASHVILLE POLICE DEPT,20190764368,Davidson,Nashville,10/18/2019 4:45:00 PM,2,1,0,36.148500,-86.776270,I 40,,,,0.00,,,,,,,210.00,N,Not at Intersection, ,Non-Junction,None,,,         ,FELIKS,ABRAHAMYAN,Clear,Front to Rear,no,no,no,no,no,False
102541740,METROPOLITAN NASHVILLE POLICE DEPT,20190764267,Davidson,Nashville,10/18/2019 3:54:00 PM,2,0,0,36.167960,-86.796260,I 40,,,,0.00,,,,,,,208.20,N,Not at Intersection, ,,None,,,         ,Kiana,Perry,,,no,no,no,no,no,False
102541745,METROPOLITAN NASHVILLE POLICE DEPT,20190764354,Davidson,Nashville,10/18/2019 4:35:00 PM,2,0,0,36.199380,-86.776190,I 65,,,,0.00,,,,,,,86.80,N,Not at Intersection, ,Non-Junction,None,,,         ,Jonathan,Handley,Clear,Angle,no,no,no,no,no,False
102541755,METROPOLITAN NASHVILLE POLICE DEPT,20190764160,Davidson,Nashville,10/18/2019 2:15:00 PM,2,0,0,36.212250,-86.765000,DICKERSON PKE,,,,170.00,Feet,South,GORDON TER,,,,0.00,N,Not at Intersection, ,Non-Junction,None,,,         ,Wade,Johnson,Clear,Angle,no,no,no,no,no,False
102541757,METROPOLITAN NASHVILLE POLICE DEPT,20190764188,Davidson,Nashville,10/18/2019 2:57:00 PM,2,1,0,36.103350,-86.816090,WARFIELD DR,,,,0.00,,,HILLSBORO PKE,,,,0.00,Y,Four-Way,N,Intersection,None,,,         ,Brandon,Pedigo,Clear,Angle,no,no,no,no,no,False
102541760,METROPOLITAN NASHVILLE POLICE DEPT,20190764411,Davidson,Nashville,10/18/2019 4:59:00 PM,2,0,0,36.143250,-86.685810,I 40,,,,0.00,,,,,,,215.50,N,Not at Intersection, ,Non-Junction,None,,,         ,Jason,Milyaro Lucas,Clear,Front to Rear,no,no,no,no,yes,False
102541762,METROPOLITAN NASHVILLE POLICE DEPT,20190764345,Davidson,Antioch,10/18/2019 4:00:00 PM,2,1,0,36.047840,-86.612050,MURFREESBORO PKE,,,,1284.00,Feet,North,MOUNTAIN SPRINGS RD,,,,0.00,N,Not at Intersection, ,Non-Junction,None,,,         ,Jesse,Cox,Clear,Front to Rear,no,no,no,no,no,False
102541763,METROPOLITAN NASHVILLE POLICE DEPT,20190764245,Davidson,Nashville,10/18/2019 3:48:00 PM,2,0,0,36.170360,-86.797790,I 40,,,,0.00,,,,,,,208.00,N,Not at Intersection, ,Non-Junction,None,,,         ,Brandon,Simpkins,Clear,Front to Rear,no,no,no,no,no,False
102541764,METROPOLITAN NASHVILLE POLICE DEPT,20190764261,Davidson,Nashville,10/18/2019 3:55:00 PM,3,1,0,36.142870,-86.649790,ELM HILL PKE,,,,71.00,Feet,East,MCCRORY CREEK RD,,,,0.00,N,Not at Intersection,N,Non-Junction,None,,,         ,Brady,Reynolds,Clear,Front to Rear,no,no,no,no,yes,False
102541767,METROPOLITAN NASHVILLE POLICE DEPT,20190764273,Davidson,Nashville,10/18/2019 3:48:00 PM,2,0,0,36.246110,-86.745370,I65 S EXT RAMP,,,,0.00,,,I 65,,,,0.00,Y,Y-Intersection,N,Entrance/Exit Ramp Related,None,,,         ,Christopher,Littles,Clear,Front to Rear,no,no,no,no,yes,False
102541768,METROPOLITAN NASHVILLE POLICE DEPT,20190764274,Davidson,Nashville,10/18/2019 3:55:00 PM,2,0,0,36.240540,-86.752100,I 65,,,,0.00,,,,,,,90.30,N,Not at Intersection, ,Entrance/Exit Ramp Related,None,,,         ,Christopher,Littles,Clear,Front to Rear,no,no,no,no,no,False
102541769,METROPOLITAN NASHVILLE POLICE DEPT,20190764367,Davidson,Not in City Limit,10/18/2019 3:38:00 PM,2,0,0,36.261240,-86.712530,GALLATIN PKES,,,,0.00,,,MAPLE ST,,,,0.00,Y,T-Intersection, ,,None,,,         ,Christopher,Littles,,,no,no,no,no,no,False
102541770,METROPOLITAN NASHVILLE POLICE DEPT,20190764455,Davidson,Not in City Limit,10/18/2019 5:13:00 PM,2,0,0,36.275800,-86.752230,DICKERSON PKE,,,,728.00,Feet,South,NESBITT DR,,,,0.00,N,Not at Intersection, ,Non-Junction,None,,,         ,Christopher,Littles,Clear,Front to Rear,no,no,no,no,no,False
102541771,METROPOLITAN NASHVILLE POLICE DEPT,20190764351,Davidson,Nashville,10/18/2019 3:30:00 PM,2,0,0,36.217240,-86.699170,MCGAVOCK PIKE,,,,61.00,Feet,East,RAMP,,,,0.00,N,Not at Intersection,N,Non-Junction,None,,,         ,Maryanne,Bartello,Clear,Angle,no,no,no,yes,yes,False
102541780,METROPOLITAN NASHVILLE POLICE DEPT,20190764271,Davidson,Nashville,10/18/2019 3:50:00 PM,1,0,0,36.133250,-86.926460,RIVER RD,,,,165.00,Feet,North,GOWER RD,,,,0.00,N,Not at Intersection,N,Non-Junction,None,,,         ,Ty,Cummings,Clear,Not Collision with Motor Vehicle in Transport,no,no,no,no,no,False
102541786,METROPOLITAN NASHVILLE POLICE DEPT,20190764250,Davidson,Nashville,10/18/2019 3:20:00 PM,3,0,0,36.120420,-86.802990,I 440,,,,0.00,,,,,,,3.00,N,Not at Intersection, ,Non-Junction,None,,,         ,David,Lang,Clear,Front to Rear,no,no,no,no,no,False
102541787,METROPOLITAN NASHVILLE POLICE DEPT,20190761955,Davidson,Nashville,10/17/2019 5:35:00 PM,2,0,0,36.171850,-86.769320,INTERSTATE DR,,,,175.00,Feet,North,JAMES ROBERTSON PKWY,,,,0.00,N,Not at Intersection,N,Non-Junction,None,,,         ,Brandon,O'Guin,Clear,Other,no,no,no,no,yes,False
102541792,METROPOLITAN NASHVILLE POLICE DEPT,20190764272,Davidson,Nashville,10/18/2019 4:03:00 PM,2,0,0,36.162230,-86.774360,1ST AVS,,,,0.00,,,1ST AVN,,,,0.00,Y,T-Intersection, ,,None,,,         ,Timothy,Mead,,,no,no,no,no,no,False
102541793,METROPOLITAN NASHVILLE POLICE DEPT,20190764327,Davidson,Not in City Limit,10/18/2019 4:25:00 PM,2,1,0,36.260360,-86.712860,GALLATIN PKES,,,,0.00,Feet,South,HICKORY ST,,,,0.00,N,Not at Intersection,N,Non-Junction,None,,,         ,Malik,Burriss,Clear,Angle,no,no,no,no,no,False
102541799,METROPOLITAN NASHVILLE POLICE DEPT,20190764504,Davidson,Nashville,10/18/2019 5:30:00 PM,2,0,0,36.187040,-86.631100,LEBANON PKE,,,,12.00,Feet,West,CENTRAL PKE,,,,0.00,N,Not at Intersection,N,Non-Junction,None,,,         ,Tyler,Hall,Clear,Front to Rear,no,no,no,no,yes,False
102541816,METROPOLITAN NASHVILLE POLICE DEPT,20190764415,Davidson,Nashville,10/18/2019 4:30:00 PM,2,0,0,36.163690,-86.793830,I 40,,,,0.00,,,,,,,208.55,N,Not at Intersection,N,Non-Junction,None,,,         ,Donovan,Coble,Clear,Front to Rear,no,no,no,no,no,False
102541819,METROPOLITAN NASHVILLE POLICE DEPT,20190764532,Davidson,Nashville,10/18/2019 4:22:00 PM,2,0,0,36.062980,-86.630440,HAMILTON CHURCH RD,,,,157.00,Feet,North,HAMILTON CROSSINGS,,,,0.00,N,Not at Intersection,N,Non-Junction,None,,,         ,Jesse,Cox,Clear,Rear to Rear,no,no,no,no,yes,False
102541820,METROPOLITAN NASHVILLE POLICE DEPT,20190764451,Davidson,Nashville,10/18/2019 5:29:00 PM,2,0,0,36.165310,-86.794280,I 40,,,,0.00,,,,,,,208.40,N,Not at Intersection,N,Non-Junction,None,,,         ,Jordan,Vrbas,Clear,Front to Rear,no,no,no,no,no,False
102541823,METROPOLITAN NASHVILLE POLICE DEPT,20190764471,Davidson,Nashville,10/18/2019 5:35:00 PM,2,0,0,36.154890,-86.779150,KOREAN VETERANS BLVD,,,,0.00,,,KOREAN VETERANS BLVD,,,,0.00,Y,Roundabout, ,Non-Junction,None,,,         ,Michael,Douglas,Clear,Front to Rear,no,no,no,no,yes,False
102541824,METROPOLITAN NASHVILLE POLICE DEPT,20190764483,Davidson,Not in City Limit,10/18/2019 5:40:00 PM,2,2,0,36.261240,-86.712530,GALLATIN PKES,,,,0.00,Feet,East,MAPLE ST,,,,0.00,N,Not at Intersection,N,Non-Junction,None,,,         ,Evan,Grace,Clear,Angle,no,no,no,no,no,False
102541826,METROPOLITAN NASHVILLE POLICE DEPT,20190764561,Davidson,Nashville,10/18/2019 6:20:00 PM,2,0,0,36.167200,-86.779500,JAMES ROBERTSON PKWY,,,,37.00,Feet,East,3RD AVN,,,,0.00,N,Not at Intersection, ,Non-Junction,None,,,         ,Brent,Morris,Clear,"Sideswipe, Same Direction",no,no,no,no,no,False
102541827,METROPOLITAN NASHVILLE POLICE DEPT,20190764468,Davidson,Nashville,10/18/2019 5:40:00 PM,2,0,0,36.155460,-86.770950,2ND AVS,,,,0.00,,,,,,,0.00,,, ,Intersection,None,,,         ,Phillip,Burke,Clear,"Sideswipe, Same Direction",no,no,no,no,no,False
102541828,METROPOLITAN NASHVILLE POLICE DEPT,20190764383,Davidson,Nashville,10/18/2019 4:50:00 PM,2,3,0,36.166130,-86.766030,SHELBY AV,,,,50.00,Feet,West,I24 E ENT RAMP,,,,0.00,N,Not at Intersection, ,Non-Junction,None,,,         ,Brandon,O'Guin,Clear,Front to Rear,no,no,no,no,no,False
102541840,METROPOLITAN NASHVILLE POLICE DEPT,20190764522,Davidson,Nashville,10/18/2019 5:26:00 PM,2,1,0,36.155010,-86.627110,STEWARTS FERRY PKE,,,,0.00,,,I40 E EXT RAMP,,,,0.00,Y,Four-Way,N,OtherLocation,None,,,         ,Brady,Reynolds,Clear,Front to Rear,no,no,no,no,no,False
102541861,METROPOLITAN NASHVILLE POLICE DEPT,20190764527,Davidson,Nashville,10/18/2019 5:00:00 PM,2,0,0,36.142600,-86.708130,I 40,,,,0.00,,,,,,,214.30,N,Not at Intersection,N,Non-Junction,None,,,         ,Andrew,Anoskey,Clear,Front to Rear,no,no,no,no,no,False
102541868,METROPOLITAN NASHVILLE POLICE DEPT,20190764570,Davidson,Nashville,10/18/2019 6:25:00 PM,1,0,0,36.079990,-86.724860,HARDING PL,,,,0.00,,,SEVEN MILE CREEK HARDING MALL,,,,0.00,Y,Y-Intersection, ,Intersection-Related,None,,,         ,Taylor,Hurley,Clear,Not Collision with Motor Vehicle in Transport,no,no,no,no,no,False
102541894,METROPOLITAN NASHVILLE POLICE DEPT,20190764325,Davidson,Nashville,10/18/2019 4:22:00 PM,3,0,0,36.154720,-86.759900,I 40,,,,0.00,,,,,,,211.00,N,Not at Intersection,N,Non-Junction,None,,,         ,Kimberly,Forsyth,Clear,Rear to Rear,no,no,no,no,no,False
102541895,METROPOLITAN NASHVILLE POLICE DEPT,20190764447,Davidson,Nashville,10/18/2019 4:30:00 PM,2,0,0,36.153590,-86.753370,HERMITAGE AV,,,,52.00,Feet,West,DECATUR AV,,,,0.00,N,Not at Intersection, ,,None,,,         ,Kimberly,Forsyth,,,no,no,no,no,no,False
102541896,METROPOLITAN NASHVILLE POLICE DEPT,20190764576,Davidson,Nashville,10/18/2019 4:40:00 PM,2,0,0,36.218410,-86.837060,CLARKSVILLE PKE,,,,34.00,Feet,South,KINGS LN,,,,0.00,N,Not at Intersection,N,Non-Junction,None,,,         ,Peter,Kinsey,Clear,Front to Rear,no,no,no,no,yes,False
102541900,METROPOLITAN NASHVILLE POLICE DEPT,20190764711,Davidson,Nashville,10/18/2019 5:30:00 PM,2,1,0,36.053470,-86.714970,NOLENSVILLE PKE,,,,70.00,Feet,South,BREWER DR,,,,0.00,N,Not at Intersection,N,Non-Junction,None,,,         ,Jesse,Cox,Clear,Front to Rear,no,no,no,no,no,False
102541903,METROPOLITAN NASHVILLE POLICE DEPT,20190764705,Davidson,Nashville,10/18/2019 7:10:00 PM,2,0,0,36.112460,-86.929420,CHARLOTTE PKE,,,,81.00,Feet,East,SAWYER BROWN RD,,,,0.00,N,Not at Intersection,N,Non-Junction,None,,,         ,Ty,Cummings,Clear,Front to Rear,no,no,no,no,no,False
102541908,METROPOLITAN NASHVILLE POLICE DEPT,20190764631,Davidson,Not in City Limit,10/18/2019 6:45:00 PM,2,0,0,36.035410,-86.968170,HIGHWAY 100,,,,1.00,Feet,West,PASQUO RD,,,,0.00,N,Not at Intersection, ,,None,,,         ,William,Vanbergen,,,no,no,no,no,no,False
102541909,METROPOLITAN NASHVILLE POLICE DEPT,20190764701,Davidson,Nashville,10/18/2019 7:30:00 PM,1,0,0,36.158730,-86.787740,11TH AVN,,,,76.00,Feet,North,GRUNDY ST,,,,0.00,N,Not at Intersection,N,Non-Junction,None,,,         ,Jordan,Vrbas,Clear,Not Collision with Motor Vehicle in Transport,no,no,no,no,no,False
102541913,METROPOLITAN NASHVILLE POLICE DEPT,20190764448,Davidson,Nashville,10/18/2019 5:25:00 PM,2,0,0,36.151080,-86.786200,I40 E ENT RAMP,,,,0.00,,,I 40,,,,0.00,Y,Y-Intersection, ,,None,,,         ,FELIKS,ABRAHAMYAN,,,no,no,no,no,no,False