master_record_number,agency,agency_tracking_number,county,city,collision_date,vehicles_involved,number_injured,number_dead,latitude,longitude,roadway_name,roadway_suffix,roadway_number,roadway_local_id,distance_from_reference,miles-feet_indicator,direction_from_reference,intersection_road_name,intersection_road_name_suffix,intersection_road_number,intersection_local_id,mile_marker,intersection_indicator,intersect_type,interchange_related_indicator,relation_to_junction,work_zone_type,construction_maintenance_zone,construction_maintenance_zone_location,fatal_case_number,officer_first_name,officer_last_name,weather_condition(s),manner_of_crash,pedestrian,bicycle,scooter,parking,hitrun,mou
102541936,METROPOLITAN NASHVILLE POLICE DEPT,20190764816,Davidson,Nashville,10/18/2019 8:45:00 PM,2,0,0,36.200740,-86.740060,GALLATIN PKE,,,,86.00,Feet,South,BURCHWOOD AV,,,,0.00,N,Not at Intersection, ,Non-Junction,None,,,         ,Riley,Brewer,Clear,Angle,no,no,no,no,no,False
102541937,METROPOLITAN NASHVILLE POLICE DEPT,20190764726,Davidson,Nashville,10/18/2019 7:39:00 PM,2,0,0,36.139960,-86.729010,I 40,,,,0.00,,,,,,,213.20,N,Not at Intersection, ,Non-Junction,None,,,         ,Maryanne,Bartello,Clear,Front to Rear,no,no,no,no,no,False
102541938,METROPOLITAN NASHVILLE POLICE DEPT,20190764635,Davidson,Nashville,10/18/2019 6:50:00 PM,2,0,0,36.157520,-86.790710,I 40,,,,0.00,,,,,,,209.00,N,Not at Intersection,N,Non-Junction,None,,,         ,Gabriel,Hamilton,Clear,Front to Rear,no,no,no,no,no,False
102541940,METROPOLITAN NASHVILLE POLICE DEPT,20190764564,Davidson,Nashville,10/18/2019 6:20:00 PM,1,1,0,36.079860,-86.725340,HARDING PL,,,,149.00,Feet,West,SEVEN MILE CREEK HARDING MALL,,,,0.00,N,Not at Intersection,N,Non-Junction,None,,,         ,Patrick,Martin,Clear,Not Collision with Motor Vehicle in Transport,yes,no,no,no,no,False
102541942,METROPOLITAN NASHVILLE POLICE DEPT,20190764791,Davidson,Not in City Limit,10/18/2019 8:10:00 PM,2,1,0,36.044460,-86.956230,HIGHWAY 100,,,,0.00,,,OLD HARDING PKE,,,,0.00,Y,Four-Way,N,Intersection-Related,None,,,         ,Brandon,Pedigo,Clear,Front to Rear,no,no,no,no,yes,False
102541943,METROPOLITAN NASHVILLE POLICE DEPT,20190764686,Davidson,Nashville,10/18/2019 6:55:00 PM,2,0,0,36.151240,-86.750840,I 40,,,,0.00,,,,,,,211.55,N,Not at Intersection, ,Non-Junction,None,,,         ,Jason,Milyaro Lucas,Clear,"Sideswipe, Same Direction",no,no,no,no,no,False
102541965,METROPOLITAN NASHVILLE POLICE DEPT,20190764773,Davidson,Nashville,10/18/2019 8:00:00 PM,2,0,0,36.232190,-86.758810,DICKERSON PKE,,,,336.00,Feet,North,OAK VALLEY DR,,,,0.00,N,Not at Intersection, ,Non-Junction,None,,,         ,Wade,Johnson,Clear,Front to Rear,no,no,no,no,no,False
102541966,METROPOLITAN NASHVILLE POLICE DEPT,20190764680,Davidson,Nashville,10/18/2019 5:42:00 PM,2,0,0,36.145230,-86.744000,FESSLERS LN,,,,209.00,Feet,North,ELM HILL PKE,,,,0.00,N,Not at Intersection, ,,None,,,         ,Kimberly,Forsyth,,,no,no,no,no,no,False
102541975,METROPOLITAN NASHVILLE POLICE DEPT,20190764750,Davidson,Nashville,10/18/2019 7:57:00 PM,1,1,0,36.155750,-86.809740,23RD AVN,,,,0.00,Feet,,CHARLOTTE AV,,,,0.00,Y,T-Intersection,N,Intersection-Related,None,,,         ,FELIKS,ABRAHAMYAN,Clear,Not Collision with Motor Vehicle in Transport,yes,no,no,no,no,False
102541980,METROPOLITAN NASHVILLE POLICE DEPT,20190764754,Davidson,Nashville,10/18/2019 8:00:00 PM,2,0,0,36.116360,-86.774880,I440 W ENT RAMP,,,,0.00,Feet,East,I 440,,,,0.00,N,Not at Intersection, ,Entrance/Exit Ramp Related,None,,,         ,Donovan,Coble,Clear,Front to Rear,no,no,no,no,no,False
102541982,METROPOLITAN NASHVILLE POLICE DEPT,20190764737,Davidson,Not in City Limit,10/18/2019 7:54:00 PM,2,0,0,36.263100,-86.690490,MYATT DR,,,,3.00,Feet,North,E OLD HICKORY BLVD,,,,0.00,N,Not at Intersection, ,Non-Junction,None,,,         ,Evan,Grace,Clear,Angle,no,no,no,no,yes,False
102541996,METROPOLITAN NASHVILLE POLICE DEPT,20190764707,Davidson,Nashville,10/18/2019 7:39:00 PM,2,0,0,36.241550,-86.757190,DICKERSON PKE,,,,153.00,Feet,South,DICKERSON PKE ENT RAMP,,,,0.00,N,Not at Intersection, ,Non-Junction,None,,,         ,Christopher,Littles,Clear,Front to Rear,no,no,no,no,no,False
102541998,METROPOLITAN NASHVILLE POLICE DEPT,20190764858,Davidson,Nashville,10/18/2019 7:36:00 PM,2,0,0,36.231600,-86.781520,EWING DR,,,,0.00,,,BRICK CHURCH PKE,,,,0.00,Y,Four-Way, ,Intersection-Related,None,,,         ,Christopher,Littles,Clear,Front to Rear,no,no,no,no,no,False
102542001,METROPOLITAN NASHVILLE POLICE DEPT,20190764835,Davidson,Nashville,10/18/2019 9:00:00 PM,2,0,0,36.136790,-86.727250,I 24,,,,0.00,,,,,,,51.30,N,Not at Intersection, ,Non-Junction,None,,,         ,Nathaniel,Myers,Clear,Front to Rear,no,no,no,no,no,False
102542031,METROPOLITAN NASHVILLE POLICE DEPT,20190764869,Davidson,Nashville,10/18/2019 4:09:00 PM,2,0,0,36.054760,-86.694070,TUSCULUM RD,,,,0.00,Feet,South,COLERIDGE DR,,,,0.00,N,Not at Intersection,N,Non-Junction,None,,,         ,Jesse,Cox,Clear,Angle,no,no,no,no,yes,False
102542036,METROPOLITAN NASHVILLE POLICE DEPT,20190764918,Davidson,Nashville,10/18/2019 9:43:00 PM,2,0,0,36.046400,-86.712400,NOLENSVILLE PKE,,,,456.00,Feet,North,OLD HICKORY BLVD,,,,0.00,N,Not at Intersection,N,Non-Junction,None,,,         ,Patrick,Martin,Clear,Front to Rear,no,no,no,yes,yes,False
102542037,METROPOLITAN NASHVILLE POLICE DEPT,20190764745,Davidson,Nashville,10/18/2019 7:49:00 PM,2,0,0,36.139600,-86.701090,KAREN DR,,,,0.00,,,DABBS AV,,,,0.00,Y,Four-Way, ,Non-Junction,None,,,         ,Brady,Reynolds,Clear,Angle,no,no,no,no,no,False
102542038,METROPOLITAN NASHVILLE POLICE DEPT,20190764852,Davidson,Nashville,10/18/2019 7:49:00 PM,2,0,0,36.144560,-86.739670,I 40,,,,0.00,,,,,,,212.30,N,Not at Intersection, ,Non-Junction,None,,,         ,Brady,Reynolds,Clear,Front to Rear,no,no,no,no,no,False
102542039,METROPOLITAN NASHVILLE POLICE DEPT,20190764637,Davidson,Nashville,10/18/2019 7:58:00 PM,1,0,0,36.142280,-86.822940,I 440,,,,0.00,,,,,,,0.10,N,Not at Intersection,N,Non-Junction,Construction Zone,Lane Shift-Crossover,Unknown,         ,Broderick,Jones,Clear,Not Collision with Motor Vehicle in Transport,no,no,no,no,no,False
102542042,METROPOLITAN NASHVILLE POLICE DEPT,20190764265,Davidson,Nashville,10/18/2019 3:30:00 PM,2,0,0,36.176710,-86.777270,SPRING ST,,,,250.00,Feet,East,JEFFERSON ST,,,,0.00,N,Not at Intersection,N,Non-Junction,None,,,         ,John,Jones,Clear,"Sideswipe, Same Direction",no,no,no,no,yes,False
102542084,METROPOLITAN NASHVILLE POLICE DEPT,20190764856,Davidson,Nashville,10/18/2019 9:05:00 PM,2,0,0,36.179580,-86.749870,GARTLAND AV,,,,0.00,,,N 11TH ST,,,,0.00,Y,T-Intersection, ,Intersection,None,,,         ,Christopher,Butner,Clear,Angle,no,no,no,no,no,False
102542087,METROPOLITAN NASHVILLE POLICE DEPT,20190764613,Davidson,Nashville,10/18/2019 6:38:00 PM,3,0,0,36.164650,-86.763510,I 24,,,,0.00,,,,,,,49.10,N,Not at Intersection, ,,None,,,         ,Derek,Betty,,,no,no,no,no,no,False
102542111,METROPOLITAN NASHVILLE POLICE DEPT,20190764597,Davidson,Nashville,10/18/2019 6:36:00 PM,2,2,0,36.121660,-86.756380,I 440,,,,0.00,,,,,,,6.00,N,Not at Intersection,N,Non-Junction,Construction Zone,Work On Shoulder Or Median,Activity Area,         ,John,Stanfield,Clear,Front to Rear,no,no,no,no,no,False
102542146,METROPOLITAN NASHVILLE POLICE DEPT,20190765020,Davidson,Nashville,10/18/2019 9:50:00 PM,2,0,0,36.175790,-86.757140,S 9TH ST,,,,66.00,Feet,South,MAIN ST,,,,0.00,N,Not at Intersection,N,Non-Junction,None,,,         ,Shaquille,Graham,Clear,"Sideswipe, Same Direction",no,no,no,no,yes,False
102542159,METROPOLITAN NASHVILLE POLICE DEPT,20190765051,Davidson,Nashville,10/18/2019 10:02:00 PM,2,0,0,36.077280,-86.641650,MURFREESBORO PKE,,,,75.00,Feet,West,LAKEVILLA DR,,,,0.00,N,Not at Intersection,N,Non-Junction,None,,,         ,Jacob,West,Clear,"Sideswipe, Same Direction",no,no,no,no,no,False
102542175,METROPOLITAN NASHVILLE POLICE DEPT,20190765147,Davidson,Nashville,10/19/2019 12:00:00 AM,2,0,0,36.145500,-86.811430,WEST END AV,,,,5.00,Feet,East,27TH AVN,,,,0.00,N,Not at Intersection, ,Non-Junction,None,,,         ,Brian,Warstadt,Clear,Angle,no,no,no,no,no,Campus
102542181,METROPOLITAN NASHVILLE POLICE DEPT,20190765227,Davidson,Nashville,10/19/2019 12:20:00 AM,2,0,0,36.144130,-86.738910,I 40,,,,0.00,,,,,,,212.40,N,Not at Intersection,N,Non-Junction,None,,,         ,Adam,Masle,Clear,Front to Rear,no,no,no,no,yes,False
102542187,METROPOLITAN NASHVILLE POLICE DEPT,20190765256,Davidson,Nashville,10/18/2019 11:55:00 PM,2,0,0,36.150370,-86.779200,8TH AVS,,,,0.00,,,ALLISON ST,,,,0.00,Y,T-Intersection, ,,None,,,         ,Thomas,Parsons,,,no,no,no,no,no,False
102542211,METROPOLITAN NASHVILLE POLICE DEPT,20190765272,Davidson,Nashville,10/19/2019 12:00:00 AM,2,0,0,36.192590,-86.776640,I 65,,,,0.00,,,,,,,86.50,N,Not at Intersection, ,Non-Junction,None,,,         ,Jeremy,Spears,Clear,"Sideswipe, Same Direction",no,no,no,no,no,False
102542231,METROPOLITAN NASHVILLE POLICE DEPT,20190765135,Davidson,Nashville,10/18/2019 11:55:00 PM,1,1,0,36.136070,-86.727280,I24 E EXT RAMP,,,,0.00,Feet,East,I 24,,,,0.00,N,Not at Intersection,N,Non-Junction,None,,,         ,Antoine,Maghamez,Clear,Not Collision with Motor Vehicle in Transport,no,no,no,no,no,False
102542237,VANDERBILT UNIVERSITY POLICE,20190765065,Davidson,Nashville,10/18/2019 11:00:00 PM,2,1,0,36.142670,-86.806560,HIGHLAND AV,,,,0.00,,,25TH AVS,,,,0.00,Y,Four-Way,N,Intersection,None,,,         ,Michael,Knupp,Clear,Angle,no,no,no,no,no,Campus
102542239,METROPOLITAN NASHVILLE POLICE DEPT,20190765480,Davidson,Nashville,10/19/2019 2:57:00 AM,1,0,0,36.148990,-86.776420,I 40,,,,0.00,,,,,,,209.95,N,Not at Intersection,N,Non-Junction,None,,,         ,Brenna,Hosey,Clear,Not Collision with Motor Vehicle in Transport,no,no,no,no,no,False
102542241,METROPOLITAN NASHVILLE POLICE DEPT,20190765126,Davidson,Not in City Limit,10/18/2019 11:54:00 PM,10,0,0,36.097370,-86.929000,MOUNTAIN VALLEY DR,,,,349.00,Feet,East,MOUNTAIN VALLEY BND,,,,0.00,N,Not at Intersection,N,Non-Junction,None,,,         ,Joshua,Asbell,Cloudy,Angle,no,no,no,yes,no,False
102542254,METROPOLITAN NASHVILLE POLICE DEPT,20190765294,Davidson,Nashville,10/19/2019 12:13:00 AM,2,1,0,36.042370,-86.654190,I 24,,,,0.00,,,,,,,59.75,N,Not at Intersection,N,Non-Junction,None,,,         ,David,Moser,Clear,Front to Rear,no,no,no,no,no,False
102542255,METROPOLITAN NASHVILLE POLICE DEPT,20190765530,Davidson,Nashville,10/19/2019 1:30:00 AM,2,0,0,36.156430,-86.787850,BROADWAY,,,,120.00,Feet,West,12TH AVS,,,,0.00,N,Not at Intersection,N,Non-Junction,None,,,         ,Thomas,Parsons,Clear,Front to Rear,no,no,no,yes,yes,False
102542257,METROPOLITAN NASHVILLE POLICE DEPT,20190765564,Davidson,Nashville,10/19/2019 3:05:00 AM,2,0,0,36.153260,-86.792180,16TH AVS,,,,0.00,,,MCGAVOCK ST,,,,0.00,Y,Four-Way,N,Intersection,None,,,         ,David,Crisman,Clear,Angle,no,no,no,no,yes,False
102542263,METROPOLITAN NASHVILLE POLICE DEPT,20190765145,Davidson,Nashville,10/19/2019 12:04:00 AM,2,0,0,36.167710,-86.820750,28TH AVE N,,,,56.00,Feet,South,JEFFERSON ST,,,,0.00,N,Not at Intersection,Y,Non-Junction,None,,,         ,Joel,Bennett,Clear,Angle,no,no,no,no,yes,False
102542271,METROPOLITAN NASHVILLE POLICE DEPT,20190765185,Davidson,Nashville,10/19/2019 12:00:00 AM,3,0,0,36.136590,-86.727200,I24 E EXT RAMP,,,,0.00,Feet,East,I 24,,,,0.00,N,Not at Intersection,N,Non-Junction,None,,,         ,Kevin,Breeding,Clear,Front to Rear,no,no,no,no,no,False
102542276,METROPOLITAN NASHVILLE POLICE DEPT,20190765422,Davidson,Nashville,10/19/2019 2:18:00 AM,1,1,0,36.053980,-86.725280,AMALIE DR,,,,202.00,Feet,South,MCMURRAY DR,,,,0.00,N,Not at Intersection,N,Non-Junction,None,,,         ,Justan,Vance,Clear,Not Collision with Motor Vehicle in Transport,no,no,no,no,no,False
102542277,METROPOLITAN NASHVILLE POLICE DEPT,20190765569,Davidson,Nashville,10/19/2019 3:49:00 AM,2,0,0,36.092810,-86.678860,HARDING PL,,,,0.00,,,DONELSON PKE,,,,0.00,Y,T-Intersection,Y,Intersection,None,,,         ,Kyle,Burks,Clear,"Sideswipe, Same Direction",no,no,no,no,yes,False
102542278,METROPOLITAN NASHVILLE POLICE DEPT,20190765299,Davidson,Nashville,10/19/2019 1:17:00 AM,1,1,0,36.158480,-86.777120,DEMONBREUN ST,,,,0.00,,,5TH AVS,,,,0.00,Y,Four-Way,N,Intersection,None,,,         ,William,Gibbs,Clear,Not Collision with Motor Vehicle in Transport,yes,no,no,no,yes,False
102542291,METROPOLITAN NASHVILLE POLICE DEPT,20190765623,Davidson,Nashville,10/19/2019 4:44:00 AM,2,1,0,36.137270,-86.699700,STATE HWY 155,,,,0.00,,,GLASTONBURY RD,,,,0.00,Y,T-Intersection,N,Intersection,None,,,         ,Ralph,Smith IV,Clear,Front to Rear,no,no,no,no,no,False
102542301,METROPOLITAN NASHVILLE POLICE DEPT,20190765399,Davidson,Nashville,10/19/2019 2:00:00 AM,1,1,0,36.043720,-86.779800,FRANKLIN PIKE CIR,,,,539.00,Feet,South,I65 N ENT RAMP,,,,0.00,N,Not at Intersection,N,Non-Junction,None,,,         ,Justan,Vance,Clear,Not Collision with Motor Vehicle in Transport,no,no,no,no,no,False
102542302,METROPOLITAN NASHVILLE POLICE DEPT,20190765626,Davidson,Nashville,10/19/2019 3:20:00 AM,2,0,0,36.152050,-86.795300,18TH AVE S,,,,2.00,Feet,North,US HWY 431,,,,0.00,N,Not at Intersection, ,,None,,,         ,Douglas,Mann,,,no,no,no,no,no,False
102542304,METROPOLITAN NASHVILLE POLICE DEPT,20190765612,Davidson,Nashville,10/19/2019 4:20:00 AM,1,0,0,36.152410,-86.634440,I 40,,,,0.00,,,,,,,218.60,N,Not at Intersection, ,Non-Junction,None,,,         ,Jeremy,Crisp,Clear,Not Collision with Motor Vehicle in Transport,no,no,no,no,no,False
102542320,METROPOLITAN NASHVILLE POLICE DEPT,20190765555,Davidson,Nashville,10/19/2019 3:33:00 AM,2,1,0,36.165800,-86.764220,I 24,,,,0.00,,,,,,,49.00,N,Not at Intersection,N,Non-Junction,None,,,         ,Andrew,Richey,Clear,"Sideswipe, Same Direction",no,no,no,no,no,False
102542338,METROPOLITAN NASHVILLE POLICE DEPT,20190765628,Davidson,Nashville,10/19/2019 4:50:00 AM,3,2,0,36.162280,-86.761160,I 24,,,,0.00,,,,,,,49.30,N,Not at Intersection,N,Non-Junction,None,,,         ,Shaquille,Graham,Clear,"Sideswipe, Same Direction",no,no,no,no,no,False
102542340,METROPOLITAN NASHVILLE POLICE DEPT,20190765608,Davidson,Antioch,10/19/2019 4:04:00 AM,2,0,0,36.014930,-86.619880,I24 W EXT RAMP,,,,0.00,Feet,East,I 24,,,,0.00,N,Not at Intersection,N,OtherLocation,None,,,         ,Holly,Davis,Clear,Other,no,no,no,yes,yes,False
102542377,METROPOLITAN NASHVILLE POLICE DEPT,20190765683,Davidson,Nashville,10/19/2019 5:36:00 AM,2,2,0,36.124140,-86.812240,I 440,,,,0.00,,,,,,,2.50,N,Not at Intersection,N,Non-Junction,Construction Zone,Work On Shoulder Or Median,Transition Area,         ,Justin,McCormick,Clear,Front to Rear,no,no,no,no,yes,False
102542378,METROPOLITAN NASHVILLE POLICE DEPT,20190765728,Davidson,Nashville,10/19/2019 5:38:00 AM,1,0,0,36.124230,-86.812430,I 440,,,,0.00,,,,,,,2.50,N,Not at Intersection,N,Non-Junction,Construction Zone,Work On Shoulder Or Median,Activity Area,         ,Justin,McCormick,Clear,Not Collision with Motor Vehicle in Transport,no,no,no,no,no,False
102542393,METROPOLITAN NASHVILLE POLICE DEPT,20190765695,Davidson,Old Hickory,10/19/2019 5:30:00 AM,4,0,0,36.259140,-86.649670,12TH ST,,,,0.00,Feet,East,ELLISTON ST,,,,0.00,N,Not at Intersection,N,Non-Junction,None,,,         ,Michael,Griggs,Clear,"Sideswipe, Same Direction",no,no,no,no,no,False
102542414,METROPOLITAN NASHVILLE POLICE DEPT,20190765896,Davidson,Nashville,10/19/2019 8:05:00 AM,2,0,0,36.153790,-86.794410,17TH AVS,,,,0.00,,,WEST END AV,,,,0.00,Y,Four-Way, ,Intersection,None,,,         ,Natalia,Johnson,Clear,Angle,no,no,no,no,no,False
102542431,METROPOLITAN NASHVILLE POLICE DEPT,20190765828,Davidson,Not in City Limit,10/19/2019 7:30:00 AM,2,0,0,36.015850,-86.715380,CENTURY OAK CT,,,,58.00,Feet,West,CENTURY OAK DR,,,,0.00,N,Not at Intersection, ,,None,,,         ,Raymond,Flaherty,,,no,no,no,no,no,False
102542433,METROPOLITAN NASHVILLE POLICE DEPT,20190765924,Davidson,Nashville,10/19/2019 3:00:00 AM,3,0,0,36.182480,-86.757460,MANSFIELD ST,,,,0.00,,,MYRTLE ST,,,,0.00,Y,Four-Way,N,Non-Junction,None,,,         ,Miles,Posey,Clear,HeadOn,no,no,no,no,yes,False
102542440,METROPOLITAN NASHVILLE POLICE DEPT,20190765980,Davidson,Nashville,10/19/2019 9:01:00 AM,1,0,0,36.097430,-86.738320,NOLENSVILLE PKE,,,,118.00,Feet,South,VERITAS ST,,,,0.00,N,Not at Intersection, ,Non-Junction,None,,,         ,Ian,Hammond,Clear,Not Collision with Motor Vehicle in Transport,no,no,no,no,no,False
102542494,METROPOLITAN NASHVILLE POLICE DEPT,2019-0766016,Davidson,Not in City Limit,10/19/2019 9:35:00 AM,2,0,0,36.305270,-86.687180,GALLATIN PKEN,,,,176.00,Feet,West,NORTHSIDE DR,,,,0.00,N,Not at Intersection,N,Non-Junction,None,,,         ,Arthur,Hipp,Clear,Front to Rear,no,no,no,no,no,False
102542497,METROPOLITAN NASHVILLE POLICE DEPT,20190766043,Davidson,Nashville,10/19/2019 9:56:00 AM,2,0,0,36.071670,-86.691450,I24 E EXT RAMP,,,,0.00,,,I 24,,,,0.00,Y,T-Intersection, ,Non-Junction,None,,,         ,Nopel,Stella,Clear,Front to Rear,no,no,no,no,no,False
102542505,THP District 3 - Nashville,319067967,Davidson,Nashville,10/18/2019 3:45:00 PM,2,0,0,36.148710,-86.775230,I 40,,,,0.00,,,,,,,210.10,N,Not at Intersection, ,Entrance/Exit Ramp Related,None,,,         ,Devin,Bargatze,Clear,"Sideswipe, Same Direction",no,no,no,no,no,False
102542506,THP District 3 - Nashville,319067392,Davidson,Nashville,10/19/2019 7:01:00 AM,2,0,0,36.195800,-86.776120,I 65,,,,0.00,,,,,,,86.60,N,Not at Intersection, ,Non-Junction,None,,,         ,Devin,Bargatze,Clear,Front to Rear,no,no,no,no,no,False
102542511,METROPOLITAN NASHVILLE POLICE DEPT,20190766087,Davidson,Nashville,10/19/2019 10:25:00 AM,1,0,0,36.189110,-86.688430,BRILEY PKWYS,,,,212.00,Feet,South,BRILEY PKWYN,,,,0.00,N,Not at Intersection, ,Non-Junction,None,,,         ,Lee,Davis,Cloudy,Not Collision with Motor Vehicle in Transport,no,no,no,no,no,False
102542512,METROPOLITAN NASHVILLE POLICE DEPT,20190766041,Davidson,Nashville,10/19/2019 9:45:00 AM,2,1,0,36.047300,-86.862740,OLD HICKORY BLVD,,,,0.00,,,HILLSBORO PKE,,,,0.00,Y,Four-Way,N,Non-Junction,None,,,         ,Clayton,Smith,Clear,Front to Rear,no,no,no,no,no,False
102542559,METROPOLITAN NASHVILLE POLICE DEPT,20190766148,Davidson,Nashville,10/19/2019 11:21:00 AM,2,0,0,36.183740,-86.747690,EASTLAND AV,,,,202.00,Feet,East,GALLATIN AV,,,,0.00,N,Not at Intersection, ,Non-Junction,None,,,         ,Michael,Agee,Cloudy,Angle,no,no,no,no,no,False
102542563,METROPOLITAN NASHVILLE POLICE DEPT,20190765966,Davidson,Nashville,10/19/2019 8:50:00 AM,2,0,0,36.168170,-86.799540,JACKSON ST,,,,0.00,,,14TH AVN,,,,0.00,Y,Four-Way, ,Intersection-Related,None,,,         ,Kenneth,Oneal,Clear,"Sideswipe, Same Direction",no,no,no,no,no,False
102542577,METROPOLITAN NASHVILLE POLICE DEPT,20190765004,Davidson,Nashville,10/19/2019 7:15:00 AM,2,0,0,36.128560,-86.906590,RIVER RD,,,,2.00,Feet,West,CHARLOTTE PKE,,,,0.00,N,Not at Intersection, ,Non-Junction,None,,,         ,Terrence,Bradley,Clear,Angle,no,no,no,no,no,False
102542579,METROPOLITAN NASHVILLE POLICE DEPT,20190766221,Davidson,Nashville,10/19/2019 12:12:00 PM,2,1,0,36.045290,-86.658010,EXIT 59,,,,0.00,Feet,East,I 24,,,,0.00,N,Not at Intersection,N,Entrance/Exit Ramp Related,None,,,         ,Adam,Warren,Cloudy,Front to Rear,no,no,no,no,no,False
102542595,METROPOLITAN NASHVILLE POLICE DEPT,20190766065,Davidson,Nashville,10/19/2019 9:54:00 AM,2,0,0,36.073450,-86.635620,BELL RD,,,,600.00,Feet,North,MURFREESBORO PKE,,,,0.00,N,Not at Intersection,N,Non-Junction,None,,,         ,Richard,Luellen,Cloudy,"Sideswipe, Same Direction",no,no,no,no,no,False
102542612,METROPOLITAN NASHVILLE POLICE DEPT,20190766230,Davidson,Nashville,10/19/2019 12:23:00 PM,2,1,0,36.199060,-86.740960,GALLATIN PKE,,,,0.00,,,DELMAS AV,,,,0.00,Y,T-Intersection,N,Non-Junction,None,,,         ,Miles,Posey,Cloudy,Angle,no,no,no,no,no,False
102542616,METROPOLITAN NASHVILLE POLICE DEPT,20190766236,Davidson,Nashville,10/19/2019 12:25:00 PM,2,1,0,36.190390,-86.628020,LEBANON PKE,,,,633.00,Feet,South,HICKORY HILL LN,,,,0.00,N,Not at Intersection,N,Non-Junction,None,,,         ,Michael,Brooks,Cloudy,Angle,no,no,no,yes,no,False
102542619,METROPOLITAN NASHVILLE POLICE DEPT,20190761162,Davidson,Nashville,10/19/2019 11:00:00 AM,2,0,0,36.237930,-86.786340,I 24,,,,0.00,,,,,,,43.55,N,Not at Intersection, ,Non-Junction,None,,,         ,Tony,Folad,Cloudy,"Sideswipe, Same Direction",no,no,no,no,no,False
102542628,METROPOLITAN NASHVILLE POLICE DEPT,20190766284,Davidson,Nashville,10/19/2019 1:00:00 PM,2,0,0,36.168000,-86.821400,JOHN A MERRITT BLVD,,,,0.00,,,29TH AVN,,,,0.00,Y,Four-Way, ,Non-Junction,None,,,         ,John,Frazier,Cloudy,Other,no,no,no,no,no,False
102542656,METROPOLITAN NASHVILLE POLICE DEPT,20190766247,Davidson,Nashville,10/19/2019 11:16:00 AM,1,1,0,36.162670,-86.830310,CLARE AV,,,,6.00,Feet,South,ALBION ST,,,,0.00,N,Not at Intersection,N,Non-Junction,None,,,         ,Jonathon,Sheppard,Clear,Not Collision with Motor Vehicle in Transport,yes,no,no,no,no,False
102542659,METROPOLITAN NASHVILLE POLICE DEPT,20190766241,Davidson,Nashville,10/19/2019 12:30:00 PM,2,0,0,36.197470,-86.776240,I 65,,,,0.00,,,,,,,86.70,N,Not at Intersection, ,Non-Junction,None,,,         ,Jeanine,Sarno,Cloudy,"Sideswipe, Same Direction",no,no,no,no,no,False
102542671,METROPOLITAN NASHVILLE POLICE DEPT,20190766124,Davidson,Nashville,10/19/2019 11:00:00 AM,2,1,0,36.068200,-86.719110,NOLENSVILLE PKE,,,,0.00,,,HAYWOOD LN,,,,0.00,Y,T-Intersection,N,Intersection,None,,,         ,Raymond,Flaherty,Cloudy,Front to Rear,no,no,no,no,no,False
102542707,METROPOLITAN NASHVILLE POLICE DEPT,20190766361,Davidson,Nashville,10/19/2019 1:45:00 PM,3,0,0,36.110940,-86.745220,THOMPSON LN,,,,0.00,Feet,West,NOLENSVILLE PKE,,,,0.00,N,Not at Intersection, ,Non-Junction,None,,,         ,Devin,Mabry,Cloudy,Front to Rear,no,no,no,no,no,False
102542708,METROPOLITAN NASHVILLE POLICE DEPT,20190766367,Davidson,Nashville,10/19/2019 2:25:00 PM,2,1,0,36.187490,-86.794650,I 65,,,,0.00,,,,,,,85.40,N,Not at Intersection,N,Non-Junction,None,,,         ,Brian,Mclarty,Cloudy,Front to Rear,no,no,no,no,no,False
102542743,VANDERBILT UNIVERSITY POLICE,20190766356,Davidson,Nashville,10/19/2019 12:00:00 AM,2,0,0,36.108720,-86.766000,POWELL AV,,,,882.00,Feet,South,OLD POWELL AV,,,,0.00,N,Not at Intersection, ,Non-Junction,None,,,         ,Devon,Ross,Cloudy,Unknown,no,no,no,yes,yes,False
102542746,METROPOLITAN NASHVILLE POLICE DEPT,20190766402,Davidson,Nashville,10/19/2019 2:50:00 PM,2,0,0,36.176500,-86.769500,SPRING ST,,,,64.00,Feet,East,I24 W EXT RAMP,,,,0.00,N,Not at Intersection, ,,None,,,         ,Gregory,Cenicola,,,no,no,no,no,no,False
102542749,METROPOLITAN NASHVILLE POLICE DEPT,20190766492,Davidson,Nashville,10/19/2019 3:40:00 PM,2,0,0,36.110950,-86.787530,WOODMONT BLVD,,,,0.00,,,LEALAND LN,,,,0.00,Y,Four-Way, ,Intersection,None,,,         ,Douglas,Sykes,Rain,Front to Rear,no,no,no,no,no,False
102542760,METROPOLITAN NASHVILLE POLICE DEPT,20190766451,Davidson,Nashville,10/19/2019 3:20:00 PM,2,1,0,36.193660,-86.831220,CLARKSVILLE PKE,,,,0.00,,West,BUENA VISTA PKE,,,,0.00,N,Not at Intersection,N,Non-Junction,None,,,         ,John,Jones,Rain,HeadOn,no,no,no,no,no,False