master_record_number,agency,agency_tracking_number,county,city,collision_date,vehicles_involved,number_injured,number_dead,latitude,longitude,roadway_name,roadway_suffix,roadway_number,roadway_local_id,distance_from_reference,miles-feet_indicator,direction_from_reference,intersection_road_name,intersection_road_name_suffix,intersection_road_number,intersection_local_id,mile_marker,intersection_indicator,intersect_type,interchange_related_indicator,relation_to_junction,work_zone_type,construction_maintenance_zone,construction_maintenance_zone_location,fatal_case_number,officer_first_name,officer_last_name,weather_condition(s),manner_of_crash,pedestrian,bicycle,scooter,parking,hitrun,mou
102544556,METROPOLITAN NASHVILLE POLICE DEPT,20190770425,Davidson,Nashville,10/21/2019 3:17:00 PM,2,1,0,36.208690,-86.715290,MCGAVOCK PKE,,,,115.00,Feet,West,FERNWOOD DR,,,,0.00,N,Not at Intersection, ,Non-Junction,None,,,         ,Jose,Oliveros,Rain,Front to Rear,no,no,no,no,no,False
102544557,METROPOLITAN NASHVILLE POLICE DEPT,20190770575,Davidson,Nashville,10/21/2019 4:34:00 PM,2,1,0,36.065920,-86.644570,RURAL HILL RD,,,,405.00,Feet,North,EVANFIELD CT,,,,0.00,N,Not at Intersection,N,Non-Junction,None,,,         ,Devonte,Coleman,Rain,HeadOn,no,no,no,no,no,False
102544558,METROPOLITAN NASHVILLE POLICE DEPT,20190770551,Davidson,Nashville,10/21/2019 4:14:00 PM,2,0,0,36.153520,-86.756320,I 40,,,,0.00,,,,,,,211.20,N,Not at Intersection,N,Non-Junction,None,,,         ,Matthew,Swindell,Rain,Front to Rear,no,no,no,no,yes,False
102544583,METROPOLITAN NASHVILLE POLICE DEPT,20190770541,Davidson,Nashville,10/20/2019 12:00:00 AM,2,0,0,36.177480,-86.813890,23RD AVN,,,,315.00,Feet,North,OSAGE ST,,,,0.00,N,Not at Intersection,N,Non-Junction,None,,,         ,Denarius,Lawson,Cloudy,Front to Rear,no,no,no,no,yes,False
102544586,METROPOLITAN NASHVILLE POLICE DEPT,20190770635,Davidson,Nashville,10/21/2019 4:55:00 PM,2,0,0,36.134010,-86.758950,NOLENSVILLE PKE,,,,0.00,Feet,North,CRAIGHEAD ST,,,,0.00,N,Not at Intersection, ,Non-Junction,None,,,         ,Ciarra,Rench,Rain,Front to Rear,no,no,no,no,no,False
102544587,METROPOLITAN NASHVILLE POLICE DEPT,20190770614,Davidson,Nashville,10/21/2019 4:19:00 PM,2,0,0,36.136030,-86.698680,BRILEY PKWYN,,,,0.00,Feet,West,CORPORATE DR,,,,0.00,N,Not at Intersection, ,Non-Junction,None,,,         ,Matthew,Swindell,Rain,Front to Rear,no,no,no,no,no,False
102544589,METROPOLITAN NASHVILLE POLICE DEPT,20190770534,Davidson,Nashville,10/21/2019 4:00:00 PM,2,0,0,36.189860,-86.626960,LEBANON PKE,,,,836.00,Feet,South,HICKORY HILL LN,,,,0.00,N,Not at Intersection,N,Non-Junction,None,,,         ,Luis,Pena,Rain,Front to Rear,no,no,no,no,no,False
102544590,METROPOLITAN NASHVILLE POLICE DEPT,20190770520,Davidson,Nashville,10/21/2019 4:03:00 PM,2,0,0,36.068820,-86.924030,HICKS RD,,,,0.00,,,,,,,0.00,,Not at Intersection,N,Non-Junction,None,,,         ,James,Wells Jr.,Rain,Angle,no,no,no,yes,no,False
102544592,METROPOLITAN NASHVILLE POLICE DEPT,20190768307,Davidson,Not in City Limit,10/20/2019 3:30:00 PM,2,0,0,36.022240,-86.712070,NOLENSVILLE PKE,,,,148.00,Feet,South,PERSIA WAY,,,,0.00,N,Not at Intersection, ,Non-Junction,None,,,         ,Steven,Begley,Clear,Front to Rear,no,no,no,no,no,False
102544594,METROPOLITAN NASHVILLE POLICE DEPT,20190770392,Davidson,Nashville,10/21/2019 2:02:00 PM,2,0,0,36.096770,-86.654560,OLD MURFREESBORO PKE,,,,0.00,,,SMITH SPRINGS RD,,,,0.00,Y,Four-Way,Y,Intersection-Related,None,,,         ,Sarah,Cartwright,Rain,Angle,no,no,no,no,no,False
102544599,METROPOLITAN NASHVILLE POLICE DEPT,20190770498,Davidson,Nashville,10/21/2019 3:12:00 PM,1,0,0,36.238270,-86.783180,BRILEY PKWYW,,,,0.00,,,I24 W ENT RAMP,,,,0.00,Y,OTHER, ,Entrance/Exit Ramp Related,None,,,         ,Brian,Woodard,Rain,Not Collision with Motor Vehicle in Transport,no,no,no,no,no,False
102544602,GOODLETTSVILLE POLICE DEPT,19-39466,Davidson,Goodlettsville,10/21/2019 3:32:00 PM,2,1,0,36.296620,-86.714890,I 65,,,,0.00,,,,,,,94.85,N,Not at Intersection,N,Non-Junction,None,,,         ,Dequionta,Rucker,Rain,Front to Rear,no,no,no,no,no,False
102544604,METROPOLITAN NASHVILLE POLICE DEPT,20190770657,Davidson,Nashville,10/21/2019 5:14:00 PM,2,2,0,36.237540,-86.780980,BRICK CHURCH PKE,,,,0.00,,,BRILEY PKWY E EXT RAMP,,,,0.00,Y,T-Intersection,Y,Intersection-Related,None,,,         ,Bradley,Fort,Cloudy,Front to Rear,no,no,no,no,no,False
102544605,METROPOLITAN NASHVILLE POLICE DEPT,20190770704,Davidson,Nashville,10/21/2019 4:45:00 PM,2,0,0,36.068060,-86.669050,RICHARDS RD,,,,0.00,,,DOWDY DR,,,,0.00,Y,Four-Way, ,,None,,,         ,Laura,Williams,,,no,no,no,no,no,False
102544606,METROPOLITAN NASHVILLE POLICE DEPT,20190770705,Davidson,Nashville,10/21/2019 5:32:00 PM,2,2,0,36.151370,-86.691700,RAMP,,,,0.00,,,-- UNKNOWN RAMP/ROAD --,,,,0.00,Y,T-Intersection,N,Intersection,None,,,         ,Samuel,Sundra,Rain,HeadOn,no,no,no,no,no,False
102544607,METROPOLITAN NASHVILLE POLICE DEPT,20190770538,Davidson,Nashville,10/21/2019 4:00:00 PM,2,1,0,36.146090,-86.667700,ROYAL PKWY,,,,0.00,,,CLARIDGE DR,,,,0.00,Y,T-Intersection,Y,Intersection,None,,,         ,Allyson,Reis,Rain,Angle,no,no,no,no,no,False
102544621,METROPOLITAN NASHVILLE POLICE DEPT,20190770595,Davidson,Nashville,10/21/2019 3:24:00 PM,1,0,0,36.138890,-86.628430,BELL RD,,,,477.00,Feet,East,REELFOOT CIR,,,,0.00,N,Not at Intersection, ,,None,,,         ,Maryanne,Bartello,,,no,no,no,no,no,False
102544622,METROPOLITAN NASHVILLE POLICE DEPT,20190770671,Davidson,Nashville,10/21/2019 4:19:00 PM,1,0,0,36.142540,-86.696040,KNIGHTS OF COLUMBUS BLVD,,,,643.00,Feet,East,BRILEY PKWYN,,,,0.00,N,Not at Intersection,N,Non-Junction,None,,,         ,Matthew,Swindell,Rain,Not Collision with Motor Vehicle in Transport,no,no,no,no,no,False
102544624,METROPOLITAN NASHVILLE POLICE DEPT,20190770504,Davidson,Nashville,10/21/2019 1:15:00 PM,2,0,0,36.164800,-86.794210,I 40,,,,0.00,,,,,,,208.40,N,Not at Intersection,N,Non-Junction,None,,,         ,FELIKS,ABRAHAMYAN,Rain,"Sideswipe, Same Direction",no,no,no,no,yes,False
102544638,METROPOLITAN NASHVILLE POLICE DEPT,20190770724,Davidson,Nashville,10/21/2019 5:05:00 PM,2,0,0,36.108360,-86.769170,I 65,,,,0.00,,,,,,,79.60,N,Not at Intersection,Y,Non-Junction,None,,,         ,Heather,Fox,Rain,Front to Rear,no,no,no,no,no,False
102544639,METROPOLITAN NASHVILLE POLICE DEPT,20190770424,Davidson,Nashville,10/21/2019 2:45:00 PM,2,0,0,36.081510,-86.726930,NOLENSVILLE PKE,,,,412.00,Feet,South,WELSHWOOD DR,,,,0.00,N,Not at Intersection,N,Non-Junction,None,,,         ,William,King,Rain,Front to Rear,no,no,no,no,no,False
102544640,METROPOLITAN NASHVILLE POLICE DEPT,20190770745,Davidson,Nashville,10/21/2019 4:30:00 PM,2,0,0,36.118680,-86.775880,GALE LN,,,,119.00,Feet,North,GALE PARK LN,,,,0.00,N,Not at Intersection, ,Non-Junction,None,,,         ,Conor,Cronin,Rain,Angle,no,no,no,no,no,False
102544659,METROPOLITAN NASHVILLE POLICE DEPT,20190770531,Davidson,Nashville,10/21/2019 4:05:00 PM,2,0,0,36.192780,-86.777810,I 65,,,,0.00,,,,,,,86.45,N,Not at Intersection, ,Non-Junction,None,,,         ,Bailee,Hickman,Rain,Angle,no,no,no,no,no,False
102544660,METROPOLITAN NASHVILLE POLICE DEPT,20190770759,Davidson,Nashville,10/21/2019 5:59:00 PM,2,1,0,36.138380,-86.800660,21ST AVS,,,,92.00,Feet,South,CHILDRENS WAY,,,,0.00,N,Not at Intersection,N,Non-Junction,None,,,         ,FELIKS,ABRAHAMYAN,Rain,Front to Rear,no,no,no,no,no,Campus
102544663,METROPOLITAN NASHVILLE POLICE DEPT,20190770667,Davidson,Nashville,10/21/2019 5:18:00 PM,1,1,0,36.065900,-86.680630,ANTIOCH PKE,,,,199.00,Feet,West,MILL CREEK BLUE HOLE GRNWY,,,,0.00,N,Not at Intersection,N,Non-Junction,None,,,         ,Taylor,Hurley,Rain,Not Collision with Motor Vehicle in Transport,no,no,no,no,no,False
102544664,METROPOLITAN NASHVILLE POLICE DEPT,20190770664,Davidson,Nashville,10/21/2019 5:16:00 PM,2,0,0,36.169950,-86.769740,WOODLAND ST,,,,416.00,Feet,West,INTERSTATE DR,,,,0.00,N,Not at Intersection,N,Non-Junction,None,,,         ,Timothy,Mead,Rain,Angle,no,no,no,no,no,False
102544665,METROPOLITAN NASHVILLE POLICE DEPT,20190770623,Davidson,Nashville,10/21/2019 4:58:00 PM,3,0,0,36.244020,-86.747440,I 65,,,,0.00,,,,,,,90.65,N,Not at Intersection, ,Non-Junction,None,,,         ,Christopher,Littles,Rain,Front to Rear,no,no,no,no,no,False
102544666,METROPOLITAN NASHVILLE POLICE DEPT,20190770678,Davidson,Nashville,10/21/2019 5:20:00 PM,2,0,0,36.249510,-86.741640,I 65,,,,0.00,,,,,,,91.15,N,Not at Intersection, ,Non-Junction,None,,,         ,Christopher,Littles,Rain,Front to Rear,no,no,no,no,no,False
102544667,METROPOLITAN NASHVILLE POLICE DEPT,20190770732,Davidson,Goodlettsville,10/21/2019 5:44:00 PM,2,3,0,36.299790,-86.696600,CUDE LN,,,,0.00,,,GALLATIN PKEN,,,,0.00,Y,Four-Way,N,Intersection,None,,,         ,Christopher,Littles,Cloudy,Angle,no,no,no,no,no,False
102544668,METROPOLITAN NASHVILLE POLICE DEPT,20190770628,Davidson,Not in City Limit,10/21/2019 5:00:00 PM,2,0,0,36.268610,-86.752620,OLD HICKORY BLVDW,,,,947.00,Feet,East,KEMPER DRN,,,,0.00,N,Not at Intersection,N,Non-Junction,None,,,         ,Rodney,Phipps,Rain,Front to Rear,no,no,no,no,no,False
102544673,METROPOLITAN NASHVILLE POLICE DEPT,20190770644,Davidson,Nashville,10/21/2019 5:07:00 PM,1,0,0,36.125950,-86.904050,I 40,,,,0.00,,,,,,,200.60,N,Not at Intersection,N,Non-Junction,None,,,         ,Clayton,Smith,Rain,Not Collision with Motor Vehicle in Transport,no,no,no,no,no,False
102544679,METROPOLITAN NASHVILLE POLICE DEPT,20190770823,Davidson,Nashville,10/21/2019 6:20:00 PM,1,1,0,36.169150,-86.606070,I 40,,,,0.00,,,,,,,220.55,N,Not at Intersection,N,Non-Junction,None,,,         ,Luis,Pena,Rain,Not Collision with Motor Vehicle in Transport,no,no,no,no,no,False
102544680,METROPOLITAN NASHVILLE POLICE DEPT,20190770892,Davidson,Goodlettsville,10/21/2019 6:58:00 PM,2,0,0,36.291800,-86.720990,I 65,,,,0.00,,,,,,,94.40,N,Not at Intersection,N,Non-Junction,None,,,         ,Christopher,Littles,Cloudy,Front to Rear,no,no,no,no,no,False
102544686,METROPOLITAN NASHVILLE POLICE DEPT,20190770752,Davidson,Nashville,10/21/2019 5:30:00 PM,2,0,0,36.125190,-86.794160,BELMONT BLVD,,,,162.00,Feet,North,SWEETBRIAR AV,,,,0.00,N,Not at Intersection, ,,None,,,         ,Gabriel,Hamilton,,,no,no,no,no,no,False
102544687,METROPOLITAN NASHVILLE POLICE DEPT,20190770684,Davidson,Antioch,10/21/2019 12:00:00 AM,2,1,0,36.021210,-86.664930,PETTUS RD,,,,1449.00,Feet,South,PRESTON RD,,,,0.00,N,Not at Intersection,N,Non-Junction,None,,,         ,Wesley,Carver,Rain,Front to Rear,no,no,no,no,no,False
102544688,METROPOLITAN NASHVILLE POLICE DEPT,20190770897,Davidson,Nashville,10/21/2019 7:19:00 PM,1,1,0,36.148870,-86.798580,DIVISION ST,,,,104.00,Feet,West,BROADWAY,,,,0.00,N,Not at Intersection,N,Non-Junction,None,,,         ,Randall,Ward,Rain,Not Collision with Motor Vehicle in Transport,no,yes,no,no,no,Campus
102544689,METROPOLITAN NASHVILLE POLICE DEPT,20190770845,Davidson,Nashville,10/21/2019 6:30:00 PM,2,0,0,36.153670,-86.808190,23RD AVN,,,,0.00,,,MURPHY AV,,,,0.00,Y,Four-Way,N,Intersection,None,,,         ,Heather,Fox,Clear,Angle,no,no,no,no,no,False
102544696,METROPOLITAN NASHVILLE POLICE DEPT,20190770886,Davidson,Not in City Limit,10/21/2019 5:50:00 PM,2,0,0,36.260920,-86.712650,GALLATIN PKES,,,,123.00,Feet,South,MAPLE ST,,,,0.00,N,Not at Intersection,N,Non-Junction,None,,,         ,Brian,DeMarce,Rain,Front to Rear,no,no,no,no,yes,False
102544697,METROPOLITAN NASHVILLE POLICE DEPT,20190770642,Davidson,Nashville,10/21/2019 4:00:00 PM,2,0,0,36.181010,-86.800030,I 65,,,,0.00,,,,,,,85.10,N,Not at Intersection, ,,None,,,         ,Bailee,Hickman,,,no,no,no,no,no,False
102544699,METROPOLITAN NASHVILLE POLICE DEPT,20190770784,Davidson,Nashville,10/21/2019 12:00:00 AM,2,0,0,36.119380,-86.912810,I 40,,,,0.00,,,,,,,200.00,N,Not at Intersection,N,Non-Junction,None,,,         ,Cressie,Prill,Rain,"Sideswipe, Same Direction",no,no,no,no,yes,False
102544708,METROPOLITAN NASHVILLE POLICE DEPT,20190770921,Davidson,Nashville,10/21/2019 7:19:00 PM,2,0,0,36.116520,-86.697590,MURFREESBORO PKE,,,,0.00,Feet,East,MCGAVOCK PKE,,,,0.00,N,Not at Intersection, ,Non-Junction,None,,,         ,Matthew,Swindell,Rain,Front to Rear,no,no,no,no,no,False
102544710,METROPOLITAN NASHVILLE POLICE DEPT,20190770855,Davidson,Nashville,10/21/2019 6:17:00 PM,2,0,0,36.157380,-86.792700,15TH AVN,,,,0.00,,,CHURCH ST,,,,0.00,Y,Four-Way,N,Non-Junction,None,,,         ,FELIKS,ABRAHAMYAN,Rain,"Sideswipe, Same Direction",no,no,no,no,yes,False
102544714,VANDERBILT UNIVERSITY POLICE,20190770789,Davidson,Nashville,10/21/2019 6:15:00 PM,2,0,0,36.138070,-86.805730,BLAKEMORE AV,,,,0.00,,,,,,,0.00,,, ,Non-Junction,None,,,         ,O'Darra,Beauvais,Rain,Front to Rear,no,no,no,no,no,Campus
102544717,METROPOLITAN NASHVILLE POLICE DEPT,20190770914,Davidson,Not in City Limit,10/21/2019 7:10:00 PM,2,0,0,36.071110,-86.947050,TODD PREIS DR,,,,0.00,,,SAWYER BROWN RD,,,,0.00,Y,Roundabout, ,Intersection,None,,,         ,William,Vanbergen,Rain,Angle,no,no,no,no,no,False
102544722,METROPOLITAN NASHVILLE POLICE DEPT,20190770894,Davidson,Nashville,10/21/2019 7:15:00 PM,2,2,0,36.089440,-86.829940,HILLSBORO PKE,,,,334.00,Feet,North,STANFORD DR,,,,0.00,N,Not at Intersection,N,Non-Junction,None,,,         ,Melissa,Lomax,Rain,Front to Rear,no,no,no,no,no,False
102544746,METROPOLITAN NASHVILLE POLICE DEPT,20190770822,Davidson,Nashville,10/21/2019 5:59:00 PM,2,0,0,36.121960,-86.831930,WESTMONT AV,,,,0.00,,,CANTRELL AV,,,,0.00,Y,Four-Way,N,Intersection,None,,,         ,Molly,Page,Rain,Angle,no,no,no,no,no,False
102544752,METROPOLITAN NASHVILLE POLICE DEPT,20190770692,Davidson,Nashville,10/21/2019 4:08:00 PM,2,0,0,36.070290,-86.722110,NOLENSVILLE PKE,,,,9.00,Feet,West,COTTON LN,,,,0.00,N,Not at Intersection, ,Non-Junction,None,,,         ,William,King,Rain,Front to Rear,no,no,no,no,no,False
102544761,METROPOLITAN NASHVILLE POLICE DEPT,20190770949,Davidson,Nashville,10/21/2019 7:46:00 PM,2,0,0,36.079360,-86.664080,PICCADILLY ROW,,,,136.00,Feet,North,PICCADILLY SAC,,,,0.00,N,Not at Intersection,N,Non-Junction,None,,,         ,Taylor,Hurley,Cloudy,Angle,no,no,no,no,yes,False
102544799,METROPOLITAN NASHVILLE POLICE DEPT,20190771038,Davidson,Nashville,10/21/2019 8:35:00 PM,2,0,0,36.118530,-86.726300,I 24,,,,0.00,,,,,,,53.00,N,Not at Intersection,N,Non-Junction,None,,,         ,Ciarra,Rench,Sleet/Hail,"Sideswipe, Same Direction",no,no,no,no,no,False
102544802,METROPOLITAN NASHVILLE POLICE DEPT,20190770942,Davidson,Nashville,10/21/2019 7:40:00 PM,1,0,0,36.077400,-86.702630,WILLARD DR,,,,381.00,Feet,North,WILLOW LN,,,,0.00,N,Not at Intersection,N,Non-Junction,None,,,         ,Sean,Weaver,Rain,Not Collision with Motor Vehicle in Transport,no,no,no,no,no,False
102544806,METROPOLITAN NASHVILLE POLICE DEPT,20190771011,Davidson,Nashville,10/21/2019 7:58:00 PM,2,0,0,36.153890,-86.765470,LINDSLEY AV,,,,100.00,Feet,West,ACADEMY PL,,,,0.00,N,Not at Intersection,N,Non-Junction,None,,,         ,Jason,King,Clear,Front to Rear,no,no,no,no,yes,False
102544842,METROPOLITAN NASHVILLE POLICE DEPT,20190771007,Davidson,Nashville,10/21/2019 8:20:00 PM,2,1,0,36.024930,-86.742370,EDMONDSON PKE,,,,225.00,Feet,North,MT PISGAH RD,,,,0.00,N,Not at Intersection,N,Non-Junction,None,,,         ,William,King,Rain,Angle,no,no,no,no,no,False
102544875,VANDERBILT UNIVERSITY POLICE,20190769466,Davidson,Nashville,10/21/2019 6:45:00 AM,2,0,0,36.142670,-86.806560,HIGHLAND AV,,,,0.00,,,25TH AVS,,,,0.00,,OTHER, ,Non-Junction,None,,,         ,Sean,Hughes,Clear,Rear to Side,no,no,no,yes,no,Campus
102544907,METROPOLITAN NASHVILLE POLICE DEPT,20190771166,Davidson,Nashville,10/21/2019 9:15:00 PM,2,0,0,36.089810,-86.707140,BRUNER CT,,,,343.00,Feet,East,PARAGON DR,,,,0.00,N,Not at Intersection,N,Non-Junction,None,,,         ,Teresah,Pinho,Clear,Rear to Side,no,no,no,no,yes,False
102544915,METROPOLITAN NASHVILLE POLICE DEPT,20190771494,Davidson,Nashville,10/22/2019 2:15:00 AM,2,0,0,36.136320,-86.783930,WADE AV,,,,72.00,Feet,West,HILLSIDE AV,,,,0.00,N,Not at Intersection,N,Non-Junction,None,,,         ,Stephen,Johnston,Clear,"Sideswipe, Opposite Direction",no,no,no,no,yes,False
102544917,METROPOLITAN NASHVILLE POLICE DEPT,20190771167,Davidson,Nashville,10/21/2019 10:56:00 PM,1,0,0,36.227850,-86.733300,SAUNDERS AVE,,,,4.00,Feet,South,MAPLEWOOD LN,,,,0.00,N,Not at Intersection,Y,Non-Junction,None,,,         ,William,Burnett,Cloudy,Not Collision with Motor Vehicle in Transport,no,no,no,no,yes,False
102544920,METROPOLITAN NASHVILLE POLICE DEPT,20190771286,Davidson,Nashville,10/22/2019 12:00:00 AM,1,0,0,36.166510,-86.803310,JACKSON ST,,,,22.00,Feet,East,17TH AVE N,,,,0.00,N,Not at Intersection,N,Non-Junction,None,,,         ,Joel,Bennett,Clear,Not Collision with Motor Vehicle in Transport,no,no,no,no,yes,False
102544941,METROPOLITAN NASHVILLE POLICE DEPT,20190771406,Davidson,Nashville,10/22/2019 1:12:00 AM,1,1,0,36.233600,-86.727730,JOYCE LN,,,,365.00,Feet,East,GRINSTEAD PL,,,,0.00,N,Not at Intersection,N,Non-Junction,None,,,         ,Shaquille,Graham,Clear,Not Collision with Motor Vehicle in Transport,no,no,no,no,no,False
102544978,METROPOLITAN NASHVILLE POLICE DEPT,20190770126,Davidson,Nashville,10/21/2019 12:15:00 PM,2,0,0,36.186110,-86.798370,ROSA L PARKS BLVD,,,,0.00,,,I65 S EXT RAMP,,,,0.00,Y,Four-Way, ,Intersection,None,,,         ,Wesley,Young,Cloudy,Front to Rear,no,no,no,no,no,False
102544990,METROPOLITAN NASHVILLE POLICE DEPT,20190771829,Davidson,Nashville,10/22/2019 5:40:00 AM,2,1,0,36.150100,-86.748730,I 40,,,,0.00,,,,,,,211.70,N,Not at Intersection,N,Non-Junction,None,,,         ,Daniel,Fuentes,Clear,Front to Rear,no,no,no,no,yes,False
102544994,METROPOLITAN NASHVILLE POLICE DEPT,20190771805,Davidson,Nashville,10/22/2019 6:00:00 AM,2,0,0,36.118390,-86.725990,I 24,,,,0.00,,,,,,,53.00,N,Not at Intersection, ,Non-Junction,None,,,         ,Teresah,Pinho,Clear,Front to Rear,no,no,no,no,no,False
102544996,METROPOLITAN NASHVILLE POLICE DEPT,20190771767,Davidson,Nashville,10/22/2019 5:40:00 AM,2,1,0,36.151320,-86.751030,I 40,,,,0.00,,,,,,,211.55,N,Not at Intersection,N,Non-Junction,None,,,         ,Adam,Masle,Clear,Front to Rear,no,no,no,no,no,False
102545007,METROPOLITAN NASHVILLE POLICE DEPT,20190771771,Davidson,Nashville,10/22/2019 5:40:00 AM,1,0,0,36.157580,-86.707140,US HWY 70,,,,8.00,Feet,West,GAYLAND CT,,,,0.00,N,Not at Intersection, ,Non-Junction,None,,,         ,Michael,Griggs,Clear,Not Collision with Motor Vehicle in Transport,no,no,no,no,no,False
102545018,METROPOLITAN NASHVILLE POLICE DEPT,20190771950,Davidson,Nashville,10/22/2019 7:22:00 AM,2,0,0,36.125360,-86.848010,WHITE BRIDGE PKE,,,,175.00,Feet,North,WOODMONT BLVD,,,,0.00,N,Not at Intersection, ,,None,,,         ,Curtis,Rich,,,no,no,no,no,no,False
102545027,METROPOLITAN NASHVILLE POLICE DEPT,20190771881,Davidson,Nashville,10/22/2019 7:00:00 AM,2,1,0,36.044800,-86.662090,BELL RD,,,,164.00,Feet,West,CANE RIDGE RD,,,,0.00,N,Not at Intersection, ,Non-Junction,None,,,         ,Keith,Parlato,Clear,Front to Rear,no,no,no,no,no,False
102545033,GOODLETTSVILLE POLICE DEPT,19-39556,Davidson,Goodlettsville,10/22/2019 6:35:00 AM,2,0,0,36.297580,-86.714010,I 65,,,,0.00,,,,,,,94.95,N,Not at Intersection, ,Non-Junction,None,,,         ,George,Forbes,Clear,"Sideswipe, Same Direction",no,no,no,no,no,False
102545040,METROPOLITAN NASHVILLE POLICE DEPT,20190771944,Davidson,Nashville,10/22/2019 7:33:00 AM,2,0,0,36.183650,-86.610660,OLD HICKORY BLVD,,,,0.00,,,ANDREW JACKSON PKWY,,,,0.00,Y,Four-Way, ,Intersection,None,,,         ,Cassandra,Del Bosco,Clear,Front to Rear,no,no,no,no,no,False
102545042,METROPOLITAN NASHVILLE POLICE DEPT,20190771847,Davidson,Nashville,10/22/2019 6:43:00 AM,2,2,0,36.153900,-86.625640,STEWARTS FERRY PKE,,,,0.00,,,PERCY PRIEST DR,,,,0.00,Y,Four-Way,N,Intersection,None,,,         ,Michael,Dance,Clear,Angle,no,no,no,no,no,False
102545059,METROPOLITAN NASHVILLE POLICE DEPT,2019768167,Davidson,Nashville,10/20/2019 1:40:00 PM,2,0,0,36.148320,-86.777390,I 40,,,,0.00,,,,,,,210.00,N,Not at Intersection, ,Non-Junction,None,,,         ,David,Barras,Clear,Front to Rear,no,no,no,no,no,False
102545060,METROPOLITAN NASHVILLE POLICE DEPT,2019770007,Davidson,Nashville,10/21/2019 9:00:00 AM,2,0,0,36.146670,-86.779030,8TH AVS,,,,0.00,,,SOUTH ST,,,,0.00,Y,T-Intersection,N,Intersection,None,,,         ,David,Barras,Rain,Front to Rear,no,no,no,no,no,False
102545061,METROPOLITAN NASHVILLE POLICE DEPT,20190771965,Davidson,Antioch,10/22/2019 7:39:00 AM,1,0,0,36.057660,-86.595570,HAMILTON CHURCH RD,,,,722.00,Feet,East,HAMILTON CIR,,,,0.00,N,Not at Intersection,N,Non-Junction,None,,,         ,Keith,Parlato,Clear,Not Collision with Motor Vehicle in Transport,no,no,no,no,no,False
102545063,METROPOLITAN NASHVILLE POLICE DEPT,20190771980,Davidson,Nashville,10/22/2019 7:35:00 AM,2,0,0,36.131730,-86.833270,WEST END AV,,,,90.00,Feet,East,WILSON BLVDN,,,,0.00,N,Not at Intersection, ,Non-Junction,None,,,         ,Brian,Myatt,Clear,Front to Rear,no,no,no,no,no,False
102545066,METROPOLITAN NASHVILLE POLICE DEPT,20190771867,Davidson,Nashville,10/22/2019 7:49:00 AM,2,0,0,36.228330,-86.772890,I 65,,,,0.00,,,,,,,88.85,N,Not at Intersection, ,,None,,,         ,Matthew,Harris,,,no,no,no,no,no,False
102545069,METROPOLITAN NASHVILLE POLICE DEPT,2019-0771942,Davidson,Nashville,10/22/2019 7:21:00 AM,2,0,0,36.059150,-86.715480,TUSCULUM RD,,,,221.00,Feet,East,NOLENSVILLE PKE,,,,0.00,N,Not at Intersection,N,Non-Junction,None,,,         ,Stanley,Collins,Clear,Angle,no,no,no,no,yes,False
102545078,METROPOLITAN NASHVILLE POLICE DEPT,20190771849,Davidson,Nashville,10/22/2019 6:34:00 AM,3,0,0,36.142650,-86.681920,I 40,,,,0.00,,,,,,,215.75,N,Not at Intersection,N,Non-Junction,None,,,         ,Michael,Dance,Clear,Front to Rear,no,no,no,no,no,False
102545081,METROPOLITAN NASHVILLE POLICE DEPT,20190772119,Davidson,Nashville,10/22/2019 8:29:00 AM,2,0,0,36.028300,-86.672710,PETTUS RD,,,,0.00,,,BLUE HOLE RD,,,,0.00,Y,T-Intersection,N,Non-Junction,None,,,         ,Adam,Warren,Clear,Angle,no,no,no,no,no,False
102545085,METROPOLITAN NASHVILLE POLICE DEPT,20190772063,Davidson,Nashville,10/22/2019 8:15:00 AM,2,0,0,36.155640,-86.789740,BROADWAY,,,,0.00,,,14TH AVS,,,,0.00,Y,Five Point Or More, ,Non-Junction,None,,,         ,Bianca,Crawford,Clear,Front to Rear,no,no,no,no,yes,False
102545087,METROPOLITAN NASHVILLE POLICE DEPT,20190771973,Davidson,Nashville,10/22/2019 7:46:00 AM,2,0,0,36.151080,-86.750440,I 40,,,,0.00,,,,,,,211.60,N,Not at Intersection, ,Non-Junction,None,,,         ,Michael,Dance,Clear,Front to Rear,no,no,no,no,no,False
102545095,METROPOLITAN NASHVILLE POLICE DEPT,20190771878,Davidson,Nashville,10/22/2019 6:54:00 AM,2,0,0,36.187890,-86.755710,ELLINGTON PKWYS,,,,674.00,Feet,East,ELLINGTON PKWY S EXT RAMP,,,,0.00,N,Not at Intersection,N,Non-Junction,None,,,         ,Doyle,Price,Clear,Front to Rear,no,no,no,no,yes,False
102545112,METROPOLITAN NASHVILLE POLICE DEPT,20190772198,Davidson,Lakewood,10/22/2019 8:03:00 AM,2,0,0,36.237420,-86.628320,STATE HWY 45,,,,531.00,Feet,North,FIELDS DR,,,,0.00,N,Not at Intersection, ,Non-Junction,None,,,         ,Thomas,Odom,Clear,"Sideswipe, Same Direction",no,no,no,no,no,False