master_record_number,agency,agency_tracking_number,county,city,collision_date,vehicles_involved,number_injured,number_dead,latitude,longitude,roadway_name,roadway_suffix,roadway_number,roadway_local_id,distance_from_reference,miles-feet_indicator,direction_from_reference,intersection_road_name,intersection_road_name_suffix,intersection_road_number,intersection_local_id,mile_marker,intersection_indicator,intersect_type,interchange_related_indicator,relation_to_junction,work_zone_type,construction_maintenance_zone,construction_maintenance_zone_location,fatal_case_number,officer_first_name,officer_last_name,weather_condition(s),manner_of_crash,pedestrian,bicycle,scooter,parking,hitrun,mou
102545127,METROPOLITAN NASHVILLE POLICE DEPT,20190772227,Davidson,Nashville,10/22/2019 9:40:00 AM,2,0,0,36.153640,-86.800360,CHURCH ST,,,,145.00,Feet,East,20TH AVN,,,,0.00,N,Not at Intersection, ,Non-Junction,None,,,         ,Earl,Davis,Clear,"Sideswipe, Same Direction",no,no,no,no,no,False
102545136,METROPOLITAN NASHVILLE POLICE DEPT,20190772109,Davidson,Nashville,10/22/2019 8:39:00 AM,2,0,0,36.202770,-86.750890,ELLINGTON PKWYS,,,,299.00,Feet,South,ELLINGTON PKWY N EXT RAMP,,,,0.00,N,Not at Intersection, ,Non-Junction,None,,,         ,Doyle,Price,Clear,Front to Rear,no,no,no,no,no,False
102545138,METROPOLITAN NASHVILLE POLICE DEPT,20190772042,Davidson,Nashville,10/22/2019 8:12:00 AM,2,2,0,36.163870,-86.786620,CHARLOTTE AV,,,,0.00,,,ROSA L PARKS BLVD,,,,0.00,Y,Four-Way,N,Intersection,None,,,         ,Curtis,Rich,Clear,Angle,no,no,no,no,no,False
102545144,METROPOLITAN NASHVILLE POLICE DEPT,20190772020,Davidson,Nashville,10/22/2019 8:05:00 AM,2,0,0,36.205170,-86.776620,I 65,,,,0.00,,,,,,,87.20,N,Not at Intersection, ,Non-Junction,None,,,         ,James,Wray,Clear,"Sideswipe, Same Direction",no,no,no,no,no,False
102545147,GOODLETTSVILLE POLICE DEPT,19-39559,Davidson,Goodlettsville,10/22/2019 7:23:00 AM,3,0,0,36.307500,-86.694670,VIETNAM VETERANS BLVDS,,,,33.00,Feet,East,CONFERENCE DR,,,,0.00,N,Not at Intersection,N,Non-Junction,None,,,         ,Daniel,Knalls,Clear,Front to Rear,no,no,no,no,no,False
102545148,METROPOLITAN NASHVILLE POLICE DEPT,20190772168,Davidson,Nashville,10/22/2019 8:46:00 AM,2,0,0,36.098960,-86.717510,MCCALL ST,,,,0.00,,,ANTIOCH PKE,,,,0.00,Y,T-Intersection, ,Intersection,None,,,         ,Charles,Wakefield,Clear,Angle,no,no,no,no,no,False
102545149,METROPOLITAN NASHVILLE POLICE DEPT,20190771893,Davidson,Nashville,10/22/2019 7:03:00 AM,2,0,0,36.209290,-86.838100,CLARKSVILLE PKE,,,,0.00,,,,,,,0.00,,,N,Non-Junction,None,,,         ,Wesley,Young,Clear,Rear to Rear,no,no,no,yes,yes,False
102545153,METROPOLITAN NASHVILLE POLICE DEPT,20190772036,Davidson,Nashville,10/22/2019 8:10:00 AM,3,0,0,36.163370,-86.699640,LEBANON PKE,,,,665.00,Feet,East,MEADOW CLIFF,,,,0.00,N,Not at Intersection, ,Non-Junction,None,,,         ,Larry,Benz,Clear,Front to Rear,no,no,no,no,no,False
102545155,METROPOLITAN NASHVILLE POLICE DEPT,20190772104,Davidson,Nashville,10/22/2019 8:38:00 AM,2,0,0,36.102640,-86.740990,NOLENSVILLE PKE,,,,3.00,Feet,North,THUSS AV,,,,0.00,N,Not at Intersection, ,Non-Junction,None,,,         ,Nopel,Stella,Clear,Front to Rear,no,no,no,no,no,False
102545156,METROPOLITAN NASHVILLE POLICE DEPT,20190772004,Davidson,Nashville,10/22/2019 8:00:00 AM,2,0,0,36.154300,-86.818330,28TH AVN,,,,127.00,Feet,North,CHARLOTTE AV,,,,0.00,N,Not at Intersection, ,Non-Junction,None,,,         ,Wesley,Young,Clear,Front to Rear,no,no,no,no,no,False
102545157,METROPOLITAN NASHVILLE POLICE DEPT,20190772277,Davidson,Nashville,10/22/2019 10:01:00 AM,3,2,0,36.131350,-86.695380,BRILEY PKWYS,,,,10.00,Feet,South,BRILEY PKWY S ENT RAMP,,,,0.00,N,Not at Intersection,N,Non-Junction,None,,,         ,Michael,Dance,Clear,Front to Rear,no,no,no,no,no,False
102545167,METROPOLITAN NASHVILLE POLICE DEPT,20190772127,Davidson,Nashville,10/22/2019 8:40:00 AM,2,0,0,36.152670,-86.855810,I 40,,,,0.00,,,,,,,204.10,N,Not at Intersection,N,Non-Junction,None,,,         ,Terrence,Bradley,Clear,Front to Rear,no,no,no,no,no,False
102545169,METROPOLITAN NASHVILLE POLICE DEPT,20190772163,Davidson,Nashville,10/22/2019 8:50:00 AM,2,0,0,36.214960,-86.775420,I 65,,,,0.00,,,,,,,87.95,N,Not at Intersection, ,Non-Junction,None,,,         ,Wesley,Young,Clear,"Sideswipe, Same Direction",no,no,no,no,no,False
102545171,METROPOLITAN NASHVILLE POLICE DEPT,20190772074,Davidson,Nashville,10/22/2019 8:03:00 AM,2,0,0,36.155930,-86.760970,I40 W ENT RAMP,,,,0.00,,,ANTHES DR,,,,0.00,Y,OTHER,N,Entrance/Exit Ramp Related,None,,,         ,Alec,Pellissier,Clear,Front to Rear,no,no,no,no,no,False
102545176,METROPOLITAN NASHVILLE POLICE DEPT,20190772084,Davidson,Madison,10/22/2019 8:27:00 AM,2,0,0,36.264070,-86.690280,STATE HWY 45,,,,0.00,,,MYATT DR,,,,0.00,Y,Four-Way,N,Intersection,None,,,         ,Spencer,Pittman,Clear,Angle,no,no,no,no,no,False
102545177,METROPOLITAN NASHVILLE POLICE DEPT,20190772208,Davidson,Nashville,10/22/2019 9:00:00 AM,2,0,0,36.192800,-86.777770,I 65,,,,0.00,,,,,,,86.45,N,Not at Intersection, ,Non-Junction,None,,,         ,Wesley,Young,Clear,Front to Rear,no,no,no,no,no,False
102545183,METROPOLITAN NASHVILLE POLICE DEPT,20190771844,Davidson,Nashville,10/22/2019 6:30:00 AM,5,0,0,36.072690,-86.691710,I 24,,,,0.00,,,,,,,56.75,N,Not at Intersection, ,Non-Junction,None,,,         ,Jessie,Meadows,Clear,Front to Rear,no,no,no,no,no,False
102545185,METROPOLITAN NASHVILLE POLICE DEPT,20190772246,Davidson,Nashville,10/22/2019 9:55:00 AM,2,1,0,36.193660,-86.831220,CLARKSVILLE PKE,,,,0.00,,,BUENA VISTA PKE,,,,0.00,Y,Four-Way,N,Intersection,None,,,         ,Wesley,Young,Clear,Angle,no,no,no,no,no,False
102545194,METROPOLITAN NASHVILLE POLICE DEPT,2019-0772341,Davidson,Nashville,10/22/2019 10:15:00 AM,2,0,0,36.241970,-86.757280,DICKERSON PKE ENT RAMP,,,,0.00,,,BRILEY PKWY W ENT RAMP,,,,0.00,Y,Four-Way,N,Intersection,None,,,         ,Travis,Baxter,Clear,"Sideswipe, Same Direction",no,no,no,no,yes,False
102545199,METROPOLITAN NASHVILLE POLICE DEPT,20190771874,Davidson,Nashville,10/22/2019 6:25:00 AM,2,0,0,36.161240,-86.701790,LEBANON PKE,,,,0.00,,,LYNMEADE DR,,,,0.00,Y,T-Intersection,N,Intersection-Related,None,,,         ,William,Mckay,Clear,Angle,no,no,no,no,no,False
102545201,METROPOLITAN NASHVILLE POLICE DEPT,20190772320,Davidson,Nashville,10/22/2019 10:17:00 AM,2,0,0,36.142540,-86.735440,I 40,,,,0.00,,,,,,,212.80,N,Not at Intersection, ,Non-Junction,None,,,         ,Thomas,Odom,Clear,"Sideswipe, Same Direction",no,no,no,no,no,False
102545202,METROPOLITAN NASHVILLE POLICE DEPT,20190772406,Davidson,Old Hickory,10/22/2019 10:58:00 AM,2,0,0,36.252510,-86.647810,STATE HWY 45,,,,50.00,Feet,East,HADLEY AVE,,,,0.00,N,Not at Intersection, ,Non-Junction,None,,,         ,Thomas,Odom,Clear,Front to Rear,no,no,no,no,no,False
102545203,METROPOLITAN NASHVILLE POLICE DEPT,20190771908,Davidson,Nashville,10/22/2019 7:34:00 AM,2,0,0,36.042140,-86.653260,I 24,,,,0.00,,,,,,,59.80,N,Not at Intersection,N,Non-Junction,None,,,         ,Jessie,Meadows,Clear,Front to Rear,no,no,no,no,no,False
102545204,METROPOLITAN NASHVILLE POLICE DEPT,20190772388,Davidson,Nashville,10/22/2019 10:57:00 AM,2,0,0,36.158350,-86.771930,1ST AVS,,,,0.00,,,KOREAN VETERANS BLVD,,,,0.00,Y,Four-Way, ,,None,,,         ,Bianca,Crawford,,,no,no,no,no,no,False
102545205,METROPOLITAN NASHVILLE POLICE DEPT,20190772442,Davidson,Nashville,10/22/2019 11:19:00 AM,2,0,0,36.112160,-86.922800,I40 W ENT RAMP,,,,0.00,,,I 40,,,,0.00,Y,T-Intersection,N,Entrance/Exit Ramp Related,None,,,         ,Curtis,Rich,Clear,Angle,no,no,no,no,no,False
102545207,METROPOLITAN NASHVILLE POLICE DEPT,20190772279,Davidson,Nashville,10/22/2019 10:01:00 AM,4,1,0,36.095520,-86.707510,I 24,,,,0.00,,,,,,,54.95,N,Not at Intersection,N,Non-Junction,None,,,         ,Stanley,Collins,Clear,Front to Rear,no,no,no,no,no,False
102545208,METROPOLITAN NASHVILLE POLICE DEPT,2019-0770248,Davidson,Nashville,10/21/2019 1:00:00 PM,1,0,0,36.123040,-86.751210,I 440,,,,0.00,,,,,,,6.30,N,Not at Intersection,Y,Entrance/Exit Ramp Related,Construction Zone,Lane Shift-Crossover,Activity Area,         ,David,Barras,Rain,Not Collision with Motor Vehicle in Transport,no,no,no,no,no,False
102545219,METROPOLITAN NASHVILLE POLICE DEPT,20190771885,Davidson,Nashville,10/22/2019 6:54:00 AM,2,0,0,36.042140,-86.653260,I 24,,,,0.00,,,,,,,59.80,N,Not at Intersection,N,Non-Junction,None,,,         ,Jessie,Meadows,Clear,Front to Rear,no,no,no,no,no,False
102545220,METROPOLITAN NASHVILLE POLICE DEPT,20190772367,Davidson,Nashville,10/22/2019 10:59:00 AM,2,0,0,36.130600,-86.727600,I 24,,,,0.00,,,,,,,51.15,N,Not at Intersection, ,Non-Junction,None,,,         ,Nopel,Stella,Clear,"Sideswipe, Same Direction",no,no,no,no,yes,False
102545223,METROPOLITAN NASHVILLE POLICE DEPT,20190772331,Davidson,Nashville,10/22/2019 9:45:00 AM,2,0,0,36.171140,-86.873410,CENTENNIAL BLVD,,,,39.00,Feet,West,CENTENNIAL BOULEVARD RAMP,,,,0.00,N,Not at Intersection, ,Non-Junction,None,,,         ,Charles,Boles,Clear,"Sideswipe, Same Direction",no,no,no,no,no,False
102545229,BELLE MEADE POLICE DEPT,19-0308,Davidson,Belle Meade,10/22/2019 11:08:00 AM,2,0,0,36.122310,-86.851320,LYNNWOOD BLVD,,,,0.00,,,HILLWOOD BLVD,,,,0.00,Y,Four-Way, ,Intersection-Related,None,,,         ,David,Wright,Clear,Angle,no,no,no,no,yes,False
102545256,METROPOLITAN NASHVILLE POLICE DEPT,20190772281,Davidson,Nashville,10/22/2019 10:03:00 AM,2,2,0,36.169280,-86.862060,CENTENNIAL BLVD,,,,0.00,Feet,,LINDER INDUSTRIAL DR,,,,0.00,Y,Four-Way,N,Intersection,None,,,         ,Michael,Pyle,Clear,HeadOn,no,no,no,no,no,False
102545259,METROPOLITAN NASHVILLE POLICE DEPT,20190772570,Davidson,Nashville,10/22/2019 12:18:00 PM,2,0,0,36.156520,-86.865620,ROBERTSON AV,,,,71.00,Feet,East,STEVENSON ST,,,,0.00,N,Not at Intersection,N,Non-Junction,None,,,         ,Curtis,Rich,Clear,Front to Rear,no,no,no,no,no,False
102545270,METROPOLITAN NASHVILLE POLICE DEPT,20190772120,Davidson,Nashville,10/22/2019 8:35:00 AM,2,0,0,36.156320,-86.825490,I 40,,,,0.00,,,,,,,205.75,N,Not at Intersection,N,Non-Junction,None,,,         ,Donald,Davidson,Clear,Front to Rear,no,no,no,no,no,False
102545280,METROPOLITAN NASHVILLE POLICE DEPT,20190772427,Davidson,Madison,10/22/2019 11:16:00 AM,2,2,0,36.264100,-86.724180,OLD HICKORY BLVDW,,,,0.00,Feet,,HERITAGE DR,,,,0.00,Y,T-Intersection,Y,Intersection,None,,,         ,Matthew,Harris,Clear,Front to Rear,no,no,no,no,no,False
102545297,METROPOLITAN NASHVILLE POLICE DEPT,20190771994,Davidson,Antioch,10/22/2019 7:53:00 AM,4,5,0,36.058430,-86.597860,HOBSON PKE,,,,59.00,Feet,South,HAMILTON CHURCH RD,,,,0.00,N,Not at Intersection,N,Non-Junction,None,,,         ,Jessie,Meadows,Clear,Angle,no,no,no,no,no,False
102545299,METROPOLITAN NASHVILLE POLICE DEPT,20190772520,Davidson,Nashville,10/22/2019 11:41:00 AM,2,0,0,36.139620,-86.818800,WEST END AV,,,,90.00,Feet,North,MURPHY RD,,,,0.00,N,Not at Intersection, ,Non-Junction,Work Zone,,,         ,Earl,Davis,Clear,"Sideswipe, Same Direction",no,no,no,no,no,False
102545319,METROPOLITAN NASHVILLE POLICE DEPT,20190772645,Davidson,Nashville,10/22/2019 1:03:00 PM,2,0,0,36.143690,-86.744200,FESSLERS LN,,,,332.00,Feet,North,MURFREESBORO PKE,,,,0.00,N,Not at Intersection, ,Non-Junction,None,,,         ,Michael,Dance,Clear,"Sideswipe, Same Direction",no,no,no,no,no,False
102545335,METROPOLITAN NASHVILLE POLICE DEPT,20190772584,Davidson,Nashville,10/22/2019 12:28:00 PM,2,0,0,36.121470,-86.794290,KIRKWOOD AV,,,,176.00,Feet,East,BELMONT BLVD,,,,0.00,N,Not at Intersection,N,Non-Junction,None,,,         ,Zachary,Maxa,Clear,"Sideswipe, Same Direction",no,no,no,no,no,False
102545336,METROPOLITAN NASHVILLE POLICE DEPT,20190772159,Davidson,Nashville,10/22/2019 9:03:00 AM,1,1,0,36.042710,-86.634760,MT VIEW RD,,,,858.00,Feet,West,OLD FRANKLIN RD,,,,0.00,N,Not at Intersection,N,Non-Junction,None,,,         ,Jessie,Meadows,Clear,Not Collision with Motor Vehicle in Transport,no,no,no,no,no,False
102545338,METROPOLITAN NASHVILLE POLICE DEPT,20190772658,Davidson,Nashville,10/22/2019 1:00:00 PM,3,0,0,36.119370,-86.808910,HILLSBORO PKE,,,,100.00,Feet,South,STOKES LN,,,,0.00,N,Not at Intersection, ,Non-Junction,None,,,         ,Earl,Davis,Clear,Front to Rear,no,no,no,no,no,False
102545343,METROPOLITAN NASHVILLE POLICE DEPT,20190772620,Davidson,Nashville,10/22/2019 12:49:00 PM,2,1,0,36.121410,-86.804070,I440 E ENT RAMP,,,,0.00,,,I 440,,,,0.00,Y,OTHER, ,Non-Junction,Construction Zone,,,         ,Albert,Wilson,Clear,Front to Rear,no,no,no,no,no,False
102545344,METROPOLITAN NASHVILLE POLICE DEPT,20190770469,Davidson,Nashville,10/21/2019 3:37:00 PM,2,0,0,36.158890,-86.782110,BROADWAY,,,,0.00,,,8TH AVS,,,,0.00,Y,Four-Way, ,Intersection,None,,,         ,Michael,Douglas,Rain,Unknown,no,no,no,no,yes,False
102545347,METROPOLITAN NASHVILLE POLICE DEPT,20190772456,Davidson,Nashville,10/22/2019 11:30:00 AM,2,1,0,36.167680,-86.787780,ROSA L PARKS BLVD,,,,20.00,Feet,North,10TH CIRN,,,,0.00,N,Not at Intersection,N,Non-Junction,None,,,         ,Donald,Davidson,Clear,Front to Rear,no,no,no,no,no,False
102545349,METROPOLITAN NASHVILLE POLICE DEPT,20190770363,Davidson,Nashville,10/21/2019 2:25:00 PM,2,0,0,36.056100,-86.663400,MT VIEW RD,,,,1035.00,Feet,West,HIGHLANDER DR,,,,0.00,N,Not at Intersection, ,Non-Junction,None,,,         ,Keith,Parlato,Rain,Front to Rear,no,no,no,no,no,False
102545354,METROPOLITAN NASHVILLE POLICE DEPT,20190772558,Davidson,Nashville,10/22/2019 12:30:00 PM,2,0,0,36.101050,-86.819780,HOBBS RD,,,,0.00,,,HILLSBORO CIR,,,,0.00,Y,T-Intersection, ,Intersection,None,,,         ,George,Spencer,Clear,Angle,no,no,no,no,no,False
102545356,METROPOLITAN NASHVILLE POLICE DEPT,20190749414,Davidson,Not in City Limit,10/12/2019 11:15:00 AM,2,0,0,36.082680,-86.944120,SAWYER BROWN RD,,,,292.00,Feet,North,ESTERBROOK DR,,,,0.00,N,Not at Intersection, ,Non-Junction,None,,,         ,Terrence,Bradley,Clear,Angle,no,no,no,no,no,False
102545357,METROPOLITAN NASHVILLE POLICE DEPT,20190772387,Davidson,Nashville,10/22/2019 10:54:00 AM,1,0,0,36.080730,-86.696650,I 24,,,,0.00,,,,,,,56.15,N,Not at Intersection,N,Non-Junction,None,,,         ,Jessie,Meadows,Clear,Not Collision with Motor Vehicle in Transport,no,no,no,no,no,False
102545369,METROPOLITAN NASHVILLE POLICE DEPT,20190772515,Davidson,Nashville,10/22/2019 12:06:00 PM,2,0,0,36.124370,-86.741820,I 440,,,,0.00,,,,,,,6.75,N,Not at Intersection, ,Non-Junction,None,,,         ,Nopel,Stella,Clear,"Sideswipe, Same Direction",no,no,no,no,no,False
102545384,METROPOLITAN NASHVILLE POLICE DEPT,20190772311,Davidson,Nashville,10/22/2019 10:00:00 AM,2,4,0,36.120640,-86.726810,I 24,,,,0.00,,,,,,,52.90,N,Not at Intersection, ,Non-Junction,None,,,         ,Theodore,Flick,Clear,Front to Rear,no,no,no,no,no,False
102545409,METROPOLITAN NASHVILLE POLICE DEPT,20190772781,Davidson,Nashville,10/22/2019 2:08:00 PM,2,0,0,36.192330,-86.616320,JUAREZ DR,,,,0.00,,,STATE HWY 45,,,,0.00,Y,Four-Way, ,Intersection,None,,,         ,Thomas,Odom,Clear,Angle,no,no,no,no,no,False
102545410,METROPOLITAN NASHVILLE POLICE DEPT,20190772818,Davidson,Nashville,10/22/2019 2:22:00 PM,2,0,0,36.172610,-86.649470,US HWY 70,,,,0.00,,,DISSPAYNE DR,,,,0.00,Y,Four-Way, ,Intersection,None,,,         ,Thomas,Odom,Clear,Angle,no,no,no,no,no,False
102545419,METROPOLITAN NASHVILLE POLICE DEPT,20190772813,Davidson,Nashville,10/22/2019 2:44:00 PM,2,0,0,36.155600,-86.789250,I 40,,,,0.00,,,,,,,209.15,N,Not at Intersection,N,Non-Junction,None,,,         ,Randall,Ward,Clear,"Sideswipe, Same Direction",no,no,no,no,yes,False
102545439,GOODLETTSVILLE POLICE DEPT,19-39608,Davidson,Goodlettsville,10/22/2019 12:55:00 PM,2,0,0,36.312120,-86.679170,VIETNAM VETERANS BLVDS,,,,1239.00,Feet,East,VIETNAM VETERANS BLVDN,,,,0.00,N,Not at Intersection, ,Non-Junction,None,,,         ,George,Forbes,Clear,"Sideswipe, Same Direction",no,no,no,no,no,False
102545440,METROPOLITAN NASHVILLE POLICE DEPT,20190772882,Davidson,Nashville,10/22/2019 2:45:00 PM,2,0,0,36.139270,-86.822580,I 440,,,,0.00,,,,,,,1.30,N,Not at Intersection,N,Non-Junction,None,,,         ,David,Lang,Clear,Front to Rear,no,no,no,no,no,False
102545457,METROPOLITAN NASHVILLE POLICE DEPT,20190772927,Davidson,Nashville,10/22/2019 3:20:00 PM,3,0,0,36.045480,-86.658290,I24 W EXT RAMP,,,,68.00,Feet,East,I 24,,,,0.00,N,Not at Intersection, ,,None,,,         ,Jesse,Cox,,,no,no,no,no,no,False
102545483,METROPOLITAN NASHVILLE POLICE DEPT,20190772957,Davidson,Nashville,10/22/2019 3:56:00 PM,2,1,0,36.082110,-86.761700,SIDCO DR,,,,2.00,Feet,North,HARDING PL,,,,0.00,N,Not at Intersection,N,Non-Junction,None,,,         ,Citlaly,Juarez,Clear,Front to Rear,no,no,no,no,no,False
102545484,METROPOLITAN NASHVILLE POLICE DEPT,20190772947,Davidson,Nashville,10/22/2019 3:20:00 PM,2,0,0,36.173220,-86.769660,I 24,,,,0.00,,,,,,,48.20,N,Not at Intersection, ,Non-Junction,None,,,         ,Gregory,Cenicola,Clear,Angle,no,no,no,no,no,False
102545492,METROPOLITAN NASHVILLE POLICE DEPT,2019772910,Davidson,Nashville,10/22/2019 3:08:00 PM,2,0,0,36.087780,-86.691390,HARDING PL,,,,273.00,Feet,East,ANTIOCH PKE,,,,0.00,N,Not at Intersection,N,Non-Junction,None,,,         ,Laura,Williams,Clear,Angle,no,no,no,no,no,False
102545497,METROPOLITAN NASHVILLE POLICE DEPT,20190772816,Davidson,Nashville,10/22/2019 2:44:00 PM,4,1,0,36.144790,-86.822130,I 440,,,,0.00,,,,,,,1.10,N,Not at Intersection,N,Non-Junction,Construction Zone,Laneclosure,Unknown,         ,FELIKS,ABRAHAMYAN,Clear,Front to Rear,no,no,no,no,yes,False
102545504,METROPOLITAN NASHVILLE POLICE DEPT,20190773061,Davidson,Nashville,10/22/2019 4:33:00 PM,2,0,0,36.044930,-86.702250,OLD HICKORY BLVD,,,,0.00,,,,,,,0.00,,,N,Non-Junction,None,,,         ,YUNUS,ADAK,Clear,Angle,no,no,no,yes,yes,False
102545510,METROPOLITAN NASHVILLE POLICE DEPT,20190772873,Davidson,Nashville,10/21/2019 6:00:00 PM,2,0,0,36.111160,-86.755230,THOMPSON LN,,,,0.00,,,SIDCO DR,,,,0.00,Y,Four-Way, ,Intersection,None,,,         ,Donovan,Coble,Clear,Front to Rear,no,no,no,no,no,False
102545522,METROPOLITAN NASHVILLE POLICE DEPT,20190772923,Davidson,Nashville,10/22/2019 3:38:00 PM,2,0,0,36.143960,-86.822280,I 440,,,,0.00,,,,,,,1.00,N,Not at Intersection, ,,Construction Zone,,,         ,FELIKS,ABRAHAMYAN,,,no,no,no,no,no,False
102545523,METROPOLITAN NASHVILLE POLICE DEPT,20190772980,Davidson,Nashville,10/22/2019 4:15:00 PM,2,0,0,36.184970,-86.731390,PORTER RD,,,,0.00,Feet,,TILLMAN LN,,,,0.00,Y,T-Intersection, ,Intersection,None,,,         ,Thomas,Parsons,Clear,Angle,no,no,no,no,no,False
102545542,BERRY HILL POLICE DEPT,19-4492,Davidson,Berry Hill,10/22/2019 4:39:00 PM,2,0,0,36.111930,-86.762920,THOMPSON LN,,,,0.00,,,E IRIS DR,,,,0.00,Y,T-Intersection,Y,Intersection,None,,,         ,John,Gleixner,Clear,Angle,no,no,no,no,no,False
102545547,METROPOLITAN NASHVILLE POLICE DEPT,20190772981,Davidson,Nashville,10/22/2019 4:10:00 PM,2,1,0,36.046850,-86.679410,BELL RD,,,,0.00,,,BRITTANY PARK DR,,,,0.00,Y,T-Intersection,N,Intersection,None,,,         ,Matthew,Turppa,Clear,Front to Rear,no,no,no,no,yes,False
102545552,METROPOLITAN NASHVILLE POLICE DEPT,20190772998,Davidson,Nashville,10/22/2019 4:19:00 PM,2,1,0,36.197610,-86.837390,ASHLAND CITY HWY,,,,22.00,Feet,West,CLARKSVILLE PKE,,,,0.00,N,Not at Intersection, ,Non-Junction,None,,,         ,Melvin,Taylor,Clear,"Sideswipe, Same Direction",no,no,no,no,no,False
102545553,METROPOLITAN NASHVILLE POLICE DEPT,20190772857,Davidson,Nashville,10/22/2019 2:59:00 PM,2,1,0,36.134230,-86.776370,I65 S ENT RAMP,,,,0.00,,,I65 S EXT RAMP,,,,0.00,Y,OTHER,N,Entrance/Exit Ramp Related,None,,,         ,Cynthia,Quirouette,Clear,Angle,no,no,no,no,no,False
102545555,METROPOLITAN NASHVILLE POLICE DEPT,20190772908,Davidson,Nashville,10/22/2019 2:20:00 PM,2,0,0,36.171430,-86.769040,INTERSTATE DR,,,,0.00,,,JAMES ROBERTSON PKWY,,,,0.00,Y,Four-Way, ,Intersection,None,,,         ,Jason,King,Clear,Angle,no,no,no,no,no,False
102545556,METROPOLITAN NASHVILLE POLICE DEPT,20190773115,Davidson,Nashville,10/22/2019 3:10:00 PM,2,0,0,36.113920,-86.812610,VALLEY BROOK RD,,,,101.00,Feet,West,WOODMONT BLVD,,,,0.00,N,Not at Intersection, ,Non-Junction,None,,,         ,Brandon,Pedigo,Clear,Angle,no,no,no,no,no,False
102545565,METROPOLITAN NASHVILLE POLICE DEPT,20190773040,Davidson,Nashville,10/22/2019 4:00:00 PM,2,0,0,36.169540,-86.601050,OLD HICKORY BLVD,,,,0.00,,,STATE HWY 45,,,,0.00,Y,T-Intersection,N,Intersection,None,,,         ,Keith,Covert,Clear,Front to Rear,no,no,no,no,no,False
102545582,METROPOLITAN NASHVILLE POLICE DEPT,20190773083,Davidson,Nashville,10/22/2019 4:58:00 PM,2,0,0,36.124380,-86.907510,I 40,,,,0.00,,,,,,,200.45,N,Not at Intersection, ,Non-Junction,None,,,         ,Jeremy,Huffine,Clear,Not Collision with Motor Vehicle in Transport,no,no,no,no,no,False
102545584,METROPOLITAN NASHVILLE POLICE DEPT,20190772451,Davidson,Nashville,10/22/2019 11:25:00 AM,3,2,0,36.106210,-86.673060,MURFREESBORO PKE,,,,0.00,,,DONELSON PKE,,,,0.00,Y,Four-Way,N,Intersection,None,,,         ,Jerre,Fly,Clear,Front to Rear,no,no,no,no,no,False
102545605,METROPOLITAN NASHVILLE POLICE DEPT,20190772868,Davidson,Nashville,10/22/2019 2:52:00 PM,2,0,0,36.090390,-86.703340,I 24,,,,0.00,,,,,,,55.35,N,Not at Intersection, ,Non-Junction,None,,,         ,Ryan,Sherry,Clear,"Sideswipe, Same Direction",no,no,no,no,no,False
102545606,METROPOLITAN NASHVILLE POLICE DEPT,2019-0773112,Davidson,Nashville,10/22/2019 12:00:00 AM,2,0,0,36.164900,-86.794850,12TH AVN,,,,0.00,Feet,East,CLINTON ST,,,,0.00,N,Not at Intersection, ,Non-Junction,None,,,         ,Julie,Nabors,Clear,Angle,no,no,no,no,no,False
102545607,METROPOLITAN NASHVILLE POLICE DEPT,20190773162,Davidson,Nashville,10/22/2019 2:57:00 PM,2,0,0,36.045570,-86.711140,OLD HICKORY BLVD,,,,631.00,Feet,East,NOLENSVILLE PKE,,,,0.00,N,Not at Intersection, ,Non-Junction,None,,,         ,YUNUS,ADAK,Clear,"Sideswipe, Same Direction",no,no,no,no,no,False
102545610,METROPOLITAN NASHVILLE POLICE DEPT,20190772892,Davidson,Not in City Limit,10/22/2019 3:20:00 PM,2,1,0,36.269630,-86.694400,ROOSEVELT AV,,,,150.00,Feet,East,MAY DR,,,,0.00,N,Not at Intersection,N,Non-Junction,None,,,         ,Christopher,Littles,Clear,HeadOn,no,no,no,no,no,False
102545611,METROPOLITAN NASHVILLE POLICE DEPT,20190772987,Davidson,Not in City Limit,10/22/2019 4:13:00 PM,2,0,0,36.264150,-86.691470,STATE RT 45,,,,0.00,,,MCARTHUR DR,,,,0.00,Y,Four-Way,N,Intersection,None,,,         ,Christopher,Littles,Clear,Angle,no,no,no,no,no,False
102545612,METROPOLITAN NASHVILLE POLICE DEPT,20190773089,Davidson,Goodlettsville,10/22/2019 4:44:00 PM,2,0,0,36.298140,-86.699850,GLEAVES ST,,,,0.00,,,RIVERGATE PKWY,,,,0.00,Y,Four-Way, ,Intersection,None,,,         ,Christopher,Littles,Clear,Angle,no,no,no,no,no,False
102545613,METROPOLITAN NASHVILLE POLICE DEPT,20190773117,Davidson,Nashville,10/22/2019 5:04:00 PM,2,0,0,36.249190,-86.734460,DUE WEST AVW,,,,0.00,,,S GRAYCROFT AV,,,,0.00,Y,Four-Way,N,Intersection,None,,,         ,Christopher,Littles,Clear,Front to Rear,no,no,no,no,yes,False
102545614,METROPOLITAN NASHVILLE POLICE DEPT,20190773176,Davidson,Goodlettsville,10/22/2019 5:50:00 PM,2,0,0,36.296910,-86.699160,GALLATIN PKEN,,,,0.00,,,RIVERGATE PKWY,,,,0.00,Y,Four-Way, ,Intersection,None,,,         ,Christopher,Littles,Clear,"Sideswipe, Same Direction",no,no,no,no,no,False