master_record_number,agency,agency_tracking_number,county,city,collision_date,vehicles_involved,number_injured,number_dead,latitude,longitude,roadway_name,roadway_suffix,roadway_number,roadway_local_id,distance_from_reference,miles-feet_indicator,direction_from_reference,intersection_road_name,intersection_road_name_suffix,intersection_road_number,intersection_local_id,mile_marker,intersection_indicator,intersect_type,interchange_related_indicator,relation_to_junction,work_zone_type,construction_maintenance_zone,construction_maintenance_zone_location,fatal_case_number,officer_first_name,officer_last_name,weather_condition(s),manner_of_crash,pedestrian,bicycle,scooter,parking,hitrun,mou
102548913,METROPOLITAN NASHVILLE POLICE DEPT,20190780478,Davidson,Nashville,10/25/2019 4:53:00 PM,3,3,0,36.215130,-86.599960,LEBANON PKE,,,,441.00,Feet,North,ANDREW JACKSON PKWY,,,,0.00,N,Not at Intersection,N,Non-Junction,None,,,         ,Abbey,Sawl,Rain,Front to Rear,no,no,no,no,no,False
102548916,METROPOLITAN NASHVILLE POLICE DEPT,20190780586,Davidson,Nashville,10/25/2019 5:09:00 PM,2,0,0,36.133190,-86.768840,BRANSFORD AV,,,,0.00,,,WEDGEWOOD AV,,,,0.00,Y,T-Intersection, ,"Driveway, Alley Access, etc",None,,,         ,John,Chambers,Rain,Angle,no,no,no,no,no,False
102548927,METROPOLITAN NASHVILLE POLICE DEPT,20190780561,Davidson,Nashville,10/25/2019 5:30:00 PM,2,1,0,36.139630,-86.879870,CHARLOTTE PKE,,,,265.00,Feet,West,RUSSLEO DR,,,,0.00,N,Not at Intersection,N,Non-Junction,None,,,         ,Molly,Page,Rain,Rear to Side,no,no,no,no,no,False
102548931,METROPOLITAN NASHVILLE POLICE DEPT,20190780559,Davidson,Nashville,10/25/2019 5:46:00 PM,2,0,0,36.187280,-86.773380,DICKERSON PKE,,,,55.00,Feet,South,CLEVELAND ST,,,,0.00,N,Not at Intersection, ,,None,,,         ,Cody,Jaworski,,,no,no,no,no,no,False
102548932,METROPOLITAN NASHVILLE POLICE DEPT,20190780548,Davidson,Nashville,10/25/2019 5:30:00 PM,3,1,0,36.143560,-86.702140,I 40,,,,0.00,,,,,,,214.60,N,Not at Intersection,N,Non-Junction,None,,,         ,Andrew,Anoskey,Rain,Front to Rear,no,no,no,no,no,False
102548943,METROPOLITAN NASHVILLE POLICE DEPT,20190780625,Davidson,Nashville,10/25/2019 4:35:00 PM,2,0,0,36.086300,-86.729600,NOLENSVILLE PKE,,,,85.00,Feet,North,ELYSIAN FIELDS RD,,,,0.00,N,Not at Intersection, ,,None,,,         ,Heather,Fox,,,no,no,no,no,no,False
102548958,METROPOLITAN NASHVILLE POLICE DEPT,20190780679,Davidson,Nashville,10/25/2019 6:54:00 PM,1,0,0,36.163940,-86.793740,I 40,,,,0.00,,,,,,,208.55,N,Not at Intersection, ,Non-Junction,None,,,         ,Jason,King,Rain,Not Collision with Motor Vehicle in Transport,no,no,no,no,no,False
102548962,METROPOLITAN NASHVILLE POLICE DEPT,20190780452,Davidson,Nashville,10/25/2019 4:37:00 PM,3,0,0,36.151450,-86.852620,CHARLOTTE AV,,,,161.00,Feet,West,MORROW RD,,,,0.00,N,Not at Intersection,N,Non-Junction,None,,,         ,Edward,Starke,Rain,"Sideswipe, Same Direction",no,no,no,no,no,False
102548966,METROPOLITAN NASHVILLE POLICE DEPT,20190780649,Davidson,Nashville,10/25/2019 6:40:00 PM,1,0,0,36.160780,-86.785690,CHURCH ST,,,,118.00,Feet,East,10TH AVN,,,,0.00,N,Not at Intersection,N,Non-Junction,Construction Zone,Work On Shoulder Or Median,Transition Area,         ,Brent,Morris,Rain,Not Collision with Motor Vehicle in Transport,no,no,no,no,no,False
102548970,METROPOLITAN NASHVILLE POLICE DEPT,20190780708,Davidson,Nashville,10/25/2019 6:50:00 PM,2,0,0,36.134240,-86.776370,I65 S ENT RAMP,,,,0.00,Feet,East,I65 S EXT RAMP,,,,0.00,N,Not at Intersection, ,Non-Junction,None,,,         ,Conor,Cronin,Rain,Front to Rear,no,no,no,no,no,False
102548974,METROPOLITAN NASHVILLE POLICE DEPT,20190780379,Davidson,Nashville,10/25/2019 3:51:00 PM,2,0,0,36.112830,-86.922820,OLD HICKORY BLVD,,,,136.00,Feet,North,I40 W EXT RAMP,,,,0.00,N,Not at Intersection, ,Non-Junction,None,,,         ,Ty,Cummings,Rain,Front to Rear,no,no,no,no,no,False
102548975,METROPOLITAN NASHVILLE POLICE DEPT,20190780526,Davidson,Nashville,10/25/2019 5:28:00 PM,4,1,0,36.062120,-86.681800,I 24,,,,0.00,,,,,,,57.65,N,Not at Intersection,N,Non-Junction,None,,,         ,Sean,Weaver,Rain,Front to Rear,no,no,no,no,no,False
102548976,METROPOLITAN NASHVILLE POLICE DEPT,20190780711,Davidson,Nashville,10/25/2019 6:15:00 PM,1,0,0,36.101970,-86.763650,ARMORY DR,,,,0.00,,,I65 N ENT RAMP,,,,0.00,Y,OTHER, ,Entrance/Exit Ramp Related,None,,,         ,John,Chambers,Rain,Not Collision with Motor Vehicle in Transport,no,no,no,no,no,False
102548980,METROPOLITAN NASHVILLE POLICE DEPT,20190780669,Davidson,Nashville,10/25/2019 6:47:00 PM,3,0,0,36.104890,-86.755980,SIDCO DR,,,,35.00,Feet,South,NORRIS AV,,,,0.00,N,Not at Intersection,N,Non-Junction,None,,,         ,Edin,Plancic,Rain,Front to Rear,no,no,no,no,yes,False
102548983,METROPOLITAN NASHVILLE POLICE DEPT,20190780517,Davidson,Nashville,10/25/2019 5:09:00 PM,3,1,0,36.080090,-86.633440,EDGE O LAKE DR,,,,0.00,Feet,North,SAILBOAT DR,,,,0.00,N,Not at Intersection,N,Non-Junction,None,,,         ,Deandera,Payne,Rain,Angle,no,no,no,no,no,False
102548984,METROPOLITAN NASHVILLE POLICE DEPT,20190780378,Davidson,Nashville,10/25/2019 3:45:00 PM,1,0,0,36.119750,-86.770540,BERRY RD,,,,20.00,Feet,West,FESSEY PARK RD,,,,0.00,N,Not at Intersection,N,"Driveway, Alley Access, etc",None,,,         ,Nathan,Dungan,Rain,Not Collision with Motor Vehicle in Transport,no,no,no,no,no,False
102548985,METROPOLITAN NASHVILLE POLICE DEPT,20190780717,Davidson,Nashville,10/25/2019 7:30:00 PM,2,0,0,36.205010,-86.723870,MCGAVOCK PKE,,,,191.00,Feet,East,RIVERSIDE DR,,,,0.00,N,Not at Intersection,N,Non-Junction,None,,,         ,Riley,Brewer,Rain,Angle,no,no,no,no,yes,False
102548990,METROPOLITAN NASHVILLE POLICE DEPT,20190780542,Davidson,Nashville,10/25/2019 5:35:00 PM,3,1,0,36.045280,-86.628400,ASHEFORD TRC,,,,0.00,,,MT VIEW RD,,,,0.00,Y,T-Intersection,Y,Intersection,None,,,         ,Jesse,Cox,Rain,Angle,no,no,no,no,no,False
102548991,METROPOLITAN NASHVILLE POLICE DEPT,20190780628,Davidson,Nashville,10/25/2019 6:36:00 PM,1,0,0,36.135670,-86.876100,HILLWOOD BLVD,,,,286.00,Feet,East,FLEETWOOD DR,,,,0.00,N,Not at Intersection, ,Non-Junction,None,,,         ,Edward,Starke,Rain,Not Collision with Motor Vehicle in Transport,no,no,no,no,no,False
102548992,METROPOLITAN NASHVILLE POLICE DEPT,20190780706,Davidson,Nashville,10/25/2019 7:23:00 PM,2,0,0,36.013380,-86.620800,I24 E EXT RAMP,,,,0.00,,,I 24,,,,0.00,Y,OTHER,Y,OtherLocation,None,,,         ,Ian,Wilson,Rain,Front to Rear,no,no,no,no,no,False
102548993,METROPOLITAN NASHVILLE POLICE DEPT,20190780718,Davidson,Nashville,10/25/2019 7:31:00 PM,2,0,0,36.081880,-86.727030,NOLENSVILLE PKE,,,,275.00,Feet,South,WELSHWOOD DR,,,,0.00,N,Not at Intersection,N,Non-Junction,None,,,         ,Andrew,Brazee,Rain,Angle,no,no,no,no,no,False
102548994,METROPOLITAN NASHVILLE POLICE DEPT,20190780529,Davidson,Nashville,10/25/2019 5:30:00 PM,2,1,0,36.200760,-86.776470,I 65,,,,0.00,,,,,,,86.90,N,Not at Intersection,N,Non-Junction,None,,,         ,Chase,Harriman,Rain,"Sideswipe, Same Direction",no,no,no,no,yes,False
102549002,METROPOLITAN NASHVILLE POLICE DEPT,20190780692,Davidson,Nashville,10/25/2019 6:00:00 PM,2,0,0,36.148600,-86.766580,2ND AVS,,,,35.00,Feet,North,CAMERON ST,,,,0.00,N,Not at Intersection, ,Non-Junction,None,,,         ,Ciarra,Rench,Rain,"Sideswipe, Same Direction",no,no,no,no,no,False
102549003,METROPOLITAN NASHVILLE POLICE DEPT,20190780715,Davidson,Not in City Limit,10/25/2019 5:00:00 PM,2,0,0,36.001710,-86.696040,NOLENSVILLE PKE,,,,74.00,Feet,North,ANDER DR,,,,0.00,N,Not at Intersection, ,Non-Junction,None,,,         ,Donovan,Coble,Rain,Front to Rear,no,no,no,no,no,False
102549005,METROPOLITAN NASHVILLE POLICE DEPT,20190780671,Davidson,Nashville,10/25/2019 6:42:00 PM,2,0,0,36.068120,-86.696340,KEELEY DR,,,,0.00,,,CREEKSIDE DR,,,,0.00,Y,Roundabout,N,Intersection,None,,,         ,Patrick,Martin,Rain,Angle,no,no,no,no,no,False
102549006,METROPOLITAN NASHVILLE POLICE DEPT,20190778553,Davidson,Nashville,10/24/2019 9:05:00 PM,1,0,1,36.107000,-86.743220,NOLENSVILLE PKE,,,,250.00,Feet,North,MORTON AV,,,,0.00,N,Not at Intersection,N,Non-Junction,None,,,19-0858  ,Nathan,Dungan,Cloudy,Not Collision with Motor Vehicle in Transport,yes,no,no,no,yes,False
102549010,METROPOLITAN NASHVILLE POLICE DEPT,20190780700,Davidson,Nashville,10/25/2019 7:00:00 PM,2,0,0,36.123840,-86.826560,WOODLAWN DR,,,,0.00,Feet,,BOWLING AV,,,,0.00,Y,Four-Way,Y,Intersection-Related,None,,,         ,Molly,Page,Rain,"Sideswipe, Opposite Direction",no,no,no,no,no,False
102549020,METROPOLITAN NASHVILLE POLICE DEPT,20190780796,Davidson,Nashville,10/25/2019 7:52:00 PM,2,0,0,36.166330,-86.764780,I 24,,,,0.00,,,,,,,49.00,N,Not at Intersection,N,Non-Junction,None,,,         ,Brynn,Cellan,Rain,"Sideswipe, Same Direction",no,no,no,no,yes,False
102549035,METROPOLITAN NASHVILLE POLICE DEPT,20190780823,Davidson,Nashville,10/25/2019 7:30:00 PM,2,0,0,36.085660,-86.698820,I24 W EXT RAMP,,,,0.00,Feet,East,I 24,,,,0.00,N,Not at Intersection,N,Entrance/Exit Ramp Related,None,,,         ,Patrick,Martin,Rain,Front to Rear,no,no,no,no,yes,False
102549036,METROPOLITAN NASHVILLE POLICE DEPT,20190780600,Davidson,Nashville,10/25/2019 6:04:00 PM,2,0,0,36.193590,-86.831270,S HAMILTON RD,,,,29.00,Feet,West,CLARKSVILLE PKE,,,,0.00,N,Not at Intersection,N,Unknown,None,,,         ,Janelle,Keslar,Rain,Front to Rear,no,no,no,no,no,False
102549037,METROPOLITAN NASHVILLE POLICE DEPT,20190780859,Davidson,Nashville,10/25/2019 12:00:00 AM,2,0,0,36.054900,-86.660280,HIGHLANDER DR,,,,64.00,Feet,North,MT VIEW RD,,,,0.00,N,Not at Intersection,N,Non-Junction,None,,,         ,Madison,Meiss,Rain,"Sideswipe, Same Direction",no,no,no,no,yes,False
102549038,METROPOLITAN NASHVILLE POLICE DEPT,20190780609,Davidson,Nashville,10/25/2019 6:19:00 PM,3,1,0,36.135860,-86.876390,HILLWOOD BLVD,,,,175.00,Feet,East,FLEETWOOD DR,,,,0.00,N,Not at Intersection,N,Non-Junction,None,,,         ,Edward,Starke,Rain,Front to Rear,no,no,no,no,no,False
102549039,METROPOLITAN NASHVILLE POLICE DEPT,20190780826,Davidson,Nashville,10/25/2019 12:00:00 AM,2,0,0,36.028220,-86.672910,PETTUS RD,,,,67.00,Feet,West,BLUE HOLE RD,,,,0.00,N,Not at Intersection,N,Non-Junction,None,,,         ,JA'Karyus,Redwine,Rain,Front to Rear,no,no,no,no,yes,False
102549042,METROPOLITAN NASHVILLE POLICE DEPT,20190780326,Davidson,Nashville,10/25/2019 3:23:00 PM,2,0,0,36.045370,-86.713260,NOLENSVILLE PKE,,,,0.00,,,OLD HICKORY BLVD,,,,0.00,Y,Four-Way, ,Intersection,None,,,         ,Steven,Begley,Rain,Front to Rear,no,no,no,no,no,False
102549051,METROPOLITAN NASHVILLE POLICE DEPT,20190780714,Davidson,Nashville,10/25/2019 7:25:00 PM,1,0,0,36.123660,-86.826580,BOWLING AV,,,,65.00,Feet,South,WOODLAWN DR,,,,0.00,N,Not at Intersection, ,,None,,,         ,Molly,Page,,,no,no,no,no,no,False
102549052,METROPOLITAN NASHVILLE POLICE DEPT,20190780508,Davidson,Nashville,10/25/2019 5:15:00 PM,2,0,0,36.192290,-86.777110,I 65,,,,0.00,,,,,,,86.50,N,Not at Intersection,N,Non-Junction,None,,,         ,Brandon,Simpkins,Rain,Front to Rear,no,no,no,no,no,False
102549056,METROPOLITAN NASHVILLE POLICE DEPT,20190780790,Davidson,Nashville,10/25/2019 6:41:00 PM,2,0,0,36.154610,-86.792110,BROADWAY,,,,263.00,Feet,East,16TH AVS,,,,0.00,N,Not at Intersection,N,Non-Junction,None,,,         ,Gabriel,Hamilton,Rain,"Sideswipe, Same Direction",no,no,no,no,yes,False
102549060,METROPOLITAN NASHVILLE POLICE DEPT,20190780895,Davidson,Nashville,10/25/2019 8:44:00 PM,2,0,0,36.165190,-86.794210,I 40,,,,0.00,,,,,,,208.40,N,Not at Intersection,N,Non-Junction,None,,,         ,Brent,Morris,Rain,"Sideswipe, Same Direction",no,no,no,no,yes,False
102549069,METROPOLITAN NASHVILLE POLICE DEPT,20190780744,Davidson,Nashville,10/25/2019 7:35:00 PM,3,1,0,36.039110,-86.648650,I 24,,,,0.00,,,,,,,60.10,N,Not at Intersection,N,Non-Junction,None,,,         ,Ciarra,Rench,Rain,"Sideswipe, Same Direction",no,no,no,no,yes,False
102549076,METROPOLITAN NASHVILLE POLICE DEPT,20190780900,Davidson,Nashville,10/25/2019 8:50:00 PM,2,0,0,36.235450,-86.724690,GALLATIN PKES,,,,76.00,Feet,North,BRILEY PKWYW,,,,0.00,N,Not at Intersection,N,Non-Junction,None,,,         ,Riley,Brewer,Rain,Angle,no,no,no,no,yes,False
102549078,METROPOLITAN NASHVILLE POLICE DEPT,20190780894,Davidson,Nashville,10/25/2019 7:20:00 PM,2,0,0,36.110930,-86.745410,STATE HWY 155,,,,63.00,Feet,West,RAMP,,,,0.00,N,Not at Intersection,N,Non-Junction,None,,,         ,Eric,Laury,Rain,Front to Rear,no,no,no,no,yes,False
102549085,METROPOLITAN NASHVILLE POLICE DEPT,20190780879,Davidson,Nashville,10/25/2019 7:02:00 PM,2,0,0,36.090180,-86.703430,I 24,,,,0.00,,,,,,,55.35,N,Not at Intersection, ,,None,,,         ,Jesse,Cox,,,no,no,no,no,no,False
102549088,METROPOLITAN NASHVILLE POLICE DEPT,20190780788,Davidson,Nashville,10/25/2019 7:59:00 PM,2,0,0,36.179500,-86.774050,I 24,,,,0.00,,,,,,,47.70,N,Not at Intersection, ,Non-Junction,None,,,         ,Roy,Sain Jr.,Rain,Front to Rear,no,no,no,no,yes,False
102549093,METROPOLITAN NASHVILLE POLICE DEPT,20190780829,Davidson,Nashville,10/25/2019 8:05:00 PM,4,0,0,36.146080,-86.664420,ROYAL PKWY,,,,465.00,Feet,West,AIRPORT CENTER DR,,,,0.00,N,Not at Intersection, ,Non-Junction,None,,,         ,Allyson,Reis,Rain,Angle,no,no,no,no,no,False
102549094,METROPOLITAN NASHVILLE POLICE DEPT,20190780836,Davidson,Nashville,10/25/2019 8:24:00 PM,1,1,0,36.192030,-86.781140,I 65,,,,0.00,,,,,,,86.25,N,Not at Intersection,Y,Entrance/Exit Ramp Related,None,,,         ,Luke,Steigerwalt,Rain,Not Collision with Motor Vehicle in Transport,no,no,no,no,no,False
102549098,METROPOLITAN NASHVILLE POLICE DEPT,20190780381,Davidson,Nashville,10/25/2019 3:14:00 PM,2,0,0,36.080690,-86.799050,TYNE BLVD,,,,0.00,,,SEWANEE RD,,,,0.00,Y,Four-Way, ,,None,,,         ,Cynthia,Quirouette,,,no,no,no,no,no,False
102549100,METROPOLITAN NASHVILLE POLICE DEPT,20190780800,Davidson,Nashville,10/25/2019 4:19:00 PM,3,0,0,36.079240,-86.727390,HARDING PL,,,,343.00,Feet,West,NOLENSVILLE PKE,,,,0.00,N,Not at Intersection,N,Non-Junction,None,,,         ,Cynthia,Quirouette,Rain,Other,no,no,no,no,no,False
102549102,METROPOLITAN NASHVILLE POLICE DEPT,20190778204,Davidson,Joelton,10/24/2019 6:02:00 PM,1,0,0,36.313540,-86.865140,US HWY 431,,,,7.00,Feet,South,RAMP,,,,0.00,N,Not at Intersection, ,Non-Junction,None,,,         ,John,Jones,Clear,Not Collision with Motor Vehicle in Transport,no,no,no,no,no,False
102549103,METROPOLITAN NASHVILLE POLICE DEPT,20190780661,Davidson,Nashville,10/25/2019 6:15:00 PM,2,1,0,36.122200,-86.794730,BELMONT BLVD,,,,71.00,Feet,South,PARIS AVE,,,,0.00,N,Not at Intersection,N,Non-Junction,None,,,         ,Jarrett,Ipox,Rain,Front to Rear,no,no,no,no,no,False
102549112,METROPOLITAN NASHVILLE POLICE DEPT,20190780861,Davidson,Nashville,10/25/2019 12:00:00 AM,2,4,0,36.191020,-86.798950,VANTAGE WAY CT,,,,0.00,Feet,,VANTAGE WAY,,,,0.00,Y,Four-Way,N,Intersection-Related,None,,,         ,Melvin,Taylor,Rain,Angle,no,no,no,no,no,False
102549113,METROPOLITAN NASHVILLE POLICE DEPT,20190781013,Davidson,Antioch,10/25/2019 8:59:00 PM,2,1,0,36.049340,-86.600190,PIN HOOK RD,,,,57.00,Feet,West,HOBSON PKE,,,,0.00,N,Not at Intersection, ,Non-Junction,None,,,         ,YUNUS,ADAK,Rain,Front to Rear,no,no,no,no,no,False
102549114,METROPOLITAN NASHVILLE POLICE DEPT,20190780802,Davidson,Nashville,10/25/2019 8:05:00 PM,5,0,0,36.194630,-86.776180,I 65,,,,0.00,,,,,,,86.50,N,Not at Intersection,N,Non-Junction,None,,,         ,Bryan,Musgrave,Rain,Front to Rear,no,no,no,no,no,False
102549117,METROPOLITAN NASHVILLE POLICE DEPT,20190780957,Davidson,Nashville,10/25/2019 9:33:00 PM,2,1,0,36.059720,-86.670990,ANTIOCH PKE,,,,0.00,,,HICKORY HOLLOW PKWY,,,,0.00,Y,T-Intersection, ,Intersection,None,,,         ,Patrick,Martin,Rain,HeadOn,no,no,no,no,no,False
102549119,METROPOLITAN NASHVILLE POLICE DEPT,20190777964,Davidson,Nashville,10/24/2019 3:52:00 PM,2,1,0,36.176600,-86.793680,ROSA L PARKS BLVD,,,,111.00,Feet,South,TAYLOR ST,,,,0.00,N,Not at Intersection,N,Non-Junction,None,,,         ,Katelin,Ehrhardt,Clear,"Sideswipe, Same Direction",no,no,no,no,no,False
102549130,METROPOLITAN NASHVILLE POLICE DEPT,20190780931,Davidson,Nashville,10/25/2019 9:19:00 PM,2,0,0,36.086910,-86.648680,MURFREESBORO PKE,,,,0.00,Feet,West,NASHBORO BLVD,,,,0.00,N,Not at Intersection, ,Non-Junction,None,,,         ,Deandera,Payne,Rain,"Sideswipe, Same Direction",no,no,no,no,no,False
102549132,METROPOLITAN NASHVILLE POLICE DEPT,20190780985,Davidson,Nashville,10/25/2019 8:50:00 PM,1,0,0,36.068120,-86.696340,CREEKSIDE DR,,,,0.00,,,KEELEY DR,,,,0.00,Y,Four-Way,Y,Intersection,None,,,         ,Jesse,Cox,Rain,Not Collision with Motor Vehicle in Transport,no,no,no,no,no,False
102549138,METROPOLITAN NASHVILLE POLICE DEPT,20190781017,Davidson,Nashville,10/25/2019 10:06:00 PM,1,0,0,36.194980,-86.776160,I 65,,,,0.00,,,,,,,86.50,N,Not at Intersection,Y,Entrance/Exit Ramp Related,None,,,         ,Luke,Steigerwalt,Rain,Not Collision with Motor Vehicle in Transport,no,no,no,no,no,False
102549139,METROPOLITAN NASHVILLE POLICE DEPT,20190780703,Davidson,Goodlettsville,10/25/2019 7:14:00 PM,2,0,0,36.306840,-86.694360,CONFERENCE DR,,,,0.00,,,VIETNAM VETERANS BLVD NB ENT R,,,,0.00,Y,T-Intersection,N,Entrance/Exit Ramp Related,None,,,         ,Christopher,Littles,Rain,Angle,no,no,no,no,yes,False
102549140,METROPOLITAN NASHVILLE POLICE DEPT,20190780731,Davidson,Nashville,10/25/2019 7:22:00 PM,7,0,0,36.251200,-86.742860,DUE WEST AVN,,,,274.00,Feet,North,OLD DUE WEST AV,,,,0.00,N,Not at Intersection,N,Non-Junction,None,,,         ,Christopher,Littles,Rain,Angle,no,no,no,no,yes,False
102549141,METROPOLITAN NASHVILLE POLICE DEPT,20190781036,Davidson,Nashville,10/25/2019 10:20:00 PM,1,0,0,36.162440,-86.827090,34TH AVN,,,,241.00,Feet,South,ALBION ST,,,,0.00,N,Not at Intersection,N,Non-Junction,None,,,         ,Bryan,Musgrave,Rain,Not Collision with Motor Vehicle in Transport,no,no,no,no,no,False
102549157,METROPOLITAN NASHVILLE POLICE DEPT,20190781037,Davidson,Nashville,10/25/2019 12:00:00 AM,1,0,0,36.075750,-86.660890,UNA ANTIOCH PKE,,,,272.00,Feet,East,HUNTERS GREEN CIR,,,,0.00,N,Not at Intersection,N,Non-Junction,None,,,         ,JA'Karyus,Redwine,Rain,Not Collision with Motor Vehicle in Transport,no,no,no,no,no,False
102549161,METROPOLITAN NASHVILLE POLICE DEPT,20190781059,Davidson,Nashville,10/25/2019 7:58:00 PM,2,0,0,36.069340,-86.720550,NOLENSVILLE PKE,,,,204.00,Feet,East,TAYLOR RD,,,,0.00,N,Not at Intersection, ,,None,,,         ,Alex,DiBernardo,,,no,no,no,no,no,False
102549165,METROPOLITAN NASHVILLE POLICE DEPT,20190781016,Davidson,Nashville,10/25/2019 10:07:00 PM,2,0,0,36.159560,-86.774640,3RD AVS,,,,0.00,,,DEMONBREUN ST,,,,0.00,Y,Four-Way, ,Intersection,None,,,         ,Nicolas,Pernell,Rain,Front to Rear,no,no,no,no,no,False
102549172,METROPOLITAN NASHVILLE POLICE DEPT,20190780830,Davidson,Nashville,10/25/2019 6:41:00 PM,2,0,0,36.140910,-86.699950,BRILEY PKWYN,,,,199.00,Feet,South,I40 E ENT RAMP,,,,0.00,N,Not at Intersection, ,Non-Junction,None,,,         ,Andrew,Anoskey,Rain,Front to Rear,no,no,no,no,no,False
102549173,METROPOLITAN NASHVILLE POLICE DEPT,20190765697,Davidson,Nashville,10/19/2019 5:42:00 AM,2,1,0,36.198910,-86.776460,I 65,,,,0.00,,,,,,,86.80,N,Not at Intersection,N,Non-Junction,None,,,         ,Daniel,Kallman,Clear,Front to Rear,no,no,no,no,no,False
102549175,METROPOLITAN NASHVILLE POLICE DEPT,20190780842,Davidson,Nashville,10/25/2019 8:28:00 PM,1,1,0,36.253250,-86.716760,EMMITT AVE,,,,0.00,,,US HWY 31E,,,,0.00,Y,Four-Way,N,Intersection,None,,,         ,Mary,Robinson,Rain,Not Collision with Motor Vehicle in Transport,yes,no,no,no,no,False
102549181,METROPOLITAN NASHVILLE POLICE DEPT,20190781108,Davidson,Nashville,10/25/2019 9:15:00 PM,2,0,0,36.249390,-86.719400,E PALESTINE AVE,,,,0.00,Feet,,US HWY 31E,,,,0.00,Y,T-Intersection,N,Intersection,None,,,         ,Reagan,Heath,Rain,Front to Rear,no,no,no,no,no,False
102549187,METROPOLITAN NASHVILLE POLICE DEPT,20190781076,Davidson,Nashville,10/25/2019 9:20:00 PM,2,0,0,36.142120,-86.815130,31ST AVE S,,,,206.00,Feet,South,32ND AVE S,,,,0.00,N,Not at Intersection, ,Non-Junction,None,,,         ,Douglas,Mann,Rain,Front to Rear,no,no,no,no,yes,Campus
102549207,METROPOLITAN NASHVILLE POLICE DEPT,20190781085,Davidson,Nashville,10/25/2019 11:00:00 PM,2,0,0,36.146470,-86.777040,I40 W ENT RAMP,,,,0.00,,,I 65,,,,0.00,Y,OTHER,N,Entrance/Exit Ramp Related,None,,,         ,Bryce,Hatten,Rain,Front to Rear,no,no,no,no,yes,False
102549208,METROPOLITAN NASHVILLE POLICE DEPT,20190780911,Davidson,Nashville,10/25/2019 9:00:00 PM,1,1,0,36.087290,-86.647760,NASHBORO BLVD,,,,303.00,Feet,East,MURFREESBORO PKE,,,,0.00,N,Not at Intersection,N,Non-Junction,None,,,         ,Andrew,Anoskey,Rain,Not Collision with Motor Vehicle in Transport,yes,no,no,no,no,False
102549209,METROPOLITAN NASHVILLE POLICE DEPT,20190781101,Davidson,Nashville,10/25/2019 10:56:00 PM,2,0,0,36.158310,-86.775440,4TH AVS,,,,22.00,Feet,North,MOLLOY ST,,,,0.00,N,Not at Intersection,N,Non-Junction,None,,,         ,Brenna,Hosey,Rain,"Sideswipe, Same Direction",no,no,no,no,no,False
102549210,METROPOLITAN NASHVILLE POLICE DEPT,20190781206,Davidson,Nashville,10/25/2019 7:15:00 PM,2,0,0,36.251040,-86.715580,E WEBSTER ST,,,,50.00,Feet,West,LIBERTY CIR,,,,0.00,N,Not at Intersection,N,Non-Junction,None,,,         ,Reagan,Heath,Rain,Angle,no,no,no,no,yes,False
102549211,METROPOLITAN NASHVILLE POLICE DEPT,20190781072,Davidson,Nashville,10/25/2019 10:15:00 PM,3,0,0,36.145690,-86.819450,LONG BLVD,,,,36.00,Feet,South,OMAN ST,,,,0.00,N,Not at Intersection,N,Non-Junction,None,,,         ,Brian,Warstadt,Rain,Angle,no,no,no,no,no,False
102549218,METROPOLITAN NASHVILLE POLICE DEPT,20190781195,Davidson,Nashville,10/26/2019 12:00:00 AM,1,0,0,36.144350,-86.694290,I 40,,,,0.00,,,,,,,215.05,N,Not at Intersection,N,Entrance/Exit Ramp Related,None,,,         ,Daniel,Fuentes,Rain,Not Collision with Motor Vehicle in Transport,no,no,no,no,no,False
102549219,METROPOLITAN NASHVILLE POLICE DEPT,20190781176,Davidson,Nashville,10/25/2019 11:51:00 PM,2,0,0,36.206300,-86.776500,I 65,,,,0.00,,,,,,,87.30,N,Not at Intersection, ,,None,,,         ,Trenton,Searcy,,,no,no,no,no,no,False
102549220,METROPOLITAN NASHVILLE POLICE DEPT,20190781199,Davidson,Nashville,10/25/2019 11:50:00 PM,2,0,0,36.152970,-86.775420,6TH AVS,,,,106.00,Feet,South,LAFAYETTE ST,,,,0.00,N,Not at Intersection, ,Non-Junction,None,,,         ,Eric,Jackson,Rain,Front to Rear,no,no,no,no,no,False
102549221,METROPOLITAN NASHVILLE POLICE DEPT,20190781151,Davidson,Nashville,10/25/2019 11:20:00 PM,2,0,0,36.196610,-86.776120,I 65,,,,0.00,,,,,,,86.65,N,Not at Intersection,N,Non-Junction,None,,,         ,Timothy,Ward,Rain,Front to Rear,no,no,no,no,no,False
102549222,METROPOLITAN NASHVILLE POLICE DEPT,20190781182,Davidson,Nashville,10/25/2019 5:00:00 PM,2,0,0,36.083900,-86.891650,PERCY WARNER BLVD,,,,0.00,Feet,,SHADOWOOD DR,,,,0.00,Y,T-Intersection,N,Non-Junction,None,,,         ,Brian,Quigley,Rain,Front to Rear,no,no,no,no,no,False
102549231,METROPOLITAN NASHVILLE POLICE DEPT,20190781116,Davidson,Nashville,10/25/2019 12:00:00 AM,3,0,0,36.185000,-86.805690,OWEN ST,,,,250.00,Feet,North,CLAY ST,,,,0.00,N,Not at Intersection,N,Non-Junction,None,,,         ,Dalton,Crum,Rain,HeadOn,no,no,no,no,yes,False