master_record_number,agency,agency_tracking_number,county,city,collision_date,vehicles_involved,number_injured,number_dead,latitude,longitude,roadway_name,roadway_suffix,roadway_number,roadway_local_id,distance_from_reference,miles-feet_indicator,direction_from_reference,intersection_road_name,intersection_road_name_suffix,intersection_road_number,intersection_local_id,mile_marker,intersection_indicator,intersect_type,interchange_related_indicator,relation_to_junction,work_zone_type,construction_maintenance_zone,construction_maintenance_zone_location,fatal_case_number,officer_first_name,officer_last_name,weather_condition(s),manner_of_crash,pedestrian,bicycle,scooter,parking,hitrun,mou
102549233,METROPOLITAN NASHVILLE POLICE DEPT,2019-0781185,Davidson,Nashville,10/25/2019 11:55:00 PM,2,1,0,36.143240,-86.704920,I 40,,,,0.00,,,,,,,214.50,N,Not at Intersection,N,Non-Junction,None,,,         ,Joshua,McGarvey,Rain,"Sideswipe, Same Direction",no,no,no,no,no,False
102549235,METROPOLITAN NASHVILLE POLICE DEPT,20190781191,Davidson,Antioch,10/26/2019 12:00:00 AM,1,0,0,36.016150,-86.681270,OLD HICKORY BLVD,,,,98.00,Feet,North,CULBERTSON RD,,,,0.00,N,Not at Intersection,N,Non-Junction,None,,,         ,Holly,Davis,Rain,Not Collision with Motor Vehicle in Transport,no,no,no,no,yes,False
102549237,METROPOLITAN NASHVILLE POLICE DEPT,20190781120,Davidson,Nashville,10/25/2019 8:30:00 PM,2,0,0,36.049980,-86.649500,BELL RD,,,,0.00,,,MT VIEW RD,,,,0.00,Y,Four-Way,N,Intersection,None,,,         ,David,Moser,Rain,Angle,no,no,no,no,yes,False
102549238,METROPOLITAN NASHVILLE POLICE DEPT,20190781153,Davidson,Nashville,10/25/2019 11:10:00 PM,2,0,0,36.197350,-86.776220,I 65,,,,0.00,,,,,,,86.70,N,Not at Intersection,N,Non-Junction,None,,,         ,Daniel,Kallman,Rain,Front to Rear,no,no,no,no,no,False
102549239,METROPOLITAN NASHVILLE POLICE DEPT,20190781235,Davidson,Nashville,10/26/2019 12:15:00 AM,2,0,0,36.195490,-86.776150,I 65,,,,0.00,,,,,,,86.55,N,Not at Intersection, ,Non-Junction,None,,,         ,Joseph,Gawlowski,Rain,Front to Rear,no,no,no,no,no,False
102549241,METROPOLITAN NASHVILLE POLICE DEPT,20190781077,Davidson,Nashville,10/25/2019 10:40:00 PM,2,0,0,36.157910,-86.818580,28TH AVN,,,,0.00,,,TORBETT ST,,,,0.00,Y,T-Intersection, ,Non-Junction,None,,,         ,Christopher,Royer,Rain,Angle,no,no,no,no,no,False
102549248,METROPOLITAN NASHVILLE POLICE DEPT,20190781295,Davidson,Nashville,10/26/2019 12:30:00 AM,2,0,0,36.253060,-86.716890,US HWY 31E,,,,80.00,Feet,South,EMMITT AVE,,,,0.00,N,Not at Intersection,N,Non-Junction,None,,,         ,Reagan,Heath,Rain,Angle,no,no,no,no,yes,False
102549249,METROPOLITAN NASHVILLE POLICE DEPT,20190781035,Davidson,Nashville,10/25/2019 10:22:00 PM,1,1,0,36.088040,-86.646360,NASHBORO BLVD,,,,1055.00,Feet,West,NASHBORO VILLAGE PVTDR,,,,0.00,N,Not at Intersection,N,Non-Junction,None,,,         ,Bridget,Griepentrog,Rain,Not Collision with Motor Vehicle in Transport,no,no,no,no,no,False
102549251,METROPOLITAN NASHVILLE POLICE DEPT,20190781104,Davidson,Nashville,10/25/2019 11:00:00 PM,3,2,0,36.199600,-86.776630,I 65,,,,0.00,,,,,,,86.85,N,Not at Intersection, ,Non-Junction,None,,,         ,Timothy,Skopek,Rain,Front to Rear,no,no,no,no,no,False
102549252,METROPOLITAN NASHVILLE POLICE DEPT,20190781283,Davidson,Nashville,10/26/2019 12:48:00 AM,2,0,0,36.149940,-86.791940,MUSIC SQE,,,,36.00,Feet,South,ROY ACUFF PL,,,,0.00,N,Not at Intersection, ,Non-Junction,None,,,         ,Dakota,Vermillion,Rain,"Sideswipe, Same Direction",no,no,no,no,no,False
102549253,GOODLETTSVILLE POLICE DEPT,19-40053,Davidson,Goodlettsville,10/26/2019 12:32:00 AM,2,0,0,36.307310,-86.694950,VIETNAM VETERANS BLVDN,,,,88.00,Feet,West,CONFERENCE DR,,,,0.00,N,Not at Intersection,N,Non-Junction,None,,,         ,Thomas,Eisenbraun,Rain,Not Collision with Motor Vehicle in Transport,no,no,no,no,no,False
102549254,METROPOLITAN NASHVILLE POLICE DEPT,20190781299,Davidson,Nashville,10/26/2019 1:05:00 AM,2,0,0,36.152020,-86.847210,50TH AVN,,,,0.00,,,CHARLOTTE AV,,,,0.00,Y,Four-Way,Y,Intersection,None,,,         ,Matthew,Jankiewicz,Rain,Angle,no,no,no,no,no,False
102549255,METROPOLITAN NASHVILLE POLICE DEPT,20190781210,Davidson,Nashville,10/26/2019 12:10:00 AM,2,0,0,36.149730,-86.769690,MCCANN ST,,,,40.00,Feet,East,4TH AVS,,,,0.00,N,Not at Intersection, ,Non-Junction,None,,,         ,Antoine,Maghamez,Rain,"Sideswipe, Same Direction",no,no,no,no,no,False
102549257,METROPOLITAN NASHVILLE POLICE DEPT,20190781179,Davidson,Nashville,10/25/2019 11:30:00 PM,2,1,0,36.090330,-86.626500,SMITH SPRINGS RD,,,,0.00,,,BELL RD,,,,0.00,Y,Four-Way,N,Intersection,None,,,         ,Michael,Griggs,Rain,Angle,no,no,no,no,no,False
102549261,METROPOLITAN NASHVILLE POLICE DEPT,20190781369,Davidson,Nashville,10/26/2019 1:00:00 AM,2,0,0,36.151970,-86.848570,51ST AVN,,,,0.00,Feet,,CHARLOTTE AV,,,,0.00,Y,Four-Way,Y,Intersection-Related,None,,,         ,Matthew,Jankiewicz,Rain,Angle,no,no,no,no,yes,False
102549262,GOODLETTSVILLE POLICE DEPT,19-40048,Davidson,Goodlettsville,10/25/2019 11:36:00 PM,1,2,0,36.294830,-86.717160,I 65,,,,0.00,,,,,,,94.70,N,Not at Intersection,N,Non-Junction,None,,,         ,Zachary,Scannell,Rain,Not Collision with Motor Vehicle in Transport,no,no,no,no,no,False
102549264,METROPOLITAN NASHVILLE POLICE DEPT,20190781297,Davidson,Nashville,10/26/2019 1:10:00 AM,1,0,0,36.149590,-86.747410,I 40,,,,0.00,,,,,,,211.75,N,Not at Intersection,N,Non-Junction,None,,,         ,Douglas,Meringer,Rain,Not Collision with Motor Vehicle in Transport,no,no,no,no,no,False
102549266,METROPOLITAN NASHVILLE POLICE DEPT,20190781269,Davidson,Nashville,10/26/2019 12:43:00 AM,2,1,0,36.169560,-86.600930,RAMP,,,,0.00,,East,STATE HWY 45,,,,0.00,N,Not at Intersection,N,Entrance/Exit Ramp Related,None,,,         ,Mathew,Clement,Rain,"Sideswipe, Opposite Direction",no,no,no,no,no,False
102549274,METROPOLITAN NASHVILLE POLICE DEPT,20190781317,Davidson,Not in City Limit,10/25/2019 9:30:00 PM,2,0,0,36.107900,-86.927180,I 40,,,,0.00,,,,,,,199.00,N,Not at Intersection,N,Non-Junction,None,,,         ,Brian,Quigley,Rain,Front to Rear,no,no,no,no,no,False
102549278,METROPOLITAN NASHVILLE POLICE DEPT,20190781243,Davidson,Nashville,10/26/2019 12:30:00 AM,1,1,0,36.199420,-86.777090,BRICK CHURCH PKE,,,,232.00,Feet,South,READ AV,,,,0.00,N,Not at Intersection,N,Non-Junction,None,,,         ,Abigail,Malone,Rain,Not Collision with Motor Vehicle in Transport,yes,no,no,no,yes,False
102549280,METROPOLITAN NASHVILLE POLICE DEPT,20190781081,Davidson,Nashville,10/25/2019 8:55:00 PM,2,0,0,36.030180,-86.638350,I 24,,,,0.00,,,,,,,61.00,N,Not at Intersection, ,Non-Junction,None,,,         ,David,Moser,Rain,"Sideswipe, Same Direction",no,no,no,no,no,False
102549281,CHEATHAM CO SHERIFFS OFFICE,191017-0039,Davidson,Not in City Limit,10/17/2019 10:01:00 AM,1,0,0,36.342850,-86.940110,JACKSON FELTS RD,,,,287.00,Feet,North,GREEN ACRES RD,,,,0.00,N,Not at Intersection,N,Non-Junction,None,,,         ,Tashia,Biggs,Clear,Not Collision with Motor Vehicle in Transport,no,no,no,no,yes,False
102549282,METROPOLITAN NASHVILLE POLICE DEPT,20190781351,Davidson,Nashville,10/26/2019 1:53:00 AM,2,0,0,36.125400,-86.709430,MURFREESBORO PKE,,,,145.00,Feet,East,BOWWOOD CT,,,,0.00,N,Not at Intersection, ,Non-Junction,None,,,         ,Jacob,West,Rain,Front to Rear,no,no,no,no,no,False
102549292,METROPOLITAN NASHVILLE POLICE DEPT,20190781455,Davidson,Nashville,10/26/2019 3:02:00 AM,1,0,0,36.124210,-86.740230,I 440,,,,0.00,,,,,,,6.80,N,Not at Intersection,N,Non-Junction,Construction Zone,Work On Shoulder Or Median,Activity Area,         ,Kevin,Breeding,Rain,Not Collision with Motor Vehicle in Transport,no,no,no,no,no,False
102549300,METROPOLITAN NASHVILLE POLICE DEPT,20190781090,Davidson,Nashville,10/25/2019 11:03:00 PM,2,2,0,36.096590,-86.642580,SMITH SPRINGS RD,,,,464.00,Feet,West,UNA RECREATION RD,,,,0.00,N,Not at Intersection,N,Non-Junction,None,,,         ,Bridget,Griepentrog,Rain,Angle,no,no,no,no,no,False
102549301,METROPOLITAN NASHVILLE POLICE DEPT,20190781266,Davidson,Nashville,10/26/2019 12:20:00 AM,2,0,0,36.079610,-86.689660,EZELL RD,,,,83.00,Feet,North,LUNA DR,,,,0.00,N,Not at Intersection, ,Non-Junction,None,,,         ,Dylan,Bradley,Rain,Front to Rear,no,no,no,no,no,False
102549302,METROPOLITAN NASHVILLE POLICE DEPT,20190781413,Davidson,Nashville,10/26/2019 2:30:00 AM,1,2,0,36.053210,-86.672220,I 24,,,,0.00,,,,,,,58.50,N,Not at Intersection,N,Non-Junction,None,,,         ,Dylan,Bradley,Rain,Not Collision with Motor Vehicle in Transport,no,no,no,no,no,False
102549305,METROPOLITAN NASHVILLE POLICE DEPT,20190781430,Davidson,Nashville,10/26/2019 3:10:00 AM,2,2,0,36.198440,-86.620270,LEBANON PKE,,,,0.00,,,OLD HICKORY BLVD,,,,0.00,Y,Four-Way,Y,Intersection,None,,,         ,Daniel,Fuentes,Rain,Angle,no,no,no,no,no,False
102549311,METROPOLITAN NASHVILLE POLICE DEPT,20190781324,Davidson,Nashville,10/26/2019 1:25:00 AM,2,0,0,36.157650,-86.773410,3RD AVS,,,,0.00,,,KOREAN VETERANS BLVD,,,,0.00,Y,Four-Way,Y,Intersection-Related,None,,,         ,Eric,Jackson,Rain,Angle,no,no,no,no,no,False
102549315,METROPOLITAN NASHVILLE POLICE DEPT,20190781397,Davidson,Nashville,10/26/2019 2:31:00 AM,1,0,0,36.151380,-86.751180,I 40,,,,0.00,,,,,,,211.50,N,Not at Intersection,N,Non-Junction,None,,,         ,Adam,Masle,Rain,Not Collision with Motor Vehicle in Transport,no,no,no,no,no,False
102549318,METROPOLITAN NASHVILLE POLICE DEPT,20190781447,Davidson,Nashville,10/26/2019 3:23:00 AM,1,0,0,36.152220,-86.624900,BELL RD,,,,50.00,Feet,East,STEWARTS FERRY PKE,,,,0.00,N,Not at Intersection,N,Non-Junction,None,,,         ,Jacob,West,Rain,Not Collision with Motor Vehicle in Transport,no,no,no,no,no,False
102549320,METROPOLITAN NASHVILLE POLICE DEPT,20190781289,Davidson,Nashville,10/26/2019 1:00:00 AM,2,0,0,36.102080,-86.713280,I 24,,,,0.00,,,,,,,54.40,N,Not at Intersection,N,Non-Junction,None,,,         ,Antoine,Maghamez,Rain,"Sideswipe, Same Direction",no,no,no,no,yes,False
102549322,METROPOLITAN NASHVILLE POLICE DEPT,20190781490,Davidson,Nashville,10/26/2019 3:50:00 AM,1,0,0,36.199770,-86.634510,PLANTATION DR,,,,190.00,Feet,North,BONNAVISTA DR,,,,0.00,N,Not at Intersection,N,Non-Junction,None,,,         ,Meghan,Pope,Rain,Not Collision with Motor Vehicle in Transport,no,no,no,no,no,False
102549325,METROPOLITAN NASHVILLE POLICE DEPT,20190781437,Davidson,Nashville,10/26/2019 3:15:00 AM,2,0,0,36.142650,-86.650580,I 40,,,,0.00,,,,,,,217.45,N,Not at Intersection,N,Non-Junction,None,,,         ,Bridget,Griepentrog,Rain,Front to Rear,no,no,no,no,no,False
102549334,METROPOLITAN NASHVILLE POLICE DEPT,20190781571,Davidson,Nashville,10/26/2019 5:26:00 AM,2,0,0,36.211070,-86.775900,I 65,,,,0.00,,,,,,,87.65,N,Not at Intersection,N,Non-Junction,None,,,         ,Joseph,Gawlowski,Rain,"Sideswipe, Same Direction",no,no,no,no,yes,False
102549336,METROPOLITAN NASHVILLE POLICE DEPT,20190781544,Davidson,Nashville,10/26/2019 5:05:00 AM,2,2,0,36.059070,-86.716220,NOLENSVILLE PKE,,,,0.00,Feet,East,TUSCULUM RD,,,,0.00,N,Not at Intersection,Y,Non-Junction,None,,,         ,Alex,DiBernardo,Rain,Angle,no,no,no,no,no,False
102549340,METROPOLITAN NASHVILLE POLICE DEPT,20190781514,Davidson,Nashville,10/26/2019 4:28:00 AM,1,1,0,36.190090,-86.772940,EVANSTON AV,,,,0.00,Feet,East,DICKERSON PKE,,,,0.00,N,Not at Intersection,N,Non-Junction,None,,,         ,Edward,Holden,Rain,Not Collision with Motor Vehicle in Transport,no,no,no,no,no,False
102549341,METROPOLITAN NASHVILLE POLICE DEPT,20190781606,Davidson,Nashville,10/26/2019 5:52:00 AM,2,0,0,36.155240,-86.790650,BROADWAY,,,,0.00,,,15TH AVN,,,,0.00,Y,T-Intersection, ,Intersection-Related,None,,,         ,Dakota,Vermillion,Rain,"Sideswipe, Same Direction",no,no,no,no,no,False
102549344,METROPOLITAN NASHVILLE POLICE DEPT,20190781587,Davidson,Nashville,10/26/2019 5:38:00 AM,2,1,0,36.158130,-86.790980,I 40,,,,0.00,,,,,,,209.00,N,Not at Intersection,N,Non-Junction,None,,,         ,Brenna,Hosey,Rain,"Sideswipe, Same Direction",no,no,no,no,no,False
102549369,METROPOLITAN NASHVILLE POLICE DEPT,20190781650,Davidson,Nashville,10/26/2019 6:32:00 AM,2,0,0,36.165280,-86.781560,5TH AVN,,,,0.00,Feet,,DEADERICK ST,,,,0.00,Y,Four-Way, ,Intersection-Related,None,,,         ,Kyle,Eicholtz,Rain,Angle,no,no,no,no,no,False
102549375,METROPOLITAN NASHVILLE POLICE DEPT,20190781427,Davidson,Nashville,10/25/2019 5:25:00 PM,1,0,0,36.208170,-86.604930,ANDREW JACKSON PKWY,,,,550.00,Feet,North,HIGHLAND VIEW DR,,,,0.00,,Not at Intersection,N,Non-Junction,None,,,         ,Richard,Luellen,Rain,Not Collision with Motor Vehicle in Transport,no,no,no,no,yes,False
102549377,METROPOLITAN NASHVILLE POLICE DEPT,20190781573,Davidson,Nashville,10/26/2019 5:33:00 AM,5,1,0,36.151190,-86.750690,I 40,,,,0.00,,,,,,,211.55,N,Not at Intersection,N,Non-Junction,None,,,         ,Adam,Masle,Rain,Other,no,no,no,no,no,False
102549385,METROPOLITAN NASHVILLE POLICE DEPT,20190780032,Davidson,Nashville,10/25/2019 12:47:00 PM,2,0,0,36.243890,-86.756580,SKYLINE MEMORIAL CT,,,,0.00,Feet,,DICKERSON PKE,,,,0.00,Y,Four-Way,N,Intersection-Related,None,,,         ,Jacob,Robbins,Clear,Front to Rear,no,no,no,no,yes,False
102549406,THP District 9 - Administrative,319069592,Davidson,Nashville,10/26/2019 5:44:00 AM,2,0,0,36.192750,-86.777860,I 65,,,,0.00,,,,,,,86.45,N,Not at Intersection,N,Non-Junction,None,,,         ,Julio,Lassalle,Rain,Front to Rear,no,no,no,no,no,False
102549409,METROPOLITAN NASHVILLE POLICE DEPT,20190781579,Davidson,Nashville,10/26/2019 5:43:00 AM,3,3,0,36.040100,-86.649690,I 24,,,,0.00,,,,,,,60.00,N,Not at Intersection,N,Non-Junction,Construction Zone,Other,Advanced Warning Area,         ,David,Moser,Rain,Front to Rear,no,no,no,no,no,False
102549410,Nashville Airport Police,2019-04507,Davidson,Nashville,10/23/2019 7:46:00 AM,3,0,0,36.137010,-86.666060,TERMINAL DR,,,,0.00,,,I40 W ENT RAMP,,,,0.00,Y,OTHER, ,Non-Junction,None,,,         ,William,Green,Clear,Front to Rear,no,no,no,no,no,False
102549418,METROPOLITAN NASHVILLE POLICE DEPT,20190781699,Davidson,Nashville,10/26/2019 7:30:00 AM,1,0,0,36.168010,-86.607120,I40 E EXT RAMP,,,,0.00,Feet,East,I 40,,,,0.00,N,Not at Intersection,N,Non-Junction,None,,,         ,Kelsey,Hemminger,Rain,Not Collision with Motor Vehicle in Transport,no,no,no,no,yes,False
102549419,METROPOLITAN NASHVILLE POLICE DEPT,20190781659,Davidson,Nashville,10/26/2019 6:55:00 AM,2,0,0,36.104910,-86.739290,RADNOR ST,,,,199.00,Feet,West,MCCOMBS AV,,,,0.00,N,Not at Intersection,N,Non-Junction,None,,,         ,James,Thomas,Rain,Front to Rear,no,no,no,no,no,False
102549424,METROPOLITAN NASHVILLE POLICE DEPT,20190781639,Davidson,Nashville,10/26/2019 6:45:00 AM,2,0,0,36.197130,-86.776190,I 65,,,,0.00,,,,,,,86.70,N,Not at Intersection, ,Non-Junction,None,,,         ,James,Wray,Rain,Front to Rear,no,no,no,no,no,False
102549439,METROPOLITAN NASHVILLE POLICE DEPT,20190781666,Davidson,Nashville,10/26/2019 6:50:00 AM,2,1,0,36.194430,-86.776250,I 65,,,,0.00,,,,,,,86.50,N,Not at Intersection,Y,Non-Junction,None,,,         ,Kenneth,Oneal,Rain,Front to Rear,no,no,no,no,no,False
102549480,METROPOLITAN NASHVILLE POLICE DEPT,20190781681,Davidson,Nashville,10/26/2019 7:20:00 AM,3,0,0,36.195620,-86.776140,I 65,,,,0.00,,,,,,,86.55,N,Not at Intersection, ,Non-Junction,None,,,         ,Zachary,Goodall,Cloudy,Front to Rear,no,no,no,no,yes,False
102549481,METROPOLITAN NASHVILLE POLICE DEPT,20190781692,Davidson,Nashville,10/26/2019 7:20:00 AM,2,1,0,36.195630,-86.776140,I 65,,,,0.00,,,,,,,86.55,N,Not at Intersection,N,Non-Junction,None,,,         ,Zachary,Goodall,Cloudy,Front to Rear,no,no,no,no,no,False
102549482,METROPOLITAN NASHVILLE POLICE DEPT,20190781829,Davidson,Not in City Limit,10/26/2019 9:15:00 AM,2,0,0,36.077550,-86.947450,HIGHWAY 70S,,,,100.00,Feet,West,BELLEVUE CTR PVTDR,,,,0.00,N,Not at Intersection, ,Non-Junction,None,,,         ,Wesley,Tilley,Cloudy,Front to Rear,no,no,no,no,no,False
102549491,METROPOLITAN NASHVILLE POLICE DEPT,20190781662,Davidson,Nashville,10/26/2019 6:54:00 AM,2,0,0,36.196280,-86.776120,I 65,,,,0.00,,,,,,,86.60,N,Not at Intersection, ,Non-Junction,None,,,         ,James,Wray,Rain,Front to Rear,no,no,no,no,no,False
102549495,METROPOLITAN NASHVILLE POLICE DEPT,20190781742,Davidson,Nashville,10/26/2019 8:11:00 AM,2,0,0,36.224650,-86.774540,I 65,,,,0.00,,,,,,,88.60,N,Not at Intersection, ,Non-Junction,None,,,         ,Jacob,Robbins,Cloudy,"Sideswipe, Same Direction",no,no,no,no,no,False
102549500,METROPOLITAN NASHVILLE POLICE DEPT,20190781814,Davidson,Not in City Limit,10/26/2019 12:00:00 AM,1,0,0,36.279570,-86.699840,SNOW AV,,,,132.00,Feet,West,STONEY RIVER LN,,,,0.00,N,Not at Intersection,N,Non-Junction,None,,,         ,Blake,McKay,Rain,Not Collision with Motor Vehicle in Transport,no,no,no,no,yes,False
102549504,THP District 3 - Nashville,319069618,Davidson,Nashville,10/26/2019 8:45:00 AM,1,0,0,36.034460,-86.783350,I 65,,,,0.00,,,,,,,74.25,N,Not at Intersection,Y,Entrance/Exit Ramp Related,None,,,         ,Charles,Spires,Rain,Not Collision with Motor Vehicle in Transport,no,no,no,no,no,False
102549581,METROPOLITAN NASHVILLE POLICE DEPT,20190781985,Davidson,Nashville,10/26/2019 11:51:00 AM,2,0,0,36.227390,-86.759710,DICKERSON PKE,,,,574.00,Feet,North,HILLHURST DR,,,,0.00,N,Not at Intersection, ,Non-Junction,None,,,         ,Nicholas,Smith,Rain,Angle,no,no,no,no,no,False
102549582,METROPOLITAN NASHVILLE POLICE DEPT,20190781963,Davidson,Nashville,10/26/2019 10:36:00 AM,2,0,0,36.173720,-86.614400,DODSON CHAPEL RD,,,,369.00,Feet,South,CENTRAL PKE,,,,0.00,N,Not at Intersection,N,Non-Junction,None,,,         ,MIchael,Mihajlov,Cloudy,Front to Rear,no,no,no,no,no,False
102549590,METROPOLITAN NASHVILLE POLICE DEPT,20190781972,Davidson,Nashville,10/26/2019 11:34:00 AM,2,0,0,36.213250,-86.796850,AVALON DR,,,,0.00,,,ADLAI ST,,,,0.00,Y,OTHER, ,,None,,,         ,James,Wray,,,no,no,no,no,no,False
102549631,METROPOLITAN NASHVILLE POLICE DEPT,20190782057,Davidson,Nashville,10/26/2019 12:45:00 PM,1,0,0,36.030470,-86.743980,EDMONDSON PKE,,,,0.00,,,CLOVERLAND DR,,,,0.00,Y,T-Intersection,N,Intersection-Related,None,,,         ,Earl,Davis,Cloudy,Not Collision with Motor Vehicle in Transport,no,no,no,no,no,False
102549640,METROPOLITAN NASHVILLE POLICE DEPT,20190781987,Davidson,Nashville,10/26/2019 10:00:00 AM,2,0,0,36.148790,-86.865180,CHARLOTTE PKE,,,,0.00,,,LELLYETT ST,,,,0.00,Y,Four-Way, ,Intersection,None,,,         ,Brian,Myatt,Cloudy,Angle,no,no,no,no,no,False
102549648,METROPOLITAN NASHVILLE POLICE DEPT,20190781913,Davidson,Nashville,10/26/2019 10:05:00 AM,2,1,0,36.147610,-86.816280,31ST AVN,,,,160.00,Feet,South,29TH AVN,,,,0.00,N,Not at Intersection,N,Non-Junction,None,,,         ,David,Barras,Rain,Angle,no,no,no,no,no,False
102549655,METROPOLITAN NASHVILLE POLICE DEPT,20190781715,Davidson,Nashville,10/26/2019 7:17:00 AM,2,0,0,36.231510,-86.794390,EWING DR,,,,365.00,Feet,East,VISTA LN,,,,0.00,N,Not at Intersection,N,Non-Junction,None,,,         ,Jamel,Griffin,Rain,"Sideswipe, Same Direction",no,no,no,no,no,False
102549661,METROPOLITAN NASHVILLE POLICE DEPT,20190781928,Davidson,Nashville,10/26/2019 10:40:00 AM,2,0,0,36.060440,-86.903540,STATE HWY 254,,,,748.00,Feet,South,STATE HWY 100,,,,0.00,N,Not at Intersection,N,Non-Junction,None,,,         ,William,Badger,Rain,Front to Rear,no,no,no,no,no,False
102549662,METROPOLITAN NASHVILLE POLICE DEPT,20190782053,Davidson,Nashville,10/26/2019 10:54:00 AM,1,0,0,36.140210,-86.823550,I440 E EXT RAMP,,,,0.00,Feet,East,I 440,,,,0.00,N,Not at Intersection,N,Non-Junction,Construction Zone,,,         ,Wesley,Tilley,Cloudy,Not Collision with Motor Vehicle in Transport,no,no,no,no,no,False
102549671,METROPOLITAN NASHVILLE POLICE DEPT,20190782046,Davidson,Nashville,10/26/2019 12:44:00 PM,1,0,0,36.231620,-86.618200,SHUTE LN,,,,412.00,Feet,West,MONTCHANIN TER,,,,0.00,N,Not at Intersection,N,Non-Junction,None,,,         ,Zachary,Plese,Rain,Not Collision with Motor Vehicle in Transport,no,no,no,no,no,False
102549677,METROPOLITAN NASHVILLE POLICE DEPT,20190782071,Davidson,Nashville,10/26/2019 1:01:00 PM,2,1,0,36.230350,-86.605100,SHUTE LN,,,,814.00,Feet,East,BRANDYWINE POINTE BLVD,,,,0.00,N,Not at Intersection,N,Non-Junction,None,,,         ,MIchael,Mihajlov,Cloudy,Front to Rear,no,no,no,no,no,False
102549684,METROPOLITAN NASHVILLE POLICE DEPT,20190782060,Davidson,Nashville,10/26/2019 12:44:00 PM,2,0,0,36.155120,-86.711860,LEBANON PKE,,,,204.00,Feet,East,CLOVERNOOK DR,,,,0.00,N,Not at Intersection,N,Non-Junction,None,,,         ,Terry,Denton,Rain,Front to Rear,no,no,no,no,no,False
102549698,METROPOLITAN NASHVILLE POLICE DEPT,20190781989,Davidson,Nashville,10/26/2019 11:53:00 AM,2,0,0,36.249190,-86.734460,DUE WEST AVW,,,,0.00,,,S GRAYCROFT AV,,,,0.00,Y,Four-Way, ,Intersection,None,,,         ,Gabriel,Centeno,Rain,Front to Rear,no,no,no,no,yes,False
102549699,METROPOLITAN NASHVILLE POLICE DEPT,20190781914,Davidson,Nashville,10/26/2019 10:40:00 AM,1,0,0,36.169680,-86.606510,I40 E EXT RAMP,,,,215.00,Feet,South,I 40,,,,0.00,N,Not at Intersection, ,Entrance/Exit Ramp Related,None,,,         ,Kelsey,Hemminger,Rain,Not Collision with Motor Vehicle in Transport,no,no,no,no,no,False
102549703,METROPOLITAN NASHVILLE POLICE DEPT,20190782096,Davidson,Nashville,10/26/2019 1:37:00 PM,1,1,0,36.142140,-86.822990,I440 E EXT RAMP,,,,0.00,,,I 440,,,,0.00,Y,Y-Intersection,Y,Entrance/Exit Ramp Related,None,,,         ,Brian,Myatt,Cloudy,Not Collision with Motor Vehicle in Transport,no,no,no,no,no,False
102549706,METROPOLITAN NASHVILLE POLICE DEPT,20190781851,Davidson,Nashville,10/26/2019 9:33:00 AM,1,0,0,36.232410,-86.826100,BRILEY PKWYW,,,,268.00,Feet,West,BRILEY PKWYE,,,,0.00,N,Not at Intersection,N,Non-Junction,None,,,         ,Jamel,Griffin,Cloudy,Not Collision with Motor Vehicle in Transport,no,no,no,no,no,False
102549724,METROPOLITAN NASHVILLE POLICE DEPT,20190782035,Davidson,Nashville,10/26/2019 12:20:00 PM,1,0,0,36.143280,-86.822730,I 440,,,,0.00,,,,,,,1.00,N,Not at Intersection,N,Non-Junction,Construction Zone,Laneclosure,Activity Area,         ,Jonathon,Sheppard,Rain,Not Collision with Motor Vehicle in Transport,no,no,no,no,no,False
102549749,METROPOLITAN NASHVILLE POLICE DEPT,20190782064,Davidson,Goodlettsville,10/26/2019 12:41:00 PM,2,0,0,36.304430,-86.689350,US HWY 31E,,,,151.00,Feet,West,LIBERTY LN,,,,0.00,N,Not at Intersection, ,Non-Junction,None,,,         ,Brian,Sherman,Cloudy,"Sideswipe, Same Direction",no,no,no,no,no,False
102549761,METROPOLITAN NASHVILLE POLICE DEPT,20190782166,Davidson,Nashville,10/26/2019 2:43:00 PM,2,0,0,36.065730,-86.629450,MURFREESBORO PKE,,,,8.00,Feet,South,HAMILTON CROSSINGS,,,,0.00,N,Not at Intersection,N,Non-Junction,None,,,         ,Ian,Wilson,Cloudy,Front to Rear,no,no,no,no,no,False
102549772,METROPOLITAN NASHVILLE POLICE DEPT,20190782175,Davidson,Nashville,10/26/2019 2:23:00 PM,2,0,0,36.107640,-86.765350,POWELL AV,,,,464.00,Feet,North,POWELL PL,,,,0.00,N,Not at Intersection,N,Non-Junction,None,,,         ,Douglas,Sykes,Rain,Unknown,no,no,no,yes,yes,False
102549776,METROPOLITAN NASHVILLE POLICE DEPT,20190782123,Davidson,Nashville,10/26/2019 2:04:00 PM,2,2,0,36.172840,-86.765340,JAMES ROBERTSON PKWY,,,,0.00,,,SPRING ST,,,,0.00,Y,Four-Way,N,Intersection,None,,,         ,Nicholas,Silinsky,Rain,Angle,no,no,no,no,no,False