master_record_number,agency,agency_tracking_number,county,city,collision_date,vehicles_involved,number_injured,number_dead,latitude,longitude,roadway_name,roadway_suffix,roadway_number,roadway_local_id,distance_from_reference,miles-feet_indicator,direction_from_reference,intersection_road_name,intersection_road_name_suffix,intersection_road_number,intersection_local_id,mile_marker,intersection_indicator,intersect_type,interchange_related_indicator,relation_to_junction,work_zone_type,construction_maintenance_zone,construction_maintenance_zone_location,fatal_case_number,officer_first_name,officer_last_name,weather_condition(s),manner_of_crash,pedestrian,bicycle,scooter,parking,hitrun,mou
102552167,METROPOLITAN NASHVILLE POLICE DEPT,20190788379,Davidson,Nashville,10/29/2019 10:15:00 AM,2,2,0,36.187280,-86.753780,PETWAY AV,,,,92.00,Feet,East,MCFERRIN AV,,,,0.00,N,Not at Intersection,N,Non-Junction,None,,,         ,Dillon,Hunt,Clear,Not Collision with Motor Vehicle in Transport,no,no,no,no,no,False
102552172,METROPOLITAN NASHVILLE POLICE DEPT,20190788363,Davidson,Nashville,10/29/2019 10:09:00 AM,4,1,0,36.149480,-86.773860,I 40,,,,0.00,,,,,,,210.20,N,Not at Intersection,N,Non-Junction,None,,,         ,Shedie,Herbert III,Cloudy,Front to Rear,no,no,no,no,no,False
102552173,METROPOLITAN NASHVILLE POLICE DEPT,20190788566,Davidson,Nashville,10/29/2019 12:03:00 PM,2,1,0,36.040610,-86.712780,NOLENSVILLE PKE,,,,260.00,Feet,North,MILL CREEK WHITTEMORE GRNWY,,,,0.00,N,Not at Intersection,N,Non-Junction,None,,,         ,Gary,Sneed,Cloudy,Front to Rear,no,no,no,no,no,False
102552174,METROPOLITAN NASHVILLE POLICE DEPT,20190788413,Davidson,Nashville,10/29/2019 10:26:00 AM,2,0,0,36.040010,-86.743470,OLD HICKORY BLVD,,,,0.00,,,EDMONDSON PKE,,,,0.00,Y,Four-Way, ,Intersection,None,,,         ,Raymond,Flaherty,Cloudy,Front to Rear,no,no,no,no,no,False
102552175,METROPOLITAN NASHVILLE POLICE DEPT,20190788417,Davidson,Nashville,10/29/2019 10:29:00 AM,2,0,0,36.044790,-86.724870,ENCLAVE CIR,,,,0.00,,,OLD HICKORY BLVD,,,,0.00,Y,Four-Way, ,Intersection,None,,,         ,Raymond,Flaherty,Cloudy,Angle,no,no,no,no,no,False
102552177,METROPOLITAN NASHVILLE POLICE DEPT,20190788395,Davidson,Nashville,10/29/2019 10:20:00 AM,2,1,0,36.136580,-86.795150,WEDGEWOOD AV,,,,0.00,,,MAGNOLIA BLVD,,,,0.00,Y,Four-Way,N,Intersection,None,,,         ,Brian,Murphy,Cloudy,Angle,no,no,no,no,no,False
102552188,METROPOLITAN NASHVILLE POLICE DEPT,20190788500,Davidson,Nashville,10/29/2019 11:27:00 AM,2,1,0,36.139010,-86.840740,SLOAN RD,,,,161.00,Feet,North,RICHLAND CREEK GRNWY,,,,0.00,N,Not at Intersection,N,Non-Junction,None,,,         ,Michael,Pyle,Cloudy,Angle,no,no,no,no,no,False
102552212,METROPOLITAN NASHVILLE POLICE DEPT,20190788284,Davidson,Nashville,10/29/2019 8:52:00 AM,1,0,0,36.134960,-86.743300,WOODYCREST AV,,,,0.00,,,TERMINAL CT,,,,0.00,Y,OTHER,N,Non-Junction,None,,,         ,Alex,Moore,Cloudy,Not Collision with Motor Vehicle in Transport,no,no,no,no,no,False
102552224,METROPOLITAN NASHVILLE POLICE DEPT,20190788610,Davidson,Nashville,10/29/2019 12:20:00 PM,2,0,0,36.153010,-86.796000,WEST END AV,,,,0.00,,,18TH AVN,,,,0.00,Y,Four-Way, ,,None,,,         ,Brian,Murphy,,,no,no,no,no,no,False
102552272,METROPOLITAN NASHVILLE POLICE DEPT,20190788614,Davidson,Nashville,10/29/2019 12:30:00 PM,2,0,0,36.149270,-86.861800,CHARLOTTE PKE,,,,523.00,Feet,East,OCEOLA AV,,,,0.00,N,Not at Intersection, ,Non-Junction,None,,,         ,George,Spencer,Cloudy,Other,no,no,no,no,no,False
102552305,METROPOLITAN NASHVILLE POLICE DEPT,20190788764,Davidson,Nashville,10/29/2019 1:30:00 PM,2,0,0,36.110580,-86.740950,THOMPSON LN,,,,66.00,Feet,West,SIMMONS AV,,,,0.00,N,Not at Intersection,N,"Driveway, Alley Access, etc",None,,,         ,Todd,Watson,Cloudy,Angle,no,no,no,no,yes,False
102552310,METROPOLITAN NASHVILLE POLICE DEPT,20190788792,Davidson,Nashville,10/29/2019 1:42:00 PM,2,0,0,36.214610,-86.604660,LEBANON PKE,,,,0.00,,,SHUTE LN,,,,0.00,Y,T-Intersection,Y,Intersection,None,,,         ,Joshua,Hausman,Clear,Angle,no,no,no,no,no,False
102552311,METROPOLITAN NASHVILLE POLICE DEPT,201900788789,Davidson,Nashville,10/29/2019 1:43:00 PM,2,0,0,36.106430,-86.819430,ABBOTT MARTIN RD,,,,2.00,Feet,West,HILLSBORO CIR,,,,0.00,N,Not at Intersection, ,,Work Zone,,,         ,Terrence,Bradley,,,no,no,no,no,no,False
102552326,METROPOLITAN NASHVILLE POLICE DEPT,20190788131,Davidson,Nashville,10/29/2019 8:01:00 AM,2,0,0,36.282550,-86.805720,I 24,,,,0.00,,,,,,,40.10,N,Not at Intersection, ,Non-Junction,None,,,         ,Jamel,Griffin,Cloudy,Front to Rear,no,no,no,no,no,False
102552332,METROPOLITAN NASHVILLE POLICE DEPT,20190788516,Davidson,Not in City Limit,10/29/2019 12:00:00 AM,2,0,0,36.307610,-86.819990,I 24,,,,0.00,,,,,,,38.10,N,Not at Intersection, ,Non-Junction,None,,,         ,Corey,Reed,Cloudy,Angle,no,no,no,no,no,False
102552340,METROPOLITAN NASHVILLE POLICE DEPT,20190788819,Davidson,Nashville,10/29/2019 12:39:00 PM,2,0,0,36.111010,-86.753500,FOSTER CREIGHTON DR,,,,0.00,,,THOMPSON LN,,,,0.00,Y,T-Intersection,N,Intersection,None,,,         ,Justin,Pinkelton,Cloudy,Angle,no,no,no,no,no,False
102552344,METROPOLITAN NASHVILLE POLICE DEPT,20190788664,Davidson,Nashville,10/29/2019 12:47:00 PM,2,2,0,36.118150,-86.768760,I 440,,,,0.00,Feet,East,I65 ENT RAMP,,,,0.00,N,Not at Intersection,N,Non-Junction,Construction Zone,Work On Shoulder Or Median,Activity Area,         ,Phillip,Murphy,Clear,HeadOn,no,no,no,no,no,False
102552347,METROPOLITAN NASHVILLE POLICE DEPT,20190788932,Davidson,Nashville,10/29/2019 2:54:00 PM,1,0,0,36.239210,-86.777150,BRILEY PKWYW,,,,328.00,Feet,East,BRILEY PKWYE,,,,0.00,N,Not at Intersection,N,Non-Junction,None,,,         ,Christopher,Littles,Cloudy,Not Collision with Motor Vehicle in Transport,no,no,no,no,yes,False
102552396,METROPOLITAN NASHVILLE POLICE DEPT,20190788855,Davidson,Nashville,10/29/2019 2:10:00 PM,2,0,0,36.149690,-86.784230,I 40,,,,0.00,,,,,,,209.60,N,Not at Intersection, ,Non-Junction,None,,,         ,Mark,Anderson,Cloudy,"Sideswipe, Same Direction",no,no,no,no,no,False
102552397,METROPOLITAN NASHVILLE POLICE DEPT,20190788994,Davidson,Nashville,10/29/2019 3:13:00 PM,2,0,0,36.134130,-86.779110,8TH AVS,,,,58.00,Feet,South,WEDGEWOOD AV,,,,0.00,N,Not at Intersection, ,OtherLocation,None,,,         ,Douglas,Sykes,Clear,Angle,no,no,no,no,no,False
102552398,METROPOLITAN NASHVILLE POLICE DEPT,20190788925,Davidson,Nashville,10/29/2019 2:09:00 PM,2,0,0,36.149490,-86.800470,21ST AVS,,,,0.00,,,TERRACE PL,,,,0.00,Y,T-Intersection, ,,None,,,         ,FELIKS,ABRAHAMYAN,,,no,no,no,no,no,Campus
102552413,THP District 3 - Nashville,319070313,Davidson,Nashville,10/29/2019 3:40:00 PM,1,1,0,36.228370,-86.855740,BRILEY PKWYW,,,,1711.00,Feet,West,BRILEY PKWYE,,,,0.00,N,Not at Intersection,N,Non-Junction,None,,,         ,Jeff,Barber,Cloudy,Not Collision with Motor Vehicle in Transport,no,no,no,no,no,False
102552423,METROPOLITAN NASHVILLE POLICE DEPT,20190788778,Davidson,Nashville,10/29/2019 1:37:00 PM,2,3,0,36.151800,-86.771250,4TH AVS,,,,0.00,Feet,,LAFAYETTE ST,,,,0.00,Y,Four-Way,N,Intersection,None,,,         ,Bianca,Crawford,Clear,Angle,no,no,no,no,no,False
102552435,THP District 3 - Nashville,319070258,Davidson,Nashville,10/29/2019 11:38:00 AM,2,0,0,36.081330,-86.759240,HARDING PL,,,,274.00,Feet,West,TROUSDALE DR,,,,0.00,N,Not at Intersection, ,Non-Junction,None,,,         ,Kendall,Jenkins,Cloudy,Front to Rear,no,no,no,no,no,False
102552451,METROPOLITAN NASHVILLE POLICE DEPT,20190788934,Davidson,Nashville,10/29/2019 2:45:00 PM,2,2,0,36.194270,-86.618240,OLD HICKORY BLVD,,,,0.00,,,HERMITAGE MARKETPLACE PVTDR,,,,0.00,Y,Four-Way,N,Intersection,None,,,         ,Thomas,Odom,Clear,HeadOn,no,no,no,no,no,False
102552466,METROPOLITAN NASHVILLE POLICE DEPT,20190789074,Davidson,Nashville,10/29/2019 3:41:00 PM,2,0,0,36.117300,-86.725790,I 24,,,,0.00,,,,,,,53.10,N,Not at Intersection,N,Non-Junction,None,,,         ,Je-Marc,Sears,Cloudy,"Sideswipe, Same Direction",no,no,no,no,yes,False
102552474,METROPOLITAN NASHVILLE POLICE DEPT,20190788938,Davidson,Nashville,10/29/2019 2:52:00 PM,2,0,0,36.044600,-86.661540,CANE RIDGE RD,,,,61.00,Feet,South,BELL RD,,,,0.00,N,Not at Intersection,N,Non-Junction,None,,,         ,Patrick,Martin,Clear,Angle,no,no,no,no,no,False
102552476,METROPOLITAN NASHVILLE POLICE DEPT,20190789122,Davidson,Nashville,10/29/2019 4:13:00 PM,3,0,0,36.123130,-86.750940,I 440,,,,0.00,,,,,,,6.30,N,Not at Intersection, ,Non-Junction,Construction Zone,,,         ,Douglas,Sykes,Clear,Front to Rear,no,no,no,no,no,False
102552480,METROPOLITAN NASHVILLE POLICE DEPT,20190789180,Davidson,Nashville,10/29/2019 4:20:00 PM,2,0,0,36.136000,-86.791940,WEDGEWOOD AV,,,,0.00,,,15TH AVS,,,,0.00,Y,Four-Way, ,,None,,,         ,FELIKS,ABRAHAMYAN,,,no,no,no,no,no,False
102552492,METROPOLITAN NASHVILLE POLICE DEPT,20190789097,Davidson,Nashville,10/29/2019 3:55:00 PM,3,1,0,36.160040,-86.760490,I 24,,,,0.00,,,,,,,49.45,N,Not at Intersection, ,Non-Junction,None,,,         ,Brandon,O'Guin,Cloudy,Front to Rear,no,no,no,no,no,False
102552494,METROPOLITAN NASHVILLE POLICE DEPT,20190789257,Davidson,Nashville,10/29/2019 5:02:00 PM,2,0,0,36.112330,-86.767020,THOMPSON LN,,,,0.00,Feet,North,BRANSFORD AV,,,,0.00,N,Not at Intersection, ,,None,,,         ,Citlaly,Juarez,,,no,no,no,no,no,False
102552499,METROPOLITAN NASHVILLE POLICE DEPT,20190789274,Davidson,Nashville,10/29/2019 4:36:00 PM,2,0,0,36.171840,-86.764770,S 5TH ST,,,,0.00,,,WOODLAND ST,,,,0.00,Y,Four-Way, ,Intersection-Related,None,,,         ,Trevor,Jones,Clear,Front to Rear,no,no,no,no,no,False
102552500,METROPOLITAN NASHVILLE POLICE DEPT,20190789227,Davidson,Nashville,10/29/2019 5:05:00 PM,2,1,0,36.150490,-86.795720,DIVISION ST,,,,0.00,,,19TH AVS,,,,0.00,Y,T-Intersection,N,Intersection-Related,None,,,         ,FELIKS,ABRAHAMYAN,Clear,Angle,no,no,no,no,no,False
102552504,METROPOLITAN NASHVILLE POLICE DEPT,20190789137,Davidson,Nashville,10/29/2019 12:00:00 AM,2,0,0,36.205270,-86.757600,JONES AV,,,,54.00,Feet,North,E TRINITY LN,,,,0.00,N,Not at Intersection, ,Non-Junction,None,,,         ,Gordon,Stovall,Cloudy,Other,no,no,no,no,no,False
102552505,METROPOLITAN NASHVILLE POLICE DEPT,20190789307,Davidson,Nashville,10/29/2019 5:33:00 PM,2,0,0,36.094290,-86.758240,SIDCO DR,,,,0.00,Feet,East,POWELL AV,,,,0.00,N,Not at Intersection, ,,None,,,         ,Citlaly,Juarez,,,no,no,no,no,no,False
102552506,METROPOLITAN NASHVILLE POLICE DEPT,20190789300,Davidson,Nashville,10/29/2019 5:15:00 PM,2,0,0,36.110290,-86.800350,GRAYBAR LN,,,,0.00,,,BELMONT BLVD,,,,0.00,Y,Four-Way,Y,Intersection,None,,,         ,Conor,Cronin,Clear,Angle,no,no,no,no,no,False
102552509,METROPOLITAN NASHVILLE POLICE DEPT,20190789286,Davidson,Nashville,10/29/2019 4:30:00 PM,2,0,0,36.177030,-86.772620,I 24,,,,0.00,,,,,,,47.90,N,Not at Intersection, ,Non-Junction,None,,,         ,Marc,Kozen,Clear,"Sideswipe, Same Direction",no,no,no,no,no,False
102552510,METROPOLITAN NASHVILLE POLICE DEPT,20190789148,Davidson,Nashville,10/29/2019 4:28:00 PM,2,0,0,36.210920,-86.733110,GREENFIELD AV,,,,0.00,Feet,,GALLATIN PKE,,,,0.00,Y,T-Intersection,N,Intersection,None,,,         ,Amanda,Fox,Cloudy,"Sideswipe, Same Direction",no,no,no,no,no,False
102552519,METROPOLITAN NASHVILLE POLICE DEPT,20190789280,Davidson,Goodlettsville,10/29/2019 5:17:00 PM,2,0,0,36.359680,-86.726500,SPRINGFIELD HWY,,,,950.00,Feet,North,WILLIAMSON RD,,,,0.00,N,Not at Intersection, ,Non-Junction,None,,,         ,Christopher,Littles,Clear,Not Collision with Motor Vehicle in Transport,no,no,no,no,no,False
102552531,METROPOLITAN NASHVILLE POLICE DEPT,20190789305,Davidson,Nashville,10/29/2019 5:31:00 PM,2,0,0,36.130930,-86.755860,NOLENSVILLE PKE,,,,0.00,,,WOODYCREST AV,,,,0.00,Y,T-Intersection, ,Intersection,None,,,         ,Douglas,Sykes,Clear,"Sideswipe, Same Direction",no,no,no,no,no,False
102552534,METROPOLITAN NASHVILLE POLICE DEPT,20190789302,Davidson,Nashville,10/29/2019 5:08:00 PM,2,1,0,36.149950,-86.784670,I 40,,,,0.00,,,,,,,209.55,N,Not at Intersection, ,Non-Junction,None,,,         ,John,Chambers,Cloudy,Front to Rear,no,no,no,no,no,False
102552536,METROPOLITAN NASHVILLE POLICE DEPT,20190789267,Davidson,Nashville,10/29/2019 5:05:00 PM,2,0,0,36.149370,-86.803470,WEST END AV,,,,0.00,,,LOUISE AV,,,,0.00,Y,T-Intersection,N,Intersection,None,,,         ,John,Roberson,Cloudy,Angle,no,no,no,no,no,Campus
102552542,METROPOLITAN NASHVILLE POLICE DEPT,20190789458,Davidson,Nashville,10/29/2019 6:30:00 PM,2,0,0,36.154130,-86.788300,I 40,,,,0.00,,,,,,,209.30,N,Not at Intersection, ,Non-Junction,None,,,         ,Douglas,Sykes,Clear,"Sideswipe, Same Direction",no,no,no,no,no,False
102552543,METROPOLITAN NASHVILLE POLICE DEPT,20190789157,Davidson,Nashville,10/29/2019 3:10:00 PM,2,0,0,36.169720,-86.672710,LEBANON PKE,,,,105.00,Feet,East,OLD LEBANON PKE,,,,0.00,N,Not at Intersection, ,,None,,,         ,Darci,Stechman,,,no,no,no,no,no,False
102552558,METROPOLITAN NASHVILLE POLICE DEPT,20190789000,Davidson,Nashville,10/29/2019 2:32:00 PM,2,0,0,36.071460,-86.657440,PEBBLE CREEK DR,,,,210.00,Feet,East,MOUNTAIN LAUREL DR,,,,0.00,N,Not at Intersection,N,Non-Junction,None,,,         ,Jesse,Cox,Clear,Angle,no,no,no,no,yes,False
102552560,METROPOLITAN NASHVILLE POLICE DEPT,20190789315,Davidson,Nashville,10/29/2019 4:45:00 PM,2,0,0,36.114830,-86.820000,WOODMONT BLVD,,,,351.00,Feet,East,ECHO HILL RD,,,,0.00,N,Not at Intersection,N,Non-Junction,None,,,         ,Melissa,Lomax,Clear,Front to Rear,no,no,no,no,no,False
102552562,METROPOLITAN NASHVILLE POLICE DEPT,20190789518,Davidson,Nashville,10/29/2019 6:25:00 PM,2,0,0,36.205890,-86.768610,E TRINITY LN,,,,0.00,,,W TRINITY LN,,,,0.00,Y,Four-Way, ,Intersection,None,,,         ,Cooper,HIll,Clear,"Sideswipe, Same Direction",no,no,no,no,no,False
102552564,METROPOLITAN NASHVILLE POLICE DEPT,20190789077,Davidson,Nashville,10/29/2019 3:42:00 PM,2,0,0,36.191870,-86.780480,I 65,,,,0.00,,,,,,,86.30,N,Not at Intersection, ,,None,,,         ,Michael,Douglas,,,no,no,no,no,no,False
102552566,METROPOLITAN NASHVILLE POLICE DEPT,20190789571,Davidson,Nashville,10/29/2019 8:03:00 PM,2,1,0,36.252440,-86.717330,GALLATIN PKES,,,,219.00,Feet,North,W WEBSTER ST,,,,0.00,N,Not at Intersection, ,OtherLocation,None,,,         ,Christopher,Littles,Cloudy,Angle,no,no,no,no,no,False
102552587,METROPOLITAN NASHVILLE POLICE DEPT,20190789591,Davidson,Nashville,10/29/2019 7:35:00 PM,1,0,0,36.184990,-86.797580,I 65,,,,0.00,,,,,,,85.40,N,Not at Intersection,N,Non-Junction,None,,,         ,Bailee,Hickman,Clear,Not Collision with Motor Vehicle in Transport,no,no,no,no,no,False
102552589,METROPOLITAN NASHVILLE POLICE DEPT,20190789568,Davidson,Nashville,10/29/2019 7:04:00 PM,2,0,0,36.148820,-86.782220,I 40,,,,0.00,,,,,,,209.70,N,Not at Intersection, ,Non-Junction,None,,,         ,Douglas,Sykes,Clear,"Sideswipe, Same Direction",no,no,no,no,no,False
102552594,METROPOLITAN NASHVILLE POLICE DEPT,20190789462,Davidson,Nashville,10/29/2019 6:53:00 PM,2,0,0,36.149370,-86.769600,4TH AVS,,,,126.00,Feet,South,MCCANN ST,,,,0.00,N,Not at Intersection, ,Non-Junction,None,,,         ,Patrick,Martin,Clear,"Sideswipe, Same Direction",no,no,no,no,no,False
102552600,METROPOLITAN NASHVILLE POLICE DEPT,20190789546,Davidson,Nashville,10/29/2019 6:26:00 PM,2,0,0,36.151240,-86.822460,I 440,,,,0.00,,,,,,,1.55,N,Not at Intersection, ,Non-Junction,None,,,         ,Molly,Page,Clear,"Sideswipe, Same Direction",no,no,no,no,no,False
102552602,METROPOLITAN NASHVILLE POLICE DEPT,20190789535,Davidson,Nashville,10/29/2019 7:00:00 PM,1,0,0,36.069940,-86.758710,TROUSDALE DR,,,,45.00,Feet,South,ARROWWOOD DR,,,,0.00,N,Not at Intersection,N,Non-Junction,None,,,         ,Donovan,Coble,Clear,Not Collision with Motor Vehicle in Transport,no,no,no,no,no,False
102552611,METROPOLITAN NASHVILLE POLICE DEPT,20190789652,Davidson,Nashville,10/29/2019 8:10:00 PM,2,0,0,36.121550,-86.807400,HILLSBORO PKE,,,,2.00,Feet,North,I440 E ENT RAMP,,,,0.00,N,Not at Intersection, ,Non-Junction,Work Zone,,,         ,Conor,Cronin,Clear,Front to Rear,no,no,no,no,no,False
102552624,METROPOLITAN NASHVILLE POLICE DEPT,20190789473,Davidson,Nashville,10/29/2019 6:48:00 PM,2,1,0,36.125570,-86.713200,EAST THOMPSON LN,,,,80.00,Feet,East,LAWNDALE DR,,,,0.00,N,Not at Intersection,N,"Driveway, Alley Access, etc",None,,,         ,Patrick,Martin,Clear,Angle,no,no,no,no,no,False
102552655,METROPOLITAN NASHVILLE POLICE DEPT,20190789634,Davidson,Nashville,10/29/2019 8:05:00 PM,2,0,0,36.187670,-86.794700,I 65,,,,0.00,,,,,,,85.45,N,Not at Intersection, ,Non-Junction,Maintenance Zone,,,         ,Jonathan,Sharp,Clear,"Sideswipe, Same Direction",no,no,no,no,no,False
102552677,METROPOLITAN NASHVILLE POLICE DEPT,20190789756,Davidson,Nashville,10/29/2019 12:00:00 AM,2,1,0,36.177120,-86.746840,WOODLAND ST,,,,86.00,Feet,East,S 13TH ST,,,,0.00,N,Not at Intersection,N,Non-Junction,None,,,         ,Gordon,Stovall,Cloudy,"Sideswipe, Same Direction",no,no,no,no,no,False
102552683,METROPOLITAN NASHVILLE POLICE DEPT,20190789731,Davidson,Nashville,10/29/2019 7:41:00 PM,2,0,0,36.089150,-86.614960,SMITH SPRINGS RD,,,,34.00,Feet,West,CASTLEGATE DR,,,,0.00,N,Not at Intersection,N,Non-Junction,None,,,         ,Sarah,Cartwright,Clear,Front to Rear,no,no,no,no,yes,False
102552686,METROPOLITAN NASHVILLE POLICE DEPT,20190789739,Davidson,Nashville,10/29/2019 8:25:00 PM,2,0,0,36.133110,-86.892170,CHARLOTTE PKE,,,,157.00,Feet,North,OLD CHARLOTTE PKE,,,,0.00,N,Not at Intersection,N,"Driveway, Alley Access, etc",None,,,         ,Ryan,Allen,Clear,Angle,no,no,no,no,no,False
102552743,METROPOLITAN NASHVILLE POLICE DEPT,20190789523,Davidson,Nashville,10/29/2019 7:16:00 PM,2,2,0,36.132030,-86.895550,CHARLOTTE PK,,,,0.00,,,I 40 E ENTRANCE RAMP,,,,0.00,Y,Four-Way,N,Intersection,None,,,         ,Jeremy,Huffine,Clear,Angle,no,no,no,no,no,False
102552757,METROPOLITAN NASHVILLE POLICE DEPT,20190789943,Davidson,Nashville,10/29/2019 10:57:00 PM,2,0,0,36.175800,-86.757630,MAIN ST,,,,18.00,Feet,West,NEILL AV,,,,0.00,N,Not at Intersection,N,Non-Junction,None,,,         ,Douglas,Smith,Clear,"Sideswipe, Same Direction",no,no,no,yes,yes,False
102552767,METROPOLITAN NASHVILLE POLICE DEPT,20190789923,Davidson,Nashville,10/29/2019 11:01:00 PM,1,0,0,36.148150,-86.761230,CLAIBORNE ST,,,,90.00,Feet,South,LAFAYETTE ST,,,,0.00,N,Not at Intersection, ,Non-Junction,None,,,         ,Michelle,Norris,Clear,Not Collision with Motor Vehicle in Transport,no,no,no,no,no,False
102552769,METROPOLITAN NASHVILLE POLICE DEPT,20190789958,Davidson,Not in City Limit,10/29/2019 11:19:00 PM,2,2,0,36.264150,-86.691470,STATE RT 45,,,,0.00,,,MCARTHUR DR,,,,0.00,Y,Four-Way,N,Intersection,None,,,         ,Corey,Ethridge,Clear,Angle,no,no,no,no,no,False
102552770,METROPOLITAN NASHVILLE POLICE DEPT,20190790009,Davidson,Nashville,10/29/2019 11:41:00 PM,2,0,0,36.205020,-86.737620,MCGAVOCK PKE,,,,0.00,,,GALLATIN PKE,,,,0.00,Y,Four-Way, ,Intersection,None,,,         ,Douglas,Smith,Clear,Angle,no,no,no,no,no,False
102552774,METROPOLITAN NASHVILLE POLICE DEPT,20190790027,Davidson,Nashville,10/29/2019 10:40:00 PM,2,1,0,36.142800,-86.744360,MURFREESBORO PKE,,,,0.00,,,FESSLERS LN,,,,0.00,Y,Four-Way,Y,Intersection,None,,,         ,Blake,Lutz,Clear,Angle,no,no,no,no,yes,False
102552796,METROPOLITAN NASHVILLE POLICE DEPT,20190790417,Davidson,Nashville,10/30/2019 3:04:00 AM,2,0,0,36.124160,-86.707710,CONNECTING ROAD,,,,0.00,,,US HWY 41,,,,0.00,Y,OTHER,N,Entrance/Exit Ramp Related,None,,,         ,Ralph,Smith IV,Clear,"Sideswipe, Same Direction",no,no,no,no,yes,False
102552801,GOODLETTSVILLE POLICE DEPT,19-40528,Davidson,Goodlettsville,10/30/2019 1:30:00 AM,1,1,0,36.288100,-86.709580,W MONTICELLO AV,,,,0.00,,,,,,,0.00,,Not at Intersection,N,Non-Junction,None,,,         ,Matt,Shoesmith,Clear,Not Collision with Motor Vehicle in Transport,no,no,no,no,no,False
102552844,METROPOLITAN NASHVILLE POLICE DEPT,20190790579,Davidson,Nashville,10/30/2019 4:45:00 AM,2,0,0,36.137860,-86.820640,I440 W EXT RAMP,,,,0.00,,,I 440,,,,0.00,Y,Y-Intersection, ,Entrance/Exit Ramp Related,None,,,         ,Brian,Warstadt,Rain,Front to Rear,no,no,no,no,no,False
102552848,METROPOLITAN NASHVILLE POLICE DEPT,20190790511,Davidson,Not in City Limit,10/30/2019 4:22:00 AM,2,1,0,36.283560,-86.702160,AURORA AV,,,,0.00,,,,,,,0.00,,,N,Non-Junction,None,,,         ,Patrick,McGinnis,Rain,Angle,no,no,no,no,no,False
102552863,METROPOLITAN NASHVILLE POLICE DEPT,20190790540,Davidson,Nashville,10/30/2019 4:40:00 AM,2,0,0,36.089270,-86.689010,HARDING PL,,,,185.00,Feet,West,EZELL PKE,,,,0.00,N,Not at Intersection, ,Non-Junction,None,,,         ,Antoine,Maghamez,Rain,Front to Rear,no,no,no,no,no,False
102552872,METROPOLITAN NASHVILLE POLICE DEPT,20190790599,Davidson,Nashville,10/30/2019 5:10:00 AM,2,0,0,36.169930,-86.766830,I 24,,,,0.00,,,,,,,48.70,N,Not at Intersection,N,Non-Junction,None,,,         ,Shaquille,Graham,Rain,"Sideswipe, Same Direction",no,no,no,no,yes,False
102552873,METROPOLITAN NASHVILLE POLICE DEPT,20190790592,Davidson,Nashville,10/30/2019 5:09:00 AM,1,0,0,36.161550,-86.760750,I 24,,,,0.00,,,,,,,49.35,N,Not at Intersection,N,Non-Junction,None,,,         ,Kelcey,Bell,Rain,Not Collision with Motor Vehicle in Transport,no,no,no,no,no,False
102552881,METROPOLITAN NASHVILLE POLICE DEPT,20190790609,Davidson,Nashville,10/30/2019 5:20:00 AM,1,0,0,36.229280,-86.772120,I 65,,,,0.00,,,,,,,88.90,N,Not at Intersection, ,Non-Junction,None,,,         ,Jonathan,Watch,Rain,Not Collision with Motor Vehicle in Transport,no,no,no,no,no,False
102552889,METROPOLITAN NASHVILLE POLICE DEPT,20190790688,Davidson,Nashville,10/30/2019 6:28:00 AM,1,0,0,36.205160,-86.790150,BAPTIST WORLD CENTER DR,,,,15.00,Feet,North,HAYNES ST,,,,0.00,N,Not at Intersection,N,Non-Junction,None,,,         ,Abigail,Malone,Rain,Not Collision with Motor Vehicle in Transport,no,no,no,no,yes,False
102552896,METROPOLITAN NASHVILLE POLICE DEPT,20190790721,Davidson,Nashville,10/30/2019 6:00:00 AM,1,0,0,36.155310,-86.829090,I 40,,,,0.00,,,,,,,205.55,N,Not at Intersection, ,Non-Junction,None,,,         ,Curtis,Rich,Rain,Not Collision with Motor Vehicle in Transport,no,no,no,no,no,False
102552898,METROPOLITAN NASHVILLE POLICE DEPT,20190790682,Davidson,Nashville,10/30/2019 6:17:00 AM,2,0,0,36.141220,-86.663200,I40 W EXT RAMP,,,,0.00,Feet,East,I 40,,,,0.00,N,Not at Intersection, ,Non-Junction,None,,,         ,Jeremy,Crisp,Rain,"Sideswipe, Same Direction",no,no,no,no,yes,False
102552901,METROPOLITAN NASHVILLE POLICE DEPT,20190790699,Davidson,Nashville,10/30/2019 6:30:00 AM,1,0,0,36.169900,-86.688230,BRILEY PKWY N ENT RAMP,,,,317.00,Feet,North,BRILEY PKWYN,,,,0.00,N,Not at Intersection, ,Non-Junction,None,,,         ,Michael,Dance,Rain,Not Collision with Motor Vehicle in Transport,no,no,no,no,no,False
102552904,METROPOLITAN NASHVILLE POLICE DEPT,20190790646,Davidson,Nashville,10/30/2019 5:55:00 AM,1,1,0,36.104440,-86.716460,I 24,,,,0.00,,,,,,,54.20,N,Not at Intersection,N,Non-Junction,None,,,         ,Kevin,Breeding,Rain,Not Collision with Motor Vehicle in Transport,no,no,no,no,no,False
102552911,METROPOLITAN NASHVILLE POLICE DEPT,20190790740,Davidson,Nashville,10/30/2019 6:24:00 AM,2,0,0,36.187950,-86.607770,OLD LEBANON DIRT RD,,,,0.00,,,ANDREW JACKSON PKWY,,,,0.00,Y,Four-Way, ,Intersection-Related,None,,,         ,William,Mckay,Rain,Front to Rear,no,no,no,no,no,False