master_record_number,agency,agency_tracking_number,county,city,collision_date,vehicles_involved,number_injured,number_dead,latitude,longitude,roadway_name,roadway_suffix,roadway_number,roadway_local_id,distance_from_reference,miles-feet_indicator,direction_from_reference,intersection_road_name,intersection_road_name_suffix,intersection_road_number,intersection_local_id,mile_marker,intersection_indicator,intersect_type,interchange_related_indicator,relation_to_junction,work_zone_type,construction_maintenance_zone,construction_maintenance_zone_location,fatal_case_number,officer_first_name,officer_last_name,weather_condition(s),manner_of_crash,pedestrian,bicycle,scooter,parking,hitrun,mou
102553287,METROPOLITAN NASHVILLE POLICE DEPT,20190791716,Davidson,Not in City Limit,10/30/2019 3:28:00 PM,2,0,0,36.259360,-86.684480,WARRIOR RD,,,,127.00,Feet,East,LARKIN SPRINGS RD,,,,0.00,N,Not at Intersection,N,Non-Junction,None,,,         ,Christopher,Littles,Rain,"Sideswipe, Same Direction",no,no,no,no,yes,False
102553289,METROPOLITAN NASHVILLE POLICE DEPT,20190791633,Davidson,Not in City Limit,10/30/2019 3:04:00 PM,2,1,0,36.273000,-86.701540,ANDERSON LN,,,,178.00,Feet,West,BECKLEA DR,,,,0.00,N,Not at Intersection,N,Non-Junction,None,,,         ,Mary,Robinson,Rain,Front to Rear,no,no,no,no,no,False
102553299,METROPOLITAN NASHVILLE POLICE DEPT,20190791712,Davidson,Nashville,10/30/2019 3:05:00 PM,2,0,0,36.124110,-86.743250,I 440,,,,0.00,,,,,,,6.65,N,Not at Intersection, ,,Construction Zone,,,         ,Jesse,Cox,,,no,no,no,no,no,False
102553301,METROPOLITAN NASHVILLE POLICE DEPT,20190791684,Davidson,Nashville,10/30/2019 3:30:00 PM,2,0,0,36.173390,-86.765580,SPRING ST,,,,211.00,Feet,North,MAIN ST ENT RAMP,,,,0.00,N,Not at Intersection, ,Non-Junction,None,,,         ,Jose,Oliveros,Rain,"Sideswipe, Same Direction",no,no,no,no,no,False
102553303,METROPOLITAN NASHVILLE POLICE DEPT,20190791232,Davidson,Nashville,10/30/2019 11:26:00 AM,5,4,0,36.251170,-86.740740,I 65,,,,0.00,,,,,,,91.30,N,Not at Intersection,N,Non-Junction,None,,,         ,Brian,Sherman,Rain,"Sideswipe, Same Direction",no,no,no,no,no,False
102553305,METROPOLITAN NASHVILLE POLICE DEPT,20190791698,Davidson,Nashville,10/30/2019 3:36:00 PM,2,0,0,36.156630,-86.768670,HERMITAGE AV,,,,0.00,,,LEA AV,,,,0.00,Y,OTHER,N,Non-Junction,None,,,         ,Devonte,Coleman,Rain,Angle,no,no,no,no,no,False
102553306,METROPOLITAN NASHVILLE POLICE DEPT,20190791699,Davidson,Nashville,10/30/2019 3:32:00 PM,2,0,0,36.145910,-86.809790,NATCHEZ TRC,,,,131.00,Feet,South,WEST END AV,,,,0.00,N,Not at Intersection, ,,None,,,         ,FELIKS,ABRAHAMYAN,,,no,no,no,no,no,Campus
102553313,METROPOLITAN NASHVILLE POLICE DEPT,20190791662,Davidson,Goodlettsville,10/30/2019 3:18:00 PM,2,2,0,36.299790,-86.696600,CUDE LN,,,,0.00,,,GALLATIN PKEN,,,,0.00,Y,Four-Way,N,Intersection,None,,,         ,Robert,Leverick,Rain,Angle,no,no,no,no,no,False
102553318,METROPOLITAN NASHVILLE POLICE DEPT,20190791575,Davidson,Nashville,10/30/2019 2:37:00 PM,1,0,0,36.108610,-86.720260,I24 W EXT RAMP,,,,0.00,Feet,East,I 24,,,,0.00,N,Not at Intersection,N,Entrance/Exit Ramp Related,None,,,         ,Patrick,Martin,Rain,Not Collision with Motor Vehicle in Transport,no,no,no,no,no,False
102553320,METROPOLITAN NASHVILLE POLICE DEPT,20190791557,Davidson,Nashville,10/30/2019 2:14:00 PM,1,1,0,36.115520,-86.916970,I 40,,,,0.00,,,,,,,199.65,N,Not at Intersection,N,Non-Junction,None,,,         ,Jeremy,Huffine,Rain,Not Collision with Motor Vehicle in Transport,no,no,no,no,no,False
102553355,METROPOLITAN NASHVILLE POLICE DEPT,20190791709,Davidson,Nashville,10/30/2019 12:00:00 AM,2,2,0,36.229060,-86.725150,GALLATIN PKE,,,,19.00,Feet,South,BROADMOOR DR,,,,0.00,N,Not at Intersection,N,Non-Junction,None,,,         ,Gordon,Stovall,Rain,Front to Rear,no,no,no,no,no,False
102553364,METROPOLITAN NASHVILLE POLICE DEPT,20190791730,Davidson,Nashville,10/30/2019 3:25:00 PM,4,0,0,36.152300,-86.838920,CHARLOTTE AV,,,,165.00,Feet,West,43RD AVN,,,,0.00,N,Not at Intersection,N,Non-Junction,None,,,         ,Robert,Higgins,Rain,Front to Rear,no,no,no,no,no,False
102553371,METROPOLITAN NASHVILLE POLICE DEPT,20190791850,Davidson,Nashville,10/30/2019 12:36:00 PM,2,0,0,36.231150,-86.723250,HAYSBORO AV,,,,382.00,Feet,West,INGLEWOOD CT,,,,0.00,N,Not at Intersection,N,Non-Junction,None,,,         ,Kevin,Clausius,Rain,"Sideswipe, Same Direction",no,no,no,no,yes,False
102553374,METROPOLITAN NASHVILLE POLICE DEPT,20190791789,Davidson,Nashville,10/30/2019 3:32:00 PM,1,1,0,36.190300,-86.612960,OLD LEBANON DIRT RD,,,,0.00,,,WEBER RD,,,,0.00,Y,OTHER,N,Intersection,None,,,         ,Steven,Powers,Rain,Not Collision with Motor Vehicle in Transport,no,no,no,no,no,False
102553375,METROPOLITAN NASHVILLE POLICE DEPT,20190791763,Davidson,Nashville,10/30/2019 2:20:00 PM,2,0,0,36.233580,-86.724650,GALLATIN PKE SB EXT RAMP,,,,0.00,Feet,East,GALLATIN PKE,,,,0.00,N,Not at Intersection, ,Entrance/Exit Ramp Related,None,,,         ,Keenan,McCann,Rain,"Sideswipe, Same Direction",no,no,no,no,no,False
102553392,METROPOLITAN NASHVILLE POLICE DEPT,20190791096,Davidson,Nashville,10/30/2019 8:05:00 AM,2,0,0,36.037400,-86.786570,FRANKLIN PKE,,,,0.00,,,OLD HICKORY BLVD,,,,0.00,Y,Four-Way, ,Intersection,None,,,         ,Phillip,Murphy,Rain,Front to Rear,no,no,no,no,no,False
102553393,METROPOLITAN NASHVILLE POLICE DEPT,20190791212,Davidson,Nashville,10/30/2019 10:49:00 AM,3,1,0,36.138270,-86.777930,LYNWOOD AV,,,,169.00,Feet,East,8TH AVS,,,,0.00,N,Not at Intersection,N,"Driveway, Alley Access, etc",None,,,         ,Phillip,Murphy,Rain,Angle,no,no,no,no,no,False
102553394,METROPOLITAN NASHVILLE POLICE DEPT,20190791497,Davidson,Nashville,10/30/2019 1:41:00 PM,1,1,0,36.113180,-86.771860,I440 ENT RAMP,,,,0.00,Feet,East,I 65,,,,0.00,N,Not at Intersection,N,Entrance/Exit Ramp Related,None,,,         ,Phillip,Murphy,Rain,Not Collision with Motor Vehicle in Transport,no,no,no,no,no,False
102553397,METROPOLITAN NASHVILLE POLICE DEPT,20190791868,Davidson,Not in City Limit,10/30/2019 5:10:00 PM,2,2,0,36.267650,-86.756400,DICKERSON PKE,,,,260.00,Feet,South,BELL GRIMES LN,,,,0.00,N,Not at Intersection,N,Non-Junction,None,,,         ,Christopher,Littles,Rain,HeadOn,no,no,no,no,no,False
102553408,METROPOLITAN NASHVILLE POLICE DEPT,20190791667,Davidson,Nashville,10/30/2019 3:15:00 PM,2,0,0,36.178400,-86.751800,N 10TH ST,,,,103.00,Feet,North,MAIN ST,,,,0.00,N,Not at Intersection,N,Non-Junction,None,,,         ,Chad,Connors,Rain,"Sideswipe, Same Direction",no,no,no,no,no,False
102553413,METROPOLITAN NASHVILLE POLICE DEPT,20190791813,Davidson,Nashville,10/30/2019 4:44:00 PM,2,0,0,36.118870,-86.747160,ELBERTA ST,,,,500.00,Feet,West,BURBANK AV,,,,0.00,N,Not at Intersection, ,"Driveway, Alley Access, etc",None,,,         ,Patrick,Martin,Rain,"Sideswipe, Same Direction",no,no,no,no,no,False
102553420,METROPOLITAN NASHVILLE POLICE DEPT,20190791890,Davidson,Nashville,10/30/2019 5:24:00 PM,1,1,0,36.160950,-86.797150,16TH AVN,,,,0.00,,,PEARL ST,,,,0.00,Y,Four-Way, ,Intersection,None,,,         ,Melvin,Taylor,Cloudy,Not Collision with Motor Vehicle in Transport,yes,no,no,no,no,False
102553424,METROPOLITAN NASHVILLE POLICE DEPT,20190791937,Davidson,Nashville,10/30/2019 5:45:00 PM,2,0,0,36.175890,-86.759150,N 8TH ST,,,,191.00,Feet,South,RAMSEY ST,,,,0.00,N,Not at Intersection, ,Non-Junction,None,,,         ,Kevin,Clausius,Rain,Front to Rear,no,no,no,no,no,False
102553437,METROPOLITAN NASHVILLE POLICE DEPT,20190791855,Davidson,Nashville,10/30/2019 4:45:00 PM,2,0,0,36.143580,-86.655030,ELM HILL PKE,,,,0.00,,,MCCRORY CREEK RD,,,,0.00,Y,Four-Way, ,Intersection,None,,,         ,Allyson,Reis,Rain,"Sideswipe, Same Direction",no,no,no,no,no,False
102553438,METROPOLITAN NASHVILLE POLICE DEPT,20190791964,Davidson,Nashville,10/30/2019 6:02:00 PM,2,0,0,36.157420,-86.792630,CHURCH ST,,,,0.00,,,15TH AVN,,,,0.00,Y,Four-Way,N,Intersection,None,,,         ,David,Lang,Rain,Angle,no,no,no,no,no,False
102553440,BERRY HILL POLICE DEPT,19-4629,Davidson,Berry Hill,10/30/2019 12:00:00 AM,2,1,0,36.128590,-86.777890,FRANKLIN PKE,,,,0.00,,,8TH AVS,,,,0.00,Y,Four-Way,Y,Intersection,None,,,         ,John,Gleixner,Rain,Angle,no,no,no,no,no,False
102553444,METROPOLITAN NASHVILLE POLICE DEPT,20190792014,Davidson,Nashville,10/30/2019 5:50:00 PM,2,0,0,36.134010,-86.758950,NOLENSVILLE PKE,,,,0.00,,,CRAIGHEAD ST,,,,0.00,Y,OTHER, ,Intersection,None,,,         ,Douglas,Sykes,Rain,Front to Rear,no,no,no,no,no,False
102553445,METROPOLITAN NASHVILLE POLICE DEPT,20190791934,Davidson,Nashville,10/30/2019 5:40:00 PM,2,0,0,36.174360,-86.783000,2ND AVN,,,,12.00,Feet,South,JUNIOR GILLIAM WAY,,,,0.00,N,Not at Intersection, ,Non-Junction,None,,,         ,Jordan,Vrbas,Rain,Angle,no,no,no,no,no,False
102553448,METROPOLITAN NASHVILLE POLICE DEPT,20190791805,Davidson,Nashville,10/30/2019 4:41:00 PM,1,0,0,36.220960,-86.604000,SHUTE LN,,,,487.00,Feet,North,MILL SPRINGS CT,,,,0.00,N,Not at Intersection,N,Non-Junction,None,,,         ,Abbey,Sawl,Rain,Not Collision with Motor Vehicle in Transport,no,no,no,no,no,False
102553456,METROPOLITAN NASHVILLE POLICE DEPT,20190791929,Davidson,Nashville,10/30/2019 5:21:00 PM,2,0,0,36.082220,-86.762050,HARDING PL,,,,111.00,Feet,West,SIDCO DR,,,,0.00,N,Not at Intersection, ,,None,,,         ,FELIKS,ABRAHAMYAN,,,no,no,no,no,no,False
102553464,METROPOLITAN NASHVILLE POLICE DEPT,20190791994,Davidson,Nashville,10/30/2019 6:00:00 PM,2,1,0,36.154400,-86.678710,LAKELAND DR,,,,725.00,Feet,West,EMERY DR,,,,0.00,N,Not at Intersection,N,Non-Junction,None,,,         ,Allyson,Reis,Rain,HeadOn,no,no,no,no,no,False
102553469,METROPOLITAN NASHVILLE POLICE DEPT,20190791815,Davidson,Nashville,10/30/2019 4:47:00 PM,2,0,0,36.194270,-86.618240,OLD HICKORY BLVD,,,,0.00,,,HERMITAGE MARKETPLACE PVTDR,,,,0.00,Y,Four-Way, ,Intersection-Related,None,,,         ,Luis,Pena,Rain,Angle,no,no,no,no,no,False
102553471,METROPOLITAN NASHVILLE POLICE DEPT,20190792032,Davidson,Nashville,10/30/2019 6:49:00 PM,2,2,0,36.109060,-86.721400,I 24,,,,0.00,,,,,,,53.75,N,Not at Intersection,N,Entrance/Exit Ramp Related,None,,,         ,Patrick,Martin,Cloudy,Front to Rear,no,no,no,no,no,False
102553472,METROPOLITAN NASHVILLE POLICE DEPT,20190791551,Davidson,Nashville,10/30/2019 2:20:00 PM,2,2,0,36.194440,-86.772340,DICKERSON PKE,,,,13.00,Feet,North,JOSEPH AV,,,,0.00,N,Not at Intersection,N,Non-Junction,None,,,         ,Faye,Denson,Rain,Front to Rear,no,no,no,no,no,False
102553476,METROPOLITAN NASHVILLE POLICE DEPT,20190791987,Davidson,Nashville,10/30/2019 6:13:00 PM,2,0,0,36.124130,-86.812230,I 440,,,,0.00,,,,,,,2.50,N,Not at Intersection,N,Non-Junction,Construction Zone,Work On Shoulder Or Median,Activity Area,         ,John,Roberson,Cloudy,Front to Rear,no,no,no,no,no,False
102553477,METROPOLITAN NASHVILLE POLICE DEPT,20190792124,Davidson,Nashville,10/30/2019 6:38:00 PM,2,0,0,36.150390,-86.785300,I 40,,,,0.00,,,,,,,209.50,N,Not at Intersection, ,Non-Junction,None,,,         ,Douglas,Sykes,Rain,"Sideswipe, Same Direction",no,no,no,no,no,False
102553478,METROPOLITAN NASHVILLE POLICE DEPT,20190792091,Davidson,Nashville,10/30/2019 7:20:00 PM,3,2,0,36.128990,-86.816130,I 440,,,,0.00,,,,,,,2.10,N,Not at Intersection, ,Non-Junction,Work Zone,,,         ,John,Chambers,Rain,Front to Rear,no,no,no,no,no,False
102553480,METROPOLITAN NASHVILLE POLICE DEPT,20190791972,Davidson,Nashville,10/30/2019 6:10:00 PM,2,1,0,36.231370,-86.700010,BRILEY PKWYN,,,,166.00,Feet,South,BRILEY PKWYW,,,,0.00,N,Not at Intersection,N,Non-Junction,None,,,         ,Keenan,McCann,Rain,Front to Rear,no,no,no,no,no,False
102553481,METROPOLITAN NASHVILLE POLICE DEPT,20190792004,Davidson,Nashville,10/30/2019 6:20:00 PM,3,0,0,36.192150,-86.780190,I 65,,,,0.00,,,,,,,86.30,N,Not at Intersection,N,Non-Junction,None,,,         ,Jonathan,Handley,Cloudy,Front to Rear,no,no,no,no,no,False
102553483,METROPOLITAN NASHVILLE POLICE DEPT,20190791899,Davidson,Nashville,10/30/2019 4:32:00 PM,3,0,0,36.110900,-86.770920,I 65,,,,0.00,,,,,,,79.80,N,Not at Intersection, ,,None,,,         ,Citlaly,Juarez,,,no,no,no,no,no,False
102553484,METROPOLITAN NASHVILLE POLICE DEPT,20190792038,Davidson,Nashville,10/30/2019 5:35:00 PM,3,1,0,36.110490,-86.800330,BELMONT BLVD,,,,72.00,Feet,North,GRAYBAR LN,,,,0.00,N,Not at Intersection,Y,Non-Junction,None,,,         ,Citlaly,Juarez,Rain,HeadOn,no,no,no,no,no,False
102553485,METROPOLITAN NASHVILLE POLICE DEPT,20190792088,Davidson,Nashville,10/30/2019 7:11:00 PM,2,0,0,36.110810,-86.800290,BELMONT BLVD,,,,188.00,Feet,North,GRAYBAR LN,,,,0.00,N,Not at Intersection, ,,None,,,         ,Citlaly,Juarez,,,no,no,no,no,no,False
102553486,METROPOLITAN NASHVILLE POLICE DEPT,20190792143,Davidson,Nashville,10/30/2019 7:53:00 PM,1,0,0,36.187490,-86.794920,I 65,,,,0.00,,,,,,,85.40,N,Not at Intersection, ,Non-Junction,None,,,         ,Katelin,Ehrhardt,Rain,Not Collision with Motor Vehicle in Transport,no,no,no,no,no,False
102553487,METROPOLITAN NASHVILLE POLICE DEPT,20190792144,Davidson,Nashville,10/30/2019 7:17:00 PM,2,0,0,36.082010,-86.761760,I65 N EXT RAMP,,,,0.00,Feet,East,SIDCO DR,,,,0.00,N,Not at Intersection, ,Entrance/Exit Ramp Related,None,,,         ,William,King,Rain,Front to Rear,no,no,no,no,no,False
102553489,METROPOLITAN NASHVILLE POLICE DEPT,20190792020,Davidson,Nashville,10/30/2019 6:41:00 PM,3,2,0,36.130740,-86.817270,I 440,,,,0.00,,,,,,,1.95,N,Not at Intersection,N,Non-Junction,Construction Zone,Laneclosure,Unknown,         ,FELIKS,ABRAHAMYAN,Rain,Front to Rear,no,no,no,no,no,False
102553491,METROPOLITAN NASHVILLE POLICE DEPT,20190792108,Davidson,Nashville,10/30/2019 6:00:00 PM,2,0,0,36.225030,-86.603370,SHUTE LN,,,,193.00,Feet,South,CHASE BLVD,,,,0.00,N,Not at Intersection, ,Non-Junction,None,,,         ,Ricki,Armstrong,Rain,Front to Rear,no,no,no,no,no,False
102553496,METROPOLITAN NASHVILLE POLICE DEPT,20190792149,Davidson,Not in City Limit,10/30/2019 7:53:00 PM,1,0,0,36.348990,-86.877080,WHITES CREEK PKE,,,,1006.00,Feet,North,GREENBRIER RD,,,,0.00,N,Not at Intersection, ,Non-Junction,None,,,         ,Brian,Woodard,Fog,Not Collision with Motor Vehicle in Transport,no,no,no,no,no,False
102553516,METROPOLITAN NASHVILLE POLICE DEPT,20190792193,Davidson,Nashville,10/30/2019 6:30:00 PM,2,0,0,36.146710,-86.777750,I65 S ENT RAMP,,,,0.00,,,I 65,,,,0.00,Y,OTHER, ,Entrance/Exit Ramp Related,None,,,         ,Douglas,Sykes,Rain,"Sideswipe, Same Direction",no,no,no,no,no,False
102553527,METROPOLITAN NASHVILLE POLICE DEPT,20190792125,Davidson,Nashville,10/30/2019 6:33:00 PM,2,0,0,36.217260,-86.699380,MCGAVOCK PKE,,,,0.00,Feet,,OUTLET CENTER DR,,,,0.00,Y,T-Intersection,Y,Intersection,None,,,         ,Keenan,McCann,Rain,Angle,no,no,no,no,no,False
102553539,METROPOLITAN NASHVILLE POLICE DEPT,20190792064,Davidson,Nashville,10/30/2019 12:00:00 AM,2,0,0,36.177820,-86.800980,I 65,,,,0.00,,,,,,,84.85,N,Not at Intersection, ,Non-Junction,None,,,         ,Julie,Nabors,Rain,"Sideswipe, Same Direction",no,no,no,no,no,False
102553544,METROPOLITAN NASHVILLE POLICE DEPT,20190792217,Davidson,Nashville,10/30/2019 8:32:00 PM,2,1,0,36.228510,-86.779560,I 24,,,,0.00,,,,,,,44.30,N,Not at Intersection,Y,Entrance/Exit Ramp Related,None,,,         ,Christopher,Littles,Rain,Angle,no,no,no,no,no,False
102553547,VANDERBILT UNIVERSITY POLICE,20190792226,Davidson,Nashville,10/30/2019 8:38:00 PM,1,1,0,36.146070,-86.799550,SCARRITT PL,,,,0.00,,,21ST AVS,,,,0.00,Y,Four-Way,N,Intersection,None,,,         ,Christopher,Dion,Rain,Not Collision with Motor Vehicle in Transport,yes,no,no,no,no,Campus
102553576,WILLIAMSON CO SHERIFFS OFFICE,1926493,Davidson,Nashville,10/30/2019 5:37:00 PM,2,2,0,36.028950,-86.917790,SNEED RDW,,,,196.00,Feet,West,VAUGHN RD,,,,0.00,N,Not at Intersection,N,Non-Junction,None,,,         ,Alvin,Collins,Rain,Angle,no,no,no,no,no,False
102553585,GOODLETTSVILLE POLICE DEPT,19-40609,Davidson,Goodlettsville,10/30/2019 9:03:00 PM,1,0,0,36.296020,-86.704610,WREN RD,,,,86.00,Feet,North,GLEAVES ST,,,,0.00,N,Not at Intersection,N,Non-Junction,None,,,         ,Marcus,Zugelder,Rain,Not Collision with Motor Vehicle in Transport,no,no,no,no,no,False
102553601,METROPOLITAN NASHVILLE POLICE DEPT,20190792237,Davidson,Nashville,10/30/2019 7:35:00 PM,2,0,0,36.055830,-86.742480,EDMONDSON PKE,,,,273.00,Feet,North,MCMURRAY DR,,,,0.00,N,Not at Intersection, ,Non-Junction,None,,,         ,William,King,Rain,"Sideswipe, Same Direction",no,no,no,no,no,False
102553610,METROPOLITAN NASHVILLE POLICE DEPT,20190792349,Davidson,Nashville,10/30/2019 9:53:00 PM,2,1,0,36.196660,-86.742250,CAHAL AV,,,,0.00,,,GALLATIN AV,,,,0.00,Y,T-Intersection,N,Intersection,None,,,         ,Cressie,Prill,Rain,Front to Rear,no,no,no,no,no,False
102553631,METROPOLITAN NASHVILLE POLICE DEPT,20190792257,Davidson,Nashville,10/30/2019 8:00:00 PM,2,0,0,36.225030,-86.603370,SHUTE LN,,,,193.00,Feet,South,CHASE BLVD,,,,0.00,N,Not at Intersection,N,Non-Junction,None,,,         ,Ricki,Armstrong,Rain,Front to Rear,no,no,no,no,no,False
102553638,METROPOLITAN NASHVILLE POLICE DEPT,20190792375,Davidson,Nashville,10/30/2019 10:10:00 PM,1,0,0,36.131640,-86.774310,I 65,,,,0.00,,,,,,,81.20,N,Not at Intersection,N,Non-Junction,None,,,         ,Randall,Atkinson,Rain,Not Collision with Motor Vehicle in Transport,no,no,no,no,no,False
102553640,GOODLETTSVILLE POLICE DEPT,19-40622,Davidson,Goodlettsville,10/30/2019 10:43:00 PM,1,0,0,36.309100,-86.692710,VIETNAM VETERANS BLVD SB ENT R,,,,0.00,Feet,East,VIETNAM VETERANS BLVD SB EXT R,,,,0.00,N,Not at Intersection, ,Non-Junction,None,,,         ,Thomas,Eisenbraun,Rain,Not Collision with Motor Vehicle in Transport,no,no,no,no,no,False
102553647,METROPOLITAN NASHVILLE POLICE DEPT,20190792416,Davidson,Nashville,10/30/2019 9:20:00 PM,2,0,0,36.131480,-86.834140,WEST END AV,,,,56.00,Feet,East,WILSON BLVDS,,,,0.00,N,Not at Intersection, ,Non-Junction,None,,,         ,William,McDaniel,Rain,Front to Rear,no,no,no,no,no,False
102553650,METROPOLITAN NASHVILLE POLICE DEPT,20190792427,Davidson,Nashville,10/30/2019 12:00:00 AM,1,1,0,36.215840,-86.814000,MOORMANS ARM RD,,,,257.00,Feet,West,CROUCH DR,,,,0.00,N,Not at Intersection,N,Non-Junction,None,,,         ,Terrance,Stuckey,Rain,Not Collision with Motor Vehicle in Transport,no,no,no,no,no,False
102553651,METROPOLITAN NASHVILLE POLICE DEPT,20190792398,Davidson,Nashville,10/30/2019 12:00:00 AM,2,0,0,36.151870,-86.779890,GLEAVES ST,,,,199.00,Feet,West,8TH AVS,,,,0.00,N,Not at Intersection,N,Non-Junction,None,,,         ,Stephen,Waterman,Rain,"Sideswipe, Opposite Direction",no,no,no,no,yes,False
102553652,METROPOLITAN NASHVILLE POLICE DEPT,20190792472,Davidson,Not in City Limit,10/30/2019 11:01:00 PM,1,0,0,36.311890,-86.860110,WHITES CREEK PKE,,,,1471.00,Feet,East,OLD CLARKSVILLE PKE,,,,0.00,N,Not at Intersection,N,Non-Junction,None,,,         ,John,Deiterick,Cloudy,Not Collision with Motor Vehicle in Transport,no,no,no,no,no,False
102553655,METROPOLITAN NASHVILLE POLICE DEPT,20190792518,Davidson,Nashville,10/30/2019 10:35:00 PM,2,0,0,36.112840,-86.688990,US HWY 41,,,,0.00,,,MCGAVOCK PIKE,,,,0.00,Y,T-Intersection,N,Intersection,None,,,         ,Ralph,Smith IV,Clear,Angle,no,no,no,no,yes,False
102553657,METROPOLITAN NASHVILLE POLICE DEPT,20190792564,Davidson,Nashville,10/30/2019 10:10:00 PM,1,0,0,36.134120,-86.775550,I 65,,,,0.00,,,,,,,81.40,N,Not at Intersection,N,Non-Junction,None,,,         ,Randall,Atkinson,Rain,Not Collision with Motor Vehicle in Transport,no,no,no,no,no,False
102553687,METROPOLITAN NASHVILLE POLICE DEPT,20190792531,Davidson,Antioch,10/30/2019 11:56:00 PM,2,0,0,36.030250,-86.612610,LOGISTICS WAY,,,,0.00,,,OLD HICKORY BLVD,,,,0.00,Y,T-Intersection, ,Non-Junction,None,,,         ,Michelle,Norris,Rain,"Sideswipe, Same Direction",no,no,no,no,yes,False
102553689,METROPOLITAN NASHVILLE POLICE DEPT,20190792681,Davidson,Nashville,10/31/2019 12:58:00 AM,1,0,0,36.154540,-86.773450,LEA AV,,,,115.00,Feet,West,4TH AVS,,,,0.00,N,Not at Intersection, ,,None,,,         ,Stephen,Waterman,,,no,no,no,yes,no,False
102553705,METROPOLITAN NASHVILLE POLICE DEPT,20190792814,Davidson,Nashville,10/31/2019 2:38:00 AM,1,0,0,36.115580,-86.705150,BRILEY PKWYS,,,,317.00,Feet,South,BRILEY PKWYN,,,,0.00,N,Not at Intersection,Y,Entrance/Exit Ramp Related,None,,,         ,Kevin,Breeding,Rain,Not Collision with Motor Vehicle in Transport,no,no,no,no,no,False
102553708,METROPOLITAN NASHVILLE POLICE DEPT,20190792782,Davidson,Nashville,10/31/2019 2:00:00 AM,1,0,0,36.224440,-86.776040,I65 S ENT RAMP,,,,0.00,Feet,East,I 24,,,,0.00,N,Not at Intersection,N,Non-Junction,None,,,         ,Jonathan,Watch,Rain,Not Collision with Motor Vehicle in Transport,no,no,no,no,yes,False
102553725,METROPOLITAN NASHVILLE POLICE DEPT,20190792880,Davidson,Nashville,10/31/2019 3:45:00 AM,2,0,0,36.139530,-86.700300,KAREN DR,,,,0.00,,,STATE HWY 155,,,,0.00,Y,Four-Way, ,Intersection,None,,,         ,Ralph,Smith IV,Clear,"Sideswipe, Same Direction",no,no,no,no,no,False
102553731,METROPOLITAN NASHVILLE POLICE DEPT,20190792951,Davidson,Not in City Limit,10/31/2019 4:35:00 AM,1,1,0,36.107260,-86.928030,I 40,,,,0.00,,,,,,,198.90,N,Not at Intersection,N,Non-Junction,None,,,         ,Jackson,Smythe,Rain,Not Collision with Motor Vehicle in Transport,no,no,no,no,no,False
102553744,METROPOLITAN NASHVILLE POLICE DEPT,20190792807,Davidson,Nashville,10/31/2019 2:29:00 AM,2,1,0,36.153910,-86.758190,I 40,,,,0.00,,,,,,,211.10,N,Not at Intersection,N,Non-Junction,None,,,         ,Douglas,Meringer,Rain,Angle,no,no,no,no,no,False
102553751,METROPOLITAN NASHVILLE POLICE DEPT,20190793078,Davidson,Nashville,10/31/2019 6:02:00 AM,1,0,0,36.169310,-86.605510,I 40,,,,0.00,,,,,,,220.60,N,Not at Intersection, ,Non-Junction,None,,,         ,Michael,Dance,Rain,Not Collision with Motor Vehicle in Transport,no,no,no,no,no,False
102553752,METROPOLITAN NASHVILLE POLICE DEPT,20190793045,Davidson,Nashville,10/31/2019 5:44:00 AM,1,1,0,36.098560,-86.738930,HARRISON ST,,,,0.00,,,NOLENSVILLE PKE,,,,0.00,Y,T-Intersection,N,Intersection,None,,,         ,Robert,Erickson,Rain,Not Collision with Motor Vehicle in Transport,yes,no,no,no,no,False
102553756,METROPOLITAN NASHVILLE POLICE DEPT,20190791423,Davidson,Nashville,10/30/2019 12:50:00 PM,2,0,0,36.192290,-86.800160,ROSA L PARKS BLVD,,,,551.00,Feet,East,ATHENS WAY,,,,0.00,N,Not at Intersection, ,Non-Junction,None,,,         ,Wesley,Young,Clear,Front to Rear,no,no,no,no,no,False
102553759,METROPOLITAN NASHVILLE POLICE DEPT,20190792840,Davidson,Nashville,10/31/2019 2:56:00 AM,3,1,0,36.139290,-86.727210,I 24,,,,0.00,,,,,,,51.45,N,Not at Intersection,N,Non-Junction,None,,,         ,Tyler,Manivong,,Not Collision with Motor Vehicle in Transport,no,no,no,no,no,False
102553761,METROPOLITAN NASHVILLE POLICE DEPT,20190793054,Davidson,Nashville,10/31/2019 5:33:00 AM,3,0,0,36.102710,-86.713690,I 24,,,,0.00,,,,,,,54.40,N,Not at Intersection,N,Non-Junction,None,,,         ,Michelle,Norris,Rain,Front to Rear,no,no,no,no,yes,False
102553764,METROPOLITAN NASHVILLE POLICE DEPT,20190793047,Davidson,Nashville,10/31/2019 5:52:00 AM,1,0,0,36.098560,-86.800950,GRANNY WHITE PKE,,,,58.00,Feet,South,DUNCANWOOD DR,,,,0.00,N,Not at Intersection,N,Non-Junction,None,,,         ,Randall,Atkinson,Rain,Not Collision with Motor Vehicle in Transport,no,no,no,no,no,False