master_record_number,agency,agency_tracking_number,county,city,collision_date,vehicles_involved,number_injured,number_dead,latitude,longitude,roadway_name,roadway_suffix,roadway_number,roadway_local_id,distance_from_reference,miles-feet_indicator,direction_from_reference,intersection_road_name,intersection_road_name_suffix,intersection_road_number,intersection_local_id,mile_marker,intersection_indicator,intersect_type,interchange_related_indicator,relation_to_junction,work_zone_type,construction_maintenance_zone,construction_maintenance_zone_location,fatal_case_number,officer_first_name,officer_last_name,weather_condition(s),manner_of_crash,pedestrian,bicycle,scooter,parking,hitrun,mou
102554129,METROPOLITAN NASHVILLE POLICE DEPT,20190793790,Davidson,Nashville,10/31/2019 12:51:00 PM,1,1,0,36.167420,-86.825260,JOHN A MERRITT BLVD,,,,133.00,Feet,East,32ND AVN,,,,0.00,N,Not at Intersection,N,Non-Junction,None,,,         ,Jean,McCormack,Cloudy,Not Collision with Motor Vehicle in Transport,yes,no,no,no,no,False
102554146,METROPOLITAN NASHVILLE POLICE DEPT,20190793883,Davidson,Nashville,10/31/2019 1:32:00 PM,2,1,0,36.138890,-86.772080,HAMILTON AVE,,,,0.00,,,HAGAN ST,,,,0.00,Y,Four-Way,N,Intersection,None,,,         ,William,Caillouette,Cloudy,Angle,no,no,no,no,no,False
102554152,METROPOLITAN NASHVILLE POLICE DEPT,20190790957,Davidson,Old Hickory,10/30/2019 7:35:00 AM,2,0,0,36.267570,-86.668810,BRIDGEWAY AV,,,,46.00,Feet,North,ROBINSON RD,,,,0.00,N,Not at Intersection, ,,None,,,         ,Jacob,Robbins,,,no,no,no,no,no,False
102554158,METROPOLITAN NASHVILLE POLICE DEPT,20190793772,Davidson,Nashville,10/31/2019 12:00:00 AM,1,0,0,36.111650,-86.760090,THOMPSON LN,,,,619.00,Feet,West,E IRIS DR,,,,0.00,N,Not at Intersection,N,Non-Junction,None,,,         ,Brent,Bauer,Cloudy,Not Collision with Motor Vehicle in Transport,no,no,no,no,yes,False
102554159,METROPOLITAN NASHVILLE POLICE DEPT,20190793945,Davidson,Nashville,10/31/2019 1:30:00 PM,2,0,0,36.107870,-86.720480,I 24,,,,0.00,,,,,,,53.85,N,Not at Intersection,Y,Entrance/Exit Ramp Related,None,,,         ,Charles,Coe,Rain,"Sideswipe, Same Direction",no,no,no,no,yes,False
102554166,METROPOLITAN NASHVILLE POLICE DEPT,20190793961,Davidson,Nashville,10/31/2019 2:00:00 PM,2,0,0,36.157570,-86.692310,BRILEY PKWYN,,,,505.00,Feet,North,BRILEY PKWY N ENT RAMP,,,,0.00,N,Not at Intersection,N,Non-Junction,None,,,         ,Thomas,Odom,Rain,"Sideswipe, Same Direction",no,no,no,no,yes,False
102554170,METROPOLITAN NASHVILLE POLICE DEPT,20190793335,Davidson,Nashville,10/31/2019 6:59:00 AM,1,0,0,36.079100,-86.720540,RECOVERY RD,,,,0.00,,,WALLACE RD,,,,0.00,Y,Five Point Or More,N,Non-Junction,Work Zone,,,         ,Alex,Moore,Rain,Not Collision with Motor Vehicle in Transport,no,no,no,no,no,False
102554171,METROPOLITAN NASHVILLE POLICE DEPT,20190793368,Davidson,Nashville,10/31/2019 8:13:00 AM,2,0,0,36.070290,-86.684540,ANTIOCH PKE,,,,0.00,,,HAYWOOD LN,,,,0.00,Y,T-Intersection, ,Intersection-Related,None,,,         ,Alex,Moore,Rain,"Sideswipe, Same Direction",no,no,no,no,no,False
102554184,METROPOLITAN NASHVILLE POLICE DEPT,20190794018,Davidson,Nashville,10/31/2019 2:41:00 PM,2,0,0,36.147890,-86.783740,HAWKINS ST,,,,420.00,Feet,West,SOUTHSIDE AV,,,,0.00,N,Not at Intersection, ,Non-Junction,None,,,         ,FELIKS,ABRAHAMYAN,Clear,"Sideswipe, Same Direction",no,no,no,no,no,False
102554187,METROPOLITAN NASHVILLE POLICE DEPT,20190793482,Davidson,Nashville,10/31/2019 9:58:00 AM,2,0,0,36.045550,-86.658400,I24 W EXT RAMP,,,,0.00,,,BELL RD,,,,0.00,Y,OTHER, ,,None,,,         ,Alex,Moore,,,no,no,no,no,no,False
102554192,METROPOLITAN NASHVILLE POLICE DEPT,20190794092,Davidson,Not in City Limit,10/31/2019 3:02:00 PM,2,0,0,36.272850,-86.689510,MYATT DR,,,,268.00,Feet,North,ANDERSON LN,,,,0.00,N,Not at Intersection, ,,None,,,         ,Derek,Sibley,,,no,no,no,no,no,False
102554195,METROPOLITAN NASHVILLE POLICE DEPT,20190794031,Davidson,Nashville,10/31/2019 2:53:00 PM,2,0,0,36.086860,-86.695950,HARDING PL,,,,0.00,,,METROPLEX DR,,,,0.00,Y,Four-Way,N,Intersection,None,,,         ,Eric,Laury,Cloudy,Angle,no,no,no,no,no,False
102554201,METROPOLITAN NASHVILLE POLICE DEPT,20190791713,Davidson,Nashville,10/30/2019 3:22:00 PM,2,0,0,36.150320,-86.797240,LYLE AVE,,,,0.00,,,US HWY 431,,,,0.00,Y,Four-Way,N,Intersection,None,,,         ,Thomas,Broatch,Rain,Angle,no,no,no,no,yes,False
102554202,METROPOLITAN NASHVILLE POLICE DEPT,20190794111,Davidson,Nashville,10/31/2019 3:32:00 PM,2,0,0,36.192320,-86.616300,JUAREZ DR,,,,0.00,,,OLD HICKORY BLVD,,,,0.00,Y,Four-Way, ,Non-Junction,None,,,         ,Thomas,Odom,Cloudy,Front to Rear,no,no,no,no,no,False
102554205,METROPOLITAN NASHVILLE POLICE DEPT,20190794071,Davidson,Nashville,10/31/2019 2:15:00 PM,2,0,0,36.145830,-86.764780,2ND AVS,,,,39.00,Feet,North,CHESTNUT ST,,,,0.00,N,Not at Intersection, ,Non-Junction,None,,,         ,Ciarra,Rench,Clear,Angle,no,no,no,no,no,False
102554206,METROPOLITAN NASHVILLE POLICE DEPT,20190794120,Davidson,Nashville,10/31/2019 3:30:00 PM,2,0,0,36.141930,-86.776720,CHESTNUT ST,,,,18.00,Feet,West,FORT NEGLEY BLVD,,,,0.00,N,Not at Intersection,N,Non-Junction,None,,,         ,Conor,Cronin,Clear,Front to Rear,no,no,no,no,yes,False
102554224,METROPOLITAN NASHVILLE POLICE DEPT,20190794136,Davidson,Nashville,10/31/2019 3:26:00 PM,2,0,0,36.090200,-86.687610,HARDING PL,,,,1.00,Feet,North,OLD EZELL RD,,,,0.00,N,Not at Intersection,N,Non-Junction,None,,,         ,Ian,Wilson,Cloudy,Angle,no,no,no,no,yes,False
102554252,METROPOLITAN NASHVILLE POLICE DEPT,20190794179,Davidson,Nashville,10/31/2019 3:40:00 PM,2,0,0,36.228910,-86.780080,I 24,,,,0.00,,,,,,,44.30,N,Not at Intersection,N,Non-Junction,None,,,         ,Andrew,Ramirez,Cloudy,"Sideswipe, Same Direction",no,no,no,no,yes,False
102554259,METROPOLITAN NASHVILLE POLICE DEPT,20190794134,Davidson,Nashville,10/31/2019 3:15:00 PM,2,0,0,36.161240,-86.794860,US HWY 70,,,,0.00,Feet,,14TH AVE,,,,0.00,Y,Four-Way, ,Non-Junction,None,,,         ,Denarius,Lawson,Cloudy,Angle,no,no,no,no,no,False
102554262,METROPOLITAN NASHVILLE POLICE DEPT,20190794199,Davidson,Nashville,10/31/2019 4:20:00 PM,3,0,0,36.132720,-86.727160,I 24,,,,0.00,,,,,,,52.00,N,Not at Intersection,N,Non-Junction,None,,,         ,Ciarra,Rench,Clear,Front to Rear,no,no,no,no,no,False
102554274,METROPOLITAN NASHVILLE POLICE DEPT,20190794233,Davidson,Not in City Limit,10/31/2019 4:43:00 PM,2,0,0,36.266660,-86.756710,DICKERSON PKE,,,,107.00,Feet,South,DARBYTOWN DR,,,,0.00,N,Not at Intersection, ,Non-Junction,None,,,         ,Christopher,Littles,Cloudy,HeadOn,no,no,no,no,no,False
102554275,METROPOLITAN NASHVILLE POLICE DEPT,20190794269,Davidson,Goodlettsville,10/31/2019 3:39:00 PM,2,0,0,36.303420,-86.690270,RIVERGATE MARKETPLACE PVTDR,,,,114.00,Feet,South,GALLATIN PKEN,,,,0.00,N,Not at Intersection,N,Non-Junction,None,,,         ,Christopher,Littles,Cloudy,"Sideswipe, Opposite Direction",no,no,no,no,yes,False
102554284,METROPOLITAN NASHVILLE POLICE DEPT,2019-0792330,Davidson,Nashville,10/30/2019 9:00:00 PM,1,0,0,36.172540,-86.799280,I65 N ENT RAMP,,,,0.00,Feet,East,I 40,,,,0.00,N,Not at Intersection, ,Non-Junction,None,,,         ,Brandon,Simpkins,Rain,Not Collision with Motor Vehicle in Transport,no,no,no,no,no,False
102554286,METROPOLITAN NASHVILLE POLICE DEPT,20190794175,Davidson,Nashville,10/31/2019 2:36:00 PM,1,0,0,36.247750,-86.716960,DUE WEST AVE,,,,379.00,Feet,West,ARGLE AV,,,,0.00,N,Not at Intersection,N,Non-Junction,None,,,         ,Bradley,Campbell,Clear,Not Collision with Motor Vehicle in Transport,no,no,no,no,no,False
102554296,METROPOLITAN NASHVILLE POLICE DEPT,20190794187,Davidson,Nashville,10/31/2019 4:17:00 PM,2,0,0,36.137570,-86.800760,WEDGEWOOD AV,,,,0.00,,,21ST AVS,,,,0.00,Y,Four-Way, ,Intersection-Related,None,,,         ,John,Roberson,Cloudy,Front to Rear,no,no,no,no,no,Campus
102554297,METROPOLITAN NASHVILLE POLICE DEPT,20190793967,Davidson,Nashville,10/31/2019 2:12:00 PM,1,0,0,36.183600,-86.680150,TWO RIVERS PKWY,,,,253.00,Feet,East,TWO RIVERS PARK PVTDR,,,,0.00,N,Not at Intersection,N,Non-Junction,None,,,         ,Jerre,Fly,Cloudy,Not Collision with Motor Vehicle in Transport,no,no,no,no,no,False
102554301,METROPOLITAN NASHVILLE POLICE DEPT,20190794241,Davidson,Nashville,10/31/2019 4:43:00 PM,2,0,0,36.166770,-86.765060,I 24,,,,0.00,,,,,,,48.95,N,Not at Intersection, ,Non-Junction,None,,,         ,Phillip,Burke,Cloudy,Front to Rear,no,no,no,no,no,False
102554320,METROPOLITAN NASHVILLE POLICE DEPT,20190794265,Davidson,Nashville,10/31/2019 4:45:00 PM,2,0,0,36.182780,-86.799100,I 65,,,,0.00,,,,,,,85.20,N,Not at Intersection, ,,None,,,         ,Tyler,Geiger,,,no,no,no,no,no,False
102554342,METROPOLITAN NASHVILLE POLICE DEPT,20190794151,Davidson,Antioch,10/31/2019 3:53:00 PM,2,0,0,36.042160,-86.605960,MURFREESBORO PKE,,,,308.00,Feet,South,HOBSON PKE,,,,0.00,N,Not at Intersection, ,,None,,,         ,Nathaniel,Myers,,,no,no,no,no,no,False
102554345,METROPOLITAN NASHVILLE POLICE DEPT,20190794425,Davidson,Goodlettsville,10/31/2019 6:52:00 PM,3,2,0,36.302750,-86.691850,RIVERGATE MARKETPLACE PVTDR,,,,0.00,,,GALLATIN PKEN,,,,0.00,Y,Four-Way, ,Intersection,None,,,         ,Christopher,Littles,Cloudy,Front to Rear,no,no,no,no,no,False
102554346,METROPOLITAN NASHVILLE POLICE DEPT,20190794281,Davidson,Nashville,10/31/2019 5:12:00 PM,2,0,0,36.195200,-86.628950,BONNABROOK DR,,,,0.00,,,BONNACREEK DR,,,,0.00,Y,Four-Way, ,Intersection,None,,,         ,Luis,Pena,Cloudy,Angle,no,no,no,no,no,False
102554351,METROPOLITAN NASHVILLE POLICE DEPT,20190794308,Davidson,Nashville,10/31/2019 5:23:00 PM,2,0,0,36.187800,-86.794280,I 65,,,,0.00,,,,,,,85.45,N,Not at Intersection, ,Non-Junction,None,,,         ,Katelin,Ehrhardt,Cloudy,"Sideswipe, Same Direction",no,no,no,no,no,False
102554352,METROPOLITAN NASHVILLE POLICE DEPT,20190794213,Davidson,Antioch,10/31/2019 4:10:00 PM,2,0,0,36.079630,-86.594820,PHILHALL PKWY,,,,0.00,Feet,East,SCENIC LAKE CT,,,,0.00,N,Not at Intersection, ,Non-Junction,None,,,         ,Nathaniel,Myers,Cloudy,Angle,no,no,no,no,no,False
102554354,METROPOLITAN NASHVILLE POLICE DEPT,20190794309,Davidson,Nashville,10/31/2019 5:25:00 PM,2,2,0,36.130380,-86.715840,MURFREESBORO PKE,,,,423.00,Feet,East,FOOTHILL DR,,,,0.00,N,Not at Intersection,N,Non-Junction,None,,,         ,Matthew,Swindell,Clear,Front to Rear,no,no,no,no,no,False
102554355,METROPOLITAN NASHVILLE POLICE DEPT,20190794418,Davidson,Nashville,10/31/2019 6:30:00 PM,2,0,0,36.039120,-86.743420,EDMONDSON PKE,,,,325.00,Feet,South,OLD HICKORY BLVD,,,,0.00,N,Not at Intersection,N,"Driveway, Alley Access, etc",None,,,         ,William,King,Clear,Angle,no,no,no,no,yes,False
102554358,METROPOLITAN NASHVILLE POLICE DEPT,20190794158,Davidson,Nashville,10/31/2019 3:50:00 PM,2,0,0,36.089270,-86.750980,TROUSDALE DR,,,,187.00,Feet,South,GRASSMERE PK,,,,0.00,N,Not at Intersection, ,,None,,,         ,FELIKS,ABRAHAMYAN,,,no,no,no,no,no,False
102554363,METROPOLITAN NASHVILLE POLICE DEPT,20190794340,Davidson,Nashville,10/31/2019 6:05:00 PM,3,0,0,36.197750,-86.752260,ELLINGTON PKWYS,,,,433.00,Feet,North,ELLINGTON PKWYN,,,,0.00,N,Not at Intersection,N,Non-Junction,None,,,         ,Jonathan,Handley,Cloudy,Front to Rear,no,no,no,no,no,False
102554366,METROPOLITAN NASHVILLE POLICE DEPT,20190794507,Davidson,Nashville,10/31/2019 6:02:00 PM,2,0,0,36.148520,-86.866400,CHARLOTTE PKE,,,,374.00,Feet,West,LELLYETT ST,,,,0.00,N,Not at Intersection,N,Non-Junction,None,,,         ,Robert,Higgins,Clear,Angle,no,no,no,no,yes,False
102554382,METROPOLITAN NASHVILLE POLICE DEPT,20190794246,Davidson,Nashville,10/31/2019 4:50:00 PM,2,0,0,36.111670,-86.750370,THOMPSON LN,,,,0.00,,,,,,,0.00,,, ,,None,,,         ,FELIKS,ABRAHAMYAN,,,no,no,no,no,no,False
102554386,METROPOLITAN NASHVILLE POLICE DEPT,20190794441,Davidson,Nashville,10/31/2019 7:05:00 PM,1,1,0,36.155210,-86.770180,RUTLEDGE ST,,,,213.00,Feet,North,MIDDLETON ST,,,,0.00,N,Not at Intersection,N,Non-Junction,None,,,         ,Derek,Betty,Clear,Not Collision with Motor Vehicle in Transport,yes,no,no,no,no,False
102554387,METROPOLITAN NASHVILLE POLICE DEPT,20190794486,Davidson,Nashville,10/31/2019 7:14:00 PM,2,0,0,36.155980,-86.770170,LEA AV,,,,64.00,Feet,West,RUTLEDGE ST,,,,0.00,N,Not at Intersection,N,Non-Junction,None,,,         ,Derek,Betty,Clear,"Sideswipe, Same Direction",no,no,no,no,no,False
102554388,METROPOLITAN NASHVILLE POLICE DEPT,20190794432,Davidson,Nashville,10/31/2019 6:43:00 PM,2,0,0,36.153900,-86.625640,STEWARTS FERRY PKE,,,,0.00,,,PERCY PRIEST DR,,,,0.00,Y,Four-Way,N,Non-Junction,None,,,         ,Brady,Reynolds,Clear,Angle,no,no,no,no,no,False
102554400,METROPOLITAN NASHVILLE POLICE DEPT,20190794489,Davidson,Nashville,10/31/2019 7:26:00 PM,2,1,0,36.161040,-86.792990,I40 W ENT RAMP,,,,0.00,,,I 40,,,,0.00,Y,Four-Way,N,Intersection-Related,None,,,         ,FELIKS,ABRAHAMYAN,Clear,Angle,no,no,no,no,yes,False
102554407,METROPOLITAN NASHVILLE POLICE DEPT,20190794065,Davidson,Nashville,10/31/2019 2:30:00 PM,3,0,0,36.158910,-86.760460,I 24,,,,0.00,,,,,,,49.55,N,Not at Intersection,N,Non-Junction,None,,,         ,Jason,King,Cloudy,Front to Rear,no,no,no,no,yes,False
102554412,METROPOLITAN NASHVILLE POLICE DEPT,20190794510,Davidson,Nashville,10/31/2019 7:26:00 PM,2,0,0,36.060580,-86.716510,NOLENSVILLE PKE,,,,179.00,Feet,North,STRASSER DR,,,,0.00,N,Not at Intersection,N,Non-Junction,None,,,         ,Steven,Begley,Cloudy,Front to Rear,no,no,no,no,yes,False
102554456,METROPOLITAN NASHVILLE POLICE DEPT,20190794489,Davidson,Nashville,10/31/2019 7:20:00 PM,2,0,0,36.160660,-86.793910,CHARLOTTE AV,,,,74.00,Feet,West,14TH AVN,,,,0.00,N,Not at Intersection, ,Non-Junction,None,,,         ,Melissa,Lomax,Clear,"Sideswipe, Same Direction",no,no,no,no,yes,False
102554491,METROPOLITAN NASHVILLE POLICE DEPT,20190794627,Davidson,Nashville,10/31/2019 7:09:00 PM,2,0,0,36.166790,-86.800000,IRELAND ST,,,,299.00,Feet,East,16TH AVN,,,,0.00,N,Not at Intersection, ,Non-Junction,None,,,         ,Melvin,Taylor,Clear,"Sideswipe, Same Direction",no,no,no,no,yes,False
102554492,METROPOLITAN NASHVILLE POLICE DEPT,20190794689,Davidson,Nashville,10/31/2019 9:14:00 PM,2,1,0,36.155000,-86.779650,8TH AVS,,,,0.00,,,KOREAN VETERANS BLVD,,,,0.00,Y,Roundabout,N,Non-Junction,None,,,         ,Jason,King,Cloudy,"Sideswipe, Same Direction",no,no,no,no,yes,False
102554495,METROPOLITAN NASHVILLE POLICE DEPT,20190794687,Davidson,Nashville,10/31/2019 9:15:00 PM,2,0,0,36.193370,-86.753130,DOUGLAS AV,,,,56.00,Feet,West,ELLINGTON PKWYS,,,,0.00,N,Not at Intersection,N,Non-Junction,None,,,         ,Gregory,Cenicola,Clear,Front to Rear,no,no,no,no,no,False
102554511,METROPOLITAN NASHVILLE POLICE DEPT,20190794499,Davidson,Nashville,10/31/2019 7:31:00 PM,2,0,0,36.166350,-86.780710,4TH AVN,,,,0.00,,,,,,,0.00,,,N,Unknown,None,,,         ,Phillip,Burke,Cloudy,Unknown,no,no,no,no,yes,False
102554538,METROPOLITAN NASHVILLE POLICE DEPT,20190794777,Davidson,Antioch,10/31/2019 7:16:00 PM,2,0,0,36.016700,-86.619920,OLD HICKORY BLVD,,,,57.00,Feet,South,FIRESTONE PKWY,,,,0.00,N,Not at Intersection, ,Non-Junction,None,,,         ,YUNUS,ADAK,Clear,Angle,no,no,no,no,no,False
102554549,METROPOLITAN NASHVILLE POLICE DEPT,20190794813,Davidson,Not in City Limit,10/31/2019 9:33:00 PM,1,0,0,36.314860,-86.871130,OLD CLARKSVILLE PKE,,,,34.00,Feet,West,JOELTON COMMUNITY CENTER RD,,,,0.00,N,Not at Intersection,N,Non-Junction,None,,,         ,John,Deiterick,Clear,Not Collision with Motor Vehicle in Transport,no,no,no,no,no,False
102554554,METROPOLITAN NASHVILLE POLICE DEPT,20190794874,Davidson,Goodlettsville,10/31/2019 10:42:00 PM,2,0,0,36.296910,-86.699160,GALLATIN PKEN,,,,0.00,,,RIVERGATE PKWY,,,,0.00,Y,Four-Way, ,Intersection,None,,,         ,Jeffrey,Mullins,Clear,Angle,no,no,no,no,no,False
102554557,METROPOLITAN NASHVILLE POLICE DEPT,20190794648,Davidson,Nashville,10/31/2019 6:41:00 PM,2,0,0,36.064730,-86.621480,HAMILTON CHURCH RD,,,,186.00,Feet,East,OWENDALE DR,,,,0.00,N,Not at Intersection, ,Non-Junction,None,,,         ,Nathaniel,Myers,Cloudy,Front to Rear,no,no,no,no,no,False
102554563,METROPOLITAN NASHVILLE POLICE DEPT,20190794834,Davidson,Nashville,10/31/2019 7:20:00 PM,2,0,0,36.180590,-86.796350,GARFIELD ST,,,,0.00,,,ROSA L PARKS BLVD,,,,0.00,Y,Four-Way,N,Intersection-Related,None,,,         ,Christopher,Royer,Clear,"Sideswipe, Same Direction",no,no,no,no,yes,False
102554570,METROPOLITAN NASHVILLE POLICE DEPT,20190794963,Davidson,Nashville,11/1/2019 12:10:00 AM,1,1,0,36.186210,-86.862830,BRILEY PKWYS,,,,377.00,Feet,North,BRILEY PKWYN,,,,0.00,N,Not at Intersection,N,Non-Junction,None,,,         ,Dalton,Crum,Clear,Not Collision with Motor Vehicle in Transport,no,no,no,no,no,False
102554571,METROPOLITAN NASHVILLE POLICE DEPT,20190794994,Davidson,Nashville,11/1/2019 12:29:00 AM,2,0,0,36.041230,-86.726660,OLD HICKORY BLVD,,,,400.00,Feet,South,WOODLANDS AV,,,,0.00,N,Not at Intersection, ,Non-Junction,None,,,         ,Brandon,Rardin,Clear,"Sideswipe, Same Direction",no,no,no,no,no,False
102554578,METROPOLITAN NASHVILLE POLICE DEPT,20190794954,Davidson,Nashville,11/1/2019 12:08:00 AM,2,0,0,36.150540,-86.780640,9TH AVS,,,,129.00,Feet,North,DIVISION ST,,,,0.00,N,Not at Intersection, ,Non-Junction,None,,,         ,Eric,Jackson,Clear,"Sideswipe, Same Direction",no,no,no,no,no,False
102554582,METROPOLITAN NASHVILLE POLICE DEPT,20190794860,Davidson,Not in City Limit,10/31/2019 11:17:00 PM,1,1,0,36.269130,-86.682950,RIO VISTA DR,,,,76.00,Feet,North,CHARTER VILLAGE APTS PVTDR,,,,0.00,N,Not at Intersection,N,Non-Junction,None,,,         ,Katelyn,Argeroplos,Clear,Not Collision with Motor Vehicle in Transport,no,no,no,no,no,False
102554588,BELLE MEADE POLICE DEPT,19-0315,Davidson,Belle Meade,10/31/2019 6:20:00 PM,2,0,0,36.086220,-86.867300,NICHOL LN,,,,0.00,,,CANTERBURY DR,,,,0.00,Y,T-Intersection, ,Intersection-Related,None,,,         ,Tyler,Parrish,Clear,"Sideswipe, Same Direction",no,no,no,no,no,False
102554591,METROPOLITAN NASHVILLE POLICE DEPT,20190794842,Davidson,Nashville,10/31/2019 11:04:00 PM,2,0,0,36.184870,-86.759260,CLEVELAND ST,,,,0.00,,,US HWY 31E,,,,0.00,Y,OTHER,Y,Intersection-Related,None,,,         ,William,Burnett,Clear,Angle,no,no,no,no,no,False
102554598,METROPOLITAN NASHVILLE POLICE DEPT,20190795212,Davidson,Nashville,11/1/2019 12:00:00 AM,1,0,0,36.051390,-86.641860,EAGLE VIEW BLVD,,,,272.00,Feet,East,WILD OAKS CT,,,,0.00,N,Not at Intersection,N,Non-Junction,None,,,         ,Joshua,Dodge,Clear,Not Collision with Motor Vehicle in Transport,no,no,no,no,yes,False
102554599,METROPOLITAN NASHVILLE POLICE DEPT,20190795269,Davidson,Nashville,11/1/2019 3:20:00 AM,2,0,0,36.069140,-86.689350,I 24,,,,0.00,,,,,,,57.00,N,Not at Intersection,N,Non-Junction,None,,,         ,Alex,DiBernardo,Clear,Front to Rear,no,no,no,no,yes,False
102554613,METROPOLITAN NASHVILLE POLICE DEPT,20190795323,Davidson,Nashville,11/1/2019 4:16:00 AM,1,0,0,36.223670,-86.760950,SUNSET DR,,,,0.00,Feet,East,DICKERSON PKE,,,,0.00,N,Not at Intersection,N,Non-Junction,None,,,         ,Reginald,Pierre-Paul,Clear,Not Collision with Motor Vehicle in Transport,no,no,no,no,yes,False
102554624,METROPOLITAN NASHVILLE POLICE DEPT,20190795348,Davidson,Nashville,11/1/2019 4:20:00 AM,2,0,0,36.084160,-86.705890,LINBAR DR,,,,0.00,,,HARDING PL,,,,0.00,Y,Four-Way,Y,Intersection-Related,None,,,         ,Alex,DiBernardo,Clear,Angle,no,no,no,no,yes,False
102554625,METROPOLITAN NASHVILLE POLICE DEPT,20190795245,Davidson,Not in City Limit,11/1/2019 3:30:00 AM,1,3,0,36.265690,-86.830890,OLD HICKORY BLVD,,,,0.00,,,WHITES CREEK PKE,,,,0.00,Y,Four-Way,Y,Intersection-Related,None,,,         ,Timothy,Ward,Clear,Not Collision with Motor Vehicle in Transport,no,no,no,no,yes,False
102554644,METROPOLITAN NASHVILLE POLICE DEPT,20190795262,Davidson,Nashville,11/1/2019 3:32:00 AM,2,0,0,36.152480,-86.802700,21ST AVE N,,,,0.00,Feet,,CHURCH ST,,,,0.00,Y,Four-Way,Y,Intersection,None,,,         ,Douglas,Mann,Clear,Angle,no,no,no,no,no,Campus
102554647,METROPOLITAN NASHVILLE POLICE DEPT,20190795317,Davidson,Nashville,11/1/2019 12:00:00 AM,1,1,0,36.012900,-87.044900,HIGHWAY 100,,,,177.00,Feet,East,FAIRVIEW BLVD,,,,0.00,N,Not at Intersection,N,Non-Junction,None,,,         ,John,Braun,Clear,Not Collision with Motor Vehicle in Transport,no,no,no,no,no,False
102554648,METROPOLITAN NASHVILLE POLICE DEPT,20190795321,Davidson,Nashville,11/1/2019 4:10:00 AM,2,0,0,36.159560,-86.774640,3RD AVS,,,,0.00,,,DEMONBREUN ST,,,,0.00,Y,Four-Way,N,Intersection,None,,,         ,Hunter,Fikes,Clear,Front to Rear,no,no,no,no,no,False
102554678,Nashville Airport Police,19-4640,Davidson,Nashville,11/1/2019 12:00:00 AM,1,1,0,36.117330,-86.667930,DONELSON PKE,,,,237.00,Feet,North,HANGAR LN,,,,0.00,N,Not at Intersection,N,Non-Junction,None,,,         ,Ahscari,Valencia,Cloudy,Not Collision with Motor Vehicle in Transport,no,no,no,no,no,False
102554680,METROPOLITAN NASHVILLE POLICE DEPT,20190795402,Davidson,Not in City Limit,11/1/2019 5:28:00 AM,4,0,0,36.295290,-86.811130,I 24,,,,0.00,,,,,,,39.10,N,Not at Intersection,N,Non-Junction,None,,,         ,Timothy,Ward,Clear,Front to Rear,no,no,no,no,no,False
102554685,METROPOLITAN NASHVILLE POLICE DEPT,20190794276,Davidson,Nashville,10/31/2019 5:00:00 PM,2,0,0,36.110920,-86.745200,STATE HWY 155,,,,0.00,,,US HWY 31 ALT,,,,0.00,Y,Four-Way,Y,Intersection,None,,,         ,Jarrett,Ipox,Cloudy,Front to Rear,no,no,no,no,yes,False
102554686,METROPOLITAN NASHVILLE POLICE DEPT,20190794345,Davidson,Nashville,10/31/2019 5:00:00 PM,2,0,0,36.106580,-86.794810,CALDWELL LN,,,,0.00,,,GRANNY WHITE PIKE,,,,0.00,Y,OTHER, ,Intersection,None,,,         ,Jarrett,Ipox,Cloudy,Front to Rear,no,no,no,no,no,False
102554696,METROPOLITAN NASHVILLE POLICE DEPT,20190795419,Davidson,Not in City Limit,11/1/2019 5:32:00 AM,2,0,0,36.307190,-86.819640,I 24,,,,0.00,,,,,,,38.10,N,Not at Intersection,N,Non-Junction,None,,,         ,John,Deiterick,Clear,Front to Rear,no,no,no,no,no,False
102554709,METROPOLITAN NASHVILLE POLICE DEPT,20190795465,Davidson,Nashville,11/1/2019 6:25:00 AM,2,1,0,36.152470,-86.766600,I 40,,,,0.00,,,,,,,210.60,N,Not at Intersection,Y,Entrance/Exit Ramp Related,None,,,         ,William,Erickson,Clear,Front to Rear,no,no,no,no,no,False
102554712,METROPOLITAN NASHVILLE POLICE DEPT,20190795501,Davidson,Nashville,11/1/2019 6:57:00 AM,2,0,0,36.142200,-86.666600,I40 W EXT RAMP,,,,0.00,,,DONELSON PKE,,,,0.00,Y,Four-Way, ,Intersection,None,,,         ,Larry,Benz,Clear,Front to Rear,no,no,no,no,no,False
102554716,METROPOLITAN NASHVILLE POLICE DEPT,20190795488,Davidson,Nashville,11/1/2019 6:25:00 AM,1,0,0,36.231510,-86.792450,EWING DR,,,,0.00,,,GWYNNWOOD DR,,,,0.00,Y,Four-Way, ,Intersection-Related,None,,,         ,James,Wray,Clear,Not Collision with Motor Vehicle in Transport,no,no,no,no,no,False
102554730,METROPOLITAN NASHVILLE POLICE DEPT,20190795478,Davidson,Not in City Limit,11/1/2019 6:50:00 AM,3,1,0,36.076990,-87.016250,I 40,,,,0.00,,,,,,,192.75,N,Not at Intersection,N,Non-Junction,None,,,         ,Curtis,Rich,Cloudy,Angle,no,no,no,no,yes,False
102554731,METROPOLITAN NASHVILLE POLICE DEPT,20190795506,Davidson,Nashville,11/1/2019 6:42:00 AM,2,0,0,36.192490,-86.622820,JUAREZ DR,,,,329.00,Feet,East,LEBANON PKE,,,,0.00,N,Not at Intersection, ,Non-Junction,None,,,         ,Michael,Dance,Clear,Front to Rear,no,no,no,no,no,False