master_record_number,agency,agency_tracking_number,county,city,collision_date,vehicles_involved,number_injured,number_dead,latitude,longitude,roadway_name,roadway_suffix,roadway_number,roadway_local_id,distance_from_reference,miles-feet_indicator,direction_from_reference,intersection_road_name,intersection_road_name_suffix,intersection_road_number,intersection_local_id,mile_marker,intersection_indicator,intersect_type,interchange_related_indicator,relation_to_junction,work_zone_type,construction_maintenance_zone,construction_maintenance_zone_location,fatal_case_number,officer_first_name,officer_last_name,weather_condition(s),manner_of_crash,pedestrian,bicycle,scooter,parking,hitrun,mou
102556024,METROPOLITAN NASHVILLE POLICE DEPT,2019-798148,Davidson,Nashville,11/2/2019 9:30:00 AM,2,0,0,36.155050,-86.788890,I 40,,,,0.00,,,,,,,209.20,N,Not at Intersection, ,Entrance/Exit Ramp Related,None,,,         ,Erik,Wagner,Clear,Not Collision with Motor Vehicle in Transport,no,no,no,no,no,False
102556026,METROPOLITAN NASHVILLE POLICE DEPT,20190798283,Davidson,Nashville,11/2/2019 11:16:00 AM,2,1,0,36.153400,-86.650810,IRONWOOD DR,,,,0.00,Feet,,LAKELAND DR,,,,0.00,Y,Four-Way,N,Intersection,None,,,         ,Zachary,Plese,Clear,Angle,no,no,no,no,no,False
102556035,METROPOLITAN NASHVILLE POLICE DEPT,20190798324,Davidson,Not in City Limit,11/1/2019 12:00:00 AM,2,0,0,36.272450,-86.693250,ANDERSON LN,,,,0.00,,,NIX DR,,,,0.00,Y,T-Intersection,Y,Intersection,None,,,         ,Joseph,Simon,Unknown,Front to Rear,no,no,no,no,yes,False
102556040,METROPOLITAN NASHVILLE POLICE DEPT,20190798373,Davidson,Nashville,11/2/2019 12:50:00 PM,2,0,0,36.045620,-86.706430,OLD HICKORY BLVD,,,,0.00,,,HICKORY VALLEY CONDOS PVTDR,,,,0.00,Y,T-Intersection, ,,None,,,         ,Steven,Williams,,,no,no,no,no,no,False
102556091,METROPOLITAN NASHVILLE POLICE DEPT,20190798301,Davidson,Nashville,11/2/2019 11:28:00 AM,3,0,0,36.186450,-86.608850,ANDREW JACKSON PKWY,,,,172.00,Feet,South,JACKSON PASS,,,,0.00,N,Not at Intersection, ,Non-Junction,None,,,         ,MIchael,Mihajlov,Clear,Front to Rear,no,no,no,no,no,False
102556103,METROPOLITAN NASHVILLE POLICE DEPT,20190798347,Davidson,Nashville,11/2/2019 12:20:00 PM,2,0,0,36.202010,-86.776850,I 65,,,,0.00,,,,,,,87.00,N,Not at Intersection, ,,None,,,         ,Jonathan,Hadley,,,no,no,no,no,no,False
102556120,METROPOLITAN NASHVILLE POLICE DEPT,20190798367,Davidson,Nashville,11/2/2019 12:47:00 PM,2,1,0,36.202080,-86.776850,I 65,,,,0.00,,,,,,,87.00,N,Not at Intersection,N,Non-Junction,None,,,         ,James,Wray,Clear,Front to Rear,no,no,no,no,no,False
102556125,VANDERBILT UNIVERSITY POLICE,20190797274,Davidson,Nashville,11/1/2019 10:00:00 PM,1,0,0,36.142420,-86.801260,MEDICAL CENTER DR,,,,405.00,Feet,West,21ST AVS,,,,0.00,N,Not at Intersection, ,,None,,,         ,Charles,Stevens,,,no,no,no,yes,no,Campus
102556129,METROPOLITAN NASHVILLE POLICE DEPT,20190798313,Davidson,Nashville,11/2/2019 11:55:00 AM,2,1,0,36.153000,-86.857630,WHITE BRIDGE PKE EXT RAMP,,,,0.00,,,I40 W EXT RAMP,,,,0.00,Y,Four-Way,Y,Intersection,None,,,         ,Brian,Myatt,Clear,Angle,no,no,no,no,yes,False
102556147,METROPOLITAN NASHVILLE POLICE DEPT,20190798358,Davidson,Nashville,11/2/2019 12:34:00 PM,2,0,0,36.049620,-86.650680,BELL RD,,,,333.00,Feet,East,HICKORY HOLLOW MALL PVTDR PL,,,,0.00,N,Not at Intersection, ,Non-Junction,None,,,         ,Jason,Hees,Clear,Front to Rear,no,no,no,no,no,False
102556148,METROPOLITAN NASHVILLE POLICE DEPT,20190798337,Davidson,Nashville,11/2/2019 12:16:00 PM,1,2,0,36.193190,-86.745620,TREVECCA AV,,,,134.00,Feet,North,DOUGLAS AV,,,,0.00,N,Not at Intersection,N,Non-Junction,None,,,         ,Dillon,Hunt,Clear,Not Collision with Motor Vehicle in Transport,no,no,no,no,no,False
102556151,METROPOLITAN NASHVILLE POLICE DEPT,20190798350,Davidson,Nashville,11/2/2019 12:25:00 PM,1,0,0,36.228530,-86.827590,BOYD DR,,,,230.00,Feet,North,BUENAVIEW BLVD,,,,0.00,N,Not at Intersection, ,Non-Junction,None,,,         ,Kenneth,Oneal,Clear,Not Collision with Motor Vehicle in Transport,no,no,no,no,no,False
102556164,METROPOLITAN NASHVILLE POLICE DEPT,20190798437,Davidson,Nashville,11/2/2019 1:37:00 PM,2,0,0,36.038760,-86.648110,I 24,,,,0.00,,,,,,,60.15,N,Not at Intersection,N,Non-Junction,None,,,         ,Carey,Steel,Clear,"Sideswipe, Same Direction",no,no,no,no,yes,False
102556165,METROPOLITAN NASHVILLE POLICE DEPT,20190798469,Davidson,Nashville,11/2/2019 1:58:00 PM,2,0,0,36.040830,-86.779510,OLD HICKORY BLVD,,,,75.00,Feet,West,FRANKLIN PIKE CIR,,,,0.00,N,Not at Intersection, ,Non-Junction,Work Zone,,,         ,Earl,Davis,Clear,"Sideswipe, Same Direction",no,no,no,no,no,False
102556166,METROPOLITAN NASHVILLE POLICE DEPT,20190797955,Davidson,Nashville,11/2/2019 12:00:00 AM,1,1,0,36.202500,-86.820480,BUENA VISTA PKE,,,,0.00,Feet,,W TRINITY LN,,,,0.00,Y,T-Intersection,Y,Intersection-Related,None,,,         ,Corey,Reed,Clear,Not Collision with Motor Vehicle in Transport,no,no,no,no,no,False
102556170,METROPOLITAN NASHVILLE POLICE DEPT,20190798400,Davidson,Nashville,11/2/2019 1:14:00 PM,2,0,0,36.031290,-86.639590,I 24,,,,0.00,,,,,,,60.90,N,Not at Intersection, ,Non-Junction,None,,,         ,Brandon,Evans,Clear,Front to Rear,no,no,no,no,no,False
102556180,METROPOLITAN NASHVILLE POLICE DEPT,20190798486,Davidson,Nashville,11/2/2019 2:13:00 PM,2,0,0,36.045480,-86.647290,CROSSINGS BLVD,,,,0.00,,,MT VIEW RD,,,,0.00,Y,Four-Way,Y,Intersection,None,,,         ,Joseph,Simon,Clear,Front to Rear,no,no,no,no,yes,False
102556181,METROPOLITAN NASHVILLE POLICE DEPT,20190798449,Davidson,Nashville,11/2/2019 1:20:00 PM,2,1,0,36.048160,-86.654840,BELL RD,,,,393.00,Feet,East,HICKORY HOLLOW MALL PVTDR PL,,,,0.00,N,Not at Intersection,N,Non-Junction,None,,,         ,Gerald,Gomes,Clear,Front to Rear,no,no,no,no,no,False
102556188,METROPOLITAN NASHVILLE POLICE DEPT,20190798311,Davidson,Nashville,11/2/2019 11:50:00 AM,2,0,0,36.139660,-86.879820,CHARLOTTE PKE,,,,248.00,Feet,West,RUSSLEO DR,,,,0.00,N,Not at Intersection, ,,None,,,         ,Wesley,Tilley,,,no,no,no,no,no,False
102556189,METROPOLITAN NASHVILLE POLICE DEPT,20190798338,Davidson,Nashville,11/2/2019 12:06:00 PM,2,0,0,36.124580,-86.806450,I440 W ENT RAMP,,,,0.00,,,I 440,,,,0.00,Y,OTHER, ,Entrance/Exit Ramp Related,None,,,         ,Walter,Cothran,Clear,Angle,no,no,no,no,no,False
102556204,METROPOLITAN NASHVILLE POLICE DEPT,2019 0798451,Davidson,Nashville,11/2/2019 12:10:00 PM,2,0,0,36.051020,-86.881760,STATE HWY 254,,,,46.00,Feet,West,CHICKERING CIR,,,,0.00,N,Not at Intersection,N,Non-Junction,None,,,         ,Paul,Junkmann,Clear,Front to Rear,no,no,no,no,no,False
102556205,METROPOLITAN NASHVILLE POLICE DEPT,20190798472,Davidson,Antioch,11/2/2019 12:00:00 AM,2,0,0,36.030900,-86.593340,MURFREESBORO PKE,,,,379.00,Feet,South,PARKS RETREAT DR,,,,0.00,N,Not at Intersection, ,,None,,,         ,Amy,Hirschmann,,,no,no,no,no,no,False
102556231,METROPOLITAN NASHVILLE POLICE DEPT,20190797237,Davidson,Nashville,11/1/2019 10:02:00 PM,2,1,0,36.206620,-86.777900,W TRINITY LN,,,,0.00,Feet,East,BRICK CHURCH PKE,,,,0.00,N,Not at Intersection,N,Non-Junction,None,,,         ,Katelin,Ehrhardt,Clear,Front to Rear,no,no,no,no,no,False
102556235,GOODLETTSVILLE POLICE DEPT,19-40952,Davidson,Goodlettsville,11/2/2019 1:55:00 PM,2,0,0,36.295840,-86.716100,I 65,,,,0.00,,,,,,,94.80,N,Not at Intersection, ,Non-Junction,None,,,         ,Charles,Hauskin,Clear,"Sideswipe, Same Direction",no,no,no,no,no,False
102556237,METROPOLITAN NASHVILLE POLICE DEPT,20190798495,Davidson,Nashville,11/2/2019 1:40:00 PM,2,0,0,36.155110,-86.788940,I 40,,,,0.00,,,,,,,209.20,N,Not at Intersection, ,Entrance/Exit Ramp Related,None,,,         ,Mark,Anderson,Clear,"Sideswipe, Same Direction",no,no,no,no,yes,False
102556279,METROPOLITAN NASHVILLE POLICE DEPT,20190798585,Davidson,Nashville,11/2/2019 3:10:00 PM,2,0,0,36.159460,-86.774880,DEMONBREUN ST,,,,77.00,Feet,West,3RD AVS,,,,0.00,N,Not at Intersection, ,,None,,,         ,Brent,Morris,,,no,no,no,no,no,False
102556294,METROPOLITAN NASHVILLE POLICE DEPT,20190798560,Davidson,Nashville,11/2/2019 2:59:00 PM,2,0,0,36.037840,-86.601190,MURFREESBORO PKE,,,,686.00,Feet,South,OLD HICKORY BLVD,,,,0.00,N,Not at Intersection, ,Non-Junction,None,,,         ,Ian,Wilson,Clear,Angle,no,no,no,no,no,False
102556297,METROPOLITAN NASHVILLE POLICE DEPT,20190798552,Davidson,Nashville,11/2/2019 2:49:00 PM,3,1,0,36.128870,-86.853500,WHITE BRIDGE PKE,,,,117.00,Feet,West,BROOKWOOD TER,,,,0.00,N,Not at Intersection,N,Non-Junction,None,,,         ,Molly,Page,Clear,Front to Rear,no,no,no,no,no,False
102556306,METROPOLITAN NASHVILLE POLICE DEPT,20190798591,Davidson,Antioch,11/2/2019 3:09:00 PM,2,0,0,36.036480,-86.613760,SADDLECREEK WAY,,,,246.00,Feet,West,SPRUCEDALE DR,,,,0.00,N,Not at Intersection, ,Non-Junction,None,,,         ,Eric,Laury,Clear,"Sideswipe, Opposite Direction",no,no,no,no,no,False
102556322,METROPOLITAN NASHVILLE POLICE DEPT,20190798651,Davidson,Nashville,11/2/2019 4:00:00 PM,2,0,0,36.243820,-86.722790,GALLATIN PKES,,,,272.00,Feet,South,LAKEWOOD DR,,,,0.00,N,Not at Intersection, ,,None,,,         ,John,Walden,,,no,no,no,no,no,False
102556334,METROPOLITAN NASHVILLE POLICE DEPT,20190798521,Davidson,Nashville,11/2/2019 2:19:00 PM,2,0,0,36.047330,-86.862830,OLD HICKORY BLVD,,,,29.00,Feet,West,HILLSBORO PKE,,,,0.00,N,Not at Intersection, ,Non-Junction,None,,,         ,Edward,Starke,Clear,Front to Rear,no,no,no,no,no,False
102556335,METROPOLITAN NASHVILLE POLICE DEPT,20190798566,Davidson,Nashville,11/2/2019 3:08:00 PM,2,1,0,36.093860,-86.652900,MURFREESBORO PKE,,,,0.00,,,OLD MURFREESBORO PKE,,,,0.00,Y,Four-Way, ,Non-Junction,None,,,         ,Gabriel,Vasquez,Clear,Front to Rear,no,no,no,no,no,False
102556339,METROPOLITAN NASHVILLE POLICE DEPT,20190798653,Davidson,Not in City Limit,11/2/2019 3:53:00 PM,1,1,0,36.284980,-86.719010,STAR BLVD,,,,417.00,Feet,North,N GRAYCROFT AV,,,,0.00,N,Not at Intersection,N,Non-Junction,None,,,         ,Jared,Dick,Clear,Not Collision with Motor Vehicle in Transport,no,yes,no,yes,yes,False
102556345,METROPOLITAN NASHVILLE POLICE DEPT,20190798513,Davidson,Nashville,11/2/2019 2:25:00 PM,2,0,0,36.045760,-86.660030,I 24,,,,0.00,,,,,,,59.35,N,Not at Intersection,N,Non-Junction,None,,,         ,Sean,Weaver,Clear,Front to Rear,no,no,no,no,no,False
102556357,METROPOLITAN NASHVILLE POLICE DEPT,20190798722,Davidson,Nashville,11/2/2019 3:02:00 PM,2,0,0,36.045930,-86.675230,BELL RD,,,,271.00,Feet,West,BLUE HOLE RD,,,,0.00,N,Not at Intersection,N,Non-Junction,None,,,         ,Ian,Wilson,Clear,"Sideswipe, Same Direction",no,no,no,no,yes,False
102556364,METROPOLITAN NASHVILLE POLICE DEPT,20190798515,Davidson,Nashville,11/2/2019 12:42:00 PM,4,0,0,36.139690,-86.881270,ANNEX AV,,,,309.00,Feet,North,CHARLOTTE PKE,,,,0.00,N,Not at Intersection,N,Non-Junction,None,,,         ,James,Wells Jr.,Clear,Angle,no,no,no,no,yes,False
102556367,METROPOLITAN NASHVILLE POLICE DEPT,20190798649,Davidson,Nashville,11/2/2019 3:46:00 PM,1,0,0,36.157470,-86.759830,I 24,,,,0.00,,,,,,,49.65,N,Not at Intersection, ,Non-Junction,None,,,         ,David,Snowden,Clear,Not Collision with Motor Vehicle in Transport,no,no,no,no,no,False
102556370,METROPOLITAN NASHVILLE POLICE DEPT,20190798647,Davidson,Nashville,11/2/2019 3:40:00 PM,2,0,0,36.150080,-86.805510,23RD AVN,,,,0.00,Feet,East,ELLISTON PL,,,,0.00,N,Not at Intersection,N,Non-Junction,None,,,         ,Gabriel,Hamilton,Clear,Front to Rear,no,no,no,no,no,Campus
102556383,BERRY HILL POLICE DEPT,19-4686,Davidson,Nashville,11/2/2019 2:56:00 PM,2,0,0,36.112210,-86.765790,THOMPSON LN,,,,363.00,Feet,East,BRANSFORD AV,,,,0.00,N,Not at Intersection,N,Unknown,None,,,         ,Roy,Morris,Clear,Front to Rear,no,no,no,no,no,False
102556384,METROPOLITAN NASHVILLE POLICE DEPT,20190798670,Davidson,Not in City Limit,11/2/2019 3:20:00 PM,2,0,0,36.022850,-86.630110,I 24,,,,0.00,,,,,,,61.80,N,Not at Intersection, ,Non-Junction,None,,,         ,Eric,Wegener,Clear,Front to Rear,no,no,no,no,no,False
102556391,METROPOLITAN NASHVILLE POLICE DEPT,20190798714,Davidson,Nashville,11/2/2019 4:20:00 PM,2,0,0,36.230190,-86.725030,GALLATIN PKE,,,,33.00,Feet,North,MALQUIN DR,,,,0.00,N,Not at Intersection, ,Non-Junction,None,,,         ,Riley,Brewer,Clear,Front to Rear,no,no,no,no,no,False
102556410,METROPOLITAN NASHVILLE POLICE DEPT,20190798770,Davidson,Nashville,11/2/2019 4:55:00 PM,2,0,0,36.168500,-86.788300,ROSA L PARKS BLVD,,,,14.00,Feet,South,HARRISON ST,,,,0.00,N,Not at Intersection,N,Non-Junction,None,,,         ,Brent,Morris,Clear,Front to Rear,no,no,no,no,no,False
102556422,METROPOLITAN NASHVILLE POLICE DEPT,20190798729,Davidson,Nashville,11/2/2019 4:36:00 PM,2,0,0,36.245260,-86.722020,GALLATIN PKES,,,,296.00,Feet,North,LAKEWOOD DR,,,,0.00,N,Not at Intersection, ,Non-Junction,None,,,         ,Evan,Grace,Clear,Front to Rear,no,no,no,no,no,False
102556428,METROPOLITAN NASHVILLE POLICE DEPT,20190798759,Davidson,Goodlettsville,11/2/2019 4:40:00 PM,2,0,0,36.303000,-86.691490,GALLATIN PKEN,,,,139.00,Feet,East,CONFERENCE DR,,,,0.00,N,Not at Intersection,N,Non-Junction,None,,,         ,Derek,Sibley,Clear,Front to Rear,no,no,no,no,no,False
102556430,METROPOLITAN NASHVILLE POLICE DEPT,20190798793,Davidson,Nashville,11/2/2019 6:10:00 PM,2,0,0,36.082080,-86.761640,HARDING PL,,,,20.00,Feet,East,SIDCO DR,,,,0.00,N,Not at Intersection, ,,None,,,         ,Heather,Fox,,,no,no,no,no,no,False
102556435,METROPOLITAN NASHVILLE POLICE DEPT,20190798942,Davidson,Nashville,11/2/2019 5:28:00 PM,2,0,0,36.047840,-86.612050,MURFREESBORO PKE,,,,1706.00,Feet,North,MOUNTAIN SPRINGS RD,,,,0.00,N,Not at Intersection, ,Non-Junction,None,,,         ,Ian,Wilson,Clear,Front to Rear,no,no,no,no,no,False
102556444,METROPOLITAN NASHVILLE POLICE DEPT,20190798903,Davidson,Nashville,11/2/2019 12:00:00 AM,2,0,0,36.167520,-86.781420,4TH AVN,,,,98.00,Feet,South,JAMES ROBERTSON PKWY,,,,0.00,N,Not at Intersection, ,Non-Junction,None,,,         ,Nelson,Hemingway,Clear,Angle,no,no,no,yes,yes,False
102556452,METROPOLITAN NASHVILLE POLICE DEPT,20190798789,Davidson,Nashville,11/2/2019 5:00:00 PM,3,1,0,36.153170,-86.787660,I 40,,,,0.00,,,,,,,209.35,N,Not at Intersection,N,Non-Junction,None,,,         ,Thomas,Broatch,Clear,"Sideswipe, Same Direction",no,no,no,no,yes,False
102556475,METROPOLITAN NASHVILLE POLICE DEPT,20190798803,Davidson,Nashville,11/2/2019 5:30:00 PM,2,0,0,36.157980,-86.772640,2ND AVS,,,,0.00,Feet,,KOREAN VETERANS BLVD,,,,0.00,Y,Four-Way,N,Intersection,None,,,         ,Phillip,Burke,Clear,Angle,no,no,no,no,no,False
102556476,BERRY HILL POLICE DEPT,19-4695,Davidson,Berry Hill,11/2/2019 7:16:00 PM,2,0,0,36.120630,-86.775200,FRANKLIN PKE,,,,279.00,Feet,South,KIRKWOOD AV,,,,0.00,N,Not at Intersection, ,"Driveway, Alley Access, etc",None,,,         ,Yamil,Jimenez,Clear,Front to Rear,no,no,no,no,no,False
102556490,METROPOLITAN NASHVILLE POLICE DEPT,20190799042,Davidson,Nashville,11/2/2019 7:40:00 PM,2,0,0,36.082100,-86.761700,HARDING PL,,,,0.00,,,SIDCO DR,,,,0.00,Y,Four-Way, ,,None,,,         ,Heather,Fox,,,no,no,no,no,no,False
102556491,METROPOLITAN NASHVILLE POLICE DEPT,20190798870,Davidson,Nashville,11/2/2019 5:52:00 PM,2,0,0,36.080930,-86.678630,FRANKLIN LIMESTONE RD,,,,174.00,Feet,South,MULLINS RD,,,,0.00,N,Not at Intersection, ,Non-Junction,None,,,         ,Taylor,Hurley,Clear,"Sideswipe, Opposite Direction",no,no,no,no,yes,False
102556498,METROPOLITAN NASHVILLE POLICE DEPT,20190798866,Davidson,Nashville,11/2/2019 5:27:00 PM,2,0,0,36.157500,-86.759830,I 24,,,,0.00,,,,,,,49.65,N,Not at Intersection, ,,None,,,         ,Torry,Hill,,,no,no,no,no,no,False
102556503,METROPOLITAN NASHVILLE POLICE DEPT,20190799032,Davidson,Not in City Limit,11/2/2019 6:30:00 PM,1,0,0,36.099690,-86.552460,HOBSON PKE,,,,873.00,Feet,North,COUCHVILLE PKE,,,,0.00,N,Not at Intersection, ,Non-Junction,None,,,         ,Eric,Laury,Clear,Not Collision with Motor Vehicle in Transport,no,no,no,no,no,False
102556514,METROPOLITAN NASHVILLE POLICE DEPT,20190798919,Davidson,Nashville,11/2/2019 6:37:00 PM,1,1,0,36.154320,-86.742130,LEBANON PKE,,,,0.00,,,FESSLERS LN,,,,0.00,Y,T-Intersection,N,Non-Junction,None,,,         ,Torry,Hill,Clear,Not Collision with Motor Vehicle in Transport,no,no,no,no,no,False
102556517,VANDERBILT UNIVERSITY POLICE,20190798997,Davidson,Nashville,11/2/2019 12:00:00 AM,1,0,0,36.112330,-86.767020,THOMPSON LN,,,,0.00,,,BRANSFORD AV,,,,0.00,Y,OTHER,N,Non-Junction,None,,,         ,Joseph,Bishop,Clear,Unknown,no,no,no,yes,no,False
102556537,METROPOLITAN NASHVILLE POLICE DEPT,20190799156,Davidson,Nashville,11/2/2019 8:55:00 PM,2,2,0,36.202540,-86.739090,GALLATIN PKE,,,,47.00,Feet,North,LITTON AV,,,,0.00,N,Not at Intersection,N,Non-Junction,None,,,         ,Jonathan,Handley,Clear,Front to Rear,no,no,no,no,no,False
102556538,METROPOLITAN NASHVILLE POLICE DEPT,20190799173,Davidson,Nashville,11/2/2019 9:12:00 PM,2,0,0,36.196280,-86.773280,ELMHURST AV,,,,118.00,Feet,South,LUCILE ST,,,,0.00,N,Not at Intersection, ,,None,,,         ,Chase,Harriman,,,no,no,no,no,no,False
102556540,METROPOLITAN NASHVILLE POLICE DEPT,20190799151,Davidson,Not in City Limit,11/2/2019 8:55:00 PM,3,1,0,36.263360,-86.711820,GALLATIN PKEN,,,,109.00,Feet,North,STATE RT 45,,,,0.00,N,Not at Intersection,N,Non-Junction,None,,,         ,Jared,Dick,Clear,Front to Rear,no,no,no,no,yes,False
102556553,METROPOLITAN NASHVILLE POLICE DEPT,20190799174,Davidson,Nashville,11/2/2019 9:13:00 PM,3,0,0,36.176220,-86.779430,JEFFERSON ST,,,,325.00,Feet,West,OLDHAM ST PVTDR,,,,0.00,N,Not at Intersection,N,Non-Junction,None,,,         ,Jordan,Vrbas,Clear,Front to Rear,no,no,no,no,no,False
102556554,METROPOLITAN NASHVILLE POLICE DEPT,20190794622,Davidson,Nashville,10/31/2019 7:00:00 PM,2,0,0,36.180960,-86.796600,ROSA L PARKS BLVD,,,,155.00,Feet,North,GARFIELD ST,,,,0.00,N,Not at Intersection, ,Non-Junction,None,,,         ,Katelin,Ehrhardt,Clear,"Sideswipe, Opposite Direction",no,no,no,no,yes,False
102556555,METROPOLITAN NASHVILLE POLICE DEPT,20190798576,Davidson,Nashville,11/2/2019 12:40:00 PM,2,0,0,36.206620,-86.777900,W TRINITY LN,,,,0.00,Feet,,BRICK CHURCH PKE,,,,0.00,Y,Four-Way,N,Intersection,None,,,         ,John,Jones,Clear,"Sideswipe, Same Direction",no,no,no,no,yes,False
102556570,METROPOLITAN NASHVILLE POLICE DEPT,20190799211,Davidson,Nashville,11/2/2019 9:35:00 PM,2,0,0,36.165970,-86.758250,CAYCE PLACE PVTDR,,,,183.00,Feet,East,S 6TH ST,,,,0.00,N,Not at Intersection,Y,Non-Junction,None,,,         ,Trevor,Jones,Clear,Angle,no,no,no,no,yes,False
102556610,METROPOLITAN NASHVILLE POLICE DEPT,20190799265,Davidson,Nashville,11/2/2019 6:48:00 PM,2,0,0,36.053540,-86.673010,I 24,,,,0.00,,,,,,,58.45,N,Not at Intersection, ,,None,,,         ,Alex,DiBernardo,,,no,no,no,no,no,False
102556612,METROPOLITAN NASHVILLE POLICE DEPT,20190798525,Davidson,Nashville,11/2/2019 2:09:00 PM,2,0,0,36.075890,-86.725180,NOLENSVILLE PKE,,,,313.00,Feet,North,FLORA MAXWELL RD,,,,0.00,N,Not at Intersection,N,Non-Junction,None,,,         ,Cynthia,Quirouette,Clear,Angle,no,no,no,no,no,False
102556626,METROPOLITAN NASHVILLE POLICE DEPT,20190799286,Davidson,Goodlettsville,11/2/2019 10:08:00 PM,2,0,0,36.297090,-86.699260,RIVERGATE PKWY,,,,0.00,,,,,,,0.00,,, ,Intersection-Related,None,,,         ,Patrick,McGinnis,Clear,Angle,no,no,no,no,no,False
102556636,METROPOLITAN NASHVILLE POLICE DEPT,20190799308,Davidson,Nashville,11/2/2019 11:06:00 PM,2,0,0,36.154040,-86.792730,16TH AVS,,,,96.00,Feet,South,BROADWAY,,,,0.00,N,Not at Intersection, ,Non-Junction,None,,,         ,Dakota,Vermillion,Clear,"Sideswipe, Same Direction",no,no,no,no,no,False
102556642,METROPOLITAN NASHVILLE POLICE DEPT,20190799319,Davidson,Nashville,11/2/2019 11:13:00 PM,2,2,0,36.152200,-86.842220,CHARLOTTE AV,,,,0.00,Feet,,46TH AVN,,,,0.00,Y,Four-Way,Y,Intersection-Related,None,,,         ,Matthew,Jankiewicz,Clear,HeadOn,no,no,no,no,no,False
102556648,METROPOLITAN NASHVILLE POLICE DEPT,20190799393,Davidson,Nashville,11/2/2019 11:45:00 PM,1,0,0,36.230980,-86.828580,BRILEY PKWYW,,,,433.00,Feet,East,BRILEY PKWYE,,,,0.00,N,Not at Intersection, ,Non-Junction,None,,,         ,Timothy,Ward,Clear,Not Collision with Motor Vehicle in Transport,no,no,no,no,no,False
102556669,METROPOLITAN NASHVILLE POLICE DEPT,20190799418,Davidson,Nashville,11/3/2019 12:07:00 AM,2,0,0,36.233140,-86.758660,MAPLEWOOD TRC,,,,0.00,Feet,East,W MAPLEWOOD LN,,,,0.00,N,Not at Intersection, ,Non-Junction,None,,,         ,Reginald,Pierre-Paul,Clear,Front to Rear,no,no,no,no,no,False
102556675,METROPOLITAN NASHVILLE POLICE DEPT,20190799409,Davidson,Nashville,11/3/2019 12:21:00 AM,1,0,0,36.124850,-86.906240,I 40,,,,0.00,,,,,,,200.50,N,Not at Intersection,N,Non-Junction,None,,,         ,Cesar,Rocha,Clear,Not Collision with Motor Vehicle in Transport,no,no,no,no,no,False
102556691,METROPOLITAN NASHVILLE POLICE DEPT,20190799350,Davidson,Nashville,11/2/2019 11:27:00 PM,1,1,0,36.119380,-86.766940,I 440,,,,0.00,,,,,,,5.35,N,Not at Intersection,Y,Non-Junction,Construction Zone,Intermittent Moving Work,Activity Area,         ,Stephen,Johnston,Clear,Not Collision with Motor Vehicle in Transport,no,no,no,no,no,False
102556692,METROPOLITAN NASHVILLE POLICE DEPT,2019-0799468,Davidson,Nashville,11/3/2019 12:00:00 AM,1,0,0,36.189540,-86.687970,BRILEY PKWYN,,,,80.00,Feet,South,STONES RIVER GRNWY,,,,0.00,N,Not at Intersection,N,Non-Junction,None,,,         ,Joshua,McGarvey,Clear,Unknown,no,no,no,no,yes,False
102556701,METROPOLITAN NASHVILLE POLICE DEPT,20190799562,Davidson,Nashville,11/3/2019 1:53:00 AM,1,1,0,36.188120,-86.726110,GREENWOOD AV,,,,137.00,Feet,East,RIVERSIDE DR,,,,0.00,N,Not at Intersection,N,Non-Junction,None,,,         ,Ryan,Worstall,Clear,Not Collision with Motor Vehicle in Transport,no,no,no,no,no,False
102556704,METROPOLITAN NASHVILLE POLICE DEPT,20190799583,Davidson,Nashville,11/3/2019 1:06:00 AM,2,0,0,36.079600,-86.726320,NOLENSVILLE PKE,,,,0.00,,,HARDING PL,,,,0.00,Y,Four-Way,Y,Intersection,None,,,         ,Kevin,Breeding,Clear,Front to Rear,no,no,no,no,yes,False
102556705,METROPOLITAN NASHVILLE POLICE DEPT,20190799559,Davidson,Nashville,11/3/2019 1:44:00 AM,2,0,0,36.154190,-86.822930,I 440,,,,0.00,,,,,,,0.75,N,Not at Intersection,N,Non-Junction,Construction Zone,Lane Shift-Crossover,Transition Area,         ,Matthew,Jankiewicz,Clear,Angle,no,no,no,no,no,False
102556706,METROPOLITAN NASHVILLE POLICE DEPT,20190799429,Davidson,Nashville,11/3/2019 12:13:00 AM,2,4,0,36.146970,-86.808360,25TH AVS,,,,0.00,,,WEST END AV,,,,0.00,Y,Four-Way,Y,Intersection,None,,,         ,Randall,Atkinson,Clear,Front to Rear,yes,no,no,no,no,Campus
102556711,METROPOLITAN NASHVILLE POLICE DEPT,20190799631,Davidson,Nashville,11/3/2019 12:00:00 AM,1,0,0,36.124310,-86.738140,I 440,,,,0.00,,,,,,,6.95,N,Not at Intersection,N,Non-Junction,Construction Zone,Laneclosure,Transition Area,         ,Maccio,Hightower,Clear,Unknown,no,no,no,no,yes,False
102556724,METROPOLITAN NASHVILLE POLICE DEPT,20190799678,Davidson,Nashville,11/3/2019 2:15:00 AM,2,1,0,36.192710,-86.744370,DOUGLAS AV,,,,0.00,,,GALLATIN AV,,,,0.00,Y,Four-Way,N,Intersection,None,,,         ,Douglas,Smith,Clear,Angle,no,no,no,no,no,False
102556736,GOODLETTSVILLE POLICE DEPT,19-41023,Davidson,Goodlettsville,11/3/2019 3:10:00 AM,1,0,0,36.312160,-86.678420,VIETNAM VETERANS BLVDS,,,,1500.00,Feet,East,VIETNAM VETERANS BLVDN,,,,0.00,N,Not at Intersection,N,Non-Junction,None,,,         ,Shane,Farrell,Clear,Not Collision with Motor Vehicle in Transport,no,no,no,no,no,False