master_record_number,agency,agency_tracking_number,county,city,collision_date,vehicles_involved,number_injured,number_dead,latitude,longitude,roadway_name,roadway_suffix,roadway_number,roadway_local_id,distance_from_reference,miles-feet_indicator,direction_from_reference,intersection_road_name,intersection_road_name_suffix,intersection_road_number,intersection_local_id,mile_marker,intersection_indicator,intersect_type,interchange_related_indicator,relation_to_junction,work_zone_type,construction_maintenance_zone,construction_maintenance_zone_location,fatal_case_number,officer_first_name,officer_last_name,weather_condition(s),manner_of_crash,pedestrian,bicycle,scooter,parking,hitrun,mou
102556750,METROPOLITAN NASHVILLE POLICE DEPT,20190799865,Davidson,Nashville,11/3/2019 4:38:00 AM,1,0,0,36.240700,-86.751850,I 65,,,,0.00,,,,,,,90.35,N,Not at Intersection,N,Entrance/Exit Ramp Related,None,,,         ,Joshua,Whitworth,Clear,Not Collision with Motor Vehicle in Transport,no,no,no,no,no,False
102556765,METROPOLITAN NASHVILLE POLICE DEPT,20190799720,Davidson,Antioch,11/3/2019 2:30:00 AM,2,0,0,36.045250,-86.609100,MURFREESBORO PKE,,,,0.00,,,MOUNTAIN SPRINGS RD,,,,0.00,Y,T-Intersection,N,Intersection-Related,None,,,         ,Michelle,Norris,Clear,"Sideswipe, Same Direction",no,no,no,no,no,False
102556791,METROPOLITAN NASHVILLE POLICE DEPT,20190798475,Davidson,Nashville,11/2/2019 2:05:00 PM,2,0,0,36.148890,-86.774640,I 40,,,,0.00,,,,,,,210.15,N,Not at Intersection, ,Non-Junction,None,,,         ,Nathan,Kemp,Clear,"Sideswipe, Same Direction",no,no,no,no,no,False
102556841,METROPOLITAN NASHVILLE POLICE DEPT,20190800058,Davidson,Nashville,11/3/2019 7:15:00 AM,2,1,0,36.080350,-86.723300,HARDING PL,,,,0.00,,,HARDING MALL DR,,,,0.00,Y,T-Intersection,Y,Intersection,None,,,         ,Theodore,Flick,Clear,Front to Rear,no,no,no,no,no,False
102556850,WILLIAMSON CO SHERIFFS OFFICE,1926728,Davidson,Nashville,11/3/2019 12:00:00 AM,1,1,0,36.031220,-86.875580,MURRAY LN,,,,0.00,,,HILLSBORO RD,,,,0.00,Y,T-Intersection,N,Intersection-Related,None,,,         ,Chandler,Rowe,Clear,Not Collision with Motor Vehicle in Transport,no,no,no,no,yes,False
102556861,METROPOLITAN NASHVILLE POLICE DEPT,20190800145,Davidson,Nashville,11/3/2019 7:54:00 AM,2,0,0,36.119000,-86.767390,I 440,,,,0.00,,,,,,,5.30,N,Not at Intersection, ,Non-Junction,Construction Zone,,,         ,Walter,Cothran,Clear,Angle,no,no,no,no,no,False
102556872,METROPOLITAN NASHVILLE POLICE DEPT,20190800020,Davidson,Nashville,11/3/2019 6:54:00 AM,2,0,0,36.143300,-86.686320,I 40,,,,0.00,,,,,,,215.50,N,Not at Intersection,N,Non-Junction,None,,,         ,Anna,Clayton,Clear,Front to Rear,no,no,no,no,no,False
102556916,METROPOLITAN NASHVILLE POLICE DEPT,20190800240,Davidson,Nashville,11/3/2019 9:19:00 AM,2,0,0,36.167600,-86.762220,S 5TH ST,,,,0.00,,,SHELBY AV,,,,0.00,Y,Four-Way,N,Intersection,None,,,         ,Dillon,Hunt,Clear,Front to Rear,no,no,no,no,yes,False
102556921,METROPOLITAN NASHVILLE POLICE DEPT,20190800270,Davidson,Nashville,11/3/2019 9:45:00 AM,2,0,0,36.070740,-86.730410,ADAMWOOD DR,,,,1.00,Feet,North,WHISPERING HILLS DR,,,,0.00,N,Not at Intersection, ,Non-Junction,None,,,         ,Devin,Mabry,Clear,Other,no,no,no,no,no,False
102556923,METROPOLITAN NASHVILLE POLICE DEPT,20190800214,Davidson,Nashville,11/3/2019 9:00:00 AM,2,0,0,36.047070,-86.667800,CEDAR POINTE PKWY,,,,0.00,,,,,,,0.00,,, ,Non-Junction,None,,,         ,Jason,Hees,Clear,"Sideswipe, Opposite Direction",no,no,no,yes,yes,False
102556935,METROPOLITAN NASHVILLE POLICE DEPT,20190800192,Davidson,Nashville,11/3/2019 8:42:00 AM,4,5,0,36.239620,-86.744840,BRILEY PKWYE,,,,202.00,Feet,East,BRILEY PKWY E EXT RAMP,,,,0.00,N,Not at Intersection,N,Non-Junction,None,,,         ,Miles,Posey,Clear,Front to Rear,no,no,no,no,no,False
102556951,METROPOLITAN NASHVILLE POLICE DEPT,20190800344,Davidson,Nashville,11/3/2019 10:41:00 AM,2,0,0,36.199740,-86.592040,TULIP GROVE RD,,,,0.00,,,CHANDLER RD,,,,0.00,Y,Four-Way, ,Non-Junction,None,,,         ,Michael,Brooks,Clear,Angle,no,no,no,no,no,False
102556956,METROPOLITAN NASHVILLE POLICE DEPT,20190798291,Davidson,Nashville,11/2/2019 11:25:00 AM,2,0,0,36.231600,-86.781520,EWING DR,,,,0.00,,,BRICK CHURCH PKE,,,,0.00,Y,Four-Way,N,Intersection,None,,,         ,Jacob,Robbins,Clear,Angle,no,no,no,no,no,False
102556969,METROPOLITAN NASHVILLE POLICE DEPT,20190800401,Davidson,Nashville,11/3/2019 11:44:00 AM,2,0,0,36.168340,-86.687980,US HWY 70,,,,0.00,Feet,,RAMP,,,,0.00,Y,OTHER, ,Intersection-Related,None,,,         ,Zachary,Plese,Clear,Front to Rear,no,no,no,no,no,False
102557047,VANDERBILT UNIVERSITY POLICE,20190800211,Davidson,Nashville,11/3/2019 8:35:00 AM,1,0,0,36.143120,-86.808630,JESS NEELY DR,,,,0.00,,,,,,,0.00,,, ,Non-Junction,None,,,         ,Ron,Reeves,Clear,Not Collision with Motor Vehicle in Transport,no,no,no,yes,no,Campus
102557049,METROPOLITAN NASHVILLE POLICE DEPT,20190800360,Davidson,Nashville,11/3/2019 11:04:00 AM,2,0,0,36.255630,-86.707270,NEELYS BEND RD,,,,0.00,,,IDLEWILD AV,,,,0.00,Y,Four-Way, ,,None,,,         ,Blake,McKay,,,no,no,no,no,no,False
102557053,VANDERBILT UNIVERSITY POLICE,20190800407,Davidson,Nashville,11/3/2019 11:50:00 AM,2,0,0,36.138280,-86.799380,21ST AVS,,,,0.00,,,,,,,0.00,,, ,Non-Junction,None,,,         ,Lakosha,Goodloe,Clear,Rear to Side,no,no,no,yes,no,Campus
102557067,METROPOLITAN NASHVILLE POLICE DEPT,20190800453,Davidson,Nashville,11/3/2019 11:57:00 AM,2,0,0,36.119640,-86.772960,I65 N ENT RAMP,,,,0.00,Feet,East,I 440,,,,0.00,N,Not at Intersection, ,Entrance/Exit Ramp Related,None,,,         ,Zachary,Maxa,Clear,"Sideswipe, Same Direction",no,no,no,no,no,False
102557074,BELLE MEADE POLICE DEPT,19-0318,Davidson,Belle Meade,11/3/2019 10:57:00 AM,2,0,0,36.088840,-86.861580,CHICKERING RD,,,,0.00,,,BELLE MEADE BLVD,,,,0.00,Y,T-Intersection, ,Non-Junction,None,,,         ,Mark,Hill,Clear,Front to Rear,no,no,no,no,no,False
102557110,METROPOLITAN NASHVILLE POLICE DEPT,20190800436,Davidson,Nashville,11/3/2019 12:01:00 PM,2,2,0,36.078920,-86.645180,EDGE O LAKE DR,,,,12.00,Feet,North,MARTWAY DR,,,,0.00,N,Not at Intersection,N,Non-Junction,None,,,         ,MIchael,Mihajlov,Clear,Angle,no,no,no,no,no,False
102557113,METROPOLITAN NASHVILLE POLICE DEPT,20190800373,Davidson,Nashville,11/3/2019 10:55:00 AM,2,0,0,36.236010,-86.774390,MOOREWOOD DR,,,,256.00,Feet,East,WILMOTH RD,,,,0.00,N,Not at Intersection,N,Non-Junction,None,,,         ,Jacob,Robbins,Clear,"Sideswipe, Same Direction",no,no,no,no,yes,False
102557145,METROPOLITAN NASHVILLE POLICE DEPT,20190800480,Davidson,Nashville,11/3/2019 12:53:00 PM,2,1,0,36.086290,-86.729170,ELYSIAN FIELDS RD,,,,90.00,Feet,East,NOLENSVILLE PKE,,,,0.00,N,Not at Intersection,N,Non-Junction,None,,,         ,Ryan,Howard,Clear,Angle,no,no,no,no,no,False
102557152,METROPOLITAN NASHVILLE POLICE DEPT,20190800540,Davidson,Nashville,11/3/2019 1:43:00 PM,1,3,0,36.136500,-86.727180,I 24,,,,0.00,,,,,,,51.25,N,Not at Intersection,N,Entrance/Exit Ramp Related,None,,,         ,Joseph,Simon,Clear,Not Collision with Motor Vehicle in Transport,no,no,no,no,no,False
102557161,METROPOLITAN NASHVILLE POLICE DEPT,20190800491,Davidson,Not in City Limit,11/3/2019 12:55:00 PM,2,0,0,36.263810,-86.711660,GALLATIN PKEN,,,,0.00,,,OLD TIME VILLAGE PVTDR,,,,0.00,Y,T-Intersection,N,Non-Junction,None,,,         ,Blake,McKay,Clear,Front to Rear,no,no,no,no,yes,False
102557162,METROPOLITAN NASHVILLE POLICE DEPT,20190800555,Davidson,Nashville,11/3/2019 1:50:00 PM,1,0,0,36.074230,-86.692940,I 24,,,,0.00,,,,,,,56.60,N,Not at Intersection, ,,None,,,         ,Amy,Hirschmann,,,no,no,no,no,no,False
102557165,METROPOLITAN NASHVILLE POLICE DEPT,20190800556,Davidson,Antioch,11/3/2019 1:52:00 PM,1,0,0,36.037120,-86.584010,MAXWELL RD,,,,0.00,,,,,,,0.00,,,N,Non-Junction,None,,,         ,Nicholas,Carter,Clear,Not Collision with Motor Vehicle in Transport,no,no,no,yes,no,False
102557179,METROPOLITAN NASHVILLE POLICE DEPT,20190800632,Davidson,Nashville,11/3/2019 11:59:00 AM,2,1,0,36.173190,-86.601410,CENTRAL PKE,,,,168.00,Feet,West,BURNING TREE DR,,,,0.00,N,Not at Intersection, ,Non-Junction,None,,,         ,Terence,Mitchell,Clear,Angle,no,no,no,no,yes,False
102557201,TENNESSEE STATE UNIVERSITY ,19-49182,Davidson,Nashville,11/1/2019 8:40:00 AM,2,0,0,36.164250,-86.830300,CLARE AV,,,,0.00,,,ALAMEDA ST,,,,0.00,Y,OTHER, ,Non-Junction,None,,,         ,Ashley,Boleyjack,Clear,Angle,no,no,no,yes,no,False
102557208,METROPOLITAN NASHVILLE POLICE DEPT,20190800670,Davidson,Nashville,11/3/2019 3:30:00 PM,3,0,0,36.083240,-86.708720,HARDING PL,,,,365.00,Feet,East,LARGO DR,,,,0.00,N,Not at Intersection,N,Non-Junction,None,,,         ,Taylor,Hurley,Clear,Front to Rear,no,no,no,no,yes,False
102557219,METROPOLITAN NASHVILLE POLICE DEPT,20190800623,Davidson,Nashville,11/3/2019 3:00:00 PM,2,2,0,36.100450,-86.672280,CITATION DR,,,,0.00,,,EZELL PKE,,,,0.00,Y,Four-Way,Y,Intersection,None,,,         ,Laura,Williams,Clear,Angle,no,no,no,no,no,False
102557226,METROPOLITAN NASHVILLE POLICE DEPT,20190800665,Davidson,Nashville,11/3/2019 3:14:00 PM,2,0,0,36.224460,-86.776060,I65 S ENT RAMP,,,,0.00,,,I 24,,,,0.00,Y,Y-Intersection,Y,Entrance/Exit Ramp Related,None,,,         ,Benjamin,Williams,Clear,Front to Rear,no,no,no,no,yes,False
102557227,METROPOLITAN NASHVILLE POLICE DEPT,20190800640,Davidson,Nashville,11/3/2019 3:08:00 PM,2,0,0,36.133880,-86.727100,I 24,,,,0.00,,,,,,,52.10,N,Not at Intersection,N,Non-Junction,None,,,         ,Jarret,Sonnenberg,Clear,"Sideswipe, Same Direction",no,no,no,no,no,False
102557258,METROPOLITAN NASHVILLE POLICE DEPT,20190800763,Davidson,Nashville,11/3/2019 4:34:00 PM,1,0,0,36.176590,-86.645510,LEBANON PKE,,,,0.00,Feet,North,WELLINGTON SQ,,,,0.00,N,Not at Intersection, ,Non-Junction,None,,,         ,Jason,Milyaro Lucas,Clear,Not Collision with Motor Vehicle in Transport,no,no,no,no,no,False
102557270,METROPOLITAN NASHVILLE POLICE DEPT,20190800614,Davidson,Nashville,11/3/2019 2:30:00 PM,2,0,0,36.164360,-86.819930,28TH AVN,,,,0.00,,,I40 W EXT RAMP,,,,0.00,Y,Four-Way,N,Intersection-Related,None,,,         ,Kiana,Perry,Clear,Front to Rear,no,no,no,no,yes,False
102557280,METROPOLITAN NASHVILLE POLICE DEPT,20190800584,Davidson,Nashville,11/3/2019 2:31:00 PM,2,1,0,36.097650,-86.709500,I 24,,,,0.00,,,,,,,54.75,N,Not at Intersection,N,Non-Junction,None,,,         ,Andrew,Brazee,Clear,"Sideswipe, Same Direction",no,no,no,no,no,False
102557282,METROPOLITAN NASHVILLE POLICE DEPT,20190800638,Davidson,Nashville,11/3/2019 3:08:00 PM,1,0,0,36.070790,-86.722910,NOLENSVILLE PKE,,,,300.00,Feet,South,BASS AV,,,,0.00,N,Not at Intersection,N,Non-Junction,None,,,         ,Sean,Weaver,Clear,Not Collision with Motor Vehicle in Transport,no,no,no,no,no,False
102557283,METROPOLITAN NASHVILLE POLICE DEPT,20190800795,Davidson,Nashville,11/3/2019 12:00:00 AM,2,0,0,36.089060,-86.732600,NOLENSVILLE PKE,,,,469.00,Feet,South,ZOO RD,,,,0.00,N,Not at Intersection,N,Non-Junction,None,,,         ,Ryan,Sherry,Clear,"Sideswipe, Same Direction",no,no,no,no,no,False
102557286,METROPOLITAN NASHVILLE POLICE DEPT,20190800615,Davidson,Nashville,11/3/2019 2:57:00 PM,2,0,0,36.153490,-86.764380,I 40,,,,0.00,,,,,,,210.70,N,Not at Intersection, ,Non-Junction,None,,,         ,Phillip,Burke,Clear,"Sideswipe, Same Direction",no,no,no,no,no,False
102557291,METROPOLITAN NASHVILLE POLICE DEPT,20190800816,Davidson,Nashville,11/3/2019 5:19:00 PM,2,0,0,36.153900,-86.625640,STEWARTS FERRY PKE,,,,0.00,Feet,East,PERCY PRIEST DR,,,,0.00,N,Not at Intersection, ,Non-Junction,None,,,         ,Deandera,Payne,Clear,Front to Rear,no,no,no,no,no,False
102557297,METROPOLITAN NASHVILLE POLICE DEPT,20190800778,Davidson,Nashville,11/3/2019 4:25:00 PM,2,0,0,36.182500,-86.797660,US HWY 41 ALT,,,,0.00,,,-- UNKNOWN RAMP/ROAD --,,,,0.00,Y,Y-Intersection,Y,Entrance/Exit Ramp Related,None,,,         ,Luke,Steigerwalt,Clear,Front to Rear,no,no,no,no,no,False
102557310,METROPOLITAN NASHVILLE POLICE DEPT,20190798688,Davidson,Nashville,11/2/2019 2:46:00 PM,2,1,0,36.094080,-86.736600,NOLENSVILLE PKE,,,,259.00,Feet,North,NATCHEZ CT,,,,0.00,N,Not at Intersection,N,Non-Junction,None,,,         ,Steven,Begley,Clear,Front to Rear,no,no,no,no,no,False
102557313,METROPOLITAN NASHVILLE POLICE DEPT,20190800814,Davidson,Nashville,11/3/2019 5:10:00 PM,2,0,0,36.109270,-86.727280,BRILEY PKWYN,,,,234.00,Feet,East,TALLWOOD DR,,,,0.00,N,Not at Intersection, ,Non-Junction,None,,,         ,Je-Marc,Sears,Clear,Front to Rear,no,no,no,no,no,False
102557316,METROPOLITAN NASHVILLE POLICE DEPT,20190800804,Davidson,Nashville,11/3/2019 5:00:00 PM,2,2,0,36.175060,-86.602850,STATE HWY 45,,,,212.00,Feet,South,SHURGARD WAY,,,,0.00,N,Not at Intersection,N,Non-Junction,None,,,         ,Ricki,Armstrong,Clear,"Sideswipe, Opposite Direction",no,no,no,no,no,False
102557328,METROPOLITAN NASHVILLE POLICE DEPT,20190800881,Davidson,Nashville,11/3/2019 6:02:00 PM,2,0,0,36.149670,-86.769810,4TH AVS,,,,0.00,,,MCCANN ST,,,,0.00,Y,OTHER,Y,Intersection,None,,,         ,Douglas,Sykes,Clear,Angle,no,no,no,no,no,False
102557330,METROPOLITAN NASHVILLE POLICE DEPT,20190800891,Davidson,Nashville,11/3/2019 6:18:00 PM,1,1,0,36.213830,-86.599040,TRENTON DR,,,,12.00,Feet,East,COLUMBUS DR,,,,0.00,N,Not at Intersection,N,Non-Junction,None,,,         ,Ricki,Armstrong,Clear,Not Collision with Motor Vehicle in Transport,yes,no,no,no,no,False
102557331,METROPOLITAN NASHVILLE POLICE DEPT,20190800822,Davidson,Nashville,11/3/2019 5:14:00 PM,3,0,0,36.133580,-86.726900,I24E,,,,62.00,Feet,East,I24 W EXT RAMP,,,,0.00,N,Not at Intersection,N,Non-Junction,None,,,         ,Jarret,Sonnenberg,Clear,Front to Rear,no,no,no,no,yes,False
102557356,METROPOLITAN NASHVILLE POLICE DEPT,20190800910,Davidson,Nashville,11/3/2019 6:39:00 PM,2,0,0,36.095880,-86.738360,ALLIED DR,,,,228.00,Feet,West,NOLENSVILLE PKE,,,,0.00,N,Not at Intersection,N,Non-Junction,None,,,         ,Randy,Puckett,Clear,Not Collision with Motor Vehicle in Transport,no,no,no,no,yes,False
102557360,METROPOLITAN NASHVILLE POLICE DEPT,20190800872,Davidson,Antioch,11/3/2019 6:05:00 PM,2,2,0,36.015160,-86.620260,-- UNKNOWN RAMP/ROAD --,,,,0.00,,,I 24,,,,0.00,Y,Four-Way,N,Intersection-Related,None,,,         ,Eric,Wegener,Clear,Angle,no,no,no,no,no,False
102557362,METROPOLITAN NASHVILLE POLICE DEPT,20190800757,Davidson,Nashville,11/3/2019 4:36:00 PM,2,1,0,36.071500,-86.636320,BELL RD,,,,139.00,Feet,South,MURFREESBORO PKE,,,,0.00,N,Not at Intersection,N,Non-Junction,None,,,         ,Sean,Weaver,Clear,Angle,no,no,no,no,no,False
102557366,METROPOLITAN NASHVILLE POLICE DEPT,20190800925,Davidson,Nashville,11/3/2019 6:33:00 PM,2,0,0,36.146060,-86.764000,CHESTNUT ST,,,,211.00,Feet,West,1ST AVS,,,,0.00,N,Not at Intersection, ,,None,,,         ,Je-Marc,Sears,,,no,no,no,no,no,False
102557373,METROPOLITAN NASHVILLE POLICE DEPT,20190800921,Davidson,Not in City Limit,11/3/2019 6:48:00 PM,2,0,0,36.262210,-86.712210,GALLATIN PKES,,,,0.00,,,E OLD HICKORY BLVD,,,,0.00,Y,T-Intersection, ,Non-Junction,None,,,         ,Evan,Grace,Clear,Angle,no,no,no,no,no,False
102557378,METROPOLITAN NASHVILLE POLICE DEPT,20190800883,Davidson,Nashville,11/3/2019 5:51:00 PM,4,2,0,36.047840,-86.612050,MURFREESBORO PKE,,,,1284.00,Feet,North,MOUNTAIN SPRINGS RD,,,,0.00,N,Not at Intersection,N,Non-Junction,None,,,         ,Ian,Wilson,Clear,Front to Rear,no,no,no,no,yes,False
102557385,METROPOLITAN NASHVILLE POLICE DEPT,20190800828,Davidson,Nashville,11/3/2019 5:28:00 PM,2,1,0,36.150410,-86.856800,US HWY 70,,,,151.00,Feet,East,ORLANDO AVE,,,,0.00,N,Not at Intersection,N,Non-Junction,None,,,         ,Edward,Starke,Clear,Angle,no,no,no,no,no,False
102557391,GOODLETTSVILLE POLICE DEPT,19-40861,Davidson,Goodlettsville,11/1/2019 5:00:00 PM,2,0,0,36.312310,-86.672870,,,SR386E,,0.10,Miles,East,VIETNAM VETERANS,BLVD,SR386E,,2.00,N,Not at Intersection,N,Non-Junction,None,,,         ,Charles,Hauskin,Clear,Front to Rear,no,no,no,no,no,False
102557435,METROPOLITAN NASHVILLE POLICE DEPT,20190800834,Davidson,Nashville,11/3/2019 5:08:00 PM,3,0,0,36.129490,-86.714700,MURFREESBORO PKE,,,,0.00,,,MILLWOOD DR,,,,0.00,Y,T-Intersection,N,Intersection,None,,,         ,Matthew,Swindell,Clear,Angle,no,no,no,no,yes,False
102557453,METROPOLITAN NASHVILLE POLICE DEPT,20190801041,Davidson,Nashville,11/3/2019 8:22:00 PM,2,0,0,36.127330,-86.711910,MURFREESBORO PKE,,,,374.00,Feet,West,THOMPSON PL,,,,0.00,N,Not at Intersection,N,OtherLocation,None,,,         ,Jarret,Sonnenberg,Clear,Front to Rear,no,no,no,no,no,False
102557465,METROPOLITAN NASHVILLE POLICE DEPT,20190800953,Davidson,Nashville,11/3/2019 7:24:00 PM,2,0,0,36.199000,-86.620000,RAMP,,,,0.00,Feet,East,US HWY 70,,,,0.00,N,Not at Intersection, ,Non-Junction,None,,,         ,Ricki,Armstrong,Clear,Front to Rear,no,no,no,no,no,False
102557466,METROPOLITAN NASHVILLE POLICE DEPT,20190801112,Davidson,Nashville,11/3/2019 8:47:00 PM,2,0,0,36.082780,-86.628700,MOSSDALE DR,,,,0.00,Feet,North,BELL RD,,,,0.00,N,Not at Intersection,N,Non-Junction,None,,,         ,Deandera,Payne,Clear,HeadOn,no,no,no,no,no,False
102557467,METROPOLITAN NASHVILLE POLICE DEPT,20190801127,Davidson,Not in City Limit,11/3/2019 5:30:00 PM,1,0,0,36.273320,-86.775790,BRICK CHURCH PKE,,,,1063.00,Feet,North,BELL GRIMES LN,,,,0.00,N,Not at Intersection, ,,None,,,         ,John,Walden,,,no,no,no,no,no,False
102557491,METROPOLITAN NASHVILLE POLICE DEPT,20190801110,Davidson,Not in City Limit,11/3/2019 9:25:00 PM,1,0,0,36.310990,-86.827010,I 24,,,,0.00,,,,,,,37.65,N,Not at Intersection,N,Non-Junction,None,,,         ,Brandon,Simpkins,Clear,Not Collision with Motor Vehicle in Transport,no,no,no,no,no,False
102557531,METROPOLITAN NASHVILLE POLICE DEPT,20190801240,Davidson,Nashville,11/3/2019 11:30:00 PM,2,0,0,36.120790,-86.703630,US HWY 41,,,,0.00,,,GLENGARRY DR,,,,0.00,Y,T-Intersection,N,Intersection,None,,,         ,Ralph,Smith IV,Clear,Angle,no,no,no,no,no,False
102557533,METROPOLITAN NASHVILLE POLICE DEPT,20190801244,Davidson,Nashville,11/3/2019 11:19:00 PM,1,1,0,36.209920,-86.749260,ELLINGTON PKWYS,,,,1097.00,Feet,North,ELLINGTON PKWYN,,,,0.00,N,Not at Intersection,N,Non-Junction,None,,,         ,Joshua,Whitworth,Clear,Not Collision with Motor Vehicle in Transport,no,no,no,no,no,False
102557559,METROPOLITAN NASHVILLE POLICE DEPT,20190801338,Davidson,Nashville,11/4/2019 12:27:00 AM,1,0,0,36.137610,-86.770030,MOORE AV,,,,57.00,Feet,West,MARTIN ST,,,,0.00,N,Not at Intersection,N,Non-Junction,None,,,         ,Stephen,Johnston,Clear,Not Collision with Motor Vehicle in Transport,no,no,no,no,no,False
102557562,METROPOLITAN NASHVILLE POLICE DEPT,20190801450,Davidson,Nashville,11/4/2019 1:46:00 AM,2,0,0,36.089100,-86.649990,US HWY 41,,,,0.00,Feet,,RANSOM PL,,,,0.00,Y,T-Intersection,N,Intersection,None,,,         ,Mathew,Clement,Clear,Front to Rear,no,no,no,no,no,False
102557565,METROPOLITAN NASHVILLE POLICE DEPT,20190801257,Davidson,Nashville,11/3/2019 11:20:00 PM,2,0,0,36.192710,-86.744370,DOUGLAS AV,,,,0.00,,,GALLATIN AV,,,,0.00,Y,Four-Way,N,Intersection,None,,,         ,Landon,Bagwell,Clear,Angle,no,no,no,no,no,False
102557582,METROPOLITAN NASHVILLE POLICE DEPT,20190801570,Davidson,Nashville,11/4/2019 3:13:00 AM,1,0,0,36.091020,-86.652430,BRITISH WOODS DR,,,,348.00,Feet,West,MURFREESBORO PKE,,,,0.00,N,Not at Intersection,N,Unknown,Unknown,Unknown,Unknown,         ,Henry,Perez,Clear,Unknown,no,no,no,yes,no,False
102557619,METROPOLITAN NASHVILLE POLICE DEPT,20190801776,Davidson,Nashville,11/4/2019 5:25:00 AM,2,0,0,36.136050,-86.698830,STATE HWY 155,,,,0.00,,,CORPORATE DR,,,,0.00,Y,Four-Way,N,Intersection-Related,None,,,         ,Mathew,Clement,Clear,"Sideswipe, Same Direction",no,no,no,no,yes,False
102557630,METROPOLITAN NASHVILLE POLICE DEPT,2019-0801786,Davidson,Nashville,11/4/2019 6:05:00 AM,1,0,0,36.073750,-86.807630,TRAVELERS RIDGE DR,,,,0.00,,,GRANNY WHITE PKE,,,,0.00,Y,T-Intersection, ,Non-Junction,None,,,         ,Thomas,Miller,Clear,Not Collision with Motor Vehicle in Transport,no,no,no,no,no,False
102557643,METROPOLITAN NASHVILLE POLICE DEPT,20190801793,Davidson,Not in City Limit,11/4/2019 6:15:00 AM,2,0,0,36.324690,-86.873200,I 24,,,,0.00,,,,,,,34.70,N,Not at Intersection,N,Non-Junction,None,,,         ,Timothy,Ward,Clear,Front to Rear,no,no,no,no,no,False
102557655,METROPOLITAN NASHVILLE POLICE DEPT,20190801822,Davidson,Antioch,11/4/2019 6:50:00 AM,2,0,0,36.047840,-86.612050,MURFREESBORO PKE,,,,1284.00,Feet,North,MOUNTAIN SPRINGS RD,,,,0.00,N,Not at Intersection, ,Non-Junction,None,,,         ,Jessie,Meadows,Clear,"Sideswipe, Same Direction",no,no,no,no,no,False
102557663,METROPOLITAN NASHVILLE POLICE DEPT,20190801884,Davidson,Nashville,11/4/2019 7:18:00 AM,2,0,0,36.076780,-86.694220,I 24,,,,0.00,,,,,,,56.45,N,Not at Intersection,N,Non-Junction,None,,,         ,Joseph,Simon,Clear,Front to Rear,no,no,no,no,no,False
102557664,METROPOLITAN NASHVILLE POLICE DEPT,20190801892,Davidson,Nashville,11/4/2019 7:13:00 AM,2,1,0,36.069590,-86.693910,HAYWOOD LN,,,,0.00,,,EZELL RD,,,,0.00,Y,Four-Way,N,Intersection,None,,,         ,Adam,Warren,Clear,Front to Rear,no,no,no,no,yes,False
102557666,METROPOLITAN NASHVILLE POLICE DEPT,20190801867,Davidson,Nashville,11/4/2019 6:58:00 AM,2,0,0,36.078530,-86.770790,LAMBERT DR,,,,86.00,Feet,West,BRINDLEY DR,,,,0.00,N,Not at Intersection,N,Non-Junction,None,,,         ,Ian,Hammond,Clear,Angle,no,no,no,no,no,False
102557669,METROPOLITAN NASHVILLE POLICE DEPT,20190801870,Davidson,Nashville,11/4/2019 7:00:00 AM,1,1,0,36.063630,-86.709570,FAIRLANE DR,,,,0.00,,,CROSBY LN,,,,0.00,Y,T-Intersection,N,Intersection,None,,,         ,Jason,Kedzierski,Clear,Not Collision with Motor Vehicle in Transport,no,yes,no,no,yes,False
102557671,GOODLETTSVILLE POLICE DEPT,19-41159,Davidson,Goodlettsville,11/4/2019 6:51:00 AM,2,0,0,36.297360,-86.714020,I 65,,,,0.00,,,,,,,94.90,N,Not at Intersection, ,Non-Junction,None,,,         ,George,Forbes,Clear,"Sideswipe, Same Direction",no,no,no,no,no,False
102557674,METROPOLITAN NASHVILLE POLICE DEPT,20190801869,Davidson,Nashville,11/4/2019 7:08:00 AM,2,0,0,36.168010,-86.814110,I40 E EXT RAMP,,,,0.00,Feet,East,I 40,,,,0.00,N,Not at Intersection, ,Entrance/Exit Ramp Related,None,,,         ,Isaac,Wood,Clear,Front to Rear,no,no,no,no,no,False
102557676,METROPOLITAN NASHVILLE POLICE DEPT,20190801886,Davidson,Nashville,11/4/2019 7:18:00 AM,2,0,0,36.168680,-86.600420,OLD HICKORY BLVD,,,,56.00,Feet,North,MILLS RD,,,,0.00,N,Not at Intersection, ,"Driveway, Alley Access, etc",None,,,         ,Michael,Dance,Clear,Angle,no,no,no,no,no,False
102557686,METROPOLITAN NASHVILLE POLICE DEPT,20190802000,Davidson,Nashville,11/4/2019 8:00:00 AM,2,0,0,36.143100,-86.684980,I 40,,,,0.00,,,,,,,215.60,N,Not at Intersection, ,Non-Junction,None,,,         ,Michael,Dance,Clear,Front to Rear,no,no,no,no,no,False
102557687,METROPOLITAN NASHVILLE POLICE DEPT,20190802010,Davidson,Nashville,11/4/2019 8:03:00 AM,2,0,0,36.167320,-86.662160,US HWY 70,,,,29.00,Feet,East,EDDINGS LN,,,,0.00,N,Not at Intersection, ,Non-Junction,None,,,         ,Zachary,Plese,Clear,Angle,no,no,no,no,no,False
102557699,METROPOLITAN NASHVILLE POLICE DEPT,20190801999,Davidson,Nashville,11/4/2019 7:48:00 AM,1,0,0,36.058000,-86.635880,HAMILTON CHURCH RD,,,,1138.00,Feet,North,ZELIDA AV,,,,0.00,N,Not at Intersection,N,Non-Junction,None,,,         ,Stanley,Collins,Clear,Not Collision with Motor Vehicle in Transport,no,no,no,no,yes,False