master_record_number,agency,agency_tracking_number,county,city,collision_date,vehicles_involved,number_injured,number_dead,latitude,longitude,roadway_name,roadway_suffix,roadway_number,roadway_local_id,distance_from_reference,miles-feet_indicator,direction_from_reference,intersection_road_name,intersection_road_name_suffix,intersection_road_number,intersection_local_id,mile_marker,intersection_indicator,intersect_type,interchange_related_indicator,relation_to_junction,work_zone_type,construction_maintenance_zone,construction_maintenance_zone_location,fatal_case_number,officer_first_name,officer_last_name,weather_condition(s),manner_of_crash,pedestrian,bicycle,scooter,parking,hitrun,mou
102557700,METROPOLITAN NASHVILLE POLICE DEPT,20190801931,Davidson,Nashville,11/4/2019 7:37:00 AM,2,0,0,36.097660,-86.738440,NOLENSVILLE PKE,,,,28.00,Feet,South,VERITAS ST,,,,0.00,N,Not at Intersection,N,Non-Junction,None,,,         ,Ryan,Howard,Clear,Angle,no,no,no,no,no,False
102557702,METROPOLITAN NASHVILLE POLICE DEPT,20190801915,Davidson,Nashville,11/4/2019 7:30:00 AM,2,0,0,36.105390,-86.755940,SIDCO DR,,,,143.00,Feet,North,NORRIS AV,,,,0.00,N,Not at Intersection,N,Non-Junction,None,,,         ,Michael,Suagua,Clear,Front to Rear,no,no,no,no,no,False
102557709,METROPOLITAN NASHVILLE POLICE DEPT,20190801878,Davidson,Not in City Limit,11/4/2019 6:35:00 AM,4,1,0,36.328700,-86.894920,I 24,,,,0.00,,,,,,,33.40,N,Not at Intersection,N,Non-Junction,None,,,         ,Jeanine,Sarno,Clear,"Sideswipe, Same Direction",no,no,no,no,yes,False
102557712,METROPOLITAN NASHVILLE POLICE DEPT,20190801908,Davidson,Nashville,11/4/2019 7:05:00 AM,2,0,0,36.238170,-86.782250,BRILEY PKWYE,,,,231.00,Feet,East,I24 W EXT RAMP,,,,0.00,N,Not at Intersection, ,Non-Junction,None,,,         ,Brian,Otto,Clear,Angle,no,no,no,no,no,False
102557716,METROPOLITAN NASHVILLE POLICE DEPT,20190802088,Davidson,Nashville,11/4/2019 8:30:00 AM,2,0,0,36.108530,-86.769290,I 65,,,,0.00,,,,,,,79.60,N,Not at Intersection, ,Non-Junction,None,,,         ,Michael,Suagua,Clear,Front to Rear,no,no,no,no,no,False
102557725,METROPOLITAN NASHVILLE POLICE DEPT,20190802085,Davidson,Nashville,11/4/2019 8:30:00 AM,2,0,0,36.163930,-86.762800,I 24,,,,0.00,,,,,,,49.15,N,Not at Intersection, ,,None,,,         ,Floyd,Brown,,,no,no,no,no,no,False
102557731,METROPOLITAN NASHVILLE POLICE DEPT,20190801894,Davidson,Not in City Limit,11/4/2019 6:54:00 AM,2,1,0,35.993490,-86.685620,NOLENSVILLE RD,,,,392.00,Feet,North,OLD BURKITT RD,,,,0.00,N,Not at Intersection,N,Non-Junction,None,,,         ,Nelson,Hemingway,Clear,Front to Rear,no,no,no,no,no,False
102557732,METROPOLITAN NASHVILLE POLICE DEPT,20190802071,Davidson,Nashville,11/4/2019 8:06:00 AM,2,0,0,36.192940,-86.687380,BRILEY PKWYS,,,,180.00,Feet,North,BRILEY PKWY S EXT RAMP,,,,0.00,N,Not at Intersection, ,Non-Junction,None,,,         ,MIchael,Mihajlov,Clear,"Sideswipe, Same Direction",no,no,no,no,no,False
102557744,METROPOLITAN NASHVILLE POLICE DEPT,20190802019,Davidson,Nashville,11/4/2019 8:15:00 AM,3,0,0,36.160790,-86.793140,I 40,,,,0.00,,,,,,,208.75,N,Not at Intersection, ,,None,,,         ,Brian,Murphy,,,no,no,no,no,no,False
102557747,METROPOLITAN NASHVILLE POLICE DEPT,20190802205,Davidson,Nashville,11/4/2019 8:55:00 AM,2,0,0,36.196410,-86.796170,VENTURE CIR,,,,541.00,Feet,East,FRENCH LANDING DR,,,,0.00,N,Not at Intersection,N,Non-Junction,None,,,         ,Brian,Mclarty,Clear,Angle,no,no,no,no,yes,False
102557749,METROPOLITAN NASHVILLE POLICE DEPT,20190801962,Davidson,Nashville,11/4/2019 7:31:00 AM,3,1,0,36.141820,-86.713530,I 40,,,,0.00,,,,,,,214.00,N,Not at Intersection,N,Non-Junction,None,,,         ,Michael,Dance,Clear,Front to Rear,no,no,no,no,no,False
102557758,METROPOLITAN NASHVILLE POLICE DEPT,20190801950,Davidson,Not in City Limit,11/4/2019 7:44:00 AM,2,1,0,36.007610,-86.700860,NOLENSVILLE PKE,,,,2.00,Feet,North,CULBERTSON RD,,,,0.00,N,Not at Intersection,N,Non-Junction,None,,,         ,Keith,Parlato,Clear,Angle,no,no,no,no,no,False
102557759,METROPOLITAN NASHVILLE POLICE DEPT,20190801948,Davidson,Nashville,11/4/2019 7:45:00 AM,2,3,0,36.209070,-86.777940,AVONDALE CIR,,,,0.00,,,BRICK CHURCH PKE,,,,0.00,Y,T-Intersection,Y,Intersection,None,,,         ,Corey,Reed,Clear,Angle,no,no,no,no,no,False
102557769,METROPOLITAN NASHVILLE POLICE DEPT,20190802056,Davidson,Nashville,11/4/2019 8:10:00 AM,2,0,0,36.146590,-86.809140,WEST END AV,,,,175.00,Feet,West,NATCHEZ TRC,,,,0.00,N,Not at Intersection, ,Non-Junction,None,,,         ,Devin,Mabry,Clear,"Sideswipe, Same Direction",no,no,no,no,no,Campus
102557774,METROPOLITAN NASHVILLE POLICE DEPT,20190802268,Davidson,Nashville,11/4/2019 9:46:00 AM,1,0,0,36.179720,-86.605800,OLD HICKORY BLVD,,,,104.00,Feet,North,I40 W ENT RAMP,,,,0.00,N,Not at Intersection,N,Non-Junction,None,,,         ,Amanda,Topping,Clear,Not Collision with Motor Vehicle in Transport,no,no,no,no,no,False
102557775,METROPOLITAN NASHVILLE POLICE DEPT,20190802164,Davidson,Nashville,11/4/2019 9:03:00 AM,2,0,0,36.151250,-86.691870,BRILEY PKWY S EXT RAMP,,,,0.00,,,ELM HILL PKE,,,,0.00,Y,T-Intersection, ,Intersection,None,,,         ,Michael,Dance,Clear,Front to Rear,no,no,no,no,no,False
102557777,METROPOLITAN NASHVILLE POLICE DEPT,20190802109,Davidson,Nashville,11/4/2019 8:40:00 AM,2,1,0,36.154950,-86.818660,FELICIA ST,,,,31.00,Feet,West,28TH AVN,,,,0.00,N,Not at Intersection,N,Non-Junction,None,,,         ,Isaac,Wood,Clear,Angle,no,no,no,no,no,False
102557778,METROPOLITAN NASHVILLE POLICE DEPT,20190802099,Davidson,Nashville,11/4/2019 8:25:00 AM,2,0,0,36.133550,-86.727120,I 24,,,,0.00,,,,,,,51.05,N,Not at Intersection, ,,None,,,         ,Ryan,Howard,,,no,no,no,no,no,False
102557781,METROPOLITAN NASHVILLE POLICE DEPT,20190802163,Davidson,Not in City Limit,11/4/2019 8:35:00 AM,3,0,0,35.993490,-86.685620,NOLENSVILLE RD,,,,392.00,Feet,North,OLD BURKITT RD,,,,0.00,N,Not at Intersection,N,Non-Junction,None,,,         ,Nelson,Hemingway,Clear,Front to Rear,no,no,no,no,no,False
102557782,METROPOLITAN NASHVILLE POLICE DEPT,20190802258,Davidson,Nashville,11/4/2019 12:00:00 AM,2,0,0,36.025730,-86.702710,BARNES COVE DR,,,,303.00,Feet,South,BARNES COVE CT,,,,0.00,N,Not at Intersection,N,Non-Junction,None,,,         ,Stanley,Collins,Clear,"Sideswipe, Same Direction",no,no,no,no,yes,False
102557783,METROPOLITAN NASHVILLE POLICE DEPT,20190802159,Davidson,Not in City Limit,11/4/2019 9:00:00 AM,2,0,0,36.272840,-86.698370,ANDERSON LN,,,,0.00,Feet,,SNOW AV,,,,0.00,Y,T-Intersection, ,Intersection,None,,,         ,Gabriel,Centeno,Clear,Angle,no,no,no,no,no,False
102557785,METROPOLITAN NASHVILLE POLICE DEPT,20190802264,Davidson,Nashville,11/4/2019 9:39:00 AM,2,0,0,36.138790,-86.726940,I 24,,,,0.00,,,,,,,52.40,N,Not at Intersection, ,Non-Junction,None,,,         ,Michael,Dance,Clear,Front to Rear,no,no,no,no,no,False
102557788,METROPOLITAN NASHVILLE POLICE DEPT,20190801820,Davidson,Not in City Limit,11/4/2019 6:09:00 AM,2,1,0,36.274380,-86.796910,I 24,,,,0.00,,,,,,,40.80,N,Not at Intersection,N,Non-Junction,None,,,         ,Brandon,Bilbrey,Clear,"Sideswipe, Same Direction",no,no,no,no,no,False
102557794,METROPOLITAN NASHVILLE POLICE DEPT,20190802318,Davidson,Nashville,11/4/2019 10:10:00 AM,2,0,0,36.040690,-86.699660,GREEN TIMBERS DR,,,,0.00,,,OLD HICKORY BLVD,,,,0.00,Y,Four-Way, ,Non-Junction,None,,,         ,Nelson,Hemingway,Clear,"Sideswipe, Opposite Direction",no,no,no,no,yes,False
102557795,METROPOLITAN NASHVILLE POLICE DEPT,20190802066,Davidson,Goodlettsville,11/4/2019 7:55:00 AM,2,0,0,36.296910,-86.699160,GALLATIN PKEN,,,,0.00,,,RIVERGATE PKWY,,,,0.00,Y,Four-Way, ,,None,,,         ,Brandon,Bilbrey,,,no,no,no,no,no,False
102557797,METROPOLITAN NASHVILLE POLICE DEPT,20190802302,Davidson,Nashville,11/4/2019 10:05:00 AM,2,0,0,36.055980,-86.714760,APRIL LN,,,,266.00,Feet,East,NOLENSVILLE PKE,,,,0.00,N,Not at Intersection, ,Non-Junction,None,,,         ,Jessie,Meadows,Clear,Rear to Side,no,no,no,no,no,False
102557799,METROPOLITAN NASHVILLE POLICE DEPT,20190802218,Davidson,Nashville,11/4/2019 9:18:00 AM,2,0,0,36.187020,-86.818990,26TH AVN,,,,0.00,,,,,,,0.00,,Not at Intersection, ,Non-Junction,None,,,         ,Jean,McCormack,Clear,"Sideswipe, Opposite Direction",no,no,no,yes,no,False
102557808,METROPOLITAN NASHVILLE POLICE DEPT,20190802414,Davidson,Nashville,11/4/2019 10:50:00 AM,2,0,0,36.143850,-86.797710,EDGEHILL AV,,,,0.00,Feet,West,19TH AVS,,,,0.00,N,Not at Intersection, ,Non-Junction,None,,,         ,Devin,Mabry,Clear,Front to Rear,no,no,no,no,no,Campus
102557811,METROPOLITAN NASHVILLE POLICE DEPT,20190802375,Davidson,Nashville,11/4/2019 10:38:00 AM,2,0,0,36.136040,-86.726720,I 24,,,,0.00,,,,,,,52.20,N,Not at Intersection, ,Non-Junction,None,,,         ,Jessie,Meadows,Clear,Front to Rear,no,no,no,no,no,False
102557812,METROPOLITAN NASHVILLE POLICE DEPT,20190801918,Davidson,Nashville,11/4/2019 7:30:00 AM,2,1,0,36.176640,-86.771010,SPRING ST,,,,0.00,,,DICKERSON PKE,,,,0.00,Y,T-Intersection, ,Intersection-Related,None,,,         ,Russell,Freeman,Clear,Front to Rear,no,no,no,no,no,False
102557813,METROPOLITAN NASHVILLE POLICE DEPT,20190802351,Davidson,Nashville,11/4/2019 9:45:00 AM,2,1,0,36.168120,-86.816440,I40 W ENT RAMP,,,,0.00,Feet,East,I 40,,,,0.00,N,Not at Intersection,N,Entrance/Exit Ramp Related,None,,,         ,Brian,Mclarty,Clear,Angle,no,no,no,no,no,False
102557815,THP District 9 - Administrative,319070691,Davidson,Nashville,10/31/2019 11:51:00 AM,1,0,0,36.133840,-86.737690,TPS COMPLEX PVTDR,,,,0.00,Feet,East,MENZLER RD,,,,0.00,N,Not at Intersection, ,Non-Junction,None,,,         ,Maurey,Williams,Cloudy,Not Collision with Motor Vehicle in Transport,no,no,no,yes,no,False
102557822,METROPOLITAN NASHVILLE POLICE DEPT,20190802391,Davidson,Nashville,11/4/2019 10:43:00 AM,2,0,0,36.068060,-86.669050,RICHARDS RD,,,,0.00,,,DOWDY DR,,,,0.00,Y,Four-Way,Y,Non-Junction,None,,,         ,Jason,Hees,Clear,Angle,no,no,no,no,no,False
102557830,METROPOLITAN NASHVILLE POLICE DEPT,20190802512,Davidson,Nashville,11/4/2019 11:45:00 AM,2,3,0,36.169180,-86.681440,LEBANON PKE,,,,293.00,Feet,East,FAIRWAY DR,,,,0.00,N,Not at Intersection,N,Non-Junction,None,,,         ,Michael,Dance,Clear,Angle,no,no,no,no,no,False
102557831,METROPOLITAN NASHVILLE POLICE DEPT,2019793634,Davidson,Nashville,10/31/2019 11:33:00 AM,2,0,0,36.154510,-86.779610,8TH AVS,,,,142.00,Feet,West,LAFAYETTE ST,,,,0.00,N,Not at Intersection, ,Non-Junction,None,,,         ,Cory,West,Clear,"Sideswipe, Same Direction",no,no,no,no,no,False
102557854,METROPOLITAN NASHVILLE POLICE DEPT,20190802505,Davidson,Nashville,11/4/2019 11:37:00 AM,2,0,0,36.065830,-86.649330,BRIDGECREST DR,,,,171.00,Feet,East,BRIDGECREST WAY,,,,0.00,N,Not at Intersection, ,Non-Junction,None,,,         ,Theodore,Flick,Clear,Unknown,no,no,no,no,yes,False
102557883,METROPOLITAN NASHVILLE POLICE DEPT,20190802515,Davidson,Nashville,11/4/2019 11:40:00 AM,3,0,0,36.123820,-86.849290,HARDING PKE,,,,124.00,Feet,West,ROYAL OAKS CONDOS PVTDR,,,,0.00,N,Not at Intersection,N,Non-Junction,None,,,         ,Douglas,Atwood,Clear,Front to Rear,no,no,no,no,no,False
102557898,METROPOLITAN NASHVILLE POLICE DEPT,20190802129,Davidson,Nashville,11/4/2019 8:40:00 AM,2,0,0,36.109170,-86.723020,BRILEY PKWYN,,,,0.00,,,I24 E EXT RAMP,,,,0.00,Y,T-Intersection,N,Intersection-Related,None,,,         ,Todd,Watson,Clear,Front to Rear,no,no,no,no,no,False
102557903,METROPOLITAN NASHVILLE POLICE DEPT,20190802622,Davidson,Nashville,11/4/2019 12:00:00 AM,2,0,0,36.162200,-86.817490,27TH AVN,,,,93.00,Feet,North,HERMAN ST,,,,0.00,N,Not at Intersection, ,Non-Junction,None,,,         ,Isaac,Wood,Clear,"Sideswipe, Opposite Direction",no,no,no,no,yes,False
102557908,METROPOLITAN NASHVILLE POLICE DEPT,20190802593,Davidson,Not in City Limit,11/4/2019 12:30:00 PM,1,0,0,36.084030,-86.951770,GEORGE E HORN RD,,,,540.00,Feet,West,I40 E ENT RAMP,,,,0.00,N,Not at Intersection,N,Non-Junction,None,,,         ,Benjamin,Cantrell,Clear,Not Collision with Motor Vehicle in Transport,no,no,no,no,no,False
102557933,METROPOLITAN NASHVILLE POLICE DEPT,20190802558,Davidson,Nashville,11/4/2019 12:09:00 PM,2,0,0,36.137040,-86.796230,WEDGEWOOD AV,,,,152.00,Feet,West,17TH AVS,,,,0.00,N,Not at Intersection, ,Non-Junction,None,,,         ,Devin,Mabry,Clear,"Sideswipe, Same Direction",no,no,no,no,no,Campus
102557976,METROPOLITAN NASHVILLE POLICE DEPT,20190802679,Davidson,Nashville,11/4/2019 1:08:00 PM,2,0,0,36.149010,-86.798270,20TH AVS,,,,0.00,Feet,East,DIVISION ST,,,,0.00,N,Not at Intersection,N,Non-Junction,None,,,         ,Walter,Cothran,Clear,Angle,no,no,no,no,yes,Campus
102557987,METROPOLITAN NASHVILLE POLICE DEPT,20190802566,Davidson,Nashville,11/4/2019 12:15:00 PM,2,0,0,36.149670,-86.859930,OCEOLA AV,,,,0.00,,,CHARLOTTE PKE,,,,0.00,Y,OTHER,N,Non-Junction,None,,,         ,George,Spencer,Clear,Angle,no,no,no,no,no,False
102557992,METROPOLITAN NASHVILLE POLICE DEPT,20190801964,Davidson,Nashville,11/4/2019 7:47:00 AM,2,0,0,36.164940,-86.651650,STEWARTS FERRY PKE,,,,168.00,Feet,West,STONES RIV STEWARTS FERRY APTS,,,,0.00,N,Not at Intersection,N,Non-Junction,None,,,         ,Kelsey,Hemminger,Clear,Front to Rear,no,no,no,no,no,False
102558033,METROPOLITAN NASHVILLE POLICE DEPT,20190802377,Davidson,Nashville,11/4/2019 10:39:00 AM,3,1,0,36.041790,-86.824330,OLD HICKORY BLVD,,,,149.00,Feet,East,RIVER OAKS RD,,,,0.00,N,Not at Intersection,N,Non-Junction,None,,,         ,Ian,Hammond,Clear,Front to Rear,no,no,no,no,no,False
102558034,METROPOLITAN NASHVILLE POLICE DEPT,20190802733,Davidson,Nashville,11/4/2019 1:40:00 PM,3,0,0,36.080810,-86.835070,HILLSBORO PKE,,,,499.00,Feet,North,HEMINGWAY DR,,,,0.00,N,Not at Intersection, ,Non-Junction,None,,,         ,Ian,Hammond,Clear,Front to Rear,no,no,no,no,no,False
102558067,METROPOLITAN NASHVILLE POLICE DEPT,20190802816,Davidson,Nashville,11/4/2019 2:20:00 PM,1,1,0,36.149040,-86.863370,CHARLOTTE PKE,,,,407.00,Feet,South,LELLYETT ST,,,,0.00,N,Not at Intersection,N,Non-Junction,None,,,         ,George,Spencer,Clear,Not Collision with Motor Vehicle in Transport,yes,no,no,no,no,False
102558073,METROPOLITAN NASHVILLE POLICE DEPT,20190802745,Davidson,Antioch,11/4/2019 1:33:00 PM,3,1,0,36.047840,-86.612050,MURFREESBORO PKE,,,,1284.00,Feet,North,MOUNTAIN SPRINGS RD,,,,0.00,N,Not at Intersection,N,Non-Junction,None,,,         ,Jessie,Meadows,Clear,Angle,no,no,no,no,no,False
102558080,METROPOLITAN NASHVILLE POLICE DEPT,20190794402,Davidson,Nashville,10/31/2019 6:39:00 PM,2,0,0,36.157850,-86.778580,DEMONBREUN ST,,,,0.00,,,6TH AVS,,,,0.00,Y,Four-Way,N,Intersection,None,,,         ,Michael,Douglas,Clear,"Sideswipe, Same Direction",no,no,no,no,no,False
102558082,METROPOLITAN NASHVILLE POLICE DEPT,20190802793,Davidson,Nashville,11/4/2019 1:30:00 PM,2,2,0,36.230590,-86.833330,CLARKSVILLE PKE,,,,251.00,Feet,East,CLARKSVILLE PKE SB EXT RAMP,,,,0.00,N,Not at Intersection,N,Non-Junction,None,,,         ,Isaac,Wood,Clear,Angle,no,no,no,no,no,False
102558087,METROPOLITAN NASHVILLE POLICE DEPT,20190802864,Davidson,Nashville,11/4/2019 2:40:00 PM,2,0,0,36.122090,-86.754330,I440 W ENT RAMP,,,,0.00,,,I 440,,,,0.00,Y,OTHER,Y,Entrance/Exit Ramp Related,Construction Zone,Work On Shoulder Or Median,Activity Area,         ,Douglas,Sykes,Clear,Unknown,no,no,no,no,yes,False
102558088,METROPOLITAN NASHVILLE POLICE DEPT,20190802922,Davidson,Goodlettsville,11/4/2019 3:12:00 PM,2,0,0,36.293680,-86.696280,MYATT DR,,,,76.00,Feet,South,SPRING BRANCH DR,,,,0.00,N,Not at Intersection,N,Non-Junction,None,,,         ,Robert,Leverick,Clear,"Sideswipe, Same Direction",no,no,no,no,yes,False
102558090,METROPOLITAN NASHVILLE POLICE DEPT,20190802768,Davidson,Nashville,11/4/2019 1:50:00 PM,2,0,0,36.170490,-86.807050,SCOVEL ST,,,,0.00,,,DR D B TODD JR BLVD,,,,0.00,Y,OTHER, ,Intersection,None,,,         ,Bailee,Hickman,Clear,Front to Rear,no,no,no,no,yes,False
102558099,METROPOLITAN NASHVILLE POLICE DEPT,20190802850,Davidson,Nashville,11/4/2019 1:45:00 PM,2,1,0,36.130780,-86.727520,I 24,,,,0.00,,,,,,,51.10,N,Not at Intersection,N,Non-Junction,None,,,         ,Jesse,Cox,Clear,Angle,no,no,no,no,no,False
102558100,GOODLETTSVILLE POLICE DEPT,19-41214,Davidson,Goodlettsville,11/4/2019 2:19:00 PM,1,1,0,36.310910,-86.715790,DICKERSON PKES,,,,927.00,Feet,South,SHEVEL DR,,,,0.00,N,Not at Intersection, ,"Driveway, Alley Access, etc",None,,,         ,Daniel,Knalls,Clear,Not Collision with Motor Vehicle in Transport,no,no,no,yes,no,False
102558111,METROPOLITAN NASHVILLE POLICE DEPT,20190802855,Davidson,Nashville,11/4/2019 2:49:00 PM,2,2,0,36.081280,-86.726860,NOLENSVILLE PKE,,,,498.00,Feet,South,WELSHWOOD DR,,,,0.00,N,Not at Intersection,N,Non-Junction,None,,,         ,FELIKS,ABRAHAMYAN,Clear,Angle,no,no,no,no,no,False
102558112,METROPOLITAN NASHVILLE POLICE DEPT,20190802881,Davidson,Nashville,11/4/2019 12:00:00 AM,2,0,0,36.157920,-86.760430,I 24,,,,0.00,,,,,,,49.60,N,Not at Intersection,N,Non-Junction,None,,,         ,Trevor,Taylor,Clear,Front to Rear,no,no,no,no,no,False
102558114,METROPOLITAN NASHVILLE POLICE DEPT,20190802984,Davidson,Nashville,11/4/2019 2:30:00 PM,2,1,0,36.069570,-86.693670,HAYWOOD LN,,,,71.00,Feet,East,EZELL RD,,,,0.00,N,Not at Intersection,N,Non-Junction,None,,,         ,Jesse,Cox,Clear,Front to Rear,no,no,no,no,no,False
102558120,METROPOLITAN NASHVILLE POLICE DEPT,20190802996,Davidson,Nashville,11/4/2019 3:57:00 PM,2,2,0,36.217470,-86.743450,BEN ALLEN RD,,,,0.00,,,HART LN,,,,0.00,Y,OTHER,N,Non-Junction,None,,,         ,Wade,Johnson,Clear,Angle,no,no,no,no,no,False
102558121,METROPOLITAN NASHVILLE POLICE DEPT,20190802848,Davidson,Nashville,11/4/2019 2:15:00 PM,2,0,0,36.166650,-86.611890,I 40,,,,0.00,,,,,,,220.20,N,Not at Intersection,N,Entrance/Exit Ramp Related,None,,,         ,Thomas,Odom,Clear,"Sideswipe, Same Direction",no,no,no,no,yes,False
102558122,METROPOLITAN NASHVILLE POLICE DEPT,20190802969,Davidson,Nashville,11/4/2019 1:50:00 PM,2,0,0,36.041240,-86.778390,OLD HICKORY BLVD,,,,317.00,Feet,East,FRANKLIN PIKE CIR,,,,0.00,N,Not at Intersection, ,Non-Junction,None,,,         ,Donovan,Coble,Clear,Angle,no,no,no,no,no,False
102558131,METROPOLITAN NASHVILLE POLICE DEPT,20190803062,Davidson,Nashville,11/4/2019 4:15:00 PM,2,0,0,36.163970,-86.762840,I 24,,,,0.00,,,,,,,49.15,N,Not at Intersection, ,,None,,,         ,Brent,Morris,,,no,no,no,no,no,False
102558134,METROPOLITAN NASHVILLE POLICE DEPT,20190803104,Davidson,Nashville,11/4/2019 12:00:00 AM,2,0,0,36.177130,-86.751450,S 10TH ST,,,,64.00,Feet,North,WOODLAND ST,,,,0.00,N,Not at Intersection, ,,None,,,         ,Gordon,Stovall,,,no,no,no,no,no,False
102558136,METROPOLITAN NASHVILLE POLICE DEPT,20190803093,Davidson,Nashville,11/4/2019 12:21:00 PM,2,1,0,36.053600,-86.715010,NOLENSVILLE PKE,,,,21.00,Feet,South,BREWER DR,,,,0.00,N,Not at Intersection,N,Non-Junction,None,,,         ,Ryan,Sherry,Clear,"Sideswipe, Opposite Direction",no,no,no,no,yes,False
102558137,METROPOLITAN NASHVILLE POLICE DEPT,20190803127,Davidson,Nashville,11/4/2019 4:50:00 PM,2,0,0,36.086700,-86.691650,ANTIOCH PKE,,,,310.00,Feet,South,HARDING PL,,,,0.00,N,Not at Intersection,N,Non-Junction,None,,,         ,Jesse,Cox,Clear,Angle,no,no,no,no,yes,False
102558143,METROPOLITAN NASHVILLE POLICE DEPT,20190803068,Davidson,Nashville,11/4/2019 4:13:00 PM,2,0,0,36.173180,-86.602060,STATE HWY 45,,,,41.00,Feet,West,STATE HWY 265,,,,0.00,N,Not at Intersection, ,Non-Junction,None,,,         ,Luis,Pena,Clear,"Sideswipe, Same Direction",no,no,no,no,no,False
102558155,METROPOLITAN NASHVILLE POLICE DEPT,20190803092,Davidson,Not in City Limit,11/4/2019 4:15:00 PM,2,0,0,36.264450,-86.732280,OLD HICKORY BLVDW,,,,0.00,,,N GRAYCROFT AV,,,,0.00,Y,Four-Way, ,,None,,,         ,Michael,Fox,,,no,no,no,no,no,False
102558165,METROPOLITAN NASHVILLE POLICE DEPT,20190803168,Davidson,Nashville,11/4/2019 5:12:00 PM,2,0,0,36.173470,-86.769880,I 24,,,,0.00,,,,,,,48.20,N,Not at Intersection,N,Non-Junction,None,,,         ,Cooper,HIll,Clear,Front to Rear,no,no,no,no,yes,False
102558168,METROPOLITAN NASHVILLE POLICE DEPT,20190803208,Davidson,Not in City Limit,11/4/2019 5:28:00 PM,2,0,0,36.265110,-86.711210,GALLATIN PKEN,,,,272.00,Feet,South,DULING AV,,,,0.00,N,Not at Intersection, ,Non-Junction,None,,,         ,Jared,Dick,Clear,Front to Rear,no,no,no,no,yes,False
102558170,METROPOLITAN NASHVILLE POLICE DEPT,20190803185,Davidson,Nashville,11/4/2019 5:24:00 PM,2,0,0,36.174820,-86.602650,OLD HICKORY BLVD,,,,118.00,Feet,North,BURNING TREE DR,,,,0.00,N,Not at Intersection, ,,None,,,         ,Terence,Mitchell,,,no,no,no,no,no,False
102558172,METROPOLITAN NASHVILLE POLICE DEPT,20190803177,Davidson,Nashville,11/4/2019 5:11:00 PM,2,0,0,36.153900,-86.757210,I 40,,,,0.00,,,,,,,211.15,N,Not at Intersection,N,Non-Junction,None,,,         ,Michael,Moss,Clear,"Sideswipe, Same Direction",no,no,no,no,yes,False
102558180,METROPOLITAN NASHVILLE POLICE DEPT,20190803148,Davidson,Nashville,11/4/2019 4:20:00 PM,2,0,0,36.039140,-86.782340,OLD HICKORY BLVD,,,,88.00,Feet,East,I65 N EXT RAMP,,,,0.00,N,Not at Intersection, ,Non-Junction,None,,,         ,Donovan,Coble,Clear,Front to Rear,no,no,no,no,no,False
102558191,METROPOLITAN NASHVILLE POLICE DEPT,20190803141,Davidson,Nashville,11/4/2019 5:41:00 PM,3,0,0,36.075880,-86.767650,I 65,,,,0.00,,,,,,,77.35,N,Not at Intersection, ,Non-Junction,None,,,         ,William,King,Clear,Front to Rear,no,no,no,no,no,False
102558193,METROPOLITAN NASHVILLE POLICE DEPT,20190803220,Davidson,Nashville,11/4/2019 5:27:00 PM,2,0,0,36.184280,-86.610240,ANDREW JACKSON PKWY,,,,149.00,Feet,North,RAMP,,,,0.00,N,Not at Intersection, ,,None,,,         ,Luis,Pena,,,no,no,no,yes,no,False
102558200,METROPOLITAN NASHVILLE POLICE DEPT,20190803183,Davidson,Nashville,11/4/2019 5:22:00 PM,2,2,0,36.171370,-86.799090,JEFFERSON ST,,,,24.00,Feet,West,12TH AVN,,,,0.00,N,Not at Intersection,N,Non-Junction,None,,,         ,Melvin,Taylor,Clear,Front to Rear,no,no,no,no,no,False
102558203,METROPOLITAN NASHVILLE POLICE DEPT,20190803266,Davidson,Nashville,11/4/2019 5:19:00 PM,2,0,0,36.123420,-86.749090,I 440,,,,0.00,,,,,,,6.40,N,Not at Intersection, ,Non-Junction,Construction Zone,,,         ,Douglas,Sykes,Clear,Front to Rear,no,no,no,no,no,False
102558207,METROPOLITAN NASHVILLE POLICE DEPT,20190803203,Davidson,Goodlettsville,11/4/2019 5:11:00 PM,2,0,0,36.290940,-86.703510,GALLATIN PKEN,,,,69.00,Feet,North,ALTUS AV,,,,0.00,N,Not at Intersection, ,,None,,,         ,Robert,Leverick,,,no,no,no,no,no,False
102558219,METROPOLITAN NASHVILLE POLICE DEPT,20190803288,Davidson,Nashville,11/4/2019 4:55:00 PM,2,0,0,36.121620,-86.750520,NOLENSVILLE PKE,,,,47.00,Feet,South,I440 E EXT RAMP,,,,0.00,N,Not at Intersection, ,Non-Junction,None,,,         ,Eric,Laury,Clear,Front to Rear,no,no,no,no,no,False
102558226,METROPOLITAN NASHVILLE POLICE DEPT,20190802920,Davidson,Nashville,11/4/2019 3:15:00 PM,1,1,0,36.152280,-86.839570,44TH AVN,,,,0.00,,,CHARLOTTE AV,,,,0.00,Y,Four-Way,N,Non-Junction,None,,,         ,Mario,Diaz,Clear,Not Collision with Motor Vehicle in Transport,no,no,no,no,no,False
102558231,METROPOLITAN NASHVILLE POLICE DEPT,20190803305,Davidson,Nashville,11/4/2019 5:49:00 PM,2,0,0,36.051690,-86.669710,I 24,,,,0.00,,,,,,,58.70,N,Not at Intersection,N,Non-Junction,None,,,         ,Sean,Weaver,Clear,Front to Rear,no,no,no,no,no,False