master_record_number,agency,agency_tracking_number,county,city,collision_date,vehicles_involved,number_injured,number_dead,latitude,longitude,roadway_name,roadway_suffix,roadway_number,roadway_local_id,distance_from_reference,miles-feet_indicator,direction_from_reference,intersection_road_name,intersection_road_name_suffix,intersection_road_number,intersection_local_id,mile_marker,intersection_indicator,intersect_type,interchange_related_indicator,relation_to_junction,work_zone_type,construction_maintenance_zone,construction_maintenance_zone_location,fatal_case_number,officer_first_name,officer_last_name,weather_condition(s),manner_of_crash,pedestrian,bicycle,scooter,parking,hitrun,mou
102558235,METROPOLITAN NASHVILLE POLICE DEPT,20190803172,Davidson,Nashville,11/4/2019 5:16:00 PM,4,2,0,36.152410,-86.835890,CHARLOTTE AV,,,,304.00,Feet,West,42ND AVN,,,,0.00,N,Not at Intersection,N,Non-Junction,None,,,         ,Molly,Page,Clear,Front to Rear,no,no,no,no,no,False
102558237,METROPOLITAN NASHVILLE POLICE DEPT,20190803257,Davidson,Nashville,11/4/2019 5:46:00 PM,3,0,0,36.103010,-86.714360,I 24,,,,0.00,,,,,,,54.35,N,Not at Intersection, ,Non-Junction,None,,,         ,Jarret,Sonnenberg,Clear,Front to Rear,no,no,no,no,no,False
102558240,METROPOLITAN NASHVILLE POLICE DEPT,20190803293,Davidson,Nashville,11/4/2019 5:30:00 PM,2,0,0,36.053060,-86.672330,I 24,,,,0.00,,,,,,,58.50,N,Not at Intersection, ,Non-Junction,None,,,         ,Eric,Wegener,Clear,"Sideswipe, Same Direction",no,no,no,no,yes,False
102558241,METROPOLITAN NASHVILLE POLICE DEPT,20190803205,Davidson,Nashville,11/4/2019 5:36:00 PM,4,0,0,36.048110,-86.775740,I 65,,,,0.00,,,,,,,75.35,N,Not at Intersection,N,Non-Junction,None,,,         ,FELIKS,ABRAHAMYAN,Clear,Angle,no,no,no,no,no,False
102558244,METROPOLITAN NASHVILLE POLICE DEPT,20190803300,Davidson,Nashville,11/4/2019 6:20:00 PM,2,0,0,36.164310,-86.769520,S 1ST ST,,,,260.00,Feet,South,VICTORY AV,,,,0.00,N,Not at Intersection, ,Non-Junction,None,,,         ,Ricardo,Cruz,Clear,Front to Rear,no,no,no,no,no,False
102558248,METROPOLITAN NASHVILLE POLICE DEPT,20190803009,Davidson,Nashville,11/4/2019 3:59:00 PM,3,0,0,36.084920,-86.703440,TRAVELERS INN DR,,,,0.00,Feet,North,HARDING PL,,,,0.00,N,Not at Intersection, ,Non-Junction,None,,,         ,Richard,Olive,Clear,Front to Rear,no,no,no,no,no,False
102558262,METROPOLITAN NASHVILLE POLICE DEPT,20190803370,Davidson,Nashville,11/4/2019 5:33:00 PM,2,0,0,36.165010,-86.801410,HERMAN ST,,,,51.00,Feet,West,BLANK ST,,,,0.00,N,Not at Intersection, ,Non-Junction,None,,,         ,Melvin,Taylor,Clear,"Sideswipe, Same Direction",no,no,no,no,no,False
102558263,METROPOLITAN NASHVILLE POLICE DEPT,20190803230,Davidson,Nashville,11/4/2019 5:35:00 PM,2,0,0,36.130380,-86.817030,I 440,,,,0.00,,,,,,,2.00,N,Not at Intersection,N,Non-Junction,None,,,         ,Gabriel,Hamilton,Clear,Front to Rear,no,no,no,no,yes,False
102558265,METROPOLITAN NASHVILLE POLICE DEPT,20190803210,Davidson,Nashville,11/4/2019 5:38:00 PM,2,0,0,36.183870,-86.798530,I 65,,,,0.00,,,,,,,85.30,N,Not at Intersection, ,Non-Junction,None,,,         ,David,Snowden,Clear,Front to Rear,no,no,no,no,no,False
102558268,METROPOLITAN NASHVILLE POLICE DEPT,20190803281,Davidson,Nashville,11/4/2019 5:55:00 PM,2,2,0,36.151840,-86.678760,ELM HILL PKE,,,,520.00,Feet,West,EMERY DR,,,,0.00,N,Not at Intersection,N,Non-Junction,None,,,         ,Allyson,Reis,Clear,Front to Rear,no,no,no,no,no,False
102558283,METROPOLITAN NASHVILLE POLICE DEPT,20190803333,Davidson,Nashville,11/4/2019 6:25:00 PM,2,0,0,36.131770,-86.801450,BERNARD AV,,,,0.00,,,21ST AVS,,,,0.00,Y,T-Intersection, ,Intersection,None,,,         ,David,Lang,Clear,Angle,no,no,no,no,no,False
102558299,GOODLETTSVILLE POLICE DEPT,19-40730,Davidson,Goodlettsville,10/31/2019 6:10:00 PM,2,0,0,36.323100,-86.707580,S CARTWRIGHT ST,,,,0.00,Feet,,CARTWRIGHT ST,,,,0.00,Y,Four-Way, ,Intersection,None,,,         ,Kenneth,Parks,Clear,Angle,no,no,no,no,no,False
102558309,METROPOLITAN NASHVILLE POLICE DEPT,20190803197,Davidson,Antioch,11/4/2019 4:25:00 PM,1,0,0,36.068670,-86.585300,SMITH SPRINGS PKWY,,,,74.00,Feet,North,HOBSON PKE,,,,0.00,N,Not at Intersection,N,Non-Junction,None,,,         ,Jesse,Cox,Clear,Not Collision with Motor Vehicle in Transport,no,no,no,no,no,False
102558332,METROPOLITAN NASHVILLE POLICE DEPT,20190803549,Davidson,Nashville,11/4/2019 8:44:00 PM,1,0,0,36.181150,-86.603590,ROCKWOOD DR,,,,325.00,Feet,North,HERMITAGE WOODS DR,,,,0.00,N,Not at Intersection,N,Non-Junction,None,,,         ,Terence,Mitchell,Clear,Not Collision with Motor Vehicle in Transport,no,no,no,yes,yes,False
102558338,METROPOLITAN NASHVILLE POLICE DEPT,20190803212,Davidson,Nashville,11/4/2019 5:30:00 PM,2,0,0,36.071500,-86.895660,STATE HWY 100,,,,793.00,Feet,East,HARPETH TRACE DR,,,,0.00,N,Not at Intersection, ,,None,,,         ,William,Vanbergen,,,no,no,no,no,no,False
102558341,METROPOLITAN NASHVILLE POLICE DEPT,20190803166,Davidson,Nashville,11/4/2019 5:10:00 PM,2,0,0,36.156300,-86.807300,CHARLOTTE AV,,,,15.00,Feet,West,22ND AVN,,,,0.00,N,Not at Intersection, ,Non-Junction,None,,,         ,Melvin,Taylor,Clear,"Sideswipe, Same Direction",no,no,no,no,no,False
102558351,METROPOLITAN NASHVILLE POLICE DEPT,2019-0803151,Davidson,Nashville,11/4/2019 4:30:00 PM,2,0,0,36.232290,-86.624730,SHUTE LN,,,,0.00,,,OLD HICKORY BLVD,,,,0.00,Y,T-Intersection, ,,None,,,         ,Kimberly,Forsyth,,,no,no,no,no,no,False
102558371,METROPOLITAN NASHVILLE POLICE DEPT,20190803065,Davidson,Nashville,11/4/2019 3:45:00 PM,2,0,0,36.206650,-86.791260,BAPTIST WORLD CENTER DR,,,,0.00,Feet,East,YOUNGS LN,,,,0.00,N,Not at Intersection,N,Non-Junction,None,,,         ,Peter,Kinsey,Clear,Front to Rear,no,no,no,no,yes,False
102558388,METROPOLITAN NASHVILLE POLICE DEPT,20190803315,Davidson,Nashville,11/4/2019 6:04:00 PM,2,0,0,36.130380,-86.817030,I 440,,,,0.00,,,,,,,2.00,N,Not at Intersection,N,Non-Junction,None,,,         ,Gabriel,Hamilton,Clear,Front to Rear,no,no,no,no,yes,False
102558418,METROPOLITAN NASHVILLE POLICE DEPT,20190803298,Davidson,Nashville,11/4/2019 6:26:00 PM,2,2,0,36.074310,-86.741030,BLACKMAN RD,,,,507.00,Feet,West,DARLINGTON DR,,,,0.00,N,Not at Intersection,N,Non-Junction,None,,,         ,Steven,Begley,Clear,Front to Rear,no,no,no,no,no,False
102558427,METROPOLITAN NASHVILLE POLICE DEPT,20190803164,Davidson,Nashville,11/4/2019 5:13:00 PM,3,0,0,36.112210,-86.745890,NOLENSVILLE PKE,,,,200.00,Feet,South,MCCLAIN AV,,,,0.00,N,Not at Intersection,N,Non-Junction,None,,,         ,Brandon,Hughes,Clear,Angle,no,no,no,no,no,False
102558437,METROPOLITAN NASHVILLE POLICE DEPT,20190803753,Davidson,Antioch,11/4/2019 9:38:00 PM,1,0,0,36.054850,-86.578500,HAMILTON CHURCH RD,,,,1653.00,Feet,East,OCEANFRONT CIRN,,,,0.00,N,Not at Intersection,N,Non-Junction,None,,,         ,Holly,Davis,Clear,Not Collision with Motor Vehicle in Transport,no,no,no,no,no,False
102558438,METROPOLITAN NASHVILLE POLICE DEPT,20190803785,Davidson,Nashville,11/4/2019 11:16:00 PM,1,0,0,36.166980,-86.611340,I 40,,,,0.00,,,,,,,220.25,N,Not at Intersection,N,Non-Junction,None,,,         ,Tyler,Manivong,Clear,Not Collision with Motor Vehicle in Transport,no,no,no,no,no,False
102558443,METROPOLITAN NASHVILLE POLICE DEPT,20190803782,Davidson,Nashville,11/4/2019 11:17:00 PM,2,0,0,36.118190,-86.631130,HERON POINTE DR,,,,0.00,,,BELL RD,,,,0.00,Y,T-Intersection,N,Intersection,None,,,         ,Bridget,Griepentrog,Clear,"Sideswipe, Same Direction",no,no,no,no,yes,False
102558485,METROPOLITAN NASHVILLE POLICE DEPT,20190804075,Davidson,Nashville,11/5/2019 2:18:00 AM,1,0,0,36.199290,-86.737250,BRONTE AV,,,,281.00,Feet,North,DELMAS AV,,,,0.00,N,Not at Intersection, ,"Driveway, Alley Access, etc",None,,,         ,Douglas,Smith,Clear,Not Collision with Motor Vehicle in Transport,no,no,no,yes,no,False
102558490,METROPOLITAN NASHVILLE POLICE DEPT,20190804050,Davidson,Not in City Limit,11/5/2019 2:05:00 AM,2,0,0,36.269570,-86.757390,OLD HICKORY BLVD,,,,500.00,Feet,West,DICKERSON PKE,,,,0.00,N,Not at Intersection,N,Non-Junction,None,,,         ,Kaleigh,Pearce,Clear,Not Collision with Motor Vehicle in Transport,no,no,no,no,no,False
102558495,GOODLETTSVILLE POLICE DEPT,19-41296,Davidson,Goodlettsville,11/5/2019 12:00:00 AM,1,0,0,36.296610,-86.705230,GLANCY ST,,,,5.00,Feet,South,GLANCY ST,,,,0.00,,Not at Intersection,N,Non-Junction,None,,,         ,Wesley,Kinnaird,Clear,Not Collision with Motor Vehicle in Transport,no,no,no,no,yes,False
102558505,METROPOLITAN NASHVILLE POLICE DEPT,20190804282,Davidson,Nashville,11/5/2019 4:25:00 AM,2,0,0,36.168940,-86.683470,LEBANON PKE,,,,49.00,Feet,East,THE CROSSINGS PVTDR,,,,0.00,N,Not at Intersection,N,Non-Junction,None,,,         ,Meghan,Pope,Clear,"Sideswipe, Opposite Direction",no,no,no,no,yes,False
102558521,METROPOLITAN NASHVILLE POLICE DEPT,20190804327,Davidson,Nashville,11/5/2019 5:05:00 AM,2,0,0,36.157980,-86.772640,2ND AVS,,,,0.00,,,KOREAN VETERANS BLVD,,,,0.00,Y,Four-Way, ,Non-Junction,None,,,         ,Billy,Price,Clear,"Sideswipe, Same Direction",no,no,no,no,no,False
102558523,METROPOLITAN NASHVILLE POLICE DEPT,20190804347,Davidson,Not in City Limit,11/5/2019 5:24:00 AM,1,0,0,36.347800,-86.791920,GREER RD,,,,207.00,Feet,South,IVEY POINT RD,,,,0.00,N,Not at Intersection, ,,None,,,         ,Kaleigh,Pearce,,,no,no,no,no,no,False
102558525,METROPOLITAN NASHVILLE POLICE DEPT,20190804352,Davidson,Not in City Limit,11/5/2019 5:25:00 AM,1,0,0,36.373020,-86.892370,WHITES CREEK PKE,,,,295.00,Feet,North,RILEY ADCOCK RD,,,,0.00,N,Not at Intersection, ,Non-Junction,None,,,         ,John,Deiterick,Clear,Not Collision with Motor Vehicle in Transport,no,no,no,no,no,False
102558552,METROPOLITAN NASHVILLE POLICE DEPT,20190804499,Davidson,Nashville,11/5/2019 6:24:00 AM,2,0,0,36.226630,-86.597660,SAUNDERSVILLE RD,,,,118.00,Feet,South,WYNTERGRACE FARM RD,,,,0.00,N,Not at Intersection, ,Non-Junction,None,,,         ,Michael,Dance,Clear,Front to Rear,no,no,no,no,no,False
102558560,METROPOLITAN NASHVILLE POLICE DEPT,20190804500,Davidson,Not in City Limit,11/5/2019 6:59:00 AM,2,0,0,36.282600,-86.692090,MYATT DR,,,,270.00,Feet,North,MYATT BLVD,,,,0.00,N,Not at Intersection, ,Non-Junction,None,,,         ,Spencer,Pittman,Cloudy,Front to Rear,no,no,no,no,no,False
102558569,METROPOLITAN NASHVILLE POLICE DEPT,20190804501,Davidson,Antioch,11/5/2019 6:59:00 AM,2,0,0,36.009190,-86.622180,OCTOBER WOODS DR,,,,140.00,Feet,West,OLD HICKORY BLVD,,,,0.00,N,Not at Intersection, ,,None,,,         ,Jessie,Meadows,,,no,no,no,no,no,False
102558577,METROPOLITAN NASHVILLE POLICE DEPT,2019-0804688,Davidson,Nashville,11/5/2019 8:12:00 AM,2,0,0,36.227160,-86.603080,SHUTE LN,,,,308.00,Feet,North,SAUNDERSVILLE RD,,,,0.00,N,Not at Intersection, ,Non-Junction,None,,,         ,Calvin,Graham,Cloudy,Front to Rear,no,no,no,no,no,False
102558578,METROPOLITAN NASHVILLE POLICE DEPT,20190804511,Davidson,Nashville,11/5/2019 7:05:00 AM,2,1,0,36.078610,-86.745220,HARDING PL,,,,0.00,,,DANBY DR,,,,0.00,Y,Four-Way,N,Intersection,None,,,         ,Earl,Davis,Clear,Angle,no,no,no,no,no,False
102558594,METROPOLITAN NASHVILLE POLICE DEPT,20190787964,Davidson,Nashville,10/29/2019 6:29:00 AM,2,0,2,36.082080,-86.567030,HOBSON PKE,,,,0.80,Miles,North,LONDONVIEW PL,,,,0.00,N,Not at Intersection,N,Non-Junction,None,,,19-0869  ,Donald,Davidson,Clear,HeadOn,no,no,no,no,no,False
102558596,METROPOLITAN NASHVILLE POLICE DEPT,20190804569,Davidson,Madison,11/5/2019 7:20:00 AM,2,0,0,36.264210,-86.734380,OLD HICKORY BLVDW,,,,150.00,Feet,West,HEAD DR,,,,0.00,N,Not at Intersection, ,,None,,,         ,Mandi,Maska,,,no,no,no,no,no,False
102558597,METROPOLITAN NASHVILLE POLICE DEPT,20190804616,Davidson,Nashville,11/5/2019 7:35:00 AM,2,0,0,36.163830,-86.616440,I 40,,,,0.00,,,,,,,219.90,N,Not at Intersection, ,OtherLocation,None,,,         ,William,Mckay,Clear,"Sideswipe, Same Direction",no,no,no,no,no,False
102558598,METROPOLITAN NASHVILLE POLICE DEPT,20190804728,Davidson,Nashville,11/5/2019 8:03:00 AM,2,0,0,36.123390,-86.911660,CHARLOTTE PKE,,,,286.00,Feet,West,OLD CHARLOTTE PKE,,,,0.00,N,Not at Intersection, ,,None,,,         ,Jack,Crouch,,,no,no,no,no,no,False
102558627,METROPOLITAN NASHVILLE POLICE DEPT,20190804744,Davidson,Nashville,11/5/2019 8:20:00 AM,2,0,0,36.130020,-86.727330,I24E,,,,0.00,,,I440 W ENT RAMP,,,,0.00,Y,Y-Intersection, ,Entrance/Exit Ramp Related,None,,,         ,Garrett,Latham,Clear,Front to Rear,no,no,no,no,no,False
102558632,METROPOLITAN NASHVILLE POLICE DEPT,20190804528,Davidson,Nashville,11/5/2019 7:10:00 AM,2,0,0,36.143480,-86.722490,SPENCE LN,,,,175.00,Feet,South,ELM HILL PKE,,,,0.00,N,Not at Intersection, ,Non-Junction,None,,,         ,Michael,Dance,Clear,"Sideswipe, Same Direction",no,no,no,no,no,False
102558633,METROPOLITAN NASHVILLE POLICE DEPT,20190804731,Davidson,Antioch,11/5/2019 8:26:00 AM,2,1,0,36.047840,-86.612050,MURFREESBORO PKE,,,,1284.00,Feet,North,MOUNTAIN SPRINGS RD,,,,0.00,N,Not at Intersection,N,Non-Junction,None,,,         ,Jessie,Meadows,Clear,Angle,no,no,no,no,no,False
102558640,METROPOLITAN NASHVILLE POLICE DEPT,20190804664,Davidson,Nashville,11/5/2019 7:45:00 AM,2,0,0,36.184400,-86.798100,ROSA L PARKS BLVD,,,,132.00,Feet,South,I65 N ENT RAMP,,,,0.00,N,Not at Intersection,N,Non-Junction,None,,,         ,Ernie,Wilson,Clear,Front to Rear,no,no,no,no,no,False
102558646,METROPOLITAN NASHVILLE POLICE DEPT,20190804914,Davidson,Nashville,11/5/2019 9:40:00 AM,2,0,0,36.183650,-86.610660,OLD HICKORY BLVD,,,,0.00,,,ANDREW JACKSON PKWY,,,,0.00,Y,Four-Way, ,Intersection-Related,None,,,         ,William,Mckay,Clear,"Sideswipe, Same Direction",no,no,no,no,no,False
102558648,METROPOLITAN NASHVILLE POLICE DEPT,20190804754,Davidson,Nashville,11/5/2019 8:32:00 AM,3,1,0,36.144380,-86.739030,I 40,,,,0.00,,,,,,,212.35,N,Not at Intersection,N,Non-Junction,None,,,         ,Michael,Dance,Clear,Front to Rear,no,no,no,no,no,False
102558677,METROPOLITAN NASHVILLE POLICE DEPT,20190804858,Davidson,Nashville,11/5/2019 8:50:00 AM,2,0,0,36.069280,-86.687480,I24 W EXT RAMP,,,,0.00,Feet,East,I 24,,,,0.00,N,Not at Intersection, ,Non-Junction,None,,,         ,Jessie,Meadows,Clear,Front to Rear,no,no,no,no,no,False
102558678,METROPOLITAN NASHVILLE POLICE DEPT,20190805091,Davidson,Nashville,11/5/2019 10:18:00 AM,2,0,0,36.151150,-86.750590,I 40,,,,0.00,,,,,,,211.55,N,Not at Intersection,N,Non-Junction,None,,,         ,Michael,Dance,Cloudy,Front to Rear,no,no,no,no,yes,False
102558689,METROPOLITAN NASHVILLE POLICE DEPT,20190804922,Davidson,Not in City Limit,11/5/2019 9:47:00 AM,2,1,0,36.078960,-86.945810,BELLEVUE CTR PVTDR,,,,0.00,Feet,East,SAWYER BROWN RD,,,,0.00,N,Not at Intersection,N,Non-Junction,None,,,         ,Douglas,Atwood,Clear,Angle,no,no,no,yes,no,False
102558692,METROPOLITAN NASHVILLE POLICE DEPT,20190804661,Davidson,Nashville,11/5/2019 7:58:00 AM,2,0,0,36.068620,-86.843670,HILLSBORO PKE,,,,237.00,Feet,North,OTTER CREEK RD,,,,0.00,N,Not at Intersection,N,Non-Junction,None,,,         ,Raymond,Flaherty,Clear,Front to Rear,no,no,no,no,no,False
102558693,METROPOLITAN NASHVILLE POLICE DEPT,20190804575,Davidson,Not in City Limit,11/5/2019 6:40:00 AM,2,1,0,36.318370,-86.842350,I 24,,,,0.00,,,,,,,36.60,N,Not at Intersection,N,Non-Junction,None,,,         ,Jeanine,Sarno,Clear,Front to Rear,no,no,no,no,no,False
102558694,METROPOLITAN NASHVILLE POLICE DEPT,20190804813,Davidson,Not in City Limit,11/5/2019 8:45:00 AM,1,0,0,36.348040,-86.875950,WHITES CREEK PKE,,,,523.00,Feet,North,GREENBRIER RD,,,,0.00,N,Not at Intersection,N,Non-Junction,None,,,         ,Jeanine,Sarno,Clear,Not Collision with Motor Vehicle in Transport,no,no,no,no,no,False
102558696,METROPOLITAN NASHVILLE POLICE DEPT,20190804595,Davidson,Nashville,11/5/2019 7:18:00 AM,3,0,0,36.080430,-86.750230,HARDING PL,,,,450.00,Feet,East,WAUFORD DR,,,,0.00,N,Not at Intersection,N,Non-Junction,None,,,         ,Earl,Davis,Clear,Front to Rear,no,no,no,no,no,False
102558700,METROPOLITAN NASHVILLE POLICE DEPT,20190804478,Davidson,Nashville,11/5/2019 6:48:00 AM,2,1,0,36.192310,-86.753060,ELLINGTON PKWYS,,,,153.00,Feet,North,ELLINGTON PKWY S ENT RAMP,,,,0.00,N,Not at Intersection, ,Non-Junction,None,,,         ,Russell,Freeman,Cloudy,Front to Rear,no,no,no,no,no,False
102558703,METROPOLITAN NASHVILLE POLICE DEPT,20190804657,Davidson,Nashville,11/5/2019 7:37:00 AM,2,0,0,36.138980,-86.775870,I 65,,,,0.00,,,,,,,81.75,N,Not at Intersection,N,Non-Junction,None,,,         ,Earl,Davis,Clear,"Sideswipe, Same Direction",no,no,no,no,no,False
102558707,METROPOLITAN NASHVILLE POLICE DEPT,20190804817,Davidson,Nashville,11/5/2019 8:55:00 AM,2,0,0,36.140270,-86.722120,I 40,,,,0.00,,,,,,,213.50,N,Not at Intersection,N,Non-Junction,None,,,         ,Terry,Denton,Cloudy,Angle,no,no,no,no,no,False
102558716,METROPOLITAN NASHVILLE POLICE DEPT,20190804916,Davidson,Old Hickory,11/5/2019 12:00:00 AM,2,0,0,36.261910,-86.652980,9TH ST,,,,139.00,Feet,East,LIVINGSTON ST,,,,0.00,N,Not at Intersection, ,Non-Junction,None,,,         ,Amanda,Topping,Clear,Angle,no,no,no,no,no,False
102558723,METROPOLITAN NASHVILLE POLICE DEPT,2019-0805161,Davidson,Madison,11/5/2019 11:35:00 AM,3,0,0,36.248280,-86.724450,DUE WEST AVW,,,,76.00,Feet,East,FREDA VILLA,,,,0.00,N,Not at Intersection, ,Non-Junction,None,,,         ,Travis,Baxter,Clear,Front to Rear,no,no,no,no,no,False
102558729,VANDERBILT UNIVERSITY POLICE,20190802534,Davidson,Nashville,11/4/2019 11:30:00 AM,2,0,0,36.142160,-86.800800,MEDICAL CENTER DR,,,,0.00,,,,,,,0.00,,, ,,None,,,         ,Eugene,Kessler,,,no,no,no,yes,no,Campus
102558745,METROPOLITAN NASHVILLE POLICE DEPT,20190805260,Davidson,Nashville,11/5/2019 12:21:00 PM,2,0,0,36.151760,-86.677790,ELM HILL PKE,,,,233.00,Feet,West,EMERY DR,,,,0.00,N,Not at Intersection, ,Non-Junction,None,,,         ,Michael,Dance,Clear,"Sideswipe, Same Direction",no,no,no,no,no,False
102558758,METROPOLITAN NASHVILLE POLICE DEPT,20190805231,Davidson,Nashville,11/5/2019 12:05:00 PM,3,1,0,36.151030,-86.854280,CHARLOTTE AV,,,,42.00,Feet,East,CHARLOTTE PKE,,,,0.00,N,Not at Intersection,N,Non-Junction,None,,,         ,Benjamin,Cantrell,Clear,Front to Rear,no,no,no,no,no,False
102558759,METROPOLITAN NASHVILLE POLICE DEPT,20190805017,Davidson,Nashville,11/5/2019 8:33:00 AM,4,1,0,36.155090,-86.711900,LEBANON PKE,,,,189.00,Feet,East,CLOVERNOOK DR,,,,0.00,N,Not at Intersection,N,Non-Junction,None,,,         ,MIchael,Mihajlov,Clear,Front to Rear,no,no,no,no,no,False
102558762,TENNESSEE STATE UNIVERSITY ,19-TSU-49654,Davidson,Nashville,11/5/2019 9:35:00 AM,2,0,0,36.170320,-86.823000,SCHRADER LN,,,,0.00,,,SCHRADER ACRES DR,,,,0.00,Y,OTHER, ,Non-Junction,None,,,         ,Harold,Taylor,Clear,Front to Rear,no,no,no,yes,no,False
102558796,METROPOLITAN NASHVILLE POLICE DEPT,20190805219,Davidson,Nashville,11/5/2019 12:02:00 PM,2,0,0,36.151070,-86.784340,DIVISION ST,,,,0.00,,,12TH AVS,,,,0.00,Y,Four-Way, ,,None,,,         ,Bianca,Crawford,,,no,no,no,no,no,False
102558830,METROPOLITAN NASHVILLE POLICE DEPT,20190804899,Davidson,Nashville,11/5/2019 9:35:00 AM,4,1,0,36.153200,-86.787380,I40 W EXT RAMP,,,,0.00,Feet,East,I 40,,,,0.00,N,Not at Intersection,N,Non-Junction,None,,,         ,Shedie,Herbert III,Cloudy,"Sideswipe, Same Direction",no,no,no,no,no,False
102558838,METROPOLITAN NASHVILLE POLICE DEPT,20190805369,Davidson,Nashville,11/5/2019 1:05:00 PM,2,1,0,36.177560,-86.749950,N 11TH ST,,,,0.00,,,WOODLAND ST,,,,0.00,Y,Five Point Or More, ,Intersection,None,,,         ,Russell,Freeman,Clear,Angle,no,no,no,no,no,False
102558848,METROPOLITAN NASHVILLE POLICE DEPT,20190805414,Davidson,Nashville,11/5/2019 1:25:00 PM,2,1,0,36.116710,-86.923250,CHARLOTTE PKE,,,,0.00,,,OLD HICKORY BLVD,,,,0.00,Y,Four-Way,N,Intersection-Related,None,,,         ,Douglas,Atwood,Clear,Front to Rear,no,no,no,no,no,False
102558864,METROPOLITAN NASHVILLE POLICE DEPT,20190805393,Davidson,Nashville,11/5/2019 1:10:00 PM,2,0,0,36.203290,-86.769200,DICKERSON PKE,,,,965.00,Feet,South,E TRINITY LN,,,,0.00,N,Not at Intersection, ,Non-Junction,None,,,         ,Dillon,Hunt,Clear,Front to Rear,no,no,no,no,no,False
102558867,METROPOLITAN NASHVILLE POLICE DEPT,20190805487,Davidson,Nashville,11/5/2019 1:45:00 PM,2,0,0,36.136070,-86.792580,WEDGEWOOD AV,,,,190.00,Feet,West,15TH AVS,,,,0.00,N,Not at Intersection, ,Non-Junction,None,,,         ,Earl,Davis,Clear,"Sideswipe, Same Direction",no,no,no,no,no,False
102558895,METROPOLITAN NASHVILLE POLICE DEPT,20190805312,Davidson,Nashville,11/5/2019 12:45:00 PM,2,0,0,36.069650,-86.694480,HAYWOOD LN,,,,169.00,Feet,West,EZELL RD,,,,0.00,N,Not at Intersection,N,Non-Junction,None,,,         ,Jessie,Meadows,Clear,Front to Rear,no,no,no,no,yes,False
102558947,METROPOLITAN NASHVILLE POLICE DEPT,20190805519,Davidson,Nashville,11/5/2019 2:16:00 PM,2,1,0,36.065230,-86.675780,REEVES RD,,,,0.00,,,GOODWIN RD,,,,0.00,Y,T-Intersection,Y,Intersection,None,,,         ,Theodore,Flick,Clear,Front to Rear,no,no,no,no,no,False
102558968,METROPOLITAN NASHVILLE POLICE DEPT,20190805526,Davidson,Old Hickory,11/5/2019 2:21:00 PM,2,1,0,36.257910,-86.656850,MARTINGALE DR,,,,0.00,,,ROBINSON RD,,,,0.00,Y,Four-Way,N,Intersection,None,,,         ,Thomas,Odom,Clear,Angle,no,no,no,no,no,False
102558971,METROPOLITAN NASHVILLE POLICE DEPT,20190805415,Davidson,Nashville,11/5/2019 1:20:00 PM,2,0,0,36.043020,-86.655310,I 24,,,,0.00,,,,,,,59.65,N,Not at Intersection,N,Non-Junction,None,,,         ,Jessie,Meadows,Clear,"Sideswipe, Same Direction",no,no,no,no,no,False
102558981,METROPOLITAN NASHVILLE POLICE DEPT,20190805516,Davidson,Nashville,11/5/2019 2:13:00 PM,2,0,0,36.045180,-86.713240,NOLENSVILLE PKE,,,,66.00,Feet,South,OLD HICKORY BLVD,,,,0.00,N,Not at Intersection, ,,None,,,         ,Patrick,Martin,,,no,no,no,no,no,False
102558985,METROPOLITAN NASHVILLE POLICE DEPT,20190805588,Davidson,Nashville,11/5/2019 1:15:00 PM,2,0,0,36.229560,-86.730500,BROADMOOR DR,,,,0.00,,,GRINSTEAD PL,,,,0.00,Y,T-Intersection,Y,Intersection,None,,,         ,Trevor,Jones,Clear,Angle,no,no,no,no,yes,False
102558986,METROPOLITAN NASHVILLE POLICE DEPT,20190805657,Davidson,Nashville,11/5/2019 2:36:00 PM,2,0,0,36.130390,-86.801960,21ST AVS,,,,0.00,,,BLAIR BLVD,,,,0.00,Y,Four-Way, ,,None,,,         ,FELIKS,ABRAHAMYAN,,,no,no,no,no,no,False
102558998,METROPOLITAN NASHVILLE POLICE DEPT,20190805531,Davidson,Nashville,11/5/2019 2:20:00 PM,3,1,0,36.163070,-86.761880,I 24,,,,0.00,,,,,,,49.25,N,Not at Intersection,N,Non-Junction,None,,,         ,Shedie,Herbert III,Clear,Front to Rear,no,no,no,no,no,False
102558999,METROPOLITAN NASHVILLE POLICE DEPT,20190805681,Davidson,Nashville,11/5/2019 3:34:00 PM,2,0,0,36.173270,-86.764190,MAIN ST,,,,84.00,Feet,West,YEAMAN PL,,,,0.00,N,Not at Intersection,N,Non-Junction,None,,,         ,Amanda,Fox,Clear,Front to Rear,no,no,no,no,yes,False
102559004,METROPOLITAN NASHVILLE POLICE DEPT,20190805703,Davidson,Nashville,11/5/2019 3:40:00 PM,2,0,0,36.153860,-86.774140,5TH AVS,,,,100.00,Feet,South,LEA AV,,,,0.00,N,Not at Intersection, ,Non-Junction,None,,,         ,Derek,Betty,Clear,Angle,no,no,no,no,no,False
102559007,METROPOLITAN NASHVILLE POLICE DEPT,20190805667,Davidson,Not in City Limit,11/5/2019 3:19:00 PM,1,0,0,36.099270,-86.935360,I 40,,,,0.00,,,,,,,198.10,N,Not at Intersection, ,,None,,,         ,James,Wells Jr.,,,no,no,no,no,no,False