master_record_number,agency,agency_tracking_number,county,city,collision_date,vehicles_involved,number_injured,number_dead,latitude,longitude,roadway_name,roadway_suffix,roadway_number,roadway_local_id,distance_from_reference,miles-feet_indicator,direction_from_reference,intersection_road_name,intersection_road_name_suffix,intersection_road_number,intersection_local_id,mile_marker,intersection_indicator,intersect_type,interchange_related_indicator,relation_to_junction,work_zone_type,construction_maintenance_zone,construction_maintenance_zone_location,fatal_case_number,officer_first_name,officer_last_name,weather_condition(s),manner_of_crash,pedestrian,bicycle,scooter,parking,hitrun,mou
102559680,METROPOLITAN NASHVILLE POLICE DEPT,20190807501,Davidson,Nashville,11/6/2019 9:04:00 AM,3,1,0,36.059100,-86.716170,TUSCULUM RD,,,,0.00,,,US HWY 31 ALT,,,,0.00,Y,Four-Way,N,Intersection,None,,,         ,Stanley,Collins,Clear,Angle,no,no,no,no,no,False
102559695,METROPOLITAN NASHVILLE POLICE DEPT,20190807530,Davidson,Goodlettsville,11/6/2019 9:14:00 AM,3,2,0,36.302750,-86.691850,RIVERGATE MARKETPLACE PVTDR,,,,0.00,,,GALLATIN PKEN,,,,0.00,Y,Four-Way,Y,Intersection,None,,,         ,Brandon,Bilbrey,Clear,Front to Rear,no,no,no,no,yes,False
102559697,METROPOLITAN NASHVILLE POLICE DEPT,2019 0807693,Davidson,Nashville,11/6/2019 10:15:00 AM,2,1,0,36.101240,-86.818410,HILLSBORO PKE,,,,144.00,Feet,North,OVERHILL DR,,,,0.00,N,Not at Intersection,N,Non-Junction,None,,,         ,Paul,Junkmann,Clear,Front to Rear,no,no,no,no,no,False
102559705,METROPOLITAN NASHVILLE POLICE DEPT,20190807316,Davidson,Nashville,11/6/2019 7:30:00 AM,2,0,0,36.177940,-86.764200,SPRING ST ENT RAMP,,,,0.00,,,ELLINGTON PKWYS,,,,0.00,Y,Y-Intersection, ,Entrance/Exit Ramp Related,None,,,         ,Russell,Freeman,Clear,Front to Rear,no,no,no,no,no,False
102559706,METROPOLITAN NASHVILLE POLICE DEPT,20190807496,Davidson,Nashville,11/6/2019 9:05:00 AM,2,1,0,36.160990,-86.758460,S 5TH ST,,,,0.00,,,DAVIDSON ST,,,,0.00,Y,T-Intersection,N,Intersection,None,,,         ,Russell,Freeman,Clear,Angle,no,no,no,no,no,False
102559708,METROPOLITAN NASHVILLE POLICE DEPT,20190807276,Davidson,Nashville,11/6/2019 7:10:00 AM,2,0,0,36.043870,-86.713100,NOLENSVILLE PKE,,,,135.00,Feet,South,BRENTWOOD EAST DR,,,,0.00,N,Not at Intersection, ,Non-Junction,None,,,         ,Jessie,Meadows,Clear,Angle,no,no,no,no,no,False
102559709,METROPOLITAN NASHVILLE POLICE DEPT,20190807319,Davidson,Nashville,11/6/2019 7:34:00 AM,4,0,0,36.133930,-86.726920,I24E,,,,53.00,Feet,East,I24 W EXT RAMP,,,,0.00,N,Not at Intersection,N,Non-Junction,None,,,         ,Jessie,Meadows,Clear,"Sideswipe, Same Direction",no,no,no,no,yes,False
102559719,METROPOLITAN NASHVILLE POLICE DEPT,20190807331,Davidson,Nashville,11/6/2019 7:39:00 AM,2,0,0,36.110240,-86.737610,THOMPSON LN,,,,211.00,Feet,East,ST EDWARDS DR,,,,0.00,N,Not at Intersection,N,Non-Junction,None,,,         ,Nopel,Stella,Clear,HeadOn,no,no,no,no,no,False
102559721,METROPOLITAN NASHVILLE POLICE DEPT,20190807766,Davidson,Nashville,11/6/2019 11:11:00 AM,2,0,0,36.143990,-86.736560,ELM HILL PKE,,,,400.00,Feet,East,TWIN ELMS CT,,,,0.00,N,Not at Intersection, ,Non-Junction,None,,,         ,Thomas,Odom,Clear,Angle,no,no,no,no,no,False
102559723,METROPOLITAN NASHVILLE POLICE DEPT,20190807669,Davidson,Nashville,11/6/2019 10:26:00 AM,2,0,0,36.041970,-86.833760,OLD HICKORY BLVD,,,,0.00,,,ST REGIS CT,,,,0.00,Y,T-Intersection,N,Intersection,None,,,         ,Earl,Davis,Clear,Front to Rear,no,no,no,no,no,False
102559727,METROPOLITAN NASHVILLE POLICE DEPT,20190801745,Davidson,Nashville,11/4/2019 5:34:00 AM,1,0,1,36.124350,-86.703760,KERMIT DR,,,,209.00,Feet,North,VULTEE BLVD,,,,0.00,N,Not at Intersection,N,OtherLocation,None,,,19-0887  ,Donald,Davidson,Clear,Not Collision with Motor Vehicle in Transport,no,no,no,no,no,False
102559740,METROPOLITAN NASHVILLE POLICE DEPT,20190807391,Davidson,Antioch,11/6/2019 7:15:00 AM,2,0,0,36.047840,-86.612050,MURFREESBORO PKE,,,,1284.00,Feet,North,MOUNTAIN SPRINGS RD,,,,0.00,N,Not at Intersection, ,Non-Junction,None,,,         ,Jessie,Meadows,Clear,Front to Rear,no,no,no,no,no,False
102559759,METROPOLITAN NASHVILLE POLICE DEPT,20190807808,Davidson,Nashville,11/6/2019 10:55:00 AM,2,1,0,36.103390,-86.838260,ESTES RD,,,,133.00,Feet,North,HOBBS RD,,,,0.00,N,Not at Intersection,N,Non-Junction,None,,,         ,Brian,Myatt,Clear,Angle,no,no,no,no,no,False
102559768,METROPOLITAN NASHVILLE POLICE DEPT,20190807924,Davidson,Nashville,11/6/2019 12:24:00 PM,1,0,0,36.157810,-86.637310,STEWARTS FERRY PKE,,,,434.00,Feet,West,CLOVERWOOD DR,,,,0.00,N,Not at Intersection,N,Non-Junction,None,,,         ,Michael,Dance,Clear,Not Collision with Motor Vehicle in Transport,no,no,no,no,no,False
102559770,METROPOLITAN NASHVILLE POLICE DEPT,2019 0807963,Davidson,Nashville,11/6/2019 11:00:00 AM,1,0,0,36.127440,-86.844070,HARDING PKE,,,,73.00,Feet,West,WOODLAWN DR,,,,0.00,N,Not at Intersection, ,Non-Junction,None,,,         ,Paul,Junkmann,Clear,Not Collision with Motor Vehicle in Transport,no,no,no,no,no,False
102559796,METROPOLITAN NASHVILLE POLICE DEPT,20190807992,Davidson,Nashville,11/6/2019 12:57:00 PM,2,0,0,36.134130,-86.776390,WEDGEWOOD AV,,,,0.00,,,I65 S EXT RAMP,,,,0.00,Y,OTHER,Y,Intersection,None,,,         ,Earl,Davis,Clear,Angle,no,no,no,no,no,False
102559817,METROPOLITAN NASHVILLE POLICE DEPT,20190807489,Davidson,Nashville,11/6/2019 8:56:00 AM,2,6,0,36.090120,-86.703120,I 24,,,,0.00,,,,,,,55.40,N,Not at Intersection,N,Non-Junction,None,,,         ,Jessie,Meadows,Clear,Front to Rear,no,no,no,no,no,False
102559821,METROPOLITAN NASHVILLE POLICE DEPT,20190807535,Davidson,Not in City Limit,11/6/2019 9:24:00 AM,1,1,0,36.316020,-86.833990,I 24,,,,0.00,,,,,,,37.10,N,Not at Intersection,N,Non-Junction,None,,,         ,Jeanine,Sarno,Clear,Not Collision with Motor Vehicle in Transport,no,no,no,no,no,False
102559826,METROPOLITAN NASHVILLE POLICE DEPT,20190808009,Davidson,Nashville,11/6/2019 12:31:00 PM,2,0,0,36.160750,-86.793720,CHARLOTTE AV,,,,0.00,,,14TH AVN,,,,0.00,Y,Four-Way, ,Intersection-Related,None,,,         ,Royce,McLester,Clear,"Sideswipe, Same Direction",no,no,no,no,no,False
102559827,METROPOLITAN NASHVILLE POLICE DEPT,20190807219,Davidson,Nashville,11/6/2019 6:42:00 AM,2,0,0,36.246440,-86.744950,I65 S EXT RAMP,,,,0.00,Feet,East,I 65,,,,0.00,N,Not at Intersection, ,Entrance/Exit Ramp Related,None,,,         ,Jacob,Robbins,Clear,"Sideswipe, Same Direction",no,no,no,no,no,False
102559828,METROPOLITAN NASHVILLE POLICE DEPT,20190807915,Davidson,Nashville,11/6/2019 12:20:00 PM,2,0,0,36.182090,-86.749090,GALLATIN AV,,,,0.00,,,MAXWELL AV,,,,0.00,Y,T-Intersection, ,Intersection-Related,None,,,         ,Russell,Freeman,Clear,Front to Rear,no,no,no,no,no,False
102559829,METROPOLITAN NASHVILLE POLICE DEPT,20190807998,Davidson,Madison,11/6/2019 1:00:00 PM,2,0,0,36.265910,-86.756870,US HWY 31W,,,,367.00,Feet,South,US HWY 31W,,,,0.00,N,Not at Intersection,N,Non-Junction,None,,,         ,Brian,Sherman,Clear,"Sideswipe, Same Direction",no,no,no,no,no,False
102559833,METROPOLITAN NASHVILLE POLICE DEPT,20190808018,Davidson,Nashville,11/6/2019 1:04:00 PM,2,0,0,36.241960,-86.757080,DICKERSON PKE,,,,0.00,,,DICKERSON PKE ENT RAMP,,,,0.00,Y,OTHER, ,Entrance/Exit Ramp Related,None,,,         ,Eric,Richardson,Clear,Front to Rear,no,no,no,no,no,False
102559839,METROPOLITAN NASHVILLE POLICE DEPT,20190808040,Davidson,Nashville,11/6/2019 1:19:00 PM,2,2,0,36.079430,-86.726820,HARDING PL,,,,100.00,Feet,West,NOLENSVILLE PKE,,,,0.00,N,Not at Intersection,N,Non-Junction,None,,,         ,Earl,Davis,Clear,Front to Rear,no,no,no,no,no,False
102559841,METROPOLITAN NASHVILLE POLICE DEPT,20190808004,Davidson,Nashville,11/6/2019 12:59:00 PM,2,2,0,36.040910,-86.779380,FRANKLIN PIKE CIR,,,,3.00,Feet,North,OLD HICKORY BLVD,,,,0.00,N,Not at Intersection,Y,OtherLocation,None,,,         ,Devin,Mabry,Clear,Other,no,no,no,no,no,False
102559860,TENNESSEE STATE UNIVERSITY ,19-TSU-49819,Davidson,Nashville,11/6/2019 10:30:00 AM,2,0,0,36.169680,-86.821300,W HEIMAN ST,,,,0.00,,,ED TEMPLE BLVD,,,,0.00,Y,OTHER, ,Non-Junction,None,,,         ,Harold,Taylor,Clear,Angle,no,no,no,yes,no,False
102559862,METROPOLITAN NASHVILLE POLICE DEPT,20190807900,Davidson,Nashville,11/6/2019 12:14:00 PM,2,0,0,36.110900,-86.744660,THOMPSON LN,,,,164.00,Feet,East,NOLENSVILLE PKE,,,,0.00,N,Not at Intersection, ,Non-Junction,None,,,         ,Jessie,Meadows,Clear,Front to Rear,no,no,no,no,no,False
102559882,METROPOLITAN NASHVILLE POLICE DEPT,20190808123,Davidson,Nashville,11/6/2019 1:45:00 PM,1,0,0,36.144100,-86.889370,ANNEX AV,,,,27.00,Feet,North,CLEECES FERRY RD,,,,0.00,N,Not at Intersection,N,Non-Junction,None,,,         ,Benjamin,Cantrell,Clear,Not Collision with Motor Vehicle in Transport,no,no,no,no,no,False
102559937,METROPOLITAN NASHVILLE POLICE DEPT,20190808224,Davidson,Nashville,11/6/2019 2:59:00 PM,2,0,0,36.157320,-86.802720,CHARLOTTE AV,,,,1.00,Feet,West,JO JOHNSTON AV,,,,0.00,N,Not at Intersection, ,Non-Junction,None,,,         ,Ryan,Coll,Clear,Front to Rear,no,no,no,no,no,False
102559943,METROPOLITAN NASHVILLE POLICE DEPT,20190808231,Davidson,Nashville,11/6/2019 3:03:00 PM,2,0,0,36.124240,-86.806330,HILLSBORO PKE,,,,0.00,,,I440 W ENT RAMP,,,,0.00,Y,OTHER, ,Intersection,Construction Zone,,,         ,Douglas,Sykes,Clear,"Sideswipe, Same Direction",no,no,no,no,no,False
102559945,METROPOLITAN NASHVILLE POLICE DEPT,20190808192,Davidson,Nashville,11/6/2019 1:45:00 PM,2,0,0,36.086870,-86.776940,BATTERY LN,,,,275.00,Feet,East,CHURCHWOOD DR,,,,0.00,N,Not at Intersection, ,,None,,,         ,FELIKS,ABRAHAMYAN,,,no,no,no,no,no,False
102559953,METROPOLITAN NASHVILLE POLICE DEPT,20190808245,Davidson,Nashville,11/6/2019 2:29:00 PM,2,0,0,36.123280,-86.807910,I 440,,,,0.00,,,,,,,2.60,N,Not at Intersection, ,Non-Junction,Construction Zone,,,         ,Sekou,Samassi,Clear,Front to Rear,no,no,no,no,no,False
102559954,METROPOLITAN NASHVILLE POLICE DEPT,20190808175,Davidson,Nashville,11/6/2019 2:27:00 PM,2,1,0,36.097200,-86.875890,HARDING PKE,,,,0.00,,,OLD HARDING PKE,,,,0.00,Y,T-Intersection,N,Intersection-Related,None,,,         ,James,Wells Jr.,Cloudy,Front to Rear,no,no,no,no,no,False
102559965,METROPOLITAN NASHVILLE POLICE DEPT,20190808340,Davidson,Nashville,11/6/2019 4:04:00 PM,2,0,0,36.112720,-86.723650,I 24,,,,0.00,,,,,,,53.45,N,Not at Intersection, ,Non-Junction,None,,,         ,Ryan,Sherry,Clear,Front to Rear,no,no,no,no,no,False
102559969,METROPOLITAN NASHVILLE POLICE DEPT,20190808239,Davidson,Nashville,11/6/2019 3:14:00 PM,2,0,0,36.070030,-86.698800,HAYWOOD LN,,,,0.00,,,EAST RIDGE DR,,,,0.00,Y,Four-Way,N,Intersection,None,,,         ,Patrick,Martin,Clear,Front to Rear,no,no,no,no,no,False
102559980,METROPOLITAN NASHVILLE POLICE DEPT,20190808174,Davidson,Nashville,11/6/2019 2:18:00 PM,2,0,0,36.055860,-86.713280,APRIL LN,,,,550.00,Feet,South,RAYWOOD LN,,,,0.00,N,Not at Intersection,N,Non-Junction,None,,,         ,Andrew,Brazee,Clear,Front to Rear,no,no,no,no,yes,False
102559982,METROPOLITAN NASHVILLE POLICE DEPT,20190808344,Davidson,Nashville,11/6/2019 12:00:00 AM,2,0,0,36.238190,-86.770940,CRISLYNNDALE DR,,,,343.00,Feet,East,SPEARS RD,,,,0.00,N,Not at Intersection,N,Non-Junction,None,,,         ,Bradley,Fort,Unknown,Unknown,no,no,no,no,yes,False
102560001,TENNESSEE STATE UNIVERSITY ,19-TSU-49891,Davidson,Nashville,11/6/2019 3:17:00 PM,2,0,0,36.164630,-86.827180,ALAMEDA ST,,,,237.00,Feet,West,33RD AVN,,,,0.00,N,Not at Intersection, ,Non-Junction,None,,,         ,Bruce,Baghai,Clear,Other,no,no,no,yes,no,False
102560004,METROPOLITAN NASHVILLE POLICE DEPT,20190808288,Davidson,Nashville,11/6/2019 3:40:00 PM,4,0,0,36.114960,-86.821370,WOODMONT BLVD,,,,55.00,Feet,West,ECHO HILL RD,,,,0.00,N,Not at Intersection,N,Non-Junction,None,,,         ,Melissa,Lomax,Clear,"Sideswipe, Opposite Direction",no,no,no,no,no,False
102560015,METROPOLITAN NASHVILLE POLICE DEPT,20190808345,Davidson,Nashville,11/6/2019 4:10:00 PM,2,4,0,36.101200,-86.735020,ANTIOCH PKE,,,,23.00,Feet,South,WINGATE AV,,,,0.00,N,Not at Intersection,N,Non-Junction,None,,,         ,Jesse,Cox,Cloudy,Angle,no,no,no,no,no,False
102560018,METROPOLITAN NASHVILLE POLICE DEPT,20190808453,Davidson,Nashville,11/6/2019 5:07:00 PM,2,0,0,36.155680,-86.789740,I40 E EXT RAMP,,,,0.00,,,BROADWAY,,,,0.00,Y,Y-Intersection, ,,None,,,         ,FELIKS,ABRAHAMYAN,,,no,no,no,no,no,False
102560021,METROPOLITAN NASHVILLE POLICE DEPT,20190808512,Davidson,Nashville,11/6/2019 5:15:00 PM,2,0,0,36.041740,-86.652560,I 24,,,,0.00,,,,,,,59.85,N,Not at Intersection,N,Non-Junction,None,,,         ,Jesse,Cox,Clear,Front to Rear,no,no,no,no,no,False
102560024,METROPOLITAN NASHVILLE POLICE DEPT,20190808513,Davidson,Nashville,11/6/2019 5:15:00 PM,2,0,0,36.125100,-86.845780,KENNER AV,,,,329.00,Feet,North,RIDGEFIELD DR,,,,0.00,N,Not at Intersection, ,"Driveway, Alley Access, etc",None,,,         ,Ryan,Allen,Clear,Angle,no,no,no,no,no,False
102560025,METROPOLITAN NASHVILLE POLICE DEPT,20190808416,Davidson,Nashville,11/6/2019 4:49:00 PM,2,0,0,36.176910,-86.776000,SPRING ST,,,,55.00,Feet,East,COWAN ST,,,,0.00,N,Not at Intersection, ,,None,,,         ,Roy,Sain Jr.,,,no,no,no,no,no,False
102560028,VANDERBILT UNIVERSITY POLICE,20190808433,Davidson,Nashville,11/6/2019 12:00:00 AM,2,0,0,36.142930,-86.805040,24TH AVS,,,,0.00,,,,,,,0.00,,, ,Non-Junction,None,,,         ,Alan,Reed,Cloudy,Rear to Side,no,no,no,yes,no,Campus
102560035,METROPOLITAN NASHVILLE POLICE DEPT,20190808538,Davidson,Nashville,11/6/2019 5:00:00 PM,2,0,0,36.124290,-86.696340,BRILEY PKWY,,,,0.00,,,VULTEE BLVD,,,,0.00,Y,Four-Way, ,Intersection,None,,,         ,Seth,Vaughn,Clear,Angle,no,no,no,no,no,False
102560044,METROPOLITAN NASHVILLE POLICE DEPT,20190808427,Davidson,Nashville,11/6/2019 4:59:00 PM,2,0,0,36.144460,-86.742170,ELM HILL PKE,,,,139.00,Feet,West,LANNIE BOSWELL AV,,,,0.00,N,Not at Intersection,N,Non-Junction,None,,,         ,Steven,Powers,Clear,Front to Rear,no,no,no,no,no,False
102560045,METROPOLITAN NASHVILLE POLICE DEPT,20190808506,Davidson,Nashville,11/6/2019 5:22:00 PM,2,0,0,36.110650,-86.715010,BRILEY PKWYS,,,,163.00,Feet,West,I24 W ENT RAMP,,,,0.00,N,Not at Intersection,N,Non-Junction,None,,,         ,Ryan,Sherry,Clear,Front to Rear,no,no,no,no,no,False
102560070,METROPOLITAN NASHVILLE POLICE DEPT,20190808254,Davidson,Nashville,11/6/2019 3:20:00 PM,2,0,0,36.107700,-86.647160,REYNOLDS RD,,,,2540.00,Feet,South,COUCHVILLE PKE,,,,0.00,N,Not at Intersection,N,Non-Junction,None,,,         ,Brady,Reynolds,Cloudy,"Sideswipe, Opposite Direction",no,no,no,no,yes,False
102560081,METROPOLITAN NASHVILLE POLICE DEPT,20190808564,Davidson,Nashville,11/6/2019 6:00:00 PM,2,1,0,36.097740,-86.738480,NOLENSVILLE PKE,,,,0.00,Feet,East,VERITAS ST,,,,0.00,N,Not at Intersection,N,Non-Junction,None,,,         ,Ciarra,Rench,Clear,Angle,no,no,no,no,no,False
102560084,METROPOLITAN NASHVILLE POLICE DEPT,20190808568,Davidson,Not in City Limit,11/6/2019 5:25:00 PM,2,1,0,36.076920,-86.945200,SAWYER BROWN RD,,,,13.00,Feet,North,HIGHWAY 70S,,,,0.00,N,Not at Intersection,Y,Non-Junction,None,,,         ,James,Wells Jr.,Cloudy,Front to Rear,no,no,no,no,no,False
102560087,METROPOLITAN NASHVILLE POLICE DEPT,20190808611,Davidson,Nashville,11/6/2019 6:14:00 PM,4,1,0,36.155820,-86.795920,17TH AVN,,,,0.00,,,CHURCH ST,,,,0.00,Y,OTHER, ,Intersection,None,,,         ,Douglas,Sykes,Clear,Front to Rear,no,no,no,no,no,False
102560089,METROPOLITAN NASHVILLE POLICE DEPT,20190808574,Davidson,Nashville,11/6/2019 6:05:00 PM,2,1,0,36.160430,-86.818950,28TH AVN,,,,89.00,Feet,North,BOOKER ST,,,,0.00,N,Not at Intersection, ,Non-Junction,None,,,         ,William,Kautzman,Clear,Front to Rear,no,no,no,no,no,False
102560091,METROPOLITAN NASHVILLE POLICE DEPT,20190808627,Davidson,Nashville,11/6/2019 6:34:00 PM,1,0,0,36.172300,-86.606170,I40 W ENT RAMP,,,,0.00,Feet,East,I40 E EXT RAMP,,,,0.00,N,Not at Intersection,N,Entrance/Exit Ramp Related,None,,,         ,Luis,Pena,Cloudy,Not Collision with Motor Vehicle in Transport,no,no,no,no,no,False
102560093,METROPOLITAN NASHVILLE POLICE DEPT,20190808680,Davidson,Nashville,11/6/2019 4:25:00 PM,2,0,0,36.086910,-86.648680,NASHBORO BLVD,,,,0.00,,,MURFREESBORO PKE,,,,0.00,Y,Four-Way,N,Intersection,None,,,         ,Patrick,Martin,Clear,"Sideswipe, Same Direction",no,no,no,no,no,False
102560094,METROPOLITAN NASHVILLE POLICE DEPT,20190808652,Davidson,Not in City Limit,11/6/2019 5:02:00 PM,2,0,0,36.259730,-86.713100,GALLATIN PKES,,,,60.00,Feet,South,WOODRUFF ST,,,,0.00,N,Not at Intersection,N,Non-Junction,None,,,         ,Kevin,Crawford,Cloudy,Front to Rear,no,no,no,no,yes,False
102560097,METROPOLITAN NASHVILLE POLICE DEPT,20190808654,Davidson,Nashville,11/6/2019 5:49:00 PM,2,2,0,36.154340,-86.741230,LEBANON PKE,,,,85.00,Feet,East,RUCKER AV,,,,0.00,N,Not at Intersection, ,Non-Junction,None,,,         ,Samuel,Sundra,Cloudy,Front to Rear,no,no,no,no,no,False
102560099,METROPOLITAN NASHVILLE POLICE DEPT,20190808598,Davidson,Nashville,11/6/2019 6:14:00 PM,3,1,0,36.067540,-86.770490,I 65,,,,0.00,,,,,,,76.75,N,Not at Intersection,N,Non-Junction,None,,,         ,FELIKS,ABRAHAMYAN,Clear,Front to Rear,no,no,no,no,no,False
102560117,METROPOLITAN NASHVILLE POLICE DEPT,20190808730,Davidson,Nashville,11/6/2019 7:33:00 PM,2,0,0,36.092510,-86.720330,CATHY JO DR,,,,153.00,Feet,South,NUNLEY DR,,,,0.00,N,Not at Intersection, ,Non-Junction,None,,,         ,Ryan,Sherry,Rain,"Sideswipe, Same Direction",no,no,no,no,no,False
102560139,METROPOLITAN NASHVILLE POLICE DEPT,20190808601,Davidson,Nashville,11/6/2019 5:59:00 PM,2,0,0,36.115110,-86.720800,GLENROSE AV,,,,325.00,Feet,East,GLENMONT DR,,,,0.00,N,Not at Intersection,N,Non-Junction,None,,,         ,Je-Marc,Sears,Clear,Angle,no,no,no,no,no,False
102560147,METROPOLITAN NASHVILLE POLICE DEPT,20190808603,Davidson,Nashville,11/6/2019 6:00:00 PM,3,0,0,36.086570,-86.691550,ANTIOCH PKE,,,,367.00,Feet,South,HARDING PL,,,,0.00,N,Not at Intersection,N,Non-Junction,None,,,         ,Jesse,Cox,Clear,Angle,no,no,no,no,no,False
102560169,METROPOLITAN NASHVILLE POLICE DEPT,20190808749,Davidson,Nashville,11/6/2019 8:00:00 PM,1,0,0,36.052320,-86.683360,TUSCULUM RD,,,,175.00,Feet,West,BENZING RD,,,,0.00,N,Not at Intersection,N,Non-Junction,None,,,         ,Andrew,Mullen,Cloudy,Not Collision with Motor Vehicle in Transport,no,no,no,no,yes,False
102560170,METROPOLITAN NASHVILLE POLICE DEPT,20190808720,Davidson,Not in City Limit,11/6/2019 7:17:00 PM,1,0,0,36.007260,-86.667390,PETTUS RD,,,,496.00,Feet,West,OLD HICKORY BLVD,,,,0.00,N,Not at Intersection,N,Non-Junction,None,,,         ,Andrew,Brazee,Cloudy,Not Collision with Motor Vehicle in Transport,no,no,no,no,no,False
102560220,METROPOLITAN NASHVILLE POLICE DEPT,20190808895,Davidson,Nashville,11/6/2019 9:12:00 PM,2,0,0,36.135700,-86.724910,MURFREESBORO PKE,,,,53.00,Feet,East,I24 W EXT RAMP,,,,0.00,N,Not at Intersection, ,Non-Junction,None,,,         ,Matthew,Swindell,Clear,Front to Rear,no,no,no,no,no,False
102560221,METROPOLITAN NASHVILLE POLICE DEPT,20190808932,Davidson,Nashville,11/6/2019 9:48:00 PM,2,0,0,36.036380,-86.645330,I 24,,,,0.00,,,,,,,60.40,N,Not at Intersection, ,Non-Junction,None,,,         ,YUNUS,ADAK,Clear,Angle,no,no,no,no,no,False
102560227,METROPOLITAN NASHVILLE POLICE DEPT,20190808903,Davidson,Nashville,11/6/2019 9:31:00 PM,2,0,0,36.035860,-86.644750,I 24,,,,0.00,,,,,,,60.40,N,Not at Intersection, ,Non-Junction,None,,,         ,Jesse,Cox,Clear,Front to Rear,no,no,no,no,no,False
102560250,METROPOLITAN NASHVILLE POLICE DEPT,20190808917,Davidson,Nashville,11/6/2019 8:34:00 PM,1,0,0,36.154870,-86.630900,I 40,,,,0.00,,,,,,,218.85,N,Not at Intersection, ,Non-Junction,None,,,         ,Allyson,Reis,Clear,Not Collision with Motor Vehicle in Transport,no,no,no,no,no,False
102560252,METROPOLITAN NASHVILLE POLICE DEPT,20190808640,Davidson,Nashville,11/6/2019 5:25:00 PM,2,0,0,36.081250,-86.744760,LYNN DR,,,,0.00,,,DANBY DR,,,,0.00,Y,Four-Way,N,Non-Junction,None,,,         ,William,King,Clear,Front to Rear,no,no,no,no,no,False
102560256,METROPOLITAN NASHVILLE POLICE DEPT,20190808758,Davidson,Nashville,11/6/2019 7:15:00 PM,2,0,0,36.129820,-86.829060,LEONARD AV,,,,770.00,Feet,South,WHITLAND AV,,,,0.00,N,Not at Intersection,N,Non-Junction,None,,,         ,Robert,Higgins,Clear,Angle,no,no,no,no,no,False
102560265,METROPOLITAN NASHVILLE POLICE DEPT,20190808562,Davidson,Nashville,11/6/2019 5:43:00 PM,2,0,0,36.166980,-86.779950,JAMES ROBERTSON PKWY,,,,118.00,Feet,West,3RD AVN,,,,0.00,N,Not at Intersection, ,Non-Junction,None,,,         ,David,Snowden,Cloudy,Angle,no,no,no,no,no,False
102560281,METROPOLITAN NASHVILLE POLICE DEPT,20190809245,Davidson,Nashville,11/7/2019 12:30:00 AM,1,0,0,36.170050,-86.592910,I 40,,,,0.00,,,,,,,221.30,N,Not at Intersection, ,,None,,,         ,Joshua,Dale,,,no,no,no,no,no,False
102560291,METROPOLITAN NASHVILLE POLICE DEPT,20190809233,Davidson,Nashville,11/6/2019 11:22:00 PM,2,0,0,36.140490,-86.720780,I 40,,,,0.00,,,,,,,213.60,N,Not at Intersection,N,Non-Junction,None,,,         ,Jacob,West,Clear,"Sideswipe, Same Direction",no,no,no,no,yes,False
102560294,METROPOLITAN NASHVILLE POLICE DEPT,20190809024,Davidson,Nashville,11/6/2019 12:00:00 AM,2,0,0,36.109020,-86.703150,MCGAVOCK PKE,,,,857.00,Feet,South,WINTHORNE DR,,,,0.00,N,Not at Intersection,N,Non-Junction,None,,,         ,Antoine,Maghamez,Clear,HeadOn,no,no,no,no,yes,False
102560347,METROPOLITAN NASHVILLE POLICE DEPT,20190809608,Davidson,Nashville,11/7/2019 4:47:00 AM,3,0,0,36.087430,-86.692210,ANTIOCH PKE,,,,0.00,Feet,,HARDING PL,,,,0.00,Y,Four-Way,N,Intersection-Related,None,,,         ,Teresah,Pinho,Clear,Front to Rear,no,no,no,no,no,False
102560394,METROPOLITAN NASHVILLE POLICE DEPT,20190809684,Davidson,Nashville,11/7/2019 5:52:00 AM,1,1,0,36.079260,-86.684370,ANTIOCH PKE,,,,66.00,Feet,North,CHEROKEE HILLS DR,,,,0.00,N,Not at Intersection,N,Non-Junction,None,,,         ,William,Williams,Rain,Not Collision with Motor Vehicle in Transport,yes,no,no,no,no,False
102560409,METROPOLITAN NASHVILLE POLICE DEPT,20190809766,Davidson,Not in City Limit,11/7/2019 7:00:00 AM,2,1,0,36.106330,-86.930890,SAWYER BROWN RD,,,,1419.00,Feet,North,HUNTERS RUN,,,,0.00,N,Not at Intersection,N,Non-Junction,None,,,         ,Curtis,Rich,Rain,Angle,no,no,no,no,no,False
102560415,METROPOLITAN NASHVILLE POLICE DEPT,20190807637,Davidson,Nashville,11/6/2019 10:01:00 AM,2,0,0,36.217550,-86.781600,BRICK CHURCH PKE,,,,28.00,Feet,North,WOODFOLK AV,,,,0.00,N,Not at Intersection, ,,None,,,         ,Fabjan,Llukaj,,,no,no,no,no,no,False
102560416,METROPOLITAN NASHVILLE POLICE DEPT,20190809767,Davidson,Nashville,11/7/2019 6:42:00 AM,1,1,0,36.204290,-86.851960,ASHLAND CITY HWY,,,,498.00,Feet,North,CLINTONDALE DR,,,,0.00,N,Not at Intersection, ,Non-Junction,None,,,         ,Fabjan,Llukaj,Rain,Not Collision with Motor Vehicle in Transport,no,no,no,no,no,False
102560417,METROPOLITAN NASHVILLE POLICE DEPT,20190809730,Davidson,Nashville,11/7/2019 5:57:00 AM,2,2,0,36.150480,-86.770350,4TH AVS,,,,0.00,Feet,,I40 E EXT RAMP,,,,0.00,Y,OTHER,N,Entrance/Exit Ramp Related,None,,,         ,Billy,Price,Rain,Angle,no,no,no,no,no,False