master_record_number,agency,agency_tracking_number,county,city,collision_date,vehicles_involved,number_injured,number_dead,latitude,longitude,roadway_name,roadway_suffix,roadway_number,roadway_local_id,distance_from_reference,miles-feet_indicator,direction_from_reference,intersection_road_name,intersection_road_name_suffix,intersection_road_number,intersection_local_id,mile_marker,intersection_indicator,intersect_type,interchange_related_indicator,relation_to_junction,work_zone_type,construction_maintenance_zone,construction_maintenance_zone_location,fatal_case_number,officer_first_name,officer_last_name,weather_condition(s),manner_of_crash,pedestrian,bicycle,scooter,parking,hitrun,mou
102560857,METROPOLITAN NASHVILLE POLICE DEPT,20190810452,Davidson,Nashville,11/7/2019 12:55:00 PM,2,0,0,36.154630,-86.779160,8TH AVS,,,,0.00,,,LAFAYETTE ST,,,,0.00,Y,Roundabout, ,Intersection-Related,None,,,         ,Destiny,Zunic,Rain,Angle,no,no,no,no,no,False
102560860,METROPOLITAN NASHVILLE POLICE DEPT,20190810493,Davidson,Nashville,11/7/2019 1:24:00 PM,2,2,0,36.135770,-86.726730,I 24,,,,0.00,,,,,,,52.20,N,Not at Intersection,N,Non-Junction,None,,,         ,Jessie,Meadows,Rain,Front to Rear,no,no,no,no,no,False
102560880,METROPOLITAN NASHVILLE POLICE DEPT,20190808495,Davidson,Nashville,11/6/2019 5:27:00 PM,2,1,0,36.180390,-86.800270,I 65,,,,0.00,,,,,,,85.00,N,Not at Intersection, ,Non-Junction,None,,,         ,Melvin,Taylor,Clear,Front to Rear,no,no,no,no,no,False
102560891,METROPOLITAN NASHVILLE POLICE DEPT,20190810573,Davidson,Nashville,11/7/2019 12:01:00 AM,2,0,0,36.158990,-86.799430,FISK ST,,,,228.00,Feet,North,CHARLOTTE AV,,,,0.00,N,Not at Intersection, ,Non-Junction,None,,,         ,Isaac,Wood,Unknown,Rear to Side,no,no,no,no,yes,False
102560902,BRENTWOOD POLICE DEPT,BPD-19-03523,Davidson,Nashville,11/7/2019 2:20:00 PM,1,0,0,36.035840,-86.783630,I65 S ENT RAMP,,,,0.00,Feet,East,I 65,,,,0.00,N,Not at Intersection,N,Entrance/Exit Ramp Related,None,,,         ,William,Frasch,Rain,Not Collision with Motor Vehicle in Transport,no,no,no,no,no,False
102560903,METROPOLITAN NASHVILLE POLICE DEPT,20190810606,Davidson,Nashville,11/7/2019 2:10:00 PM,2,0,0,36.150050,-86.760270,CLAIBORNE ST,,,,339.00,Feet,South,CANNON ST,,,,0.00,N,Not at Intersection,N,OtherLocation,None,,,         ,Thomas,Odom,Rain,"Sideswipe, Same Direction",no,no,no,yes,yes,False
102560930,METROPOLITAN NASHVILLE POLICE DEPT,20190810587,Davidson,Not in City Limit,11/7/2019 2:15:00 PM,2,0,0,36.277990,-86.754180,HUNTERS LN,,,,0.00,,,YOEST DR,,,,0.00,Y,T-Intersection,N,Intersection,None,,,         ,Brian,Otto,Rain,Angle,no,no,no,no,yes,False
102560941,METROPOLITAN NASHVILLE POLICE DEPT,20190810634,Davidson,Nashville,11/7/2019 2:55:00 PM,2,0,0,36.160250,-86.782960,COMMERCE ST,,,,0.00,,,ROSA L PARKS BLVD,,,,0.00,Y,Four-Way, ,,None,,,         ,Roy,Sain Jr.,,,no,no,no,no,no,False
102560945,METROPOLITAN NASHVILLE POLICE DEPT,20190810644,Davidson,Nashville,11/7/2019 2:21:00 PM,2,0,0,36.064810,-86.622110,HAMILTON CHURCH RD,,,,0.00,,,OWENDALE DR,,,,0.00,Y,T-Intersection, ,Intersection,None,,,         ,Jesse,Cox,Rain,Angle,no,no,no,no,no,False
102560948,METROPOLITAN NASHVILLE POLICE DEPT,20190810624,Davidson,Nashville,11/7/2019 2:49:00 PM,2,1,0,36.102480,-86.760210,POWELL AV RAMP,,,,0.00,,,ARMORY DR,,,,0.00,Y,T-Intersection, ,Intersection,None,,,         ,John,Chambers,Rain,Angle,no,no,no,no,no,False
102560962,METROPOLITAN NASHVILLE POLICE DEPT,20190810728,Davidson,Nashville,11/7/2019 3:44:00 PM,2,0,0,36.226310,-86.603190,SHUTE LN,,,,0.00,,,SAUNDERSVILLE RD,,,,0.00,Y,T-Intersection, ,Intersection-Related,None,,,         ,Thomas,Odom,Rain,Front to Rear,no,no,no,no,no,False
102560973,METROPOLITAN NASHVILLE POLICE DEPT,20190810744,Davidson,Nashville,10/31/2019 4:00:00 PM,2,0,0,36.134210,-86.767950,NEAL TER,,,,365.00,Feet,North,WEDGEWOOD AVE,,,,0.00,N,Not at Intersection,N,Non-Junction,None,,,         ,Jarrett,Ipox,Clear,"Sideswipe, Opposite Direction",no,no,no,no,yes,False
102560975,METROPOLITAN NASHVILLE POLICE DEPT,20190810600,Davidson,Nashville,11/7/2019 2:29:00 PM,2,1,0,36.093320,-86.736200,NOLENSVILLE PKE,,,,0.00,,,MCNALLY DR,,,,0.00,Y,Four-Way,N,Intersection-Related,None,,,         ,Alex,Moore,Rain,Angle,no,no,no,no,no,False
102560977,METROPOLITAN NASHVILLE POLICE DEPT,20190810675,Davidson,Nashville,11/7/2019 2:12:00 PM,3,0,0,36.126660,-86.849650,WHITE BRIDGE PKE,,,,372.00,Feet,East,NES PVTDR,,,,0.00,N,Not at Intersection,N,Non-Junction,None,,,         ,Robert,Higgins,Rain,"Sideswipe, Same Direction",no,no,no,no,yes,False
102560983,METROPOLITAN NASHVILLE POLICE DEPT,20190810564,Davidson,Goodlettsville,11/7/2019 2:03:00 PM,2,1,0,36.292380,-86.733730,W CAMPBELL RD,,,,0.00,,,DICKERSON PKES,,,,0.00,Y,T-Intersection,N,Intersection-Related,None,,,         ,Jacob,Robbins,Rain,Angle,no,no,no,no,no,False
102560987,METROPOLITAN NASHVILLE POLICE DEPT,20190810740,Davidson,Nashville,11/7/2019 3:27:00 PM,2,0,0,36.152780,-86.787790,I40 E ENT RAMP,,,,0.00,,,I 40,,,,0.00,Y,OTHER, ,Entrance/Exit Ramp Related,None,,,         ,Randall,Ward,Rain,Front to Rear,no,no,no,no,no,False
102560996,METROPOLITAN NASHVILLE POLICE DEPT,20190810792,Davidson,Nashville,11/7/2019 4:12:00 PM,2,0,0,36.153960,-86.818220,28TH AVN,,,,0.00,Feet,East,CHARLOTTE AV,,,,0.00,N,Not at Intersection, ,Non-Junction,None,,,         ,Ryan,Coll,Rain,Front to Rear,no,no,no,no,no,False
102561002,METROPOLITAN NASHVILLE POLICE DEPT,20190810724,Davidson,Nashville,11/7/2019 3:40:00 PM,2,1,0,36.081950,-86.772500,FRANKLIN PKE,,,,0.00,,,ROBERTSON ACADEMY RD,,,,0.00,Y,T-Intersection, ,Intersection-Related,None,,,         ,FELIKS,ABRAHAMYAN,Rain,Front to Rear,no,no,no,no,no,False
102561003,METROPOLITAN NASHVILLE POLICE DEPT,20190810641,Davidson,Goodlettsville,11/3/2019 1:00:00 PM,2,0,0,36.302920,-86.691600,GALLATIN PKEN,,,,94.00,Feet,East,CONFERENCE DR,,,,0.00,N,Not at Intersection,N,Non-Junction,None,,,         ,Derek,Sibley,Unknown,Front to Rear,no,no,no,no,yes,False
102561004,METROPOLITAN NASHVILLE POLICE DEPT,20190810570,Davidson,Nashville,11/7/2019 2:06:00 PM,2,0,0,36.044440,-86.658050,I24 E ENT RAMP,,,,0.00,,,I 24,,,,0.00,Y,OTHER,N,Entrance/Exit Ramp Related,None,,,         ,Keith,Covert,Rain,Angle,no,no,no,no,yes,False
102561006,METROPOLITAN NASHVILLE POLICE DEPT,20190810656,Davidson,Nashville,11/7/2019 3:08:00 PM,1,1,0,36.174130,-86.787890,JEFFERSON ST,,,,150.00,Feet,West,5TH AVN,,,,0.00,N,Not at Intersection,N,Non-Junction,None,,,         ,Jason,King,Rain,Not Collision with Motor Vehicle in Transport,yes,no,no,no,no,False
102561019,METROPOLITAN NASHVILLE POLICE DEPT,20190810713,Davidson,Nashville,11/7/2019 3:33:00 PM,2,0,0,36.145410,-86.776970,I 65,,,,0.00,,,,,,,82.20,N,Not at Intersection, ,Non-Junction,None,,,         ,Jason,King,Rain,Front to Rear,no,no,no,no,no,False
102561022,METROPOLITAN NASHVILLE POLICE DEPT,20190810674,Davidson,Nashville,11/7/2019 2:57:00 PM,2,0,0,36.046330,-86.858370,OLD HICKORY BLVD,,,,895.00,Feet,West,WILDWOOD VALLEY DR,,,,0.00,N,Not at Intersection, ,Non-Junction,None,,,         ,Cynthia,Quirouette,Rain,Front to Rear,no,no,no,no,no,False
102561024,METROPOLITAN NASHVILLE POLICE DEPT,20190810643,Davidson,Nashville,11/7/2019 2:31:00 PM,2,0,0,36.123510,-86.727610,I 24,,,,0.00,,,,,,,52.70,N,Not at Intersection, ,Non-Junction,None,,,         ,Aimee,Ortiz,Rain,Front to Rear,no,no,no,no,no,False
102561028,Nashville Airport Police,2019-04706,Davidson,Nashville,11/7/2019 2:06:00 PM,2,0,0,36.135960,-86.667590,TERMINAL DR,,,,405.00,Feet,South,I40 E EXT RAMP,,,,0.00,N,Not at Intersection, ,Non-Junction,None,,,         ,Gary,Polk,Rain,Front to Rear,no,no,no,yes,yes,False
102561032,METROPOLITAN NASHVILLE POLICE DEPT,20190810827,Davidson,Nashville,11/7/2019 2:44:00 PM,2,0,0,36.074490,-86.747530,BLACKMAN RD,,,,363.00,Feet,East,SALEM DR,,,,0.00,N,Not at Intersection, ,Non-Junction,None,,,         ,Steven,Begley,Rain,Front to Rear,no,no,no,no,no,False
102561038,METROPOLITAN NASHVILLE POLICE DEPT,20190810817,Davidson,Nashville,11/7/2019 4:14:00 PM,2,0,0,36.051900,-86.670100,I 24,,,,0.00,,,,,,,58.65,N,Not at Intersection, ,,None,,,         ,Jesse,Cox,,,no,no,no,no,no,False
102561046,METROPOLITAN NASHVILLE POLICE DEPT,20190810743,Davidson,Nashville,11/7/2019 3:46:00 PM,2,0,0,36.098590,-86.659360,MURFREESBORO PKE,,,,7.00,Feet,East,HARDING PL,,,,0.00,N,Not at Intersection, ,Non-Junction,None,,,         ,Sarah,Cartwright,Rain,"Sideswipe, Same Direction",no,no,no,no,no,False
102561055,METROPOLITAN NASHVILLE POLICE DEPT,20190810893,Davidson,Nashville,11/7/2019 4:55:00 PM,2,0,0,36.203760,-86.738410,GALLATIN PKE,,,,65.00,Feet,South,LELAND AV,,,,0.00,N,Not at Intersection, ,Non-Junction,None,,,         ,Riley,Brewer,Rain,"Sideswipe, Opposite Direction",no,no,no,no,no,False
102561059,METROPOLITAN NASHVILLE POLICE DEPT,20190810820,Davidson,Nashville,11/7/2019 4:12:00 PM,2,0,0,36.190310,-86.612990,OLD LEBANON DIRT RD,,,,9.00,Feet,West,WEBER RD,,,,0.00,N,Not at Intersection,N,Non-Junction,None,,,         ,Torry,Hill,Rain,Angle,no,no,no,no,no,False
102561067,METROPOLITAN NASHVILLE POLICE DEPT,20190810761,Davidson,Nashville,11/7/2019 3:55:00 PM,2,0,0,36.088060,-86.771800,FRANKLIN PKE,,,,0.00,,,S CURTISWOOD LN,,,,0.00,Y,T-Intersection,Y,Intersection,None,,,         ,Conor,Cronin,Rain,Angle,no,no,no,no,no,False
102561071,METROPOLITAN NASHVILLE POLICE DEPT,20190810809,Davidson,Nashville,11/7/2019 4:24:00 PM,3,1,0,36.161920,-86.769090,KOREAN VETERANS BLVD,,,,309.00,Feet,West,DAVIDSON ST,,,,0.00,N,Not at Intersection,N,Non-Junction,None,,,         ,Roy,Sain Jr.,Rain,Front to Rear,no,no,no,no,no,False
102561072,METROPOLITAN NASHVILLE POLICE DEPT,20190810831,Davidson,Nashville,11/7/2019 4:31:00 PM,2,0,0,36.052430,-86.671010,I 24,,,,0.00,,,,,,,58.60,N,Not at Intersection, ,,None,,,         ,Patrick,Martin,,,no,no,no,no,no,False
102561074,METROPOLITAN NASHVILLE POLICE DEPT,20190810773,Davidson,Nashville,11/7/2019 3:50:00 PM,2,0,0,36.151800,-86.771250,4TH AVS,,,,0.00,,,LAFAYETTE ST,,,,0.00,Y,Four-Way, ,Intersection,None,,,         ,William,Gibbs,Rain,"Sideswipe, Same Direction",no,no,no,no,yes,False
102561079,METROPOLITAN NASHVILLE POLICE DEPT,20190810949,Davidson,Nashville,11/7/2019 3:49:00 PM,2,1,0,36.154630,-86.779160,8TH AVS,,,,0.00,,,LAFAYETTE ST,,,,0.00,Y,Roundabout, ,Intersection,None,,,         ,Jason,King,Rain,Angle,no,no,no,no,no,False
102561086,METROPOLITAN NASHVILLE POLICE DEPT,20190810966,Davidson,Nashville,11/7/2019 5:39:00 PM,2,0,0,36.105300,-86.670990,MURFREESBORO PKE,,,,264.00,Feet,East,EZELL PKE,,,,0.00,N,Not at Intersection, ,,None,,,         ,Jesse,Cox,,,no,no,no,no,no,False
102561087,METROPOLITAN NASHVILLE POLICE DEPT,20190810774,Davidson,Nashville,11/7/2019 4:06:00 PM,3,0,0,36.052390,-86.670940,I 24,,,,0.00,,,,,,,58.60,N,Not at Intersection,N,Non-Junction,None,,,         ,Marcus,Darden,Rain,Front to Rear,no,no,no,no,no,False
102561089,METROPOLITAN NASHVILLE POLICE DEPT,20190810972,Davidson,Nashville,11/7/2019 6:12:00 PM,2,0,0,36.140930,-86.662050,I 40,,,,0.00,,,,,,,218.00,N,Not at Intersection, ,Non-Junction,None,,,         ,Sarah,Cartwright,Rain,Front to Rear,no,no,no,no,no,False
102561090,METROPOLITAN NASHVILLE POLICE DEPT,20190810916,Davidson,Nashville,11/7/2019 5:15:00 PM,3,2,0,36.142300,-86.679150,I 40,,,,0.00,,,,,,,215.90,N,Not at Intersection,N,Non-Junction,None,,,         ,Samuel,Sundra,Rain,Front to Rear,no,no,no,no,no,False
102561101,METROPOLITAN NASHVILLE POLICE DEPT,20190810961,Davidson,Nashville,11/7/2019 5:40:00 PM,2,0,0,36.206390,-86.736550,GALLATIN PKE,,,,128.00,Feet,North,ELVIRA AV,,,,0.00,N,Not at Intersection, ,,None,,,         ,Chase,Harriman,,,no,no,no,no,no,False
102561105,METROPOLITAN NASHVILLE POLICE DEPT,20190810928,Davidson,Not in City Limit,11/7/2019 5:20:00 PM,2,0,0,36.270490,-86.794230,I 24,,,,0.00,,,,,,,41.10,N,Not at Intersection,N,Non-Junction,None,,,         ,Brian,Woodard,Cloudy,"Sideswipe, Same Direction",no,no,no,no,no,False
102561110,METROPOLITAN NASHVILLE POLICE DEPT,20190810849,Davidson,Nashville,11/7/2019 4:06:00 PM,2,0,0,36.052430,-86.671010,I 24,,,,0.00,,,,,,,58.60,N,Not at Intersection,N,Non-Junction,None,,,         ,Patrick,Martin,Rain,Front to Rear,no,no,no,no,no,False
102561112,METROPOLITAN NASHVILLE POLICE DEPT,20190810757,Davidson,Nashville,11/7/2019 3:40:00 PM,2,0,0,36.102400,-86.759050,ARMORY DR,,,,56.00,Feet,East,ARMORY OAKS DR,,,,0.00,N,Not at Intersection,N,Non-Junction,None,,,         ,Heather,Fox,Rain,Angle,no,no,no,no,no,False
102561113,METROPOLITAN NASHVILLE POLICE DEPT,20190810990,Davidson,Nashville,11/7/2019 5:44:00 PM,2,0,0,36.202680,-86.739010,GALLATIN PKE,,,,105.00,Feet,North,LITTON AV,,,,0.00,N,Not at Intersection,N,Non-Junction,None,,,         ,Jonathan,Handley,Cloudy,Rear to Side,no,no,no,yes,yes,False
102561122,METROPOLITAN NASHVILLE POLICE DEPT,20190808329,Davidson,Nashville,11/6/2019 3:39:00 PM,3,0,0,36.124400,-86.845070,KENNER AV,,,,0.00,Feet,,RIDGEFIELD DR,,,,0.00,Y,Four-Way,N,Intersection-Related,None,,,         ,Torian,Cox,Clear,"Sideswipe, Same Direction",no,no,no,no,yes,False
102561123,METROPOLITAN NASHVILLE POLICE DEPT,20190810901,Davidson,Nashville,11/7/2019 5:00:00 PM,2,7,0,36.146920,-86.766720,3RD AVS,,,,53.00,Feet,North,MILDRED SHUTE AV,,,,0.00,N,Not at Intersection,N,Non-Junction,None,,,         ,Ciarra,Rench,Rain,Angle,no,no,no,no,no,False
102561126,METROPOLITAN NASHVILLE POLICE DEPT,20190810868,Davidson,Nashville,11/7/2019 4:11:00 PM,2,0,0,36.120830,-86.703590,MURFREESBORO PKE,,,,0.00,Feet,West,GLENGARRY DR,,,,0.00,N,Not at Intersection, ,Non-Junction,None,,,         ,Aimee,Ortiz,Rain,Angle,no,no,no,no,no,False
102561135,METROPOLITAN NASHVILLE POLICE DEPT,20190810639,Davidson,Nashville,11/7/2019 2:14:00 PM,2,1,0,36.047370,-86.655740,HICKORY HOLLOW PKWY,,,,85.00,Feet,South,BELL RD,,,,0.00,N,Not at Intersection, ,Non-Junction,None,,,         ,Patrick,Martin,Rain,Front to Rear,no,no,no,no,no,False
102561141,METROPOLITAN NASHVILLE POLICE DEPT,20190811071,Davidson,Nashville,11/7/2019 3:52:00 PM,2,0,0,36.083460,-86.761640,SIDCO DR,,,,52.00,Feet,North,CSX DR,,,,0.00,N,Not at Intersection, ,Non-Junction,None,,,         ,Conor,Cronin,Rain,Angle,no,no,no,no,no,False
102561142,METROPOLITAN NASHVILLE POLICE DEPT,20190810714,Davidson,Nashville,11/7/2019 2:33:00 PM,2,0,0,36.074280,-86.740070,BLACKMAN RD,,,,220.00,Feet,West,DARLINGTON DR,,,,0.00,N,Not at Intersection,N,Non-Junction,None,,,         ,FELIKS,ABRAHAMYAN,Rain,Front to Rear,no,no,no,no,yes,False
102561149,METROPOLITAN NASHVILLE POLICE DEPT,20190810783,Davidson,Not in City Limit,11/7/2019 4:13:00 PM,2,0,0,36.272780,-86.710160,GALLATIN PKEN,,,,0.00,Feet,West,NESBITT LN,,,,0.00,N,Not at Intersection, ,Non-Junction,None,,,         ,Jacob,Krispin,Clear,"Sideswipe, Same Direction",no,no,no,no,no,False
102561150,METROPOLITAN NASHVILLE POLICE DEPT,20190810939,Davidson,Nashville,11/7/2019 5:31:00 PM,2,1,0,36.075969,-86.920953,OLD HICKORY BLVD,,,,100.00,Feet,North,HWY 70 S,,,,0.00,N,Not at Intersection,N,Non-Junction,None,,,         ,Jeremy,Huffine,Clear,Angle,no,no,no,no,no,False
102561152,METROPOLITAN NASHVILLE POLICE DEPT,20190811023,Davidson,Not in City Limit,11/7/2019 6:01:00 PM,2,0,0,36.262210,-86.712210,GALLATIN PKES,,,,0.00,,,E OLD HICKORY BLVD,,,,0.00,Y,Four-Way,N,Intersection-Related,None,,,         ,Brian,DeMarce,Cloudy,Angle,no,no,no,no,yes,False
102561153,METROPOLITAN NASHVILLE POLICE DEPT,20190811064,Davidson,Nashville,11/7/2019 5:15:00 PM,2,0,0,36.071950,-86.723930,NOLENSVILLE PKE,,,,0.00,Feet,East,HIGGINS ST,,,,0.00,N,Not at Intersection,N,Non-Junction,None,,,         ,Arend,Groeneweg,Clear,Front to Rear,no,no,no,no,no,False
102561159,METROPOLITAN NASHVILLE POLICE DEPT,20190810918,Davidson,Antioch,11/7/2019 5:15:00 PM,2,0,0,36.012600,-86.618320,I 24,,,,0.00,,,,,,,62.70,N,Not at Intersection,N,Non-Junction,None,,,         ,Andrew,Brazee,Cloudy,Front to Rear,no,no,no,no,no,False
102561160,METROPOLITAN NASHVILLE POLICE DEPT,20190811042,Davidson,Nashville,11/7/2019 6:27:00 PM,2,0,0,36.089250,-86.617090,BUTLER RD,,,,0.00,,,SMITH SPRINGS RD,,,,0.00,Y,T-Intersection,N,Non-Junction,None,,,         ,Gabriel,Vasquez,Clear,"Sideswipe, Opposite Direction",no,no,no,no,yes,False
102561162,METROPOLITAN NASHVILLE POLICE DEPT,20190811007,Davidson,Nashville,11/7/2019 6:10:00 PM,2,0,0,36.070870,-86.635080,MURFREESBORO PKE,,,,487.00,Feet,South,BELL RD,,,,0.00,N,Not at Intersection, ,Non-Junction,None,,,         ,Ian,Wilson,Rain,Angle,no,no,no,no,no,False
102561168,METROPOLITAN NASHVILLE POLICE DEPT,20190810980,Davidson,Nashville,11/7/2019 6:00:00 PM,3,0,0,36.164620,-86.794140,I 40,,,,0.00,,,,,,,208.45,N,Not at Intersection,N,Non-Junction,None,,,         ,Luke,Steigerwalt,Clear,Front to Rear,no,no,no,no,no,False
102561170,METROPOLITAN NASHVILLE POLICE DEPT,20190810929,Davidson,Nashville,11/7/2019 5:25:00 PM,1,1,0,36.107080,-86.922310,OLD HICKORY BLVD,,,,245.00,Feet,North,TOLBERT RD,,,,0.00,N,Not at Intersection,N,Non-Junction,None,,,         ,Mario,Diaz,Cloudy,Not Collision with Motor Vehicle in Transport,yes,no,no,no,no,False
102561171,METROPOLITAN NASHVILLE POLICE DEPT,20190810859,Davidson,Nashville,11/7/2019 4:10:00 PM,2,0,0,36.171880,-86.606090,I40 E EXT RAMP,,,,0.00,Feet,East,I40 W ENT RAMP,,,,0.00,N,Not at Intersection,N,Entrance/Exit Ramp Related,None,,,         ,Luis,Pena,Rain,"Sideswipe, Same Direction",no,no,no,no,no,False
102561172,Nashville Airport Police,2019-04693,Davidson,Nashville,11/5/2019 8:53:00 PM,2,0,0,36.135960,-86.663620,TERMINAL DR,,,,0.00,,,TERMINAL DR,,,,0.00,,Not at Intersection, ,"Driveway, Alley Access, etc",None,,,         ,Andrew,Brennan,Clear,"Sideswipe, Same Direction",no,no,no,yes,no,False
102561173,METROPOLITAN NASHVILLE POLICE DEPT,20190811072,Davidson,Nashville,11/7/2019 5:36:00 PM,2,0,0,36.078590,-86.805690,OVERTON LEA RD,,,,0.00,,,GRANNY WHITE PKE,,,,0.00,Y,T-Intersection,N,Intersection,None,,,         ,Cynthia,Quirouette,Clear,Angle,no,no,no,no,no,False
102561174,METROPOLITAN NASHVILLE POLICE DEPT,20190811025,Davidson,Nashville,11/7/2019 6:28:00 PM,4,1,0,36.118160,-86.800990,I 440,,,,0.00,,,,,,,3.15,N,Not at Intersection, ,Non-Junction,Work Zone,,,         ,John,Chambers,Cloudy,Front to Rear,no,no,no,no,no,False
102561176,METROPOLITAN NASHVILLE POLICE DEPT,20190811153,Davidson,Nashville,11/7/2019 7:02:00 PM,2,0,0,36.142690,-86.815380,WEST END AV,,,,52.00,Feet,North,31ST AVN,,,,0.00,N,Not at Intersection, ,Non-Junction,None,,,         ,Ryan,Coll,Clear,Front to Rear,no,no,no,no,no,Campus
102561181,METROPOLITAN NASHVILLE POLICE DEPT,20190811163,Davidson,Nashville,11/7/2019 6:40:00 PM,3,0,0,36.153500,-86.763760,I 40,,,,0.00,,,,,,,210.75,N,Not at Intersection,N,Non-Junction,None,,,         ,Darci,Stechman,Clear,Front to Rear,no,no,no,no,yes,False
102561182,METROPOLITAN NASHVILLE POLICE DEPT,20190810824,Davidson,Nashville,11/7/2019 4:50:00 PM,2,1,0,36.224380,-86.774540,I 65,,,,0.00,,,,,,,88.55,N,Not at Intersection,N,Non-Junction,None,,,         ,Benjamin,Williams,Rain,Front to Rear,no,no,no,no,no,False
102561190,METROPOLITAN NASHVILLE POLICE DEPT,20190810844,Davidson,Nashville,11/7/2019 4:40:00 PM,2,0,0,36.151830,-86.678650,ELM HILL PKE,,,,490.00,Feet,West,EMERY DR,,,,0.00,N,Not at Intersection, ,Non-Junction,None,,,         ,Allyson,Reis,Rain,Front to Rear,no,no,no,no,no,False
102561191,METROPOLITAN NASHVILLE POLICE DEPT,20190810973,Davidson,Nashville,11/7/2019 5:54:00 PM,4,2,0,36.239710,-86.775280,BRILEY PKWYW,,,,335.00,Feet,North,BRILEY PKWYE,,,,0.00,N,Not at Intersection,N,Non-Junction,None,,,         ,Bradley,Fort,Cloudy,Front to Rear,no,no,no,no,yes,False
102561198,METROPOLITAN NASHVILLE POLICE DEPT,20190811128,Davidson,Nashville,11/7/2019 5:59:00 PM,2,0,0,36.135160,-86.726750,I 24,,,,0.00,,,,,,,52.15,N,Not at Intersection,N,Non-Junction,None,,,         ,Aimee,Ortiz,Cloudy,"Sideswipe, Same Direction",no,no,no,no,yes,False
102561200,METROPOLITAN NASHVILLE POLICE DEPT,2019-0810965,Davidson,Nashville,11/7/2019 5:35:00 PM,2,0,0,36.241700,-86.759910,BRILEY PKWYW,,,,217.00,Feet,South,DOVERSIDE DR,,,,0.00,N,Not at Intersection,N,Non-Junction,None,,,         ,Derek,Sibley,Rain,Front to Rear,no,no,no,no,no,False
102561201,METROPOLITAN NASHVILLE POLICE DEPT,20190811088,Davidson,Nashville,11/7/2019 7:00:00 PM,2,2,0,36.248380,-86.726260,DUE WEST AVW,,,,296.00,Feet,West,CASH LN,,,,0.00,N,Not at Intersection,N,Non-Junction,None,,,         ,Jacob,Krispin,Clear,HeadOn,no,no,no,no,no,False
102561202,METROPOLITAN NASHVILLE POLICE DEPT,20190810910,Davidson,Nashville,11/7/2019 4:40:00 PM,2,0,0,36.149520,-86.666360,DONELSON PKE,,,,260.00,Feet,North,ELM HILL PKE,,,,0.00,N,Not at Intersection, ,Non-Junction,None,,,         ,Allyson,Reis,Rain,Angle,no,no,no,no,no,False
102561205,METROPOLITAN NASHVILLE POLICE DEPT,20190811209,Davidson,Nashville,11/7/2019 8:08:00 PM,1,0,0,36.028430,-86.671900,PETTUS RD,,,,242.00,Feet,East,BLUE HOLE RD,,,,0.00,N,Not at Intersection, ,,None,,,         ,Jesse,Cox,,,no,no,no,no,no,False
102561209,METROPOLITAN NASHVILLE POLICE DEPT,20190811167,Davidson,Nashville,11/7/2019 7:36:00 PM,2,0,0,36.025470,-86.713050,NOLENSVILLE PKE,,,,0.00,,,LENOX VILLAGE DR,,,,0.00,Y,Four-Way, ,,None,,,         ,FELIKS,ABRAHAMYAN,,,no,no,no,no,no,False
102561210,METROPOLITAN NASHVILLE POLICE DEPT,20190811166,Davidson,Nashville,11/7/2019 7:10:00 PM,2,0,0,36.169520,-86.678590,LEBANON PKE,,,,385.00,Feet,East,MCGAVOCK PKE,,,,0.00,N,Not at Intersection,N,Non-Junction,None,,,         ,Allyson,Reis,Cloudy,Angle,no,no,no,no,no,False
102561211,METROPOLITAN NASHVILLE POLICE DEPT,20190810880,Davidson,Nashville,11/7/2019 4:55:00 PM,2,0,0,36.142450,-86.822910,I 440,,,,0.00,,,,,,,0.05,N,Not at Intersection, ,Non-Junction,Construction Zone,,,         ,Torian,Cox,Rain,Front to Rear,no,no,no,no,no,False
102561212,METROPOLITAN NASHVILLE POLICE DEPT,20190810837,Davidson,Nashville,11/7/2019 4:26:00 PM,2,0,0,36.124600,-86.794270,BELMONT BLVD,,,,32.00,Feet,North,SWEETBRIAR AVE,,,,0.00,N,Not at Intersection, ,,None,,,         ,Jarrett,Ipox,,,no,no,no,no,no,False
102561219,METROPOLITAN NASHVILLE POLICE DEPT,20190810839,Davidson,Nashville,11/7/2019 4:40:00 PM,2,0,0,36.073901,-86.920683,OLD HICKORY BLVD,,,,60.00,Feet,South,HWY 70 S,,,,0.00,N,Not at Intersection,N,Non-Junction,None,,,         ,Jeremy,Huffine,Rain,Angle,no,no,no,no,no,False
102561241,METROPOLITAN NASHVILLE POLICE DEPT,20190811127,Davidson,Nashville,11/7/2019 7:20:00 PM,2,0,0,36.177740,-86.801580,ARTHUR AV,,,,184.00,Feet,West,ARTHUR AV,,,,0.00,N,Not at Intersection,N,Non-Junction,None,,,         ,Denarius,Lawson,Cloudy,"Sideswipe, Same Direction",no,no,no,no,yes,False
102561242,METROPOLITAN NASHVILLE POLICE DEPT,20190811107,Davidson,Nashville,11/7/2019 12:00:00 AM,1,2,0,36.055090,-86.641310,ZELIDA AV,,,,53.00,Feet,East,HICKORY CLUB DR,,,,0.00,N,Not at Intersection,N,Non-Junction,None,,,         ,JA'Karyus,Redwine,Clear,Not Collision with Motor Vehicle in Transport,no,no,no,no,no,False
102561244,METROPOLITAN NASHVILLE POLICE DEPT,20190811239,Davidson,Nashville,11/7/2019 6:37:00 PM,2,0,0,36.172780,-86.791090,ROSA L PARKS BLVD,,,,199.00,Feet,South,JEFFERSON ST,,,,0.00,N,Not at Intersection, ,Non-Junction,None,,,         ,Luke,Steigerwalt,Clear,"Sideswipe, Opposite Direction",no,no,no,no,no,False