master_record_number,agency,agency_tracking_number,county,city,collision_date,vehicles_involved,number_injured,number_dead,latitude,longitude,roadway_name,roadway_suffix,roadway_number,roadway_local_id,distance_from_reference,miles-feet_indicator,direction_from_reference,intersection_road_name,intersection_road_name_suffix,intersection_road_number,intersection_local_id,mile_marker,intersection_indicator,intersect_type,interchange_related_indicator,relation_to_junction,work_zone_type,construction_maintenance_zone,construction_maintenance_zone_location,fatal_case_number,officer_first_name,officer_last_name,weather_condition(s),manner_of_crash,pedestrian,bicycle,scooter,parking,hitrun,mou
102561277,METROPOLITAN NASHVILLE POLICE DEPT,20190811066,Davidson,Nashville,11/7/2019 5:24:00 PM,2,0,0,36.074600,-86.750500,BRIARWOOD DR,,,,11.00,Feet,North,BLACKMAN RD,,,,0.00,N,Not at Intersection, ,Non-Junction,None,,,         ,Brandon,Hughes,Rain,Front to Rear,no,no,no,no,no,False
102561281,METROPOLITAN NASHVILLE POLICE DEPT,20190811321,Davidson,Nashville,11/7/2019 7:30:00 PM,2,0,0,36.139060,-86.829280,WESTBROOK AV,,,,166.00,Feet,East,CRAIGHEAD AV,,,,0.00,N,Not at Intersection,N,Non-Junction,None,,,         ,Robert,Higgins,Clear,HeadOn,no,no,no,no,no,False
102561282,METROPOLITAN NASHVILLE POLICE DEPT,20190810904,Davidson,Nashville,11/7/2019 3:20:00 PM,1,0,0,36.220980,-86.774700,I 65,,,,0.00,,,,,,,88.35,N,Not at Intersection,N,Non-Junction,None,,,         ,John,Jones,Rain,Not Collision with Motor Vehicle in Transport,no,no,no,no,no,False
102561283,METROPOLITAN NASHVILLE POLICE DEPT,20190811136,Davidson,Nashville,11/7/2019 5:18:00 PM,2,0,0,36.138500,-86.820000,US HWY 70S,,,,293.00,Feet,North,-- UNKNOWN RAMP/ROAD --,,,,0.00,N,Not at Intersection, ,Non-Junction,None,,,         ,Thomas,Broatch,Cloudy,Front to Rear,no,no,no,no,no,False
102561285,TENNESSEE STATE UNIVERSITY ,19-TSU-49989,Davidson,Nashville,11/7/2019 3:30:00 PM,2,0,0,36.166210,-86.826740,33RD AVN,,,,11.00,Feet,South,CLOVER ST,,,,0.00,N,Not at Intersection, ,"Driveway, Alley Access, etc",None,,,         ,Bruce,Baghai,Cloudy,Not Collision with Motor Vehicle in Transport,no,no,no,no,yes,False
102561295,METROPOLITAN NASHVILLE POLICE DEPT,20190811347,Davidson,Antioch,11/7/2019 9:33:00 PM,1,0,0,36.081380,-86.593650,SMITH SPRINGS RD,,,,0.00,,East,SCENIC LAKE CT,,,,0.00,N,Not at Intersection, ,,None,,,         ,Patrick,Martin,,,no,no,no,no,no,False
102561310,METROPOLITAN NASHVILLE POLICE DEPT,20190811371,Davidson,Antioch,11/7/2019 9:40:00 PM,2,0,0,36.017980,-86.619660,OLD HICKORY BLVD,,,,110.00,Feet,South,OWEN DR,,,,0.00,N,Not at Intersection,N,Non-Junction,None,,,         ,Jesse,Cox,Clear,Front to Rear,no,no,no,no,no,False
102561311,METROPOLITAN NASHVILLE POLICE DEPT,20190811359,Davidson,Nashville,11/7/2019 9:30:00 PM,2,0,0,36.180690,-86.749650,GALLATIN AVE,,,,8.00,Feet,North,ORDWAY PL,,,,0.00,N,Not at Intersection, ,Non-Junction,None,,,         ,Chad,Connors,Clear,Front to Rear,no,no,no,no,no,False
102561355,METROPOLITAN NASHVILLE POLICE DEPT,20190811654,Davidson,Nashville,11/8/2019 12:31:00 AM,2,0,0,36.169350,-86.679870,US HWY 70,,,,0.00,,,MCGAVOCK PIKE,,,,0.00,Y,Four-Way,N,Intersection,None,,,         ,Douglas,Meringer,Clear,Angle,no,no,no,no,yes,False
102561368,METROPOLITAN NASHVILLE POLICE DEPT,20190811837,Davidson,Nashville,11/8/2019 2:00:00 AM,2,0,0,36.115860,-86.775280,I 440,,,,0.00,,,,,,,4.80,N,Not at Intersection,N,Non-Junction,Work Zone,Laneclosure,Unknown,         ,David,Crisman,Clear,"Sideswipe, Same Direction",no,no,no,no,yes,False
102561423,METROPOLITAN NASHVILLE POLICE DEPT,20190808048,Davidson,Nashville,11/6/2019 1:20:00 PM,2,0,0,36.254990,-86.757870,DICKERSON PKE,,,,490.00,Feet,South,DUE WEST AVN,,,,0.00,N,Not at Intersection, ,Non-Junction,None,,,         ,Jacob,Robbins,Clear,Front to Rear,no,no,no,no,no,False
102561430,METROPOLITAN NASHVILLE POLICE DEPT,20190810532,Davidson,Nashville,11/7/2019 1:45:00 PM,2,0,0,36.160760,-86.793690,14TH AVN,,,,0.00,,,CHARLOTTE AV,,,,0.00,Y,Four-Way,N,Intersection,None,,,         ,Wesley,Young,Rain,Angle,no,no,no,no,no,False
102561436,METROPOLITAN NASHVILLE POLICE DEPT,20190812234,Davidson,Nashville,11/8/2019 6:11:00 AM,2,0,0,36.115720,-86.781230,I65 ENT RAMP,,,,0.00,,,I 440,,,,0.00,Y,OTHER, ,Entrance/Exit Ramp Related,Construction Zone,,,         ,Earl,Davis,Clear,Front to Rear,no,no,no,no,no,False
102561474,METROPOLITAN NASHVILLE POLICE DEPT,20190812315,Davidson,Nashville,11/8/2019 7:30:00 AM,2,1,0,36.078490,-86.659590,PICCADILLY ROW,,,,204.00,Feet,West,BISHOPSGATE RD,,,,0.00,N,Not at Intersection, ,OtherLocation,None,,,         ,Jason,Kedzierski,Clear,Angle,no,no,no,yes,no,False
102561476,METROPOLITAN NASHVILLE POLICE DEPT,20190812262,Davidson,Nashville,11/8/2019 12:06:00 AM,2,0,0,36.176280,-86.811030,21ST AVN,,,,244.00,Feet,South,OSAGE ST,,,,0.00,N,Not at Intersection,N,Non-Junction,None,,,         ,Wesley,Young,Unknown,Front to Rear,no,no,no,no,yes,False
102561477,METROPOLITAN NASHVILLE POLICE DEPT,20190812348,Davidson,Nashville,11/8/2019 7:55:00 AM,3,0,0,36.130460,-86.837320,WEST END AV,,,,148.00,Feet,East,CHEROKEE RD,,,,0.00,N,Not at Intersection,N,Non-Junction,None,,,         ,Curtis,Rich,Clear,Front to Rear,no,no,no,no,no,False
102561479,METROPOLITAN NASHVILLE POLICE DEPT,20190812281,Davidson,Nashville,11/8/2019 5:00:00 AM,2,0,0,36.039210,-86.602780,MURFREESBORO PKE,,,,0.00,,,OLD HICKORY BLVD,,,,0.00,Y,Four-Way, ,Non-Junction,None,,,         ,Nelson,Hemingway,Clear,"Sideswipe, Same Direction",no,no,no,no,no,False
102561480,METROPOLITAN NASHVILLE POLICE DEPT,20190812334,Davidson,Nashville,11/8/2019 7:44:00 AM,2,0,0,36.046300,-86.582500,LAVERGNE COUCHVILLE PKE,,,,0.00,,,PIN HOOK RD,,,,0.00,Y,T-Intersection, ,Non-Junction,None,,,         ,Nelson,Hemingway,Clear,Angle,no,no,no,no,no,False
102561483,METROPOLITAN NASHVILLE POLICE DEPT,2019-0812393,Davidson,Goodlettsville,11/8/2019 8:05:00 AM,2,0,0,36.293840,-86.696450,MYATT DR,,,,0.00,,,SPRING BRANCH DR,,,,0.00,Y,T-Intersection,N,Intersection,None,,,         ,Travis,Baxter,Clear,Front to Rear,no,no,no,no,no,False
102561485,METROPOLITAN NASHVILLE POLICE DEPT,20190795604,Davidson,Nashville,11/1/2019 7:50:00 AM,2,0,0,36.139800,-86.735250,MURFREESBORO PKE,,,,645.00,Feet,West,ARLINGTON AV,,,,0.00,N,Not at Intersection,N,Non-Junction,None,,,         ,Maximillian,Goldberg,Clear,Front to Rear,no,no,no,no,no,False
102561490,METROPOLITAN NASHVILLE POLICE DEPT,20190812359,Davidson,Nashville,11/8/2019 7:59:00 AM,2,0,0,36.198440,-86.620270,LEBANON PKE,,,,0.00,,,OLD HICKORY BLVD,,,,0.00,Y,Four-Way, ,Intersection,None,,,         ,Michael,Dance,Clear,Front to Rear,no,no,no,no,no,False
102561493,METROPOLITAN NASHVILLE POLICE DEPT,20190812263,Davidson,Nashville,11/8/2019 7:05:00 AM,2,0,0,36.126840,-86.710460,THOMPSON PL,,,,150.00,Feet,East,MURFREESBORO PKE,,,,0.00,N,Not at Intersection,N,Non-Junction,None,,,         ,Donald,Davidson,Clear,Other,no,no,no,no,yes,False
102561495,VANDERBILT UNIVERSITY POLICE,20190810511,Davidson,Nashville,11/7/2019 1:19:00 PM,2,0,0,36.110910,-86.764580,THOMPSON LN,,,,0.00,,,,,,,0.00,,,N,Non-Junction,None,,,         ,Fred,Oakley,Rain,Front to Rear,no,no,no,yes,no,False
102561509,METROPOLITAN NASHVILLE POLICE DEPT,20190812337,Davidson,Nashville,11/8/2019 7:45:00 AM,2,0,0,36.144930,-86.766660,4TH AVS,,,,0.00,,,CHESTNUT ST,,,,0.00,Y,Four-Way,N,Intersection,None,,,         ,Garrett,Latham,Clear,Angle,no,no,no,no,no,False
102561515,METROPOLITAN NASHVILLE POLICE DEPT,20190807834,Davidson,Nashville,11/6/2019 11:53:00 AM,3,1,0,36.152057,-86.771960,LAFAYETTE ST,,,,0.00,,,DIVISION ST,,,,0.00,Y,Four-Way, ,Intersection,None,,,         ,Wesley,Henderson,Clear,Front to Rear,no,no,no,no,no,False
102561527,METROPOLITAN NASHVILLE POLICE DEPT,20190812403,Davidson,Nashville,11/8/2019 8:15:00 AM,1,1,0,36.136050,-86.893740,CABOT DR,,,,584.00,Feet,South,UPTON LN,,,,0.00,N,Not at Intersection,N,Non-Junction,None,,,         ,Wesley,Tilley,Clear,Not Collision with Motor Vehicle in Transport,no,no,no,no,no,False
102561531,METROPOLITAN NASHVILLE POLICE DEPT,20190812426,Davidson,Nashville,11/8/2019 8:30:00 AM,2,1,0,36.160800,-86.781800,7TH AVN,,,,0.00,Feet,,COMMERCE ST,,,,0.00,Y,Four-Way,N,Intersection,None,,,         ,Floyd,Brown,Clear,Front to Rear,no,no,no,no,no,False
102561546,METROPOLITAN NASHVILLE POLICE DEPT,20190811499,Davidson,Nashville,11/7/2019 11:19:00 PM,1,0,0,36.188600,-86.865230,COUNTY HOSPITAL RD,,,,23.00,Feet,East,BRILEY PKWY S EXT RAMP,,,,0.00,N,Not at Intersection,N,Non-Junction,None,,,         ,Peter,Vaught,Clear,Not Collision with Motor Vehicle in Transport,no,no,no,no,yes,False
102561553,METROPOLITAN NASHVILLE POLICE DEPT,20190812530,Davidson,Nashville,11/8/2019 12:00:00 AM,2,0,0,36.094210,-86.732220,TIBBS DR,,,,81.00,Feet,West,TIBBS CT,,,,0.00,N,Not at Intersection,N,Non-Junction,None,,,         ,Adam,Warren,Clear,Unknown,no,no,no,no,yes,False
102561555,METROPOLITAN NASHVILLE POLICE DEPT,20190812220,Davidson,Nashville,11/8/2019 6:35:00 AM,2,0,0,36.077420,-86.657890,UNA ANTIOCH PKE,,,,0.00,,,PICCADILLY ROW,,,,0.00,Y,Four-Way,Y,Intersection,None,,,         ,Theodore,Flick,Clear,"Sideswipe, Same Direction",no,no,no,no,no,False
102561561,METROPOLITAN NASHVILLE POLICE DEPT,20190812553,Davidson,Nashville,11/8/2019 9:48:00 AM,2,0,0,36.145250,-86.740490,I 40,,,,0.00,,,,,,,212.25,N,Not at Intersection,N,Non-Junction,None,,,         ,Carey,Steel,Clear,Front to Rear,no,no,no,no,yes,False
102561577,METROPOLITAN NASHVILLE POLICE DEPT,20190812573,Davidson,Nashville,11/8/2019 9:53:00 AM,3,0,0,36.150920,-86.750100,I 40,,,,0.00,,,,,,,211.60,N,Not at Intersection, ,Non-Junction,None,,,         ,Michael,Dance,Clear,Front to Rear,no,no,no,no,no,False
102561578,METROPOLITAN NASHVILLE POLICE DEPT,20190812347,Davidson,Nashville,11/8/2019 8:20:00 AM,2,0,0,36.174180,-86.770780,I 24,,,,0.00,,,,,,,48.15,N,Not at Intersection, ,Non-Junction,None,,,         ,Russell,Freeman,Clear,"Sideswipe, Same Direction",no,no,no,no,no,False
102561586,METROPOLITAN NASHVILLE POLICE DEPT,20190812470,Davidson,Nashville,11/8/2019 9:00:00 AM,1,1,0,36.167250,-86.781080,JAMES ROBERTSON PKWY,,,,0.00,Feet,,4TH AVN,,,,0.00,Y,Y-Intersection,N,Intersection,None,,,         ,William,Cleveland,Clear,Not Collision with Motor Vehicle in Transport,no,no,no,no,no,False
102561597,METROPOLITAN NASHVILLE POLICE DEPT,20190812536,Davidson,Nashville,11/8/2019 9:30:00 AM,1,1,0,36.188840,-86.751970,GRANADA AV,,,,400.00,Feet,West,LAURENT ST,,,,0.00,N,Not at Intersection,N,Non-Junction,None,,,         ,Russell,Freeman,Clear,Not Collision with Motor Vehicle in Transport,yes,no,no,no,no,False
102561606,METROPOLITAN NASHVILLE POLICE DEPT,20190812564,Davidson,Nashville,11/8/2019 9:22:00 AM,2,0,0,36.172170,-86.767130,JAMES ROBERTSON PKWY ENT RAMP,,,,0.00,,,JAMES ROBERTSON PKWY,,,,0.00,Y,Y-Intersection, ,Intersection-Related,None,,,         ,Russell,Freeman,Clear,Angle,no,no,no,no,no,False
102561610,METROPOLITAN NASHVILLE POLICE DEPT,20190812604,Davidson,Nashville,11/8/2019 10:15:00 AM,2,0,0,36.215060,-86.816680,MOORMANS ARM RD,,,,0.00,,,BOATNER DR,,,,0.00,Y,T-Intersection, ,Intersection,None,,,         ,Wesley,Young,Clear,Angle,no,no,no,no,no,False
102561612,METROPOLITAN NASHVILLE POLICE DEPT,20190812454,Davidson,Nashville,11/8/2019 8:50:00 AM,2,0,0,36.126280,-86.814650,I 440,,,,0.00,,,,,,,2.30,N,Not at Intersection,N,Non-Junction,Construction Zone,,,         ,Earl,Davis,Clear,Front to Rear,no,no,no,no,no,False
102561613,METROPOLITAN NASHVILLE POLICE DEPT,20190812697,Davidson,Nashville,11/7/2019 12:00:00 AM,2,0,0,36.107900,-86.755640,SIDCO DR,,,,93.00,Feet,South,FONTANA AVE,,,,0.00,N,Not at Intersection,N,Non-Junction,None,,,         ,Zachary,Scott,Clear,"Sideswipe, Same Direction",no,no,no,yes,yes,False
102561620,METROPOLITAN NASHVILLE POLICE DEPT,20190812708,Davidson,Nashville,11/8/2019 11:15:00 AM,2,2,0,36.063970,-86.774290,FRANKLIN PKE,,,,0.00,,,FOREST ACRES DR,,,,0.00,Y,T-Intersection,N,Intersection,None,,,         ,Earl,Davis,Clear,Front to Rear,no,no,no,no,no,False
102561622,METROPOLITAN NASHVILLE POLICE DEPT,20190812735,Davidson,Nashville,11/8/2019 11:00:00 AM,1,0,0,36.254290,-86.738940,I 65,,,,0.00,,,,,,,91.55,N,Not at Intersection, ,,None,,,         ,Ryan,Russell,,,no,no,no,no,no,False
102561628,GOODLETTSVILLE POLICE DEPT,19-41694,Davidson,Goodlettsville,11/8/2019 6:35:00 AM,2,1,0,36.323570,-86.705970,LONG HOLLOW PKE,,,,0.00,Feet,,I 65,,,,0.00,Y,Four-Way,Y,Intersection,None,,,         ,George,Forbes,Clear,Angle,no,no,no,no,no,False
102561648,METROPOLITAN NASHVILLE POLICE DEPT,20190812793,Davidson,Nashville,11/8/2019 11:41:00 AM,2,0,0,36.083630,-86.757190,TROUSDALE DR,,,,0.00,,,TIMBERHILL DR,,,,0.00,Y,T-Intersection, ,Intersection,None,,,         ,Earl,Davis,Clear,Front to Rear,no,no,no,no,no,False
102561652,METROPOLITAN NASHVILLE POLICE DEPT,20190812642,Davidson,Old Hickory,11/8/2019 10:38:00 AM,2,1,0,36.255840,-86.654000,ROBINSON RD,,,,0.00,,,MERRITT ST,,,,0.00,Y,T-Intersection,N,Intersection,None,,,         ,Thomas,Odom,Clear,Angle,no,no,no,no,no,False
102561654,METROPOLITAN NASHVILLE POLICE DEPT,20190812753,Davidson,Nashville,11/8/2019 11:48:00 AM,1,0,0,36.205980,-86.854520,ASHLAND CITY HWY,,,,439.00,Feet,East,HYDESDALE LN,,,,0.00,N,Not at Intersection, ,Non-Junction,None,,,         ,Royce,McLester,Clear,Not Collision with Motor Vehicle in Transport,no,no,no,no,no,False
102561655,METROPOLITAN NASHVILLE POLICE DEPT,20190812674,Davidson,Nashville,11/8/2019 10:53:00 AM,2,0,0,36.229380,-86.759280,BROADMOOR DR,,,,0.00,,,DICKERSON PKE,,,,0.00,Y,Four-Way,N,Intersection,None,,,         ,Nicholas,Smith,Clear,Angle,no,no,no,no,no,False
102561658,METROPOLITAN NASHVILLE POLICE DEPT,20190812795,Davidson,Belle Meade,11/8/2019 12:00:00 PM,2,0,0,36.103490,-86.869640,HARDING PKE,,,,89.00,Feet,South,POST RD,,,,0.00,N,Not at Intersection, ,Non-Junction,None,,,         ,Curtis,Rich,Clear,Front to Rear,no,no,no,no,no,False
102561659,METROPOLITAN NASHVILLE POLICE DEPT,20190812763,Davidson,Nashville,11/8/2019 11:47:00 AM,2,0,0,36.168740,-86.614990,DODSON CHAPEL RD,,,,125.00,Feet,South,BROOKS MILL CIR,,,,0.00,N,Not at Intersection,N,Non-Junction,None,,,         ,Anna,Clayton,Clear,Front to Rear,no,no,no,no,no,False
102561675,METROPOLITAN NASHVILLE POLICE DEPT,20190812452,Davidson,Nashville,11/8/2019 8:45:00 AM,4,2,0,36.229710,-86.771850,I 65,,,,0.00,,,,,,,89.00,N,Not at Intersection,N,Non-Junction,None,,,         ,Jacob,Robbins,Clear,Other,no,no,no,no,no,False
102561676,METROPOLITAN NASHVILLE POLICE DEPT,20190812834,Davidson,Nashville,11/8/2019 12:37:00 PM,2,0,0,36.139720,-86.818690,WEST END AV,,,,180.00,Feet,North,ORLEANS DR,,,,0.00,N,Not at Intersection, ,Non-Junction,None,,,         ,Earl,Davis,Clear,Front to Rear,no,no,no,no,no,False
102561716,METROPOLITAN NASHVILLE POLICE DEPT,20190812743,Davidson,Nashville,11/8/2019 11:32:00 AM,1,0,0,36.210250,-86.878430,ASHLAND CITY HWY,,,,0.00,,,AMY LYNN DR,,,,0.00,Y,T-Intersection, ,Non-Junction,None,,,         ,James,Wray,Clear,Not Collision with Motor Vehicle in Transport,no,no,no,no,no,False
102561734,METROPOLITAN NASHVILLE POLICE DEPT,20190812873,Davidson,Nashville,11/8/2019 12:55:00 PM,2,0,0,36.193190,-86.830470,CLARKSVILLE PKE,,,,276.00,Feet,East,BUENA VISTA PKE,,,,0.00,N,Not at Intersection, ,Non-Junction,None,,,         ,Wesley,Young,Clear,Front to Rear,no,no,no,no,no,False
102561761,METROPOLITAN NASHVILLE POLICE DEPT,20190812871,Davidson,Not in City Limit,11/8/2019 1:10:00 PM,2,0,0,36.034420,-86.981860,HIGHWAY 100,,,,172.00,Feet,East,OLD HARDING PKE,,,,0.00,N,Not at Intersection, ,Non-Junction,None,,,         ,Curtis,Rich,Clear,Angle,no,no,no,no,no,False
102561766,METROPOLITAN NASHVILLE POLICE DEPT,20190812818,Davidson,Nashville,11/8/2019 12:17:00 PM,2,0,0,36.016850,-86.619880,FIRESTONE PKWY,,,,0.00,,,OLD HICKORY BLVD,,,,0.00,Y,Four-Way, ,Intersection,None,,,         ,Nelson,Hemingway,Clear,Front to Rear,no,no,no,no,no,False
102561777,METROPOLITAN NASHVILLE POLICE DEPT,20190812725,Davidson,Nashville,11/8/2019 11:25:00 AM,2,0,0,36.075410,-86.768030,I 65,,,,0.00,,,,,,,77.30,N,Not at Intersection, ,Non-Junction,None,,,         ,Gary,Sneed,Clear,"Sideswipe, Same Direction",no,no,no,no,no,False
102561778,METROPOLITAN NASHVILLE POLICE DEPT,20190812852,Davidson,Nashville,11/8/2019 12:47:00 PM,4,2,0,36.149820,-86.639020,I 40,,,,0.00,,,,,,,218.35,N,Not at Intersection,N,Non-Junction,None,,,         ,Michael,Dance,Clear,Front to Rear,no,no,no,no,yes,False
102561779,METROPOLITAN NASHVILLE POLICE DEPT,20190812882,Davidson,Nashville,11/8/2019 12:00:00 PM,2,0,0,36.089620,-86.702980,I 24,,,,0.00,,,,,,,55.40,N,Not at Intersection, ,Non-Junction,None,,,         ,Jason,Kedzierski,Clear,"Sideswipe, Same Direction",no,no,no,no,no,False
102561788,METROPOLITAN NASHVILLE POLICE DEPT,20190812807,Davidson,Nashville,11/8/2019 11:18:00 AM,2,0,0,36.199640,-86.740650,GALLATIN PKE,,,,0.00,,,DELMAS AV,,,,0.00,Y,T-Intersection, ,Intersection-Related,None,,,         ,Russell,Freeman,Clear,Angle,no,no,no,no,no,False
102561789,METROPOLITAN NASHVILLE POLICE DEPT,20190812721,Davidson,Nashville,11/8/2019 12:00:00 AM,2,0,0,36.227940,-86.759560,DICKERSON PKE,,,,529.00,Feet,South,BROADMOOR DR,,,,0.00,N,Not at Intersection,N,Non-Junction,None,,,         ,Jacob,Robbins,Clear,"Sideswipe, Same Direction",no,no,no,no,yes,False
102561790,METROPOLITAN NASHVILLE POLICE DEPT,20190812838,Davidson,Nashville,11/8/2019 12:40:00 PM,2,1,0,36.096620,-86.749480,ALLIED DR,,,,0.00,,,TROUSDALE DR,,,,0.00,Y,T-Intersection,N,Intersection,None,,,         ,Ian,Hammond,Clear,Angle,no,no,no,no,no,False
102561813,METROPOLITAN NASHVILLE POLICE DEPT,20190812791,Davidson,Nashville,11/8/2019 12:00:00 AM,2,0,0,36.137570,-86.800760,WEDGEWOOD AV,,,,0.00,,,21ST AVS,,,,0.00,Y,Four-Way, ,Intersection,None,,,         ,William,Caillouette,Clear,"Sideswipe, Same Direction",no,no,no,no,no,Campus
102561837,METROPOLITAN NASHVILLE POLICE DEPT,20190812931,Davidson,Nashville,11/8/2019 1:45:00 PM,2,0,0,36.195270,-86.776150,I 65,,,,0.00,,,,,,,86.55,N,Not at Intersection,N,Non-Junction,None,,,         ,Wesley,Young,Clear,Front to Rear,no,no,no,no,yes,False
102561844,METROPOLITAN NASHVILLE POLICE DEPT,20190812904,Davidson,Nashville,11/8/2019 1:25:00 PM,2,4,0,36.212490,-86.764910,DICKERSON PKE,,,,75.00,Feet,South,GORDON TER,,,,0.00,N,Not at Intersection,N,Non-Junction,None,,,         ,Russell,Freeman,Clear,"Sideswipe, Same Direction",no,no,no,no,no,False
102561852,METROPOLITAN NASHVILLE POLICE DEPT,20190812749,Davidson,Nashville,11/8/2019 11:41:00 AM,2,0,0,36.157110,-86.774670,4TH AVS,,,,0.00,,,KOREAN VETERANS BLVD,,,,0.00,Y,Four-Way,N,Intersection,None,,,         ,Bianca,Crawford,Clear,"Sideswipe, Same Direction",no,no,no,no,no,False
102561862,METROPOLITAN NASHVILLE POLICE DEPT,20190812840,Davidson,Nashville,11/8/2019 12:40:00 PM,2,0,0,36.131590,-86.726920,I24E,,,,477.00,Feet,North,I24 W ENT RAMP,,,,0.00,N,Not at Intersection,N,Non-Junction,None,,,         ,James,Thomas,Clear,Front to Rear,no,no,no,no,no,False
102561866,METROPOLITAN NASHVILLE POLICE DEPT,20190812962,Davidson,Nashville,11/8/2019 1:50:00 PM,2,0,0,36.080410,-86.721900,HARDING PL,,,,414.00,Feet,East,HARDING MALL DR,,,,0.00,N,Not at Intersection,N,Non-Junction,None,,,         ,Jason,Kedzierski,Clear,Front to Rear,no,no,no,no,yes,False
102561919,METROPOLITAN NASHVILLE POLICE DEPT,20190812913,Davidson,Nashville,11/8/2019 12:55:00 PM,2,0,0,36.202360,-86.776640,I 65,,,,0.00,,,,,,,87.00,N,Not at Intersection, ,Non-Junction,None,,,         ,Royce,McLester,Clear,"Sideswipe, Same Direction",no,no,no,no,no,False
102561927,METROPOLITAN NASHVILLE POLICE DEPT,20190812835,Davidson,Nashville,11/8/2019 12:27:00 PM,4,3,0,36.201870,-86.776850,I 65,,,,0.00,,,,,,,87.00,N,Not at Intersection,N,Non-Junction,None,,,         ,James,Wray,Clear,"Sideswipe, Same Direction",no,no,no,no,no,False
102561928,METROPOLITAN NASHVILLE POLICE DEPT,20190812832,Davidson,Nashville,11/8/2019 12:30:00 PM,2,0,0,36.170610,-86.802860,16TH AVN,,,,72.00,Feet,North,JEFFERSON ST,,,,0.00,N,Not at Intersection, ,Non-Junction,None,,,         ,Jerica,Gladston,Clear,"Sideswipe, Same Direction",no,no,no,no,no,False
102561943,METROPOLITAN NASHVILLE POLICE DEPT,20190812890,Davidson,Nashville,11/8/2019 1:05:00 PM,1,0,0,36.134770,-86.746840,FESSLERS LN,,,,0.00,,,POLK AV,,,,0.00,Y,Four-Way, ,Intersection-Related,Construction Zone,,,         ,Alex,Moore,Clear,Not Collision with Motor Vehicle in Transport,no,no,no,no,no,False
102561949,METROPOLITAN NASHVILLE POLICE DEPT,20190812979,Davidson,Nashville,11/8/2019 2:30:00 PM,2,0,0,36.241380,-86.763520,BRILEY PKWYE,,,,307.00,Feet,West,BRILEY PKWYW,,,,0.00,N,Not at Intersection, ,Non-Junction,None,,,         ,Jacob,Krispin,Clear,"Sideswipe, Same Direction",no,no,no,no,no,False
102561963,METROPOLITAN NASHVILLE POLICE DEPT,20190812679,Davidson,Nashville,11/8/2019 10:30:00 AM,3,0,0,36.079990,-86.724860,HARDING PL,,,,0.00,,,SEVEN MILE CREEK HARDING MALL,,,,0.00,Y,T-Intersection,N,"Driveway, Alley Access, etc",None,,,         ,Garrett,Latham,Clear,Angle,no,no,no,no,no,False
102561964,METROPOLITAN NASHVILLE POLICE DEPT,20190813023,Davidson,Nashville,11/8/2019 2:15:00 PM,2,0,0,36.093230,-86.680500,AIRPARK CENTER DR,,,,70.00,Feet,North,HARDING PL,,,,0.00,N,Not at Intersection, ,Non-Junction,None,,,         ,Devonte,Coleman,Clear,"Sideswipe, Same Direction",no,no,no,no,no,False
102561965,VANDERBILT UNIVERSITY POLICE,20190812909,Davidson,Nashville,11/8/2019 6:35:00 AM,2,0,0,36.142090,-86.806280,25TH AVS,,,,0.00,,,,,,,0.00,,,N,OtherLocation,None,,,         ,Laresa,Gore,Clear,Angle,no,no,no,yes,yes,Campus
102561978,METROPOLITAN NASHVILLE POLICE DEPT,20190813007,Davidson,Nashville,11/8/2019 2:02:00 PM,2,0,0,36.172670,-86.769360,I 24,,,,0.00,,,,,,,48.25,N,Not at Intersection, ,Non-Junction,None,,,         ,Roy,Sain Jr.,Clear,Front to Rear,no,no,no,no,yes,False
102561980,METROPOLITAN NASHVILLE POLICE DEPT,20190813090,Davidson,Nashville,11/8/2019 3:36:00 PM,2,0,0,36.145500,-86.811450,WEST END AV,,,,0.00,Feet,,27TH AVN,,,,0.00,Y,T-Intersection,N,Non-Junction,None,,,         ,FELIKS,ABRAHAMYAN,Clear,Angle,no,no,no,no,no,Campus
102561982,METROPOLITAN NASHVILLE POLICE DEPT,20190813012,Davidson,Nashville,11/8/2019 3:01:00 PM,2,1,0,36.141910,-86.640610,ELM HILL PKE,,,,0.00,,,TIMBER VALLEY DR,,,,0.00,Y,T-Intersection,N,Intersection,None,,,         ,Joshua,Hausman,Clear,Front to Rear,no,no,no,no,no,False
102561983,GOODLETTSVILLE POLICE DEPT,19-41750,Davidson,Goodlettsville,11/8/2019 3:00:00 PM,1,0,0,36.301550,-86.710180,I 65,,,,0.00,,,,,,,95.30,N,Not at Intersection,N,Non-Junction,None,,,         ,Rico,Jones,Clear,Not Collision with Motor Vehicle in Transport,no,no,no,no,no,False
102561984,METROPOLITAN NASHVILLE POLICE DEPT,20190813098,Davidson,Nashville,11/8/2019 3:25:00 PM,2,0,0,36.149670,-86.859930,OCEOLA AV,,,,0.00,Feet,,CHARLOTTE PKE,,,,0.00,Y,T-Intersection, ,Intersection,None,,,         ,Robert,Higgins,Clear,Angle,no,no,no,no,no,False
102561985,METROPOLITAN NASHVILLE POLICE DEPT,20190813052,Davidson,Nashville,11/8/2019 3:21:00 PM,2,0,0,36.143960,-86.722580,ELM HILL PKE,,,,2.00,Feet,West,SPENCE LN,,,,0.00,N,Not at Intersection, ,Non-Junction,None,,,         ,Deandera,Payne,Clear,"Sideswipe, Opposite Direction",no,no,no,no,no,False