master_record_number,agency,agency_tracking_number,county,city,collision_date,vehicles_involved,number_injured,number_dead,latitude,longitude,roadway_name,roadway_suffix,roadway_number,roadway_local_id,distance_from_reference,miles-feet_indicator,direction_from_reference,intersection_road_name,intersection_road_name_suffix,intersection_road_number,intersection_local_id,mile_marker,intersection_indicator,intersect_type,interchange_related_indicator,relation_to_junction,work_zone_type,construction_maintenance_zone,construction_maintenance_zone_location,fatal_case_number,officer_first_name,officer_last_name,weather_condition(s),manner_of_crash,pedestrian,bicycle,scooter,parking,hitrun,mou
102564453,METROPOLITAN NASHVILLE POLICE DEPT,20190817977,Davidson,Antioch,11/10/2019 10:41:00 PM,1,1,0,36.081380,-86.593650,SMITH SPRINGS RD,,,,0.00,Feet,East,SCENIC LAKE CT,,,,0.00,N,Not at Intersection, ,Non-Junction,None,,,         ,Holly,Davis,Clear,Not Collision with Motor Vehicle in Transport,no,no,no,no,no,False
102564463,METROPOLITAN NASHVILLE POLICE DEPT,20190817890,Davidson,Nashville,11/10/2019 11:00:00 PM,1,0,0,36.220410,-86.753080,HART LN,,,,172.00,Feet,East,WHITNEY PARK DR,,,,0.00,N,Not at Intersection, ,Non-Junction,None,,,         ,Philip,Claibourne,Clear,Not Collision with Motor Vehicle in Transport,no,no,no,no,no,False
102564466,METROPOLITAN NASHVILLE POLICE DEPT,20190818117,Davidson,Nashville,11/11/2019 12:55:00 AM,2,0,0,36.074720,-86.635010,BELL RD,,,,0.00,,,ANDERSON RD,,,,0.00,Y,T-Intersection,N,Intersection,None,,,         ,Bradley,Pope,Clear,"Sideswipe, Same Direction",no,no,no,no,yes,False
102564481,METROPOLITAN NASHVILLE POLICE DEPT,20190818217,Davidson,Nashville,11/11/2019 2:10:00 AM,1,1,0,36.211470,-86.691390,BRILEY PKWYS,,,,905.00,Feet,South,BRILEY PKWY S ENT RAMP,,,,0.00,N,Not at Intersection,N,Non-Junction,None,,,         ,Adam,Masle,Clear,Not Collision with Motor Vehicle in Transport,no,no,no,no,no,False
102564484,METROPOLITAN NASHVILLE POLICE DEPT,20190818241,Davidson,Nashville,11/11/2019 2:30:00 AM,1,0,0,36.141980,-86.653010,I 40,,,,0.00,,,,,,,217.60,N,Not at Intersection,N,Non-Junction,None,,,         ,Jeremy,Crisp,Clear,Not Collision with Motor Vehicle in Transport,no,no,no,no,no,False
102564493,METROPOLITAN NASHVILLE POLICE DEPT,20190818157,Davidson,Nashville,11/11/2019 1:31:00 AM,1,1,0,36.080660,-86.716850,HARDING PL,,,,221.00,Feet,South,WELCH RD,,,,0.00,N,Not at Intersection,N,Non-Junction,None,,,         ,William,Williams,Clear,Not Collision with Motor Vehicle in Transport,no,no,no,yes,no,False
102564509,METROPOLITAN NASHVILLE POLICE DEPT,20190818351,Davidson,Not in City Limit,11/11/2019 3:51:00 AM,1,1,0,36.284040,-86.718340,N GRAYCROFT AV,,,,0.00,,,,,,,0.00,,,N,Non-Junction,None,,,         ,Patrick,McGinnis,Clear,Not Collision with Motor Vehicle in Transport,no,no,no,no,no,False
102564554,METROPOLITAN NASHVILLE POLICE DEPT,20190818454,Davidson,Nashville,11/11/2019 5:00:00 AM,2,0,0,36.211010,-86.778510,BRICK CHURCH PKE,,,,400.00,Feet,South,DENNIS DR,,,,0.00,N,Not at Intersection,N,Non-Junction,None,,,         ,Jacob,Dick,Clear,Angle,no,no,no,no,no,False
102564564,METROPOLITAN NASHVILLE POLICE DEPT,20190804408,Davidson,Nashville,11/5/2019 5:57:00 AM,2,0,0,36.191020,-86.798950,VANTAGE WAY CT,,,,0.00,,,VANTAGE WAY,,,,0.00,Y,Four-Way,N,Non-Junction,None,,,         ,Jean,McCormack,Clear,Angle,no,no,no,no,no,False
102564580,METROPOLITAN NASHVILLE POLICE DEPT,20190818595,Davidson,Nashville,11/11/2019 7:11:00 AM,2,0,0,36.074380,-86.921300,HIGHWAY 70S,,,,111.00,Feet,West,OLD HICKORY BLVD,,,,0.00,N,Not at Intersection, ,Non-Junction,None,,,         ,Curtis,Rich,Clear,Front to Rear,no,no,no,no,no,False
102564585,METROPOLITAN NASHVILLE POLICE DEPT,20190818564,Davidson,Nashville,11/11/2019 6:29:00 AM,2,0,0,36.237100,-86.729290,BRILEY PKWYW,,,,634.00,Feet,West,BRILEY PKWY W ENT RAMP,,,,0.00,N,Not at Intersection, ,Non-Junction,None,,,         ,Gabriel,Centeno,Clear,"Sideswipe, Same Direction",no,no,no,no,yes,False
102564607,METROPOLITAN NASHVILLE POLICE DEPT,20190818570,Davidson,Nashville,11/11/2019 12:00:00 AM,2,0,0,36.161700,-86.760810,I 24,,,,0.00,,,,,,,49.35,N,Not at Intersection,N,Non-Junction,None,,,         ,James,Thornton,Clear,"Sideswipe, Same Direction",no,no,no,no,yes,False
102564608,METROPOLITAN NASHVILLE POLICE DEPT,20190818642,Davidson,Nashville,11/11/2019 7:38:00 AM,1,0,0,36.140950,-86.662380,I 40,,,,0.00,,,,,,,218.00,N,Not at Intersection, ,Non-Junction,None,,,         ,Tien,Nguyen,Clear,Not Collision with Motor Vehicle in Transport,no,no,no,no,no,False
102564625,METROPOLITAN NASHVILLE POLICE DEPT,20190818638,Davidson,Nashville,11/11/2019 7:36:00 AM,2,0,0,36.130040,-86.817110,I 440,,,,0.00,,,,,,,2.00,N,Not at Intersection,N,Non-Junction,Construction Zone,Other,Activity Area,         ,Roger,Luther,Clear,"Sideswipe, Same Direction",no,no,no,no,no,False
102564628,METROPOLITAN NASHVILLE POLICE DEPT,20190818690,Davidson,Nashville,11/11/2019 8:00:00 AM,2,0,0,36.217500,-86.743450,BEN ALLEN RD,,,,16.00,Feet,North,HART LN,,,,0.00,N,Not at Intersection,N,Non-Junction,None,,,         ,Zachary,Carter,Clear,"Sideswipe, Opposite Direction",no,no,no,no,no,False
102564637,METROPOLITAN NASHVILLE POLICE DEPT,20190818719,Davidson,Nashville,11/11/2019 8:10:00 AM,2,0,0,36.244610,-86.784840,BRICK CHURCH LN,,,,17.00,Feet,West,CONNECTING ROAD,,,,0.00,N,Not at Intersection,N,Non-Junction,None,,,         ,Gregory,Scott,Clear,"Sideswipe, Same Direction",no,no,no,no,yes,False
102564650,GOODLETTSVILLE POLICE DEPT,19-42127,Davidson,Goodlettsville,11/11/2019 5:50:00 AM,2,1,0,36.323550,-86.705950,LONG HOLLOW PKE,,,,0.00,,,I65 S ENT RAMP,,,,0.00,Y,OTHER,N,Intersection-Related,None,,,         ,Charles,Hauskin,Clear,Angle,no,no,no,no,no,False
102564653,METROPOLITAN NASHVILLE POLICE DEPT,20190818648,Davidson,Nashville,11/11/2019 7:35:00 AM,2,0,0,36.119160,-86.754730,WINFORD AV,,,,32.00,Feet,South,MELROSE AV,,,,0.00,N,Not at Intersection,N,Non-Junction,None,,,         ,Brent,Bauer,Clear,Other,no,no,no,no,yes,False
102564689,METROPOLITAN NASHVILLE POLICE DEPT,20190818688,Davidson,Nashville,11/11/2019 7:56:00 AM,2,1,0,36.173820,-86.782640,2ND AVN,,,,236.00,Feet,South,JUNIOR GILLIAM WAY,,,,0.00,N,Not at Intersection,N,Non-Junction,None,,,         ,James,Hill,Cloudy,Angle,no,no,no,no,no,False
102564693,METROPOLITAN NASHVILLE POLICE DEPT,20190818624,Davidson,Nashville,11/11/2019 7:15:00 AM,2,0,0,36.183820,-86.795330,6TH AVN,,,,149.00,Feet,North,BUCHANAN ST,,,,0.00,N,Not at Intersection,N,Non-Junction,None,,,         ,Jean,McCormack,Clear,Front to Rear,no,no,no,no,yes,False
102564697,METROPOLITAN NASHVILLE POLICE DEPT,20190818856,Davidson,Nashville,11/11/2019 9:50:00 AM,3,2,0,36.207870,-86.776310,I 65,,,,0.00,,,,,,,87.40,N,Not at Intersection,N,Non-Junction,None,,,         ,Zachary,Goodall,Cloudy,Front to Rear,no,no,no,no,yes,False
102564710,METROPOLITAN NASHVILLE POLICE DEPT,20190818776,Davidson,Nashville,11/11/2019 12:00:00 AM,2,1,0,36.167210,-86.795740,I 40,,,,0.00,,,,,,,208.25,N,Not at Intersection,N,Non-Junction,None,,,         ,Corey,Reed,Clear,Angle,no,no,no,no,no,False
102564712,METROPOLITAN NASHVILLE POLICE DEPT,20190818798,Davidson,Nashville,11/11/2019 9:10:00 AM,3,0,0,36.126850,-86.815010,I 440,,,,0.00,,,,,,,2.25,N,Not at Intersection,N,Non-Junction,Construction Zone,Work On Shoulder Or Median,Transition Area,         ,George,Spencer,Clear,Front to Rear,no,no,no,no,no,False
102564713,METROPOLITAN NASHVILLE POLICE DEPT,20190818836,Davidson,Nashville,11/11/2019 8:30:00 AM,2,0,0,36.161970,-86.793490,I 40,,,,0.00,,,,,,,208.65,N,Not at Intersection, ,Non-Junction,None,,,         ,Thomas,Clingan,Cloudy,Front to Rear,no,no,no,no,no,False
102564716,BELLE MEADE POLICE DEPT,19-0319,Davidson,Belle Meade,11/3/2019 10:33:00 AM,2,0,0,36.093100,-86.849210,HARDING PL,,,,0.00,,,LYNNWOOD BLVD,,,,0.00,Y,T-Intersection, ,,None,,,         ,Wes,Bowker,,,no,no,no,no,no,False
102564733,METROPOLITAN NASHVILLE POLICE DEPT,20190819029,Davidson,Nashville,11/11/2019 11:10:00 AM,1,0,0,36.090160,-86.811620,HARDING PL,,,,314.00,Feet,East,COMPTON TRC,,,,0.00,N,Not at Intersection,N,Non-Junction,None,,,         ,Justin,Pinkelton,Cloudy,Not Collision with Motor Vehicle in Transport,no,no,no,no,no,False
102564736,METROPOLITAN NASHVILLE POLICE DEPT,20190819015,Davidson,Nashville,11/11/2019 11:37:00 AM,2,0,0,36.116980,-86.669080,HANGAR LN,,,,0.00,,,AIRPORT SERVICE RD,,,,0.00,Y,T-Intersection,N,Intersection-Related,None,,,         ,Tien,Nguyen,Cloudy,Angle,no,no,no,no,no,False
102564738,METROPOLITAN NASHVILLE POLICE DEPT,20190819004,Davidson,Nashville,11/11/2019 11:29:00 AM,2,0,0,36.172480,-86.595110,CENTRAL PKE,,,,0.00,,,TULIP GROVE RD,,,,0.00,Y,Four-Way, ,Intersection,None,,,         ,Michael,Dance,Clear,Angle,no,no,no,no,no,False
102564745,METROPOLITAN NASHVILLE POLICE DEPT,20190818641,Davidson,Nashville,11/11/2019 11:48:00 AM,2,0,0,36.156480,-86.794510,16TH AVE N,,,,0.00,,,CHURCH ST,,,,0.00,Y,T-Intersection, ,,None,,,         ,Walter,Cothran,,,no,no,no,no,no,False
102564813,METROPOLITAN NASHVILLE POLICE DEPT,20190819057,Davidson,Nashville,11/11/2019 12:01:00 PM,2,1,0,36.086880,-86.696690,HARDING PL,,,,217.00,Feet,West,METROPLEX DR,,,,0.00,N,Not at Intersection,N,Non-Junction,None,,,         ,Jessie,Meadows,Clear,Front to Rear,no,no,no,no,no,False
102564814,METROPOLITAN NASHVILLE POLICE DEPT,2019-0818893,Davidson,Nashville,11/11/2019 9:00:00 AM,1,0,0,36.238270,-86.780920,BRICK CHURCH PKE,,,,3.00,Feet,North,BRILEY PKWYE,,,,0.00,N,Not at Intersection,N,Entrance/Exit Ramp Related,None,,,         ,Arthur,Hipp,Cloudy,Not Collision with Motor Vehicle in Transport,no,no,no,no,yes,False
102564872,METROPOLITAN NASHVILLE POLICE DEPT,20190819152,Davidson,Nashville,11/11/2019 1:07:00 PM,2,0,0,36.150030,-86.638220,I 40,,,,0.00,,,,,,,218.40,N,Not at Intersection, ,Non-Junction,None,,,         ,Michael,Dance,Rain,"Sideswipe, Same Direction",no,no,no,no,no,False
102564916,METROPOLITAN NASHVILLE POLICE DEPT,20190819131,Davidson,Nashville,11/11/2019 12:50:00 PM,2,0,0,36.037480,-86.790980,S HILLVIEW DR,,,,3.00,Feet,North,OLD HICKORY BLVD,,,,0.00,N,Not at Intersection, ,Non-Junction,None,,,         ,Devin,Mabry,Rain,Front to Rear,no,no,no,no,no,False
102564920,METROPOLITAN NASHVILLE POLICE DEPT,20190819061,Davidson,Nashville,11/11/2019 12:00:00 PM,2,1,0,36.170490,-86.807050,SCOVEL ST,,,,0.00,,,DR D B TODD JR BLVD,,,,0.00,Y,Four-Way,N,Intersection,None,,,         ,Jonathon,Sheppard,Clear,Angle,no,no,no,no,no,False
102564922,METROPOLITAN NASHVILLE POLICE DEPT,20190819087,Davidson,Nashville,11/11/2019 12:21:00 PM,2,0,0,36.079430,-86.726270,NOLENSVILLE PKE,,,,66.00,Feet,South,HARDING PL,,,,0.00,N,Not at Intersection, ,Non-Junction,None,,,         ,Jessie,Meadows,Clear,Angle,no,no,no,no,no,False
102564923,GOODLETTSVILLE POLICE DEPT,19-42129,Davidson,Goodlettsville,11/11/2019 6:20:00 AM,3,0,0,36.325840,-86.706200,I 65,,,,0.00,,,,,,,97.15,N,Not at Intersection,N,Non-Junction,None,,,         ,Charles,Hauskin,Clear,Front to Rear,no,no,no,no,no,False
102564927,METROPOLITAN NASHVILLE POLICE DEPT,20190819110,Davidson,Nashville,11/11/2019 12:36:00 PM,2,0,0,36.152120,-86.772230,LAFAYETTE ST,,,,0.00,,,ASH ST,,,,0.00,Y,Four-Way, ,Intersection-Related,None,,,         ,Bianca,Crawford,Clear,Angle,no,no,no,no,no,False
102564928,METROPOLITAN NASHVILLE POLICE DEPT,20190819196,Davidson,Nashville,11/11/2019 1:33:00 PM,1,1,0,36.134280,-86.779090,WEDGEWOOD AV,,,,0.00,,,8TH AVS,,,,0.00,Y,T-Intersection,N,Intersection,None,,,         ,Brent,Bauer,Cloudy,Not Collision with Motor Vehicle in Transport,yes,no,no,no,yes,False
102564936,METROPOLITAN NASHVILLE POLICE DEPT,20190819209,Davidson,Nashville,11/11/2019 1:44:00 PM,2,0,0,36.089260,-86.617260,SMITH SPRINGS RD,,,,56.00,Feet,West,BUTLER RD,,,,0.00,N,Not at Intersection, ,Non-Junction,None,,,         ,Tien,Nguyen,Rain,Front to Rear,no,no,no,no,no,False
102564944,METROPOLITAN NASHVILLE POLICE DEPT,20190819112,Davidson,Not in City Limit,11/11/2019 12:36:00 PM,2,0,0,36.306210,-86.686740,GALLATIN PKEN,,,,280.00,Feet,East,NORTHSIDE DR,,,,0.00,N,Not at Intersection, ,Non-Junction,None,,,         ,Cyretha,Frazier,Cloudy,Front to Rear,no,no,no,no,no,False
102564948,METROPOLITAN NASHVILLE POLICE DEPT,20190819134,Davidson,Nashville,11/11/2019 12:53:00 PM,2,0,0,36.110970,-86.745960,THOMPSON LN,,,,17.00,Feet,West,ELIZABETH ST,,,,0.00,N,Not at Intersection, ,Non-Junction,None,,,         ,Ian,Hammond,Rain,Front to Rear,no,no,no,no,yes,False
102564955,THP District 3 - Nashville,319073096,Davidson,Nashville,11/10/2019 5:29:00 PM,2,0,0,36.091360,-86.828510,HARDING PL,,,,0.00,,,HILLSBORO PKE,,,,0.00,Y,Four-Way, ,,None,,,         ,Kenneth,Hackett,,,no,no,no,no,no,False
102564958,METROPOLITAN NASHVILLE POLICE DEPT,20190819178,Davidson,Nashville,11/11/2019 1:10:00 PM,2,0,0,36.139350,-86.819100,ORLEANS DR,,,,0.00,,,WEST END AV,,,,0.00,Y,Four-Way, ,,None,,,         ,Brian,Murphy,,,no,no,no,no,no,False
102564960,METROPOLITAN NASHVILLE POLICE DEPT,20190819272,Davidson,Nashville,11/11/2019 2:00:00 PM,2,0,0,36.151110,-86.822460,I 440,,,,0.00,,,,,,,1.50,N,Not at Intersection, ,Non-Junction,Construction Zone,,,         ,Curtis,Rich,Rain,"Sideswipe, Same Direction",no,no,no,no,yes,False
102564973,METROPOLITAN NASHVILLE POLICE DEPT,20190819233,Davidson,Nashville,11/11/2019 1:54:00 PM,2,2,0,36.078970,-86.728180,HARDING PL,,,,597.00,Feet,West,COVENTRY DR,,,,0.00,N,Not at Intersection,N,"Driveway, Alley Access, etc",None,,,         ,Gary,Sneed,Rain,Angle,no,no,no,no,no,False
102565001,METROPOLITAN NASHVILLE POLICE DEPT,20190819265,Davidson,Nashville,11/11/2019 2:47:00 PM,2,0,0,36.181740,-86.810620,16TH AVN,,,,361.00,Feet,East,DR D B TODD JR BLVD,,,,0.00,N,Not at Intersection,N,Non-Junction,None,,,         ,Anthony,Cavis,Rain,HeadOn,no,no,no,no,yes,False
102565041,METROPOLITAN NASHVILLE POLICE DEPT,20190819291,Davidson,Nashville,11/11/2019 2:20:00 PM,2,0,0,36.134840,-86.824580,WEST END AV,,,,158.00,Feet,East,BOWLING AV,,,,0.00,N,Not at Intersection,N,Non-Junction,None,,,         ,Robert,Crow,Rain,Front to Rear,no,no,no,no,yes,False
102565057,METROPOLITAN NASHVILLE POLICE DEPT,20190819289,Davidson,Nashville,11/11/2019 1:55:00 PM,2,0,0,36.193610,-86.776670,I 65,,,,0.00,,,,,,,86.50,N,Not at Intersection,N,Non-Junction,None,,,         ,Luke,Steigerwalt,Rain,"Sideswipe, Same Direction",no,no,no,no,yes,False
102565062,METROPOLITAN NASHVILLE POLICE DEPT,20190819381,Davidson,Nashville,11/11/2019 3:20:00 PM,2,0,0,36.161770,-86.760540,I 24,,,,0.00,,,,,,,49.35,N,Not at Intersection, ,Non-Junction,None,,,         ,Chase,Harriman,Rain,Front to Rear,no,no,no,no,no,False
102565068,METROPOLITAN NASHVILLE POLICE DEPT,20190819352,Davidson,Nashville,11/11/2019 3:02:00 PM,3,0,0,36.128340,-86.842450,HARDING PKE,,,,506.00,Feet,East,WOODLAWN DR,,,,0.00,N,Not at Intersection,N,Non-Junction,None,,,         ,Robert,Crow,Rain,Front to Rear,no,no,no,no,yes,False
102565074,METROPOLITAN NASHVILLE POLICE DEPT,20190819394,Davidson,Nashville,11/11/2019 12:00:00 AM,2,0,0,36.171870,-86.768560,I 24,,,,0.00,,,,,,,48.35,N,Not at Intersection, ,Non-Junction,None,,,         ,Trevor,Taylor,Rain,Front to Rear,no,no,no,no,no,False
102565076,METROPOLITAN NASHVILLE POLICE DEPT,20190819318,Davidson,Nashville,11/11/2019 2:40:00 PM,2,0,0,36.125630,-86.711270,BOWWOOD CT,,,,313.00,Feet,West,EAST THOMPSON LN,,,,0.00,N,Not at Intersection,N,Non-Junction,None,,,         ,Ciarra,Rench,Rain,"Sideswipe, Same Direction",no,no,no,yes,yes,False
102565081,METROPOLITAN NASHVILLE POLICE DEPT,20190819331,Davidson,Nashville,11/11/2019 3:00:00 PM,2,0,0,36.140830,-86.659320,I 40,,,,0.00,,,,,,,217.95,N,Not at Intersection,N,Non-Junction,None,,,         ,Kimberly,Forsyth,Rain,Front to Rear,no,no,no,no,no,False
102565082,METROPOLITAN NASHVILLE POLICE DEPT,20190819449,Davidson,Goodlettsville,11/11/2019 4:02:00 PM,2,0,0,36.289680,-86.723600,I 65,,,,0.00,,,,,,,94.20,N,Not at Intersection, ,Non-Junction,None,,,         ,Rodney,Phipps,Rain,Front to Rear,no,no,no,no,no,False
102565087,METROPOLITAN NASHVILLE POLICE DEPT,20190819422,Davidson,Nashville,11/11/2019 3:32:00 PM,2,0,0,36.045250,-86.660010,I24 E EXT RAMP,,,,0.00,Feet,East,I 24,,,,0.00,N,Not at Intersection, ,Entrance/Exit Ramp Related,None,,,         ,Taylor,Hurley,Rain,"Sideswipe, Same Direction",no,no,no,no,yes,False
102565096,METROPOLITAN NASHVILLE POLICE DEPT,20190819456,Davidson,Nashville,11/11/2019 3:35:00 PM,2,0,0,36.141920,-86.640090,ELM HILL PKE,,,,152.00,Feet,East,TIMBER VALLEY DR,,,,0.00,N,Not at Intersection, ,,None,,,         ,Maryanne,Bartello,,,no,no,no,no,no,False
102565099,METROPOLITAN NASHVILLE POLICE DEPT,20190819373,Davidson,Nashville,11/11/2019 3:04:00 PM,2,0,0,36.128250,-86.842610,HARDING PKE,,,,451.00,Feet,East,WOODLAWN DR,,,,0.00,N,Not at Intersection, ,Non-Junction,None,,,         ,Torian,Cox,Rain,Front to Rear,no,no,no,no,no,False
102565100,METROPOLITAN NASHVILLE POLICE DEPT,20190819230,Davidson,Nashville,11/11/2019 1:11:00 PM,2,0,0,36.081210,-86.758820,HARDING PL,,,,142.00,Feet,West,TROUSDALE DR,,,,0.00,N,Not at Intersection, ,,None,,,         ,FELIKS,ABRAHAMYAN,,,no,no,no,no,no,False
102565108,METROPOLITAN NASHVILLE POLICE DEPT,20190819465,Davidson,Nashville,11/11/2019 3:12:00 PM,2,0,0,36.152490,-86.803870,22ND AVN,,,,0.00,,,,,,,0.00,,,N,Non-Junction,None,,,         ,FELIKS,ABRAHAMYAN,Rain,Unknown,no,no,no,yes,yes,False
102565109,METROPOLITAN NASHVILLE POLICE DEPT,20190819387,Davidson,Nashville,11/11/2019 2:35:00 PM,2,0,0,36.155250,-86.811990,25TH AVE N,,,,0.00,,,US HWY 70,,,,0.00,Y,T-Intersection, ,Intersection-Related,None,,,         ,John,Roberson,Rain,Front to Rear,no,no,no,no,yes,False
102565110,METROPOLITAN NASHVILLE POLICE DEPT,20190819556,Davidson,Nashville,11/11/2019 4:48:00 PM,2,0,0,36.090120,-86.687740,HARDING PL,,,,50.00,Feet,West,OLD EZELL RD,,,,0.00,N,Not at Intersection,N,Non-Junction,None,,,         ,Jarret,Sonnenberg,Rain,"Sideswipe, Same Direction",no,no,no,no,yes,False
102565113,METROPOLITAN NASHVILLE POLICE DEPT,20190819459,Davidson,Goodlettsville,11/11/2019 3:40:00 PM,2,0,0,36.296910,-86.699160,GALLATIN PKEN,,,,0.00,,,RIVERGATE PKWY,,,,0.00,Y,Four-Way, ,,None,,,         ,Christopher,Littles,,,no,no,no,no,no,False
102565114,METROPOLITAN NASHVILLE POLICE DEPT,20190819500,Davidson,Not in City Limit,11/11/2019 4:28:00 PM,2,0,0,36.264170,-86.735530,I65 N EXT RAMP,,,,0.00,,,OLD HICKORY BLVDW,,,,0.00,Y,T-Intersection, ,,None,,,         ,Christopher,Littles,,,no,no,no,no,no,False
102565115,METROPOLITAN NASHVILLE POLICE DEPT,20190819481,Davidson,Not in City Limit,11/11/2019 4:00:00 PM,2,0,0,36.264290,-86.733200,OLD HICKORY BLVDW,,,,274.00,Feet,West,N GRAYCROFT AV,,,,0.00,N,Not at Intersection,N,Non-Junction,None,,,         ,Christopher,Littles,Rain,Front to Rear,no,no,no,no,yes,False
102565116,METROPOLITAN NASHVILLE POLICE DEPT,20190819547,Davidson,Nashville,11/11/2019 5:08:00 PM,2,0,0,36.086590,-86.700590,I 24,,,,0.00,,,,,,,55.70,N,Not at Intersection, ,Non-Junction,None,,,         ,Laura,Williams,Rain,Front to Rear,no,no,no,no,no,False
102565117,METROPOLITAN NASHVILLE POLICE DEPT,20190819524,Davidson,Nashville,11/11/2019 4:43:00 PM,2,1,0,36.215110,-86.598300,LEBANON PKE,,,,186.00,Feet,West,ANDREW JACKSON PKWY,,,,0.00,N,Not at Intersection,N,Non-Junction,None,,,         ,Jason,Milyaro Lucas,Rain,Angle,no,no,no,no,no,False
102565118,METROPOLITAN NASHVILLE POLICE DEPT,20190819562,Davidson,Nashville,11/11/2019 5:00:00 PM,2,0,0,36.123220,-86.806730,HILLSBORO PKE,,,,2.00,Feet,North,I440 W EXT RAMP,,,,0.00,N,Not at Intersection, ,Non-Junction,Construction Zone,,,         ,Conor,Cronin,Rain,Angle,no,no,no,no,no,False
102565123,METROPOLITAN NASHVILLE POLICE DEPT,20190819590,Davidson,Nashville,11/11/2019 5:25:00 PM,2,0,0,36.128560,-86.906580,CHARLOTTE PKE,,,,0.00,,,RIVER RD,,,,0.00,Y,Y-Intersection, ,,None,,,         ,Robert,Crow,,,no,no,no,no,no,False
102565127,METROPOLITAN NASHVILLE POLICE DEPT,20190819521,Davidson,Nashville,11/11/2019 4:40:00 PM,1,1,0,36.071710,-86.746890,SALEM DR,,,,630.00,Feet,East,BRIARWOOD DR,,,,0.00,N,Not at Intersection,N,Non-Junction,None,,,         ,Donovan,Coble,Rain,Not Collision with Motor Vehicle in Transport,no,no,no,no,no,False
102565130,METROPOLITAN NASHVILLE POLICE DEPT,20190819552,Davidson,Not in City Limit,11/11/2019 4:57:00 PM,2,0,0,36.263150,-86.712860,STATE HWY 45,,,,281.00,Feet,West,US HWY 31E,,,,0.00,N,Not at Intersection, ,Non-Junction,None,,,         ,Jared,Dick,Clear,Angle,no,no,no,no,no,False
102565131,METROPOLITAN NASHVILLE POLICE DEPT,20190819529,Davidson,Nashville,11/11/2019 4:48:00 PM,2,0,0,36.172880,-86.605660,CENTRAL PKE ENT RAMP,,,,0.00,,,I40 E EXT RAMP,,,,0.00,Y,T-Intersection,N,Entrance/Exit Ramp Related,None,,,         ,David,Stanley,Rain,Unknown,no,no,no,no,yes,False
102565134,METROPOLITAN NASHVILLE POLICE DEPT,20190819475,Davidson,Nashville,11/11/2019 4:17:00 PM,2,0,0,36.193100,-86.777240,I 65,,,,0.00,,,,,,,86.50,N,Not at Intersection, ,Non-Junction,None,,,         ,Bryan,Musgrave,Rain,Angle,no,no,no,no,no,False
102565136,METROPOLITAN NASHVILLE POLICE DEPT,20190819543,Davidson,Nashville,11/11/2019 4:54:00 PM,2,0,0,36.088100,-86.731530,NOLENSVILLE PKE,,,,590.00,Feet,North,ELYSIAN FIELDS CT,,,,0.00,N,Not at Intersection,N,Non-Junction,None,,,         ,Ryan,Sherry,Rain,Front to Rear,no,no,no,no,no,False
102565141,METROPOLITAN NASHVILLE POLICE DEPT,20190819284,Davidson,Nashville,11/11/2019 1:40:00 PM,2,0,0,36.209600,-86.870420,ASHLAND CITY HWY,,,,17.00,Feet,West,ASHLAND CITY HWY WB ENT RAMP,,,,0.00,N,Not at Intersection,N,Non-Junction,None,,,         ,Peter,Kinsey,Rain,Front to Rear,no,no,no,no,yes,False
102565142,METROPOLITAN NASHVILLE POLICE DEPT,20190819536,Davidson,Nashville,11/11/2019 4:54:00 PM,2,0,0,36.076390,-86.767490,I 65,,,,0.00,,,,,,,77.40,N,Not at Intersection, ,,None,,,         ,Gabriel,Hamilton,,,no,no,no,no,no,False
102565146,METROPOLITAN NASHVILLE POLICE DEPT,20190819522,Davidson,Nashville,11/11/2019 4:10:00 PM,2,1,0,36.107520,-86.812840,HILLSBORO PKE,,,,115.00,Feet,South,GREEN HILLS VILLAGE DR,,,,0.00,N,Not at Intersection, ,Non-Junction,None,,,         ,John,Chambers,Rain,Front to Rear,no,no,no,no,no,False
102565147,METROPOLITAN NASHVILLE POLICE DEPT,20190819636,Davidson,Goodlettsville,11/11/2019 5:46:00 PM,2,0,0,36.294740,-86.701090,GALLATIN PKEN,,,,144.00,Feet,North,MCHENRY CENTER PVTDR,,,,0.00,N,Not at Intersection, ,,None,,,         ,Christopher,Littles,,,no,no,no,no,no,False
102565148,METROPOLITAN NASHVILLE POLICE DEPT,20190819640,Davidson,Nashville,11/11/2019 6:01:00 PM,2,2,0,36.214980,-86.591000,LEBANON PKE,,,,749.00,Feet,West,ANDREW JACKSON PKWY,,,,0.00,N,Not at Intersection,N,Non-Junction,None,,,         ,Jason,Milyaro Lucas,Rain,Angle,no,no,no,no,no,False
102565151,METROPOLITAN NASHVILLE POLICE DEPT,20190819579,Davidson,Nashville,11/11/2019 5:20:00 PM,2,0,0,36.151800,-86.771250,4TH AVS,,,,0.00,,,LAFAYETTE ST,,,,0.00,Y,Four-Way, ,Intersection,Work Zone,,,         ,Jason,King,Rain,"Sideswipe, Same Direction",no,no,no,no,no,False
102565152,METROPOLITAN NASHVILLE POLICE DEPT,20190819507,Davidson,Nashville,11/11/2019 4:35:00 PM,2,0,0,36.135140,-86.726900,I24E,,,,528.00,Feet,South,I24 W ENT RAMP,,,,0.00,N,Not at Intersection,N,Non-Junction,None,,,         ,Eric,Laury,Rain,Front to Rear,no,no,no,no,no,False