master_record_number,agency,agency_tracking_number,county,city,collision_date,vehicles_involved,number_injured,number_dead,latitude,longitude,roadway_name,roadway_suffix,roadway_number,roadway_local_id,distance_from_reference,miles-feet_indicator,direction_from_reference,intersection_road_name,intersection_road_name_suffix,intersection_road_number,intersection_local_id,mile_marker,intersection_indicator,intersect_type,interchange_related_indicator,relation_to_junction,work_zone_type,construction_maintenance_zone,construction_maintenance_zone_location,fatal_case_number,officer_first_name,officer_last_name,weather_condition(s),manner_of_crash,pedestrian,bicycle,scooter,parking,hitrun,mou
102565538,GOODLETTSVILLE POLICE DEPT,19-42174,Davidson,Goodlettsville,11/11/2019 5:00:00 PM,2,0,0,36.311980,-86.679790,VIETNAM VETERANS,BLVD,SR386,,100.00,Feet,East,VIETNAM VETERANS,BLVD,SR386,,1.80,N,Not at Intersection, ,Non-Junction,None,,,         ,Charles,Hauskin,Rain,Front to Rear,no,no,no,no,no,False
102565543,METROPOLITAN NASHVILLE POLICE DEPT,20190820952,Davidson,Nashville,11/12/2019 7:15:00 AM,2,0,0,36.114020,-86.773940,I65 S ENT RAMP,,,,0.00,,,I 65,,,,0.00,Y,OTHER, ,Entrance/Exit Ramp Related,None,,,         ,Michael,Suagua,Clear,Front to Rear,no,no,no,no,no,False
102565548,METROPOLITAN NASHVILLE POLICE DEPT,20190820980,Davidson,Nashville,11/12/2019 7:44:00 AM,2,0,0,36.138490,-86.819990,WEST END AV,,,,298.00,Feet,North,I440 W EXT RAMP,,,,0.00,N,Not at Intersection, ,Non-Junction,None,,,         ,Curtis,Rich,Clear,Front to Rear,no,no,no,no,no,False
102565561,METROPOLITAN NASHVILLE POLICE DEPT,20190820896,Davidson,Nashville,11/12/2019 7:15:00 AM,2,0,0,36.125550,-86.733020,I 440,,,,0.00,,,,,,,7.25,N,Not at Intersection, ,Non-Junction,None,,,         ,Todd,Watson,Clear,Front to Rear,no,no,no,no,no,False
102565565,METROPOLITAN NASHVILLE POLICE DEPT,20190821022,Davidson,Nashville,11/12/2019 7:50:00 AM,2,0,0,36.091360,-86.828510,HARDING PL,,,,0.00,,,HILLSBORO PKE,,,,0.00,Y,Four-Way, ,Intersection-Related,None,,,         ,Timothy,Edwards,Other,Front to Rear,no,no,no,no,no,False
102565567,METROPOLITAN NASHVILLE POLICE DEPT,20190820994,Davidson,Nashville,11/12/2019 12:00:00 AM,2,0,0,36.165860,-86.781910,5TH AVN,,,,0.00,,,CHARLOTTE AV,,,,0.00,Y,Four-Way, ,Intersection,None,,,         ,James,Thornton,Snow,Front to Rear,no,no,no,no,no,False
102565569,METROPOLITAN NASHVILLE POLICE DEPT,20190820962,Davidson,Nashville,11/12/2019 7:31:00 AM,2,0,0,36.159610,-86.796260,CHARLOTTE AV,,,,0.00,,,16TH AVN,,,,0.00,Y,Four-Way, ,Intersection,None,,,         ,Wesley,Young,Clear,Front to Rear,no,no,no,no,no,False
102565572,METROPOLITAN NASHVILLE POLICE DEPT,20190820969,Davidson,Nashville,11/12/2019 7:00:00 AM,2,0,0,36.076500,-86.664270,BILLINGSGATE RD,,,,0.00,,,BILLINGSGATE CT,,,,0.00,Y,T-Intersection, ,Intersection-Related,None,,,         ,Charles,Coe,Clear,Angle,no,no,no,no,no,False
102565585,METROPOLITAN NASHVILLE POLICE DEPT,2019-0820965,Davidson,Nashville,11/12/2019 7:13:00 AM,1,0,0,36.238460,-86.738020,I65 N ENT RAMP,,,,0.00,,,BRILEY PKWYW,,,,0.00,Y,OTHER,N,Non-Junction,None,,,         ,Arthur,Hipp,Clear,Not Collision with Motor Vehicle in Transport,no,no,no,no,no,False
102565595,METROPOLITAN NASHVILLE POLICE DEPT,20190821034,Davidson,Nashville,11/12/2019 8:12:00 AM,2,0,0,36.141540,-86.732720,I 40,,,,0.00,,,,,,,212.95,N,Not at Intersection, ,,None,,,         ,Michael,Dance,,,no,no,no,no,no,False
102565597,METROPOLITAN NASHVILLE POLICE DEPT,20190820822,Davidson,Nashville,11/12/2019 6:00:00 AM,2,0,0,36.129490,-86.714700,MURFREESBORO PKE,,,,0.00,,,MILLWOOD DR,,,,0.00,Y,T-Intersection, ,Intersection,None,,,         ,Cassandra,Del Bosco,Clear,Angle,no,no,no,no,no,False
102565607,METROPOLITAN NASHVILLE POLICE DEPT,20190820987,Davidson,Nashville,11/12/2019 7:54:00 AM,2,0,0,36.164520,-86.776870,2ND AVN,,,,22.00,Feet,South,CHURCH ST,,,,0.00,N,Not at Intersection, ,Non-Junction,None,,,         ,James,Hill,Clear,Angle,no,no,no,no,no,False
102565615,METROPOLITAN NASHVILLE POLICE DEPT,20190821001,Davidson,Nashville,11/12/2019 6:40:00 AM,2,0,0,36.144050,-86.813590,29TH AVS,,,,45.00,Feet,South,WEST END AV,,,,0.00,N,Not at Intersection, ,Non-Junction,None,,,         ,Brian,Murphy,Clear,Angle,no,no,no,no,no,Campus
102565617,METROPOLITAN NASHVILLE POLICE DEPT,20190821002,Davidson,Nashville,11/12/2019 7:50:00 AM,2,0,0,36.136800,-86.821690,WEST END AV,,,,73.00,Feet,North,I440 E ENT RAMP,,,,0.00,N,Not at Intersection, ,Non-Junction,None,,,         ,Brian,Myatt,Clear,"Sideswipe, Same Direction",no,no,no,no,no,False
102565619,METROPOLITAN NASHVILLE POLICE DEPT,20190820801,Davidson,Nashville,11/12/2019 5:57:00 AM,2,0,0,36.064840,-86.622410,HAMILTON CHURCH RD,,,,90.00,Feet,West,OWENDALE DR,,,,0.00,N,Not at Intersection,N,Non-Junction,None,,,         ,Holly,Davis,Other,Other,no,no,no,no,no,False
102565626,METROPOLITAN NASHVILLE POLICE DEPT,20190820970,Davidson,Not in City Limit,11/12/2019 7:44:00 AM,2,0,0,36.266660,-86.741050,NESBITT LN,,,,262.00,Feet,North,OLD HICKORY BLVDW,,,,0.00,N,Not at Intersection,N,"Driveway, Alley Access, etc",None,,,         ,Brandon,Bilbrey,Clear,Angle,no,no,no,no,no,False
102565630,METROPOLITAN NASHVILLE POLICE DEPT,20190820869,Davidson,Nashville,11/12/2019 7:00:00 AM,3,1,0,36.175990,-86.780470,JEFFERSON ST,,,,645.00,Feet,West,OLDHAM ST PVTDR,,,,0.00,N,Not at Intersection, ,Non-Junction,None,,,         ,Bianca,Crawford,Clear,Angle,no,no,no,no,no,False
102565632,METROPOLITAN NASHVILLE POLICE DEPT,20190821188,Davidson,Nashville,11/12/2019 8:01:00 AM,2,0,0,36.111590,-86.723610,EAST THOMPSON LN,,,,100.00,Feet,West,I24 E EXT RAMP,,,,0.00,N,Not at Intersection,N,Non-Junction,None,,,         ,Jessie,Meadows,Clear,"Sideswipe, Opposite Direction",no,no,no,no,yes,False
102565633,METROPOLITAN NASHVILLE POLICE DEPT,20190821140,Davidson,Nashville,11/12/2019 8:11:00 AM,2,0,0,36.125310,-86.847960,WHITE BRIDGE PKE,,,,153.00,Feet,North,WOODMONT BLVD,,,,0.00,N,Not at Intersection,N,Non-Junction,None,,,         ,Curtis,Rich,Clear,Front to Rear,no,no,no,no,no,False
102565640,METROPOLITAN NASHVILLE POLICE DEPT,20190821102,Davidson,Nashville,11/12/2019 8:38:00 AM,2,0,0,36.148630,-86.781590,I 40,,,,0.00,,,,,,,209.75,N,Not at Intersection, ,Non-Junction,None,,,         ,Walter,Cothran,Clear,"Sideswipe, Same Direction",no,no,no,no,no,False
102565644,METROPOLITAN NASHVILLE POLICE DEPT,20190820912,Davidson,Nashville,11/12/2019 7:23:00 AM,2,2,0,36.178390,-86.804810,12TH AVN,,,,0.00,Feet,East,WHELESS ST,,,,0.00,N,Not at Intersection,N,Non-Junction,None,,,         ,Anthony,Cavis,Clear,"Sideswipe, Opposite Direction",no,no,no,no,no,False
102565655,METROPOLITAN NASHVILLE POLICE DEPT,20190820881,Davidson,Nashville,11/12/2019 7:05:00 AM,2,2,0,36.238980,-86.741640,BRILEY PKWYW,,,,97.00,Feet,East,ELLINGTON PKWYS,,,,0.00,N,Not at Intersection,N,Non-Junction,None,,,         ,Gabriel,Centeno,Clear,Front to Rear,no,no,no,no,no,False
102565656,METROPOLITAN NASHVILLE POLICE DEPT,20190821134,Davidson,Nashville,11/12/2019 8:40:00 AM,2,0,0,36.110300,-86.773290,FRANKLIN PKE,,,,3.00,Feet,North,THOMPSON LN,,,,0.00,N,Not at Intersection,N,Non-Junction,None,,,         ,Devin,Mabry,Snow,Front to Rear,no,no,no,no,yes,False
102565660,METROPOLITAN NASHVILLE POLICE DEPT,20190820867,Davidson,Nashville,11/12/2019 6:55:00 AM,2,1,0,36.218570,-86.748030,HART LN,,,,115.00,Feet,East,ELLINGTON PKWY S EXT RAMP,,,,0.00,N,Not at Intersection,N,Non-Junction,None,,,         ,Faye,Denson,Snow,Front to Rear,no,no,no,no,yes,False
102565668,METROPOLITAN NASHVILLE POLICE DEPT,20190821135,Davidson,Nashville,11/12/2019 8:00:00 AM,1,0,0,36.068580,-86.677950,RICHARDS RD,,,,0.00,,,,,,,0.00,,,N,Non-Junction,None,,,         ,Gerald,Gomes,Cloudy,Not Collision with Motor Vehicle in Transport,no,no,no,no,yes,False
102565671,METROPOLITAN NASHVILLE POLICE DEPT,20190821221,Davidson,Nashville,11/12/2019 9:46:00 AM,2,0,0,36.063880,-86.826350,OTTER CREEK RD,,,,0.00,,,ROBERT E LEE DR,,,,0.00,Y,T-Intersection, ,Intersection,None,,,         ,Earl,Davis,Clear,Front to Rear,no,no,no,no,no,False
102565676,METROPOLITAN NASHVILLE POLICE DEPT,20190821124,Davidson,Nashville,11/12/2019 8:50:00 AM,3,1,0,36.173270,-86.791400,ROSA L PARKS BLVD,,,,0.00,,,JEFFERSON ST,,,,0.00,Y,Four-Way,N,Intersection,None,,,         ,Brian,Mclarty,Clear,Angle,no,no,no,no,no,False
102565680,METROPOLITAN NASHVILLE POLICE DEPT,20190821243,Davidson,Nashville,11/12/2019 10:01:00 AM,2,0,0,36.137490,-86.727300,I24E,,,,134.00,Feet,East,I24 E ENT RAMP,,,,0.00,N,Not at Intersection,N,Entrance/Exit Ramp Related,None,,,         ,Tien,Nguyen,Clear,Front to Rear,no,no,no,no,no,False
102565681,METROPOLITAN NASHVILLE POLICE DEPT,20190821153,Davidson,Nashville,11/12/2019 8:15:00 AM,2,0,0,36.073870,-86.623510,ANDERSON RD,,,,0.00,,,OWENDALE DR,,,,0.00,Y,Four-Way,N,Intersection,None,,,         ,Charles,Coe,Clear,Angle,no,no,no,no,no,False
102565688,METROPOLITAN NASHVILLE POLICE DEPT,20190821217,Davidson,Nashville,11/12/2019 9:43:00 AM,2,0,0,36.138630,-86.800630,21ST AVS,,,,0.00,,,CHILDRENS WAY,,,,0.00,Y,T-Intersection, ,Intersection,None,,,         ,William,Caillouette,Clear,"Sideswipe, Same Direction",no,no,no,no,no,Campus
102565690,METROPOLITAN NASHVILLE POLICE DEPT,20190821163,Davidson,Nashville,11/12/2019 9:10:00 AM,2,0,0,36.201800,-86.776840,I 65,,,,0.00,,,,,,,87.00,N,Not at Intersection, ,,None,,,         ,James,Wray,,,no,no,no,no,no,False
102565697,METROPOLITAN NASHVILLE POLICE DEPT,20190821210,Davidson,Nashville,11/12/2019 9:46:00 AM,2,0,0,36.074480,-86.638650,MURFREESBORO PKE,,,,0.00,,,RURAL HILL RD,,,,0.00,Y,Four-Way,N,Intersection-Related,None,,,         ,Charles,Wakefield,Clear,Front to Rear,no,no,no,no,no,False
102565698,METROPOLITAN NASHVILLE POLICE DEPT,20190821291,Davidson,Nashville,11/12/2019 9:49:00 AM,1,0,0,36.101400,-86.764980,I 65,,,,0.00,,,,,,,79.15,N,Not at Intersection,N,Non-Junction,None,,,         ,Devin,Mabry,Snow,Not Collision with Motor Vehicle in Transport,no,no,no,no,no,False
102565731,METROPOLITAN NASHVILLE POLICE DEPT,20190821313,Davidson,Goodlettsville,11/12/2019 10:30:00 AM,2,0,0,36.296910,-86.699160,GALLATIN PKEN,,,,0.00,,,RIVERGATE PKWY,,,,0.00,Y,Four-Way, ,Intersection,None,,,         ,Brandon,Bilbrey,Clear,Angle,no,no,no,no,no,False
102565734,METROPOLITAN NASHVILLE POLICE DEPT,20190821377,Davidson,Nashville,11/12/2019 10:39:00 AM,2,0,0,36.122090,-86.807160,I440 E ENT RAMP,,,,0.00,,,I 440,,,,0.00,Y,T-Intersection, ,,None,,,         ,Curtis,Rich,,,no,no,no,no,no,False
102565735,METROPOLITAN NASHVILLE POLICE DEPT,20190821191,Davidson,Nashville,11/12/2019 9:30:00 AM,2,2,0,36.087250,-86.779950,BATTERY LN,,,,625.00,Feet,West,CHURCHWOOD DR,,,,0.00,N,Not at Intersection,N,Non-Junction,None,,,         ,Michael,Suagua,Clear,Front to Rear,no,no,no,no,no,False
102565741,METROPOLITAN NASHVILLE POLICE DEPT,20190821226,Davidson,Nashville,11/12/2019 9:53:00 AM,1,1,0,36.168590,-86.771980,S 1ST ST,,,,184.00,Feet,South,WOODLAND ST,,,,0.00,N,Not at Intersection,N,Non-Junction,None,,,         ,Mark,Anderson,Clear,Unknown,yes,no,no,no,no,False
102565743,METROPOLITAN NASHVILLE POLICE DEPT,20190821199,Davidson,Nashville,11/12/2019 8:00:00 AM,2,0,0,36.176940,-86.775120,SPRING ST,,,,158.00,Feet,West,N 1ST ST,,,,0.00,N,Not at Intersection,N,Unknown,None,,,         ,Eric,Knight,Blowing Snow,Front to Rear,no,no,no,no,no,False
102565751,METROPOLITAN NASHVILLE POLICE DEPT,20190821301,Davidson,Nashville,11/12/2019 8:00:00 AM,2,0,0,36.186800,-86.775300,I 24,,,,0.00,,,,,,,47.10,N,Not at Intersection, ,,None,,,         ,Joshua,Baker,,,no,no,no,no,no,False
102565762,METROPOLITAN NASHVILLE POLICE DEPT,20190821401,Davidson,Nashville,11/12/2019 10:30:00 AM,2,0,0,36.152300,-86.797450,WEST END AV,,,,0.00,,,19TH AVN,,,,0.00,Y,Four-Way, ,,None,,,         ,Brian,Murphy,,,no,no,no,no,no,False
102565764,METROPOLITAN NASHVILLE POLICE DEPT,20190821234,Davidson,Nashville,11/12/2019 9:40:00 AM,2,0,0,36.204350,-86.738090,GALLATIN PKE,,,,0.00,,,ZOPHI ST,,,,0.00,Y,OTHER, ,Non-Junction,None,,,         ,Ronald,Bright,Clear,Front to Rear,no,no,no,no,no,False
102565772,METROPOLITAN NASHVILLE POLICE DEPT,20190821239,Davidson,Nashville,11/12/2019 9:12:00 AM,2,0,0,36.070940,-86.635150,MURFREESBORO PKE,,,,456.00,Feet,South,BELL RD,,,,0.00,N,Not at Intersection,N,Non-Junction,None,,,         ,Jessie,Meadows,Clear,"Sideswipe, Same Direction",no,no,no,no,no,False
102565773,METROPOLITAN NASHVILLE POLICE DEPT,20190821328,Davidson,Nashville,11/12/2019 9:29:00 AM,2,0,0,36.044610,-86.659220,I24 E ENT RAMP,,,,0.00,Feet,East,I 24,,,,0.00,N,Not at Intersection, ,Non-Junction,None,,,         ,Jessie,Meadows,Clear,Front to Rear,no,no,no,no,no,False
102565775,METROPOLITAN NASHVILLE POLICE DEPT,20190821155,Davidson,Nashville,11/12/2019 7:45:00 AM,2,0,0,36.091370,-86.771390,FRANKLIN PKE,,,,3.00,Feet,North,ELYSIAN FIELDS RD,,,,0.00,N,Not at Intersection,N,Non-Junction,None,,,         ,Ernie,Wilson,Clear,Not Collision with Motor Vehicle in Transport,no,no,no,no,no,False
102565794,METROPOLITAN NASHVILLE POLICE DEPT,2019-0821423,Davidson,Nashville,11/12/2019 11:00:00 AM,2,0,0,36.122020,-86.804040,I440 W EXT RAMP,,,,0.00,,,I 440,,,,0.00,Y,OTHER, ,,Construction Zone,,,         ,Po,Cheng,,,no,no,no,no,no,False
102565803,METROPOLITAN NASHVILLE POLICE DEPT,20190821206,Davidson,Nashville,11/12/2019 9:43:00 AM,2,1,0,36.162140,-86.761060,I 24,,,,0.00,,,,,,,49.30,N,Not at Intersection,N,Non-Junction,None,,,         ,Byron,Carter,Clear,Front to Rear,no,no,no,no,no,False
102565804,METROPOLITAN NASHVILLE POLICE DEPT,20190821404,Davidson,Nashville,11/12/2019 11:03:00 AM,2,0,0,36.229710,-86.721790,RICHMOND DR,,,,334.00,Feet,West,HEDGEWOOD DR,,,,0.00,N,Not at Intersection,N,Non-Junction,None,,,         ,Russell,Freeman,Clear,"Sideswipe, Same Direction",no,no,no,no,yes,False
102565806,METROPOLITAN NASHVILLE POLICE DEPT,20190820892,Davidson,Nashville,11/12/2019 6:50:00 AM,3,1,0,36.237570,-86.757880,DICKERSON PKE,,,,3.00,Feet,North,I65 N ENT RAMP,,,,0.00,N,Not at Intersection,N,Non-Junction,None,,,         ,Cyretha,Frazier,Clear,Other,no,no,no,no,no,False
102565813,METROPOLITAN NASHVILLE POLICE DEPT,20190821446,Davidson,Nashville,11/12/2019 12:00:00 AM,1,0,0,36.245050,-86.791560,BRICK CHURCH LN,,,,1488.00,Feet,West,TRAIL HOLLOW LN,,,,0.00,N,Not at Intersection,N,Non-Junction,None,,,         ,Corey,Reed,Clear,Not Collision with Motor Vehicle in Transport,no,no,no,no,yes,False
102565819,METROPOLITAN NASHVILLE POLICE DEPT,20190821496,Davidson,Nashville,11/12/2019 12:00:00 PM,2,1,0,36.151590,-86.852100,CHARLOTTE AV,,,,0.00,,,MORROW RD,,,,0.00,Y,T-Intersection,N,Intersection,None,,,         ,Curtis,Rich,Clear,Front to Rear,no,no,no,no,no,False
102565821,METROPOLITAN NASHVILLE POLICE DEPT,20190821408,Davidson,Not in City Limit,11/12/2019 10:30:00 AM,1,1,0,36.279180,-86.940210,RIDGE RD,,,,1567.00,Feet,East,HIGDON RD,,,,0.00,N,Not at Intersection,N,Non-Junction,None,,,         ,Jeanine,Sarno,Clear,Not Collision with Motor Vehicle in Transport,no,no,no,no,no,False
102565832,METROPOLITAN NASHVILLE POLICE DEPT,20190821529,Davidson,Nashville,11/12/2019 12:41:00 PM,2,1,0,36.088260,-86.752060,TROUSDALE DR,,,,574.00,Feet,North,GRASSMERE PK,,,,0.00,N,Not at Intersection, ,Non-Junction,None,,,         ,Gary,Sneed,Clear,Angle,no,no,no,no,no,False
102565833,METROPOLITAN NASHVILLE POLICE DEPT,20190821383,Davidson,Antioch,11/12/2019 8:56:00 AM,2,0,0,36.033340,-86.583220,SINGING HILLS DR,,,,24.00,Feet,West,FIRELIGHT TRL,,,,0.00,N,Not at Intersection, ,Non-Junction,None,,,         ,Jessie,Meadows,Clear,Front to Rear,no,no,no,no,no,False
102565862,METROPOLITAN NASHVILLE POLICE DEPT,20190820854,Davidson,Nashville,11/12/2019 10:00:00 AM,1,0,0,36.115090,-86.773950,I65 S ENT RAMP,,,,0.00,,,I 65,,,,0.00,Y,OTHER, ,Entrance/Exit Ramp Related,Construction Zone,,,         ,David,Barras,Other,Not Collision with Motor Vehicle in Transport,no,no,no,no,no,False
102565873,METROPOLITAN NASHVILLE POLICE DEPT,20190821616,Davidson,Nashville,11/12/2019 1:11:00 PM,2,0,0,36.143150,-86.704790,I 40,,,,0.00,,,,,,,214.50,N,Not at Intersection, ,Non-Junction,None,,,         ,Joshua,Hausman,Clear,Front to Rear,no,no,no,no,no,False
102565880,METROPOLITAN NASHVILLE POLICE DEPT,20190821252,Davidson,Nashville,11/12/2019 10:01:00 AM,2,2,0,36.043840,-86.656220,I 24,,,,0.00,,,,,,,59.60,N,Not at Intersection,N,Non-Junction,None,,,         ,Alex,Moore,Clear,Front to Rear,no,no,no,no,no,False
102565883,METROPOLITAN NASHVILLE POLICE DEPT,20190821536,Davidson,Nashville,11/12/2019 12:48:00 PM,4,0,0,36.142100,-86.711120,I 40,,,,0.00,,,,,,,214.15,N,Not at Intersection,N,Non-Junction,None,,,         ,Tien,Nguyen,Clear,"Sideswipe, Same Direction",no,no,no,no,no,False
102565885,METROPOLITAN NASHVILLE POLICE DEPT,20190821268,Davidson,Not in City Limit,11/12/2019 10:00:00 AM,2,0,0,35.991300,-86.647790,BURKITT RD,,,,2094.00,Feet,East,WHITTEMORE LN,,,,0.00,N,Not at Intersection, ,Non-Junction,None,,,         ,Nelson,Hemingway,Clear,"Sideswipe, Opposite Direction",no,no,no,no,no,False
102565886,METROPOLITAN NASHVILLE POLICE DEPT,20190821558,Davidson,Nashville,11/12/2019 12:45:00 PM,2,0,0,36.140250,-86.879100,CHARLOTTE PKE,,,,54.00,Feet,East,RUSSLEO DR,,,,0.00,N,Not at Intersection,N,Non-Junction,None,,,         ,Benjamin,Cantrell,Clear,Angle,no,no,no,no,no,False
102565887,METROPOLITAN NASHVILLE POLICE DEPT,20190821687,Davidson,Nashville,11/12/2019 1:48:00 PM,2,0,0,36.040980,-86.779410,STATE HWY 254,,,,0.00,,,FRANKLIN PIKE CIR,,,,0.00,Y,Four-Way,N,Intersection,None,,,         ,Earl,Davis,Clear,Angle,no,no,no,no,no,False
102565889,METROPOLITAN NASHVILLE POLICE DEPT,20190821679,Davidson,Nashville,11/12/2019 1:51:00 PM,2,0,0,36.216010,-86.592680,LEBANON PKE,,,,1052.00,Feet,South,REMINGTON PARK RD,,,,0.00,N,Not at Intersection,N,OtherLocation,None,,,         ,Michael,Dance,Clear,Angle,no,no,no,yes,yes,False
102565909,METROPOLITAN NASHVILLE POLICE DEPT,20190821706,Davidson,Nashville,11/12/2019 2:08:00 PM,2,0,0,36.183740,-86.747710,EASTLAND AV,,,,197.00,Feet,East,GALLATIN AV,,,,0.00,N,Not at Intersection, ,Non-Junction,None,,,         ,Russell,Freeman,Clear,Angle,no,no,no,no,no,False
102565910,METROPOLITAN NASHVILLE POLICE DEPT,20190821344,Davidson,Nashville,11/12/2019 10:32:00 AM,2,0,0,36.085580,-86.701450,I24 E EXT RAMP,,,,0.00,,,HARDING PL,,,,0.00,Y,Four-Way, ,Intersection,None,,,         ,Alex,Moore,Clear,"Sideswipe, Same Direction",no,no,no,no,no,False
102565929,METROPOLITAN NASHVILLE POLICE DEPT,20190821613,Davidson,Nashville,11/12/2019 1:20:00 PM,2,0,0,36.092830,-86.678980,HARDING PL,,,,34.00,Feet,West,DONELSON PKE,,,,0.00,N,Not at Intersection, ,Non-Junction,None,,,         ,Jessie,Meadows,Clear,"Sideswipe, Same Direction",no,no,no,no,no,False
102565938,METROPOLITAN NASHVILLE POLICE DEPT,20190821058,Davidson,Nashville,11/12/2019 8:20:00 AM,2,0,0,36.237570,-86.757880,DICKERSON PKE,,,,3.00,Feet,North,I65 N ENT RAMP,,,,0.00,N,Not at Intersection,N,Non-Junction,None,,,         ,Cyretha,Frazier,Clear,Other,no,no,no,no,no,False
102565949,METROPOLITAN NASHVILLE POLICE DEPT,20190821741,Davidson,Nashville,11/12/2019 2:30:00 PM,1,1,0,36.124420,-86.751870,NOLENSVILLE PKE,,,,137.00,Feet,North,I440 W EXT RAMP,,,,0.00,N,Not at Intersection,N,Non-Junction,None,,,         ,Todd,Watson,Clear,Not Collision with Motor Vehicle in Transport,yes,no,no,no,no,False
102565952,METROPOLITAN NASHVILLE POLICE DEPT,20190821576,Davidson,Nashville,11/12/2019 12:58:00 PM,2,3,0,36.165760,-86.764430,I 24,,,,0.00,,,,,,,49.00,N,Not at Intersection, ,Non-Junction,None,,,         ,Bianca,Crawford,Clear,Front to Rear,no,no,no,no,no,False
102565976,METROPOLITAN NASHVILLE POLICE DEPT,20190821735,Davidson,Nashville,11/12/2019 2:20:00 PM,2,1,0,36.045500,-86.711860,OLD HICKORY BLVD,,,,415.00,Feet,East,NOLENSVILLE PKE,,,,0.00,N,Not at Intersection,N,Non-Junction,None,,,         ,Jessie,Meadows,Clear,"Sideswipe, Same Direction",no,no,no,no,no,False
102565980,METROPOLITAN NASHVILLE POLICE DEPT,20190821814,Davidson,Nashville,11/12/2019 3:00:00 PM,2,1,0,36.177130,-86.794030,ROSA L PARKS BLVD,,,,106.00,Feet,North,TAYLOR ST,,,,0.00,N,Not at Intersection,N,Non-Junction,None,,,         ,Marcus,Mitchell,Clear,Front to Rear,no,no,no,no,no,False
102565986,METROPOLITAN NASHVILLE POLICE DEPT,20190821767,Davidson,Not in City Limit,11/12/2019 2:35:00 PM,2,0,0,36.052200,-86.933090,HIGHWAY 100,,,,1734.00,Feet,South,HARPETH RIV HARPETH BEND GRNWY,,,,0.00,N,Not at Intersection,N,Non-Junction,None,,,         ,James,Wells Jr.,Clear,Front to Rear,no,no,no,no,no,False
102565999,METROPOLITAN NASHVILLE POLICE DEPT,20190821869,Davidson,Nashville,11/12/2019 3:05:00 PM,2,0,0,36.148690,-86.792140,MUSIC SQ E,,,,121.00,Feet,North,SOUTH ST,,,,0.00,N,Not at Intersection, ,"Driveway, Alley Access, etc",None,,,         ,John,Roberson,Clear,Angle,no,no,no,no,no,False
102566019,METROPOLITAN NASHVILLE POLICE DEPT,20190821777,Davidson,Nashville,11/12/2019 2:36:00 PM,2,2,0,36.162900,-86.776860,3RD AVN,,,,0.00,,,COMMERCE ST,,,,0.00,Y,Four-Way,N,Intersection,None,,,         ,Stephen,Waterman,Clear,Angle,no,no,no,no,no,False
102566025,METROPOLITAN NASHVILLE POLICE DEPT,20190821854,Davidson,Nashville,11/12/2019 3:24:00 PM,2,0,0,36.209640,-86.732600,SHELTON AV,,,,429.00,Feet,West,WINDSOR AV,,,,0.00,N,Not at Intersection, ,Non-Junction,None,,,         ,Cooper,HIll,Clear,"Sideswipe, Same Direction",no,no,no,no,no,False
102566027,METROPOLITAN NASHVILLE POLICE DEPT,20190821805,Davidson,Nashville,11/12/2019 2:54:00 PM,2,0,0,36.110520,-86.922300,I40 E ENT RAMP,,,,0.00,Feet,East,I 40,,,,0.00,N,Not at Intersection, ,,None,,,         ,Clayton,Smith,,,no,no,no,no,no,False
102566040,METROPOLITAN NASHVILLE POLICE DEPT,20190821977,Davidson,Not in City Limit,11/12/2019 3:27:00 PM,1,0,0,36.265930,-86.882490,OLD HICKORY BLVD,,,,488.00,Feet,East,GRADY LN,,,,0.00,N,Not at Intersection,N,Non-Junction,None,,,         ,Cressie,Prill,Clear,Not Collision with Motor Vehicle in Transport,no,no,no,no,no,False
102566042,METROPOLITAN NASHVILLE POLICE DEPT,20190821762,Davidson,Nashville,11/12/2019 2:59:00 PM,2,0,0,36.092120,-86.710110,DONNA KAY DR,,,,0.00,,,JASMIN DR,,,,0.00,Y,Four-Way,N,Intersection,None,,,         ,Patrick,Martin,Clear,Angle,no,no,no,no,no,False
102566048,METROPOLITAN NASHVILLE POLICE DEPT,20190821898,Davidson,Nashville,11/12/2019 3:30:00 PM,2,0,0,36.114390,-86.703430,DUNAILIE DR,,,,669.00,Feet,West,WINTHORNE DR,,,,0.00,N,Not at Intersection,N,Non-Junction,None,,,         ,Jesse,Cox,Clear,Front to Rear,no,no,no,no,no,False
102566049,METROPOLITAN NASHVILLE POLICE DEPT,20190821990,Davidson,Nashville,11/12/2019 4:28:00 PM,2,0,0,36.167080,-86.763550,SHELBY AV,,,,60.00,Feet,East,S 4TH ST,,,,0.00,N,Not at Intersection, ,Non-Junction,None,,,         ,Jose,Oliveros,Clear,"Sideswipe, Same Direction",no,no,no,no,no,False
102566062,METROPOLITAN NASHVILLE POLICE DEPT,20190821955,Davidson,Not in City Limit,11/12/2019 4:21:00 PM,2,0,0,36.263070,-86.711920,STATE RT 45,,,,0.00,Feet,West,GALLATIN PKEN,,,,0.00,N,Not at Intersection, ,Non-Junction,None,,,         ,Evan,Grace,Clear,"Sideswipe, Same Direction",no,no,no,no,no,False