master_record_number,agency,agency_tracking_number,county,city,collision_date,vehicles_involved,number_injured,number_dead,latitude,longitude,roadway_name,roadway_suffix,roadway_number,roadway_local_id,distance_from_reference,miles-feet_indicator,direction_from_reference,intersection_road_name,intersection_road_name_suffix,intersection_road_number,intersection_local_id,mile_marker,intersection_indicator,intersect_type,interchange_related_indicator,relation_to_junction,work_zone_type,construction_maintenance_zone,construction_maintenance_zone_location,fatal_case_number,officer_first_name,officer_last_name,weather_condition(s),manner_of_crash,pedestrian,bicycle,scooter,parking,hitrun,mou
102566069,METROPOLITAN NASHVILLE POLICE DEPT,20190821627,Davidson,Nashville,11/12/2019 1:31:00 PM,2,1,0,36.161330,-86.780600,COMMERCE ST,,,,0.00,,,6TH AVN,,,,0.00,Y,OTHER, ,Non-Junction,None,,,         ,Michael,Douglas,Clear,Angle,no,no,no,no,no,False
102566088,METROPOLITAN NASHVILLE POLICE DEPT,20190821837,Davidson,Nashville,11/12/2019 2:57:00 PM,1,0,0,36.247000,-86.744280,I65 S EXT RAMP,,,,0.00,,,I 65,,,,0.00,Y,Y-Intersection,N,Entrance/Exit Ramp Related,None,,,         ,Christopher,Littles,Clear,Not Collision with Motor Vehicle in Transport,no,no,no,no,no,False
102566089,METROPOLITAN NASHVILLE POLICE DEPT,20200821837,Davidson,Nashville,11/12/2019 3:17:00 PM,2,0,0,36.242340,-86.736620,ELLINGTON PKWY,,,,72.00,Feet,South,BRIARVILLE RD,,,,0.00,N,Not at Intersection, ,Non-Junction,None,,,         ,Christopher,Littles,Clear,Front to Rear,no,no,no,no,no,False
102566090,METROPOLITAN NASHVILLE POLICE DEPT,20190821915,Davidson,Goodlettsville,11/12/2019 3:32:00 PM,2,0,0,36.299630,-86.696770,GALLATIN PKEN,,,,74.00,Feet,South,CUDE LN,,,,0.00,N,Not at Intersection,N,Non-Junction,None,,,         ,Christopher,Littles,Clear,"Sideswipe, Same Direction",no,no,no,no,no,False
102566091,METROPOLITAN NASHVILLE POLICE DEPT,20190821917,Davidson,Not in City Limit,11/12/2019 1:57:00 PM,2,0,0,36.256720,-86.714170,GALLATIN PKES,,,,207.00,Feet,North,NEELYS BEND RD,,,,0.00,N,Not at Intersection, ,Non-Junction,None,,,         ,Christopher,Littles,Clear,Angle,no,no,no,no,no,False
102566102,METROPOLITAN NASHVILLE POLICE DEPT,20190822006,Davidson,Nashville,11/12/2019 4:43:00 PM,2,0,0,36.085810,-86.649220,UNA ANTIOCH PKE,,,,0.00,Feet,East,MURFREESBORO PKE,,,,0.00,N,Not at Intersection,N,"Driveway, Alley Access, etc",None,,,         ,Patrick,Martin,Clear,Not Collision with Motor Vehicle in Transport,no,no,no,no,no,False
102566103,METROPOLITAN NASHVILLE POLICE DEPT,20190822087,Davidson,Nashville,11/12/2019 3:53:00 PM,2,0,0,36.153870,-86.818650,CHARLOTTE AV,,,,131.00,Feet,West,28TH AVN,,,,0.00,N,Not at Intersection, ,,None,,,         ,Kiana,Perry,,,no,no,no,no,no,False
102566104,METROPOLITAN NASHVILLE POLICE DEPT,20190822113,Davidson,Nashville,11/12/2019 5:22:00 PM,2,1,0,36.143960,-86.747860,MURFREESBORO PKE,,,,83.00,Feet,West,PARRIS AV,,,,0.00,N,Not at Intersection,N,Non-Junction,None,,,         ,Ryan,Sherry,Clear,Angle,no,no,no,no,no,False
102566107,METROPOLITAN NASHVILLE POLICE DEPT,20190822110,Davidson,Nashville,11/12/2019 5:10:00 PM,2,0,0,36.040900,-86.779380,STONE BROOK DR,,,,0.00,,,OLD HICKORY BLVD,,,,0.00,Y,Four-Way, ,,None,,,         ,Nicholas,Carroll,,,no,no,no,no,no,False
102566113,METROPOLITAN NASHVILLE POLICE DEPT,20190822160,Davidson,Nashville,11/12/2019 5:40:00 PM,2,0,0,36.134740,-86.784080,WEDGEWOOD AV,,,,0.00,,,HILLSIDE AV,,,,0.00,Y,OTHER,N,Non-Junction,None,,,         ,Citlaly,Juarez,Clear,Front to Rear,no,no,no,no,yes,False
102566115,METROPOLITAN NASHVILLE POLICE DEPT,20190821998,Davidson,Antioch,11/12/2019 4:35:00 PM,1,1,0,36.051160,-86.594560,SPRINGSTEAD TRL,,,,158.00,Feet,West,LAKEWALK DR,,,,0.00,N,Not at Intersection,N,Non-Junction,None,,,         ,Jesse,Cox,Clear,Not Collision with Motor Vehicle in Transport,yes,no,no,no,no,False
102566125,METROPOLITAN NASHVILLE POLICE DEPT,20190821978,Davidson,Nashville,11/12/2019 3:59:00 PM,2,0,0,36.091480,-86.651430,MURFREESBORO PKE,,,,95.00,Feet,North,BRITISH WOODS DR,,,,0.00,N,Not at Intersection, ,Non-Junction,None,,,         ,Marcus,Darden,Clear,Front to Rear,no,no,no,no,no,False
102566126,METROPOLITAN NASHVILLE POLICE DEPT,20190822099,Davidson,Nashville,11/12/2019 5:14:00 PM,2,0,0,36.187110,-86.756650,ELLINGTON PKWYN,,,,291.00,Feet,East,ELLINGTON PKWYS,,,,0.00,N,Not at Intersection, ,Non-Junction,None,,,         ,Gregory,Cenicola,Clear,Front to Rear,no,no,no,no,no,False
102566130,METROPOLITAN NASHVILLE POLICE DEPT,20190822036,Davidson,Madison,11/12/2019 4:53:00 PM,2,1,0,36.263060,-86.711910,STATE HWY 45,,,,0.00,,,US HWY 31E,,,,0.00,Y,Four-Way,N,Intersection,None,,,         ,Mary,Robinson,Clear,Front to Rear,no,no,no,no,no,False
102566132,METROPOLITAN NASHVILLE POLICE DEPT,20190822294,Davidson,Nashville,11/12/2019 6:33:00 PM,2,0,0,36.155780,-86.789790,I40 E EXT RAMP,,,,0.00,Feet,East,I 40,,,,0.00,N,Not at Intersection,N,Non-Junction,None,,,         ,Randall,Ward,Clear,Angle,no,no,no,no,yes,False
102566133,METROPOLITAN NASHVILLE POLICE DEPT,20190822240,Davidson,Not in City Limit,11/12/2019 6:23:00 PM,1,0,0,36.034780,-86.971980,HIGHWAY 100,,,,145.00,Feet,West,WESTHAVEN DR,,,,0.00,N,Not at Intersection, ,Non-Junction,None,,,         ,James,Wells Jr.,Clear,Not Collision with Motor Vehicle in Transport,no,no,no,no,no,False
102566135,METROPOLITAN NASHVILLE POLICE DEPT,20190821858,Davidson,Nashville,11/12/2019 3:27:00 PM,2,2,0,36.141300,-86.776500,I 65,,,,0.00,,,,,,,81.90,N,Not at Intersection,N,Non-Junction,None,,,         ,Douglas,Sykes,Clear,Front to Rear,no,no,no,no,no,False
102566137,METROPOLITAN NASHVILLE POLICE DEPT,20190822159,Davidson,Nashville,11/12/2019 4:40:00 PM,2,0,0,36.215410,-86.597670,ANDREW JACKSON PKWY,,,,103.00,Feet,North,LEBANON PKE,,,,0.00,N,Not at Intersection, ,Non-Junction,None,,,         ,Maryanne,Bartello,Clear,"Sideswipe, Same Direction",no,no,no,no,no,False
102566140,METROPOLITAN NASHVILLE POLICE DEPT,20190822312,Davidson,Nashville,11/12/2019 5:32:00 PM,2,0,0,36.044450,-86.657270,I 24,,,,0.00,,,,,,,59.50,N,Not at Intersection,N,Non-Junction,None,,,         ,Patrick,Martin,Clear,"Sideswipe, Same Direction",no,no,no,no,yes,False
102566156,METROPOLITAN NASHVILLE POLICE DEPT,20190822308,Davidson,Nashville,11/12/2019 6:36:00 PM,2,0,0,36.204640,-86.749680,E TRINITY LN,,,,0.00,,,ELLINGTON PKWY N ENT RAMP,,,,0.00,Y,Four-Way,N,Intersection,None,,,         ,Marc,Kozen,Clear,Front to Rear,no,no,no,no,yes,False
102566159,METROPOLITAN NASHVILLE POLICE DEPT,20190822316,Davidson,Nashville,11/12/2019 6:44:00 PM,2,0,0,36.103230,-86.666480,MURFREESBORO PKE,,,,0.00,,,FAIRCLOTH LN,,,,0.00,Y,T-Intersection,N,Non-Junction,None,,,         ,Brady,Reynolds,Clear,Angle,no,no,no,no,yes,False
102566164,METROPOLITAN NASHVILLE POLICE DEPT,20190822121,Davidson,Nashville,11/12/2019 5:10:00 PM,5,0,0,36.115030,-86.810710,HILLSBORO PKE,,,,278.00,Feet,South,HAMPTON PL,,,,0.00,N,Not at Intersection,N,Non-Junction,None,,,         ,Melissa,Lomax,Clear,Front to Rear,no,no,no,no,no,False
102566168,METROPOLITAN NASHVILLE POLICE DEPT,20190822378,Davidson,Nashville,11/12/2019 6:19:00 PM,2,0,0,36.144050,-86.768560,CHESTNUT ST,,,,327.00,Feet,East,MARTIN ST,,,,0.00,N,Not at Intersection,N,Non-Junction,None,,,         ,Douglas,Sykes,Clear,Angle,no,no,no,no,no,False
102566180,METROPOLITAN NASHVILLE POLICE DEPT,20190822359,Davidson,Nashville,11/12/2019 6:48:00 PM,2,0,0,36.081670,-86.713630,HARDING PL,,,,8.00,Feet,East,WHISPERING OAKS PL,,,,0.00,N,Not at Intersection,N,Non-Junction,None,,,         ,Ryan,Sherry,Clear,Angle,no,no,no,no,no,False
102566181,METROPOLITAN NASHVILLE POLICE DEPT,20190822273,Davidson,Nashville,11/12/2019 5:16:00 PM,2,0,0,36.078130,-86.657010,OAKWOOD FOREST DR,,,,0.00,Feet,,UNA ANTIOCH PKE,,,,0.00,Y,T-Intersection, ,Intersection-Related,None,,,         ,Richard,Olive,Clear,Angle,no,no,no,no,yes,False
102566186,METROPOLITAN NASHVILLE POLICE DEPT,20190822469,Davidson,Nashville,11/12/2019 7:51:00 PM,2,1,0,36.084270,-86.705560,HARDING PL,,,,104.00,Feet,East,LINBAR DR,,,,0.00,N,Not at Intersection, ,Non-Junction,None,,,         ,Laura,Williams,Clear,Front to Rear,no,no,no,no,no,False
102566204,METROPOLITAN NASHVILLE POLICE DEPT,20190814903,Davidson,Nashville,11/10/2019 11:30:00 AM,1,0,1,36.161450,-86.793210,I 40,,,,0.00,,,,,,,208.70,N,Not at Intersection,Y,Entrance/Exit Ramp Related,None,,,19-0905  ,William,Waters,Clear,Not Collision with Motor Vehicle in Transport,yes,no,no,no,no,False
102566206,METROPOLITAN NASHVILLE POLICE DEPT,20190822371,Davidson,Not in City Limit,11/12/2019 6:30:00 PM,2,0,0,36.264160,-86.735590,I65 N EXT RAMP,,,,0.00,,,OLD HICKORY BLVDW,,,,0.00,Y,OTHER,N,Non-Junction,None,,,         ,Derek,Sibley,Clear,Front to Rear,no,no,no,no,no,False
102566207,METROPOLITAN NASHVILLE POLICE DEPT,20190822549,Davidson,Not in City Limit,11/12/2019 8:41:00 PM,1,1,0,36.319830,-86.849410,I 24,,,,0.00,,,,,,,36.00,N,Not at Intersection, ,Non-Junction,None,,,         ,Brian,Woodard,Clear,Not Collision with Motor Vehicle in Transport,no,no,no,no,no,False
102566254,METROPOLITAN NASHVILLE POLICE DEPT,20190822637,Davidson,Nashville,11/12/2019 9:10:00 PM,2,0,0,36.187590,-86.798460,ROSA L PARKS BLVD,,,,117.00,Feet,South,DOMINICAN DR,,,,0.00,N,Not at Intersection,N,Non-Junction,None,,,         ,Cressie,Prill,Clear,"Sideswipe, Same Direction",no,no,no,no,yes,False
102566259,METROPOLITAN NASHVILLE POLICE DEPT,20190822425,Davidson,Nashville,11/12/2019 5:15:00 PM,1,0,0,36.141900,-86.753220,LESTER AV,,,,17.00,Feet,North,TREVECCA UNIVERSITY PVTDR,,,,0.00,N,Not at Intersection,N,Non-Junction,None,,,         ,Jesse,Cox,Clear,Not Collision with Motor Vehicle in Transport,no,no,no,no,yes,False
102566261,METROPOLITAN NASHVILLE POLICE DEPT,20190822605,Davidson,Nashville,11/12/2019 9:11:00 PM,2,2,0,36.089070,-86.649990,RANSOM PL,,,,0.00,,,MURFREESBORO PKE,,,,0.00,Y,Four-Way,Y,Intersection,None,,,         ,Laura,Williams,Clear,Angle,no,no,no,no,no,False
102566265,METROPOLITAN NASHVILLE POLICE DEPT,20190822254,Davidson,Nashville,11/12/2019 6:16:00 PM,3,0,0,36.081780,-86.760810,HARDING PL,,,,288.00,Feet,East,SIDCO DR,,,,0.00,N,Not at Intersection,N,Non-Junction,None,,,         ,Brandon,Hughes,Clear,Front to Rear,no,no,no,no,no,False
102566268,METROPOLITAN NASHVILLE POLICE DEPT,20190822617,Davidson,Nashville,11/12/2019 8:10:00 PM,1,0,0,36.053080,-86.712710,BREWER DR,,,,375.00,Feet,East,RAYWOOD LN,,,,0.00,N,Not at Intersection,N,Non-Junction,None,,,         ,Jesse,Cox,Clear,Not Collision with Motor Vehicle in Transport,no,no,no,no,no,False
102566269,METROPOLITAN NASHVILLE POLICE DEPT,20190822647,Davidson,Nashville,11/12/2019 9:38:00 PM,1,1,0,36.128330,-86.713220,MURFREESBORO PKE,,,,82.00,Feet,North,PHILFRE CT,,,,0.00,N,Not at Intersection,N,Non-Junction,None,,,         ,Jarret,Sonnenberg,Clear,Not Collision with Motor Vehicle in Transport,yes,no,no,no,no,False
102566282,VANDERBILT UNIVERSITY POLICE,20190822627,Davidson,Nashville,11/12/2019 9:05:00 PM,2,0,0,36.107210,-86.763100,POWELL AV,,,,0.00,,,,,,,0.00,,Not at Intersection, ,Non-Junction,None,,,         ,Garrett,Bennett,Clear,Unknown,no,no,no,yes,yes,OHO
102566291,METROPOLITAN NASHVILLE POLICE DEPT,20190822607,Davidson,Nashville,11/12/2019 9:13:00 PM,1,0,0,36.114520,-86.918610,I 40,,,,0.00,,,,,,,199.55,N,Not at Intersection,N,Non-Junction,None,,,         ,Jeremy,Huffine,Clear,Not Collision with Motor Vehicle in Transport,no,no,no,no,no,False
102566298,METROPOLITAN NASHVILLE POLICE DEPT,20190822456,Davidson,Nashville,11/12/2019 7:50:00 PM,1,0,0,36.053040,-86.711010,BREWER DR,,,,158.00,Feet,West,BYRNE DR,,,,0.00,N,Not at Intersection,N,Non-Junction,None,,,         ,Patrick,Martin,Clear,Not Collision with Motor Vehicle in Transport,no,no,no,no,no,False
102566299,METROPOLITAN NASHVILLE POLICE DEPT,20190822745,Davidson,Nashville,11/12/2019 10:14:00 PM,2,0,0,36.083370,-86.698490,I 24,,,,0.00,,,,,,,55.95,N,Not at Intersection,N,Non-Junction,None,,,         ,Autumn,Manning,Clear,"Sideswipe, Same Direction",no,no,no,no,no,False
102566320,METROPOLITAN NASHVILLE POLICE DEPT,20190822490,Davidson,Nashville,11/12/2019 7:58:00 PM,2,0,0,36.153800,-86.822890,I 440,,,,0.00,,,,,,,0.70,N,Not at Intersection, ,,None,,,         ,Gabriel,Hamilton,,,no,no,no,no,no,False
102566334,METROPOLITAN NASHVILLE POLICE DEPT,20190822985,Davidson,Nashville,11/13/2019 12:38:00 AM,1,0,0,36.168230,-86.869270,BRILEY PKWYN,,,,0.00,,,BRILEY PKWY N EXT RAMP,,,,0.00,Y,Y-Intersection,Y,Non-Junction,None,,,         ,Justin,McCormick,Clear,Not Collision with Motor Vehicle in Transport,no,no,no,no,yes,False
102566336,METROPOLITAN NASHVILLE POLICE DEPT,20190822907,Davidson,Nashville,11/13/2019 12:00:00 AM,2,0,0,36.086580,-86.771970,FRANKLIN PKE,,,,0.00,,,HARDING PL,,,,0.00,Y,Four-Way,Y,Intersection,None,,,         ,Jose,Salazar,Clear,Angle,no,no,no,no,no,False
102566343,GOODLETTSVILLE POLICE DEPT,19-42237,Davidson,Goodlettsville,11/12/2019 4:14:00 AM,1,0,0,36.304870,-86.706160,VIETNAM VETERANS BLVDS,,,,300.00,Feet,West,VIETNAM VETERANS BLVDN,,,,0.00,N,Not at Intersection,N,Non-Junction,None,,,         ,Shane,Farrell,Cloudy,Not Collision with Motor Vehicle in Transport,no,no,no,no,no,False
102566350,METROPOLITAN NASHVILLE POLICE DEPT,20190822804,Davidson,Nashville,11/12/2019 10:15:00 PM,2,0,0,36.204890,-86.803190,YOUNGS LN,,,,287.00,Feet,West,YOUNG LN PVTDR,,,,0.00,N,Not at Intersection,N,Non-Junction,None,,,         ,Abigail,Malone,Clear,Angle,no,no,no,no,no,False
102566355,METROPOLITAN NASHVILLE POLICE DEPT,20190823219,Davidson,Nashville,11/13/2019 12:00:00 AM,1,0,0,36.073630,-86.693080,LINBAR DR,,,,143.00,Feet,North,MELMACK DR,,,,0.00,N,Not at Intersection,N,Non-Junction,None,,,         ,Derrick,Toney,Clear,Not Collision with Motor Vehicle in Transport,no,no,no,no,no,False
102566370,METROPOLITAN NASHVILLE POLICE DEPT,20190823405,Davidson,Nashville,11/13/2019 4:45:00 AM,1,0,0,36.236580,-86.724460,BRILEY PKWY W EXT RAMP,,,,59.00,Feet,South,GALLATIN PKES,,,,0.00,N,Not at Intersection,N,Non-Junction,None,,,         ,Reuben,Hewit,Clear,Not Collision with Motor Vehicle in Transport,no,no,no,no,yes,False
102566435,METROPOLITAN NASHVILLE POLICE DEPT,20190823647,Davidson,Nashville,11/13/2019 6:34:00 AM,2,0,0,36.042310,-86.726520,WOODLANDS AV,,,,0.00,,,OLD HICKORY BLVD,,,,0.00,Y,Four-Way, ,Intersection,None,,,         ,Gary,Sneed,Clear,Front to Rear,no,no,no,no,no,False
102566438,METROPOLITAN NASHVILLE POLICE DEPT,20190820708,Davidson,Not in City Limit,11/12/2019 12:00:00 AM,1,1,0,36.263440,-86.675460,STATE RT 45,,,,0.00,,,OLD HICKORY BLVD,,,,0.00,Y,OTHER,N,OtherLocation,None,,,         ,Michael,Reid,Clear,Not Collision with Motor Vehicle in Transport,no,no,no,no,yes,False
102566443,METROPOLITAN NASHVILLE POLICE DEPT,20190823716,Davidson,Nashville,11/13/2019 7:24:00 AM,2,1,0,36.120120,-86.787880,KIRKWOOD AV,,,,228.00,Feet,West,10TH AVS,,,,0.00,N,Not at Intersection,N,Non-Junction,None,,,         ,Timothy,Edwards,Clear,HeadOn,no,no,no,no,no,False
102566446,METROPOLITAN NASHVILLE POLICE DEPT,20190823673,Davidson,Goodlettsville,11/13/2019 7:20:00 AM,2,0,0,36.296910,-86.699160,GALLATIN PKEN,,,,0.00,,,RIVERGATE PKWY,,,,0.00,Y,Four-Way, ,Intersection,None,,,         ,Brandon,Bilbrey,Clear,Front to Rear,no,no,no,no,no,False
102566447,GOODLETTSVILLE POLICE DEPT,19-42365,Davidson,Goodlettsville,11/13/2019 7:28:00 AM,2,0,0,36.323100,-86.707580,LONG HOLLOW PKE,,,,0.00,,,CARTWRIGHT ST,,,,0.00,Y,Four-Way, ,Intersection,None,,,         ,George,Forbes,Clear,Angle,no,no,no,no,no,False
102566448,METROPOLITAN NASHVILLE POLICE DEPT,20190823728,Davidson,Nashville,11/13/2019 7:40:00 AM,2,0,0,36.074190,-86.737770,BLACKMAN RD,,,,0.00,Feet,East,SHADESCREST DR,,,,0.00,N,Not at Intersection, ,Non-Junction,None,,,         ,Devin,Mabry,Clear,Front to Rear,no,no,no,no,no,False
102566449,METROPOLITAN NASHVILLE POLICE DEPT,20190823682,Davidson,Nashville,11/13/2019 7:26:00 AM,3,0,0,36.137330,-86.798140,WEDGEWOOD AV,,,,0.00,,,19TH AVS,,,,0.00,Y,Four-Way, ,Non-Junction,None,,,         ,Walter,Cothran,Clear,Front to Rear,no,no,no,no,no,Campus
102566450,METROPOLITAN NASHVILLE POLICE DEPT,20190823640,Davidson,Antioch,11/13/2019 7:05:00 AM,2,1,0,36.013440,-86.620690,I24 E EXT RAMP,,,,0.00,Feet,,I 24,,,,0.00,Y,T-Intersection,N,Intersection,None,,,         ,Keith,Parlato,Clear,Angle,no,no,no,no,no,False
102566454,METROPOLITAN NASHVILLE POLICE DEPT,20190823617,Davidson,Nashville,11/13/2019 6:45:00 AM,2,0,0,36.233800,-86.724810,GALLATIN PKE,,,,0.00,,,BRILEY PKWY E EXT RAMP,,,,0.00,Y,Four-Way, ,,None,,,         ,Eric,Knight,,,no,no,no,no,no,False
102566455,METROPOLITAN NASHVILLE POLICE DEPT,20190823704,Davidson,Nashville,11/13/2019 7:35:00 AM,2,0,0,36.153960,-86.818220,28TH AVN,,,,0.00,,,CHARLOTTE AV,,,,0.00,Y,Four-Way, ,Intersection,None,,,         ,Brian,Murphy,Clear,Front to Rear,no,no,no,no,no,False
102566458,METROPOLITAN NASHVILLE POLICE DEPT,20190823688,Davidson,Nashville,11/13/2019 7:30:00 AM,2,5,0,36.174930,-86.756630,WOODLAND ST,,,,0.00,,,S 9TH ST,,,,0.00,Y,Four-Way,N,Intersection,None,,,         ,Russell,Freeman,Clear,Angle,no,no,no,no,no,False
102566467,METROPOLITAN NASHVILLE POLICE DEPT,20190823799,Davidson,Nashville,11/13/2019 8:00:00 AM,2,0,0,36.128810,-86.816300,I 440,,,,0.00,,,,,,,2.10,N,Not at Intersection, ,,Construction Zone,,,         ,Curtis,Rich,,,no,no,no,no,no,False
102566470,METROPOLITAN NASHVILLE POLICE DEPT,20190823726,Davidson,Nashville,11/13/2019 7:49:00 AM,2,0,0,36.143770,-86.689500,I 40,,,,0.00,,,,,,,215.30,N,Not at Intersection, ,Entrance/Exit Ramp Related,None,,,         ,Michael,Brooks,Clear,Front to Rear,no,no,no,no,no,False
102566477,METROPOLITAN NASHVILLE POLICE DEPT,20190823761,Davidson,Nashville,11/13/2019 8:06:00 AM,2,1,0,36.153260,-86.769560,2ND AVS,,,,0.00,,,ASH ST,,,,0.00,Y,T-Intersection,N,Intersection-Related,None,,,         ,Kyle,Eicholtz,Clear,"Sideswipe, Same Direction",no,no,no,no,no,False
102566478,METROPOLITAN NASHVILLE POLICE DEPT,20190823832,Davidson,Nashville,11/13/2019 8:42:00 AM,2,0,0,36.214210,-86.775500,I 65,,,,0.00,,,,,,,87.90,N,Not at Intersection, ,,None,,,         ,Fabjan,Llukaj,,,no,no,no,no,no,False
102566483,GOODLETTSVILLE POLICE DEPT,19-42368,Davidson,Goodlettsville,11/13/2019 8:15:00 AM,3,0,0,36.326320,-86.700500,LONG HOLLOW PKE,,,,42.00,Feet,North,NORTHCREEK BLVD,,,,0.00,N,Not at Intersection, ,Non-Junction,None,,,         ,George,Forbes,Clear,Front to Rear,no,no,no,no,no,False
102566487,METROPOLITAN NASHVILLE POLICE DEPT,20190823822,Davidson,Nashville,11/13/2019 8:40:00 AM,2,1,0,36.143040,-86.684570,I 40,,,,0.00,,,,,,,215.60,N,Not at Intersection,N,Non-Junction,None,,,         ,Tien,Nguyen,Clear,Front to Rear,no,no,no,no,no,False
102566489,BELLE MEADE POLICE DEPT,19-0331,Davidson,Belle Meade,11/13/2019 8:15:00 AM,2,0,0,36.114260,-86.861990,HARDING PKE,,,,62.00,Feet,South,CLARENDON AV,,,,0.00,N,Not at Intersection, ,Non-Junction,None,,,         ,Keith,Samol,Clear,Front to Rear,no,no,no,no,no,False
102566492,METROPOLITAN NASHVILLE POLICE DEPT,20190823816,Davidson,Not in City Limit,11/13/2019 8:45:00 AM,2,0,0,36.280230,-86.874720,CLARKSVILLE PKE,,,,469.00,Feet,West,OLD HICKORY BLVD,,,,0.00,N,Not at Intersection, ,Non-Junction,None,,,         ,Wesley,Young,Clear,Front to Rear,no,no,no,no,no,False
102566501,METROPOLITAN NASHVILLE POLICE DEPT,20190823769,Davidson,Nashville,11/13/2019 8:10:00 AM,2,0,0,36.157050,-86.708980,LEBANON PKE,,,,0.00,Feet,,OMOHUNDRO DR,,,,0.00,Y,T-Intersection,N,Intersection,None,,,         ,Larry,Benz,Clear,Angle,no,no,no,no,no,False
102566505,METROPOLITAN NASHVILLE POLICE DEPT,20190823811,Davidson,Nashville,11/13/2019 7:35:00 AM,3,0,0,36.137200,-86.699670,BRILEY PKWY,,,,0.00,Feet,,GLASTONBURY RD,,,,0.00,Y,T-Intersection,N,Intersection-Related,None,,,         ,Graham,Binkley,Clear,Front to Rear,no,no,no,no,yes,False
102566506,METROPOLITAN NASHVILLE POLICE DEPT,20190823828,Davidson,Nashville,11/13/2019 8:40:00 AM,2,0,0,36.121280,-86.776070,KIRKWOOD AV,,,,100.00,Feet,West,FRANKLIN PKE,,,,0.00,N,Not at Intersection, ,Non-Junction,None,,,         ,Timothy,Edwards,Clear,Angle,no,no,no,no,no,False
102566507,METROPOLITAN NASHVILLE POLICE DEPT,20190823833,Davidson,Nashville,11/13/2019 8:45:00 AM,2,0,0,36.100700,-86.711720,I 24,,,,0.00,,,,,,,54.50,N,Not at Intersection,N,Non-Junction,None,,,         ,Charles,Coe,Clear,Front to Rear,no,no,no,no,no,False
102566511,METROPOLITAN NASHVILLE POLICE DEPT,20190823859,Davidson,Nashville,11/13/2019 8:55:00 AM,2,0,0,36.168990,-86.668180,LEBANON PKE,,,,392.00,Feet,West,J B ESTILLE DR,,,,0.00,N,Not at Intersection, ,Non-Junction,None,,,         ,Michael,Dance,Clear,Front to Rear,no,no,no,no,no,False
102566514,METROPOLITAN NASHVILLE POLICE DEPT,20190823864,Davidson,Nashville,11/13/2019 12:00:00 AM,2,0,0,36.050790,-86.717070,OCALA DR,,,,292.00,Feet,West,HICKORY PLZ,,,,0.00,N,Not at Intersection, ,Non-Junction,None,,,         ,Devin,Mabry,Clear,Unknown,no,no,no,yes,yes,False
102566521,METROPOLITAN NASHVILLE POLICE DEPT,20190823901,Davidson,Nashville,11/13/2019 9:11:00 AM,2,0,0,36.131900,-86.895530,I40 E ENT RAMP,,,,0.00,,,I 40,,,,0.00,Y,Four-Way,N,Intersection,None,,,         ,Curtis,Rich,Clear,Angle,no,no,no,no,no,False
102566528,METROPOLITAN NASHVILLE POLICE DEPT,20190823721,Davidson,Nashville,11/13/2019 7:46:00 AM,5,1,0,36.156930,-86.618050,BELL RD,,,,76.00,Feet,East,STONES RIVER GRNWY,,,,0.00,N,Not at Intersection,N,Non-Junction,None,,,         ,MIchael,Mihajlov,Clear,Front to Rear,no,no,no,no,no,False
102566546,METROPOLITAN NASHVILLE POLICE DEPT,20190823710,Davidson,Nashville,11/13/2019 7:10:00 AM,2,0,0,36.043250,-86.843510,STATE HWY 254,,,,366.00,Feet,West,BALLEROY DR,,,,0.00,N,Not at Intersection, ,Non-Junction,None,,,         ,Natalia,Johnson,Clear,Front to Rear,no,no,no,no,no,False
102566557,METROPOLITAN NASHVILLE POLICE DEPT,20190823835,Davidson,Madison,11/13/2019 8:45:00 AM,3,0,0,36.270070,-86.736590,I 65,,,,0.00,,,,,,,92.65,N,Not at Intersection,N,Non-Junction,None,,,         ,Brandon,Bilbrey,Clear,"Sideswipe, Same Direction",no,no,no,no,yes,False
102566560,METROPOLITAN NASHVILLE POLICE DEPT,20190824026,Davidson,Nashville,11/13/2019 10:06:00 AM,2,0,0,36.155650,-86.789720,14TH AVS,,,,0.00,,,BROADWAY,,,,0.00,Y,Four-Way, ,Non-Junction,None,,,         ,Walter,Cothran,Clear,"Sideswipe, Same Direction",no,no,no,no,no,False
102566568,METROPOLITAN NASHVILLE POLICE DEPT,20190823819,Davidson,Nashville,11/13/2019 8:36:00 AM,2,1,0,36.071630,-86.691050,I 24,,,,0.00,,,,,,,56.80,N,Not at Intersection,N,Non-Junction,None,,,         ,Joseph,Simon,Clear,Front to Rear,no,no,no,no,no,False
102566569,METROPOLITAN NASHVILLE POLICE DEPT,20190823798,Davidson,Nashville,11/13/2019 6:40:00 AM,2,0,0,36.043310,-86.843680,STATE HWY 254,,,,421.00,Feet,West,BALLEROY DR,,,,0.00,N,Not at Intersection, ,Non-Junction,None,,,         ,Natalia,Johnson,Clear,Front to Rear,no,no,no,no,no,False
102566578,METROPOLITAN NASHVILLE POLICE DEPT,20190823866,Davidson,Nashville,11/13/2019 8:23:00 AM,2,0,0,36.173870,-86.770750,INTERSTATE DR,,,,57.00,Feet,West,OLDHAM ST,,,,0.00,N,Not at Intersection, ,,None,,,         ,Gregory,Julia,,,no,no,no,no,no,False
102566580,METROPOLITAN NASHVILLE POLICE DEPT,20190823926,Davidson,Nashville,11/13/2019 9:36:00 AM,2,0,0,36.192710,-86.777960,I 65,,,,0.00,,,,,,,86.45,N,Not at Intersection, ,Entrance/Exit Ramp Related,None,,,         ,James,Wray,Clear,Front to Rear,no,no,no,no,no,False