master_record_number,agency,agency_tracking_number,county,city,collision_date,vehicles_involved,number_injured,number_dead,latitude,longitude,roadway_name,roadway_suffix,roadway_number,roadway_local_id,distance_from_reference,miles-feet_indicator,direction_from_reference,intersection_road_name,intersection_road_name_suffix,intersection_road_number,intersection_local_id,mile_marker,intersection_indicator,intersect_type,interchange_related_indicator,relation_to_junction,work_zone_type,construction_maintenance_zone,construction_maintenance_zone_location,fatal_case_number,officer_first_name,officer_last_name,weather_condition(s),manner_of_crash,pedestrian,bicycle,scooter,parking,hitrun,mou
102568225,METROPOLITAN NASHVILLE POLICE DEPT,20190827374,Davidson,Nashville,11/14/2019 6:55:00 PM,2,2,0,36.081010,-86.757720,HARDING PL,,,,190.00,Feet,East,TROUSDALE DR,,,,0.00,N,Not at Intersection,N,Non-Junction,None,,,         ,FELIKS,ABRAHAMYAN,Clear,Front to Rear,no,no,no,no,no,False
102568236,METROPOLITAN NASHVILLE POLICE DEPT,20190827398,Davidson,Nashville,11/14/2019 7:07:00 PM,2,1,0,36.157110,-86.774670,4TH AVS,,,,0.00,,,KOREAN VETERANS BLVD,,,,0.00,Y,Four-Way,N,Intersection,None,,,         ,Phillip,Burke,Clear,Angle,no,no,no,no,no,False
102568239,METROPOLITAN NASHVILLE POLICE DEPT,20190827493,Davidson,Nashville,11/14/2019 5:56:00 PM,3,0,0,36.082890,-86.734620,LYNN DR,,,,488.00,Feet,West,CORNING DR,,,,0.00,N,Not at Intersection,N,Non-Junction,None,,,         ,Cynthia,Quirouette,Cloudy,"Sideswipe, Opposite Direction",no,no,no,no,no,False
102568240,METROPOLITAN NASHVILLE POLICE DEPT,20190827569,Davidson,Nashville,11/14/2019 8:50:00 PM,2,0,0,36.079620,-86.726160,STATE HWY 255,,,,52.00,Feet,East,US HWY 31 ALT,,,,0.00,N,Not at Intersection,N,Non-Junction,None,,,         ,Jesse,Cox,Clear,Angle,no,no,no,no,yes,False
102568267,METROPOLITAN NASHVILLE POLICE DEPT,20190827436,Davidson,Nashville,11/14/2019 7:42:00 PM,2,0,0,36.089070,-86.649990,RANSOM PL,,,,0.00,,,MURFREESBORO PKE,,,,0.00,Y,Four-Way,Y,Intersection-Related,None,,,         ,Sarah,Cartwright,Clear,Angle,no,no,no,no,no,False
102568268,METROPOLITAN NASHVILLE POLICE DEPT,20190827453,Davidson,Nashville,11/14/2019 6:00:00 PM,2,0,0,36.116440,-86.719290,EAST THOMPSON LN,,,,0.00,Feet,East,OLD GLENROSE AV,,,,0.00,N,Not at Intersection,N,Non-Junction,None,,,         ,Patrick,Martin,Clear,Front to Rear,no,no,no,no,no,False
102568269,METROPOLITAN NASHVILLE POLICE DEPT,20190827214,Davidson,Nashville,11/14/2019 5:09:00 PM,3,0,0,36.070880,-86.769700,I 65,,,,0.00,,,,,,,77.00,N,Not at Intersection,N,Non-Junction,None,,,         ,Brandon,Hughes,Clear,Front to Rear,no,no,no,no,no,False
102568273,METROPOLITAN NASHVILLE POLICE DEPT,20190827611,Davidson,Nashville,11/14/2019 7:00:00 PM,2,0,0,36.152870,-86.857630,BRILEY PKWY,,,,47.00,Feet,South,I40 W EXT RAMP,,,,0.00,N,Not at Intersection,N,Non-Junction,None,,,         ,Melissa,Lomax,Clear,"Sideswipe, Same Direction",no,no,no,no,no,False
102568287,METROPOLITAN NASHVILLE POLICE DEPT,20190827655,Davidson,Not in City Limit,11/14/2019 10:01:00 PM,2,2,0,36.258640,-86.738450,I 65,,,,0.00,,,,,,,91.85,N,Not at Intersection,N,Non-Junction,None,,,         ,Christopher,Littles,Cloudy,Front to Rear,no,no,no,no,no,False
102568288,METROPOLITAN NASHVILLE POLICE DEPT,20190827634,Davidson,Nashville,11/14/2019 9:00:00 PM,2,0,0,36.207060,-86.693890,OPRY MILLS DR,,,,1390.00,Feet,West,OPRYLAND DR,,,,0.00,N,Not at Intersection,N,Non-Junction,None,,,         ,Keenan,McCann,Clear,Angle,no,no,no,yes,yes,False
102568305,METROPOLITAN NASHVILLE POLICE DEPT,20190827667,Davidson,Nashville,11/14/2019 10:09:00 PM,2,0,0,36.166690,-86.779310,3RD AVN,,,,78.00,Feet,South,CHARLOTTE AV,,,,0.00,N,Not at Intersection, ,Non-Junction,None,,,         ,Jordan,Vrbas,Clear,"Sideswipe, Same Direction",no,no,no,no,no,False
102568315,METROPOLITAN NASHVILLE POLICE DEPT,20190827654,Davidson,Nashville,11/14/2019 9:59:00 PM,2,1,0,36.167080,-86.779570,3RD AVN,,,,0.00,,,JAMES ROBERTSON PKWY,,,,0.00,Y,Four-Way,N,Intersection-Related,None,,,         ,Derek,Betty,Clear,Front to Rear,no,no,no,no,no,False
102568326,METROPOLITAN NASHVILLE POLICE DEPT,20190827729,Davidson,Madison,11/14/2019 10:50:00 PM,1,0,0,36.248310,-86.669470,CHEYENNE BLVD,,,,109.00,Feet,South,QUANTO CT,,,,0.00,N,Not at Intersection,N,Non-Junction,None,,,         ,Reagan,Heath,Clear,Not Collision with Motor Vehicle in Transport,no,no,no,no,yes,False
102568331,METROPOLITAN NASHVILLE POLICE DEPT,20190827646,Davidson,Nashville,11/14/2019 9:40:00 PM,2,0,0,36.161300,-86.784520,9TH AVN,,,,0.00,,,CHURCH ST,,,,0.00,Y,Four-Way,N,Intersection,None,,,         ,William,Gibbs,Clear,Angle,no,no,no,no,no,False
102568333,METROPOLITAN NASHVILLE POLICE DEPT,20190827822,Davidson,Nashville,11/14/2019 12:00:00 AM,1,0,0,36.101730,-86.806030,GREEN HILLS DR,,,,22.00,Feet,North,SHACKLEFORD RD,,,,0.00,N,Not at Intersection,N,Non-Junction,None,,,         ,Jeremy,Spears,Clear,Not Collision with Motor Vehicle in Transport,no,no,no,no,no,False
102568335,METROPOLITAN NASHVILLE POLICE DEPT,20190827742,Davidson,Nashville,11/14/2019 6:47:00 AM,2,1,0,36.047430,-86.728590,HUNTINGTON PKWY,,,,222.00,Feet,West,TOBYLYNN DR,,,,0.00,N,Not at Intersection,N,Non-Junction,None,,,         ,Justan,Vance,Clear,Front to Rear,no,no,no,no,yes,False
102568347,METROPOLITAN NASHVILLE POLICE DEPT,20190827737,Davidson,Nashville,11/14/2019 10:19:00 PM,2,0,0,36.142630,-86.707960,I 40,,,,0.00,,,,,,,214.30,N,Not at Intersection,N,Non-Junction,None,,,         ,Jacob,West,Clear,"Sideswipe, Same Direction",no,no,no,no,yes,False
102568359,METROPOLITAN NASHVILLE POLICE DEPT,20190828035,Davidson,Nashville,11/15/2019 1:40:00 AM,2,0,0,36.155010,-86.627110,STEWARTS FERRY PKE,,,,0.00,,,I40 E EXT RAMP,,,,0.00,Y,OTHER,N,Intersection,None,,,         ,Jacob,West,Clear,HeadOn,no,no,no,no,no,False
102568449,METROPOLITAN NASHVILLE POLICE DEPT,20190828463,Davidson,Not in City Limit,11/15/2019 5:35:00 AM,1,0,0,36.051850,-86.952230,OLD HARDING PKE,,,,0.00,,,SOUTH COLONY DR,,,,0.00,Y,Four-Way, ,,None,,,         ,Jackson,Smythe,,,no,no,no,no,no,False
102568479,METROPOLITAN NASHVILLE POLICE DEPT,20190828488,Davidson,Nashville,11/15/2019 5:50:00 AM,2,2,0,36.056430,-86.774590,I 65,,,,0.00,,,,,,,75.00,N,Not at Intersection,N,Non-Junction,None,,,         ,Garrett,Reingardt,Clear,Front to Rear,no,no,no,no,no,False
102568481,METROPOLITAN NASHVILLE POLICE DEPT,20190828513,Davidson,Not in City Limit,11/15/2019 6:20:00 AM,2,0,0,36.296210,-86.810990,I 24,,,,0.00,,,,,,,39.05,N,Not at Intersection, ,Non-Junction,None,,,         ,Timothy,Ward,Clear,Front to Rear,no,no,no,no,no,False
102568490,METROPOLITAN NASHVILLE POLICE DEPT,20190828456,Davidson,Not in City Limit,11/15/2019 5:30:00 AM,2,0,0,36.298820,-86.811530,I 24,,,,0.00,,,,,,,38.90,N,Not at Intersection,N,Non-Junction,None,,,         ,John,Deiterick,Clear,"Sideswipe, Same Direction",no,no,no,no,no,False
102568491,METROPOLITAN NASHVILLE POLICE DEPT,20190826284,Davidson,Nashville,11/14/2019 9:02:00 AM,2,0,0,36.172160,-86.767140,JAMES ROBERTSON PKWY,,,,0.00,,,JAMES ROBERTSON PKWY ENT RAMP,,,,0.00,Y,Y-Intersection, ,Entrance/Exit Ramp Related,None,,,         ,Wesley,Henderson,Clear,"Sideswipe, Same Direction",no,no,no,no,no,False
102568529,METROPOLITAN NASHVILLE POLICE DEPT,20190828491,Davidson,Nashville,11/15/2019 5:57:00 AM,2,1,0,36.154320,-86.742130,LEBANON PKE,,,,0.00,,,FESSLERS LN,,,,0.00,Y,T-Intersection,N,Intersection,None,,,         ,Bridget,Griepentrog,Clear,Angle,no,no,no,no,no,False
102568534,METROPOLITAN NASHVILLE POLICE DEPT,20190828565,Davidson,Nashville,11/15/2019 6:56:00 AM,2,0,0,36.143960,-86.722600,SPENCE LN,,,,0.00,,,ELM HILL PIKE,,,,0.00,Y,Four-Way, ,Intersection,None,,,         ,Zachary,Plese,Clear,Angle,no,no,no,no,no,False
102568538,METROPOLITAN NASHVILLE POLICE DEPT,20190828461,Davidson,Nashville,11/15/2019 5:37:00 AM,3,0,0,36.154300,-86.759500,I 40,,,,0.00,,,,,,,211.00,N,Not at Intersection,N,Entrance/Exit Ramp Related,None,,,         ,Tien,Nguyen,Clear,Not Collision with Motor Vehicle in Transport,no,no,no,no,no,False
102568547,METROPOLITAN NASHVILLE POLICE DEPT,20190828632,Davidson,Nashville,11/15/2019 7:30:00 AM,2,0,0,36.152570,-86.771060,ASH ST,,,,161.00,Feet,West,3RD AVS,,,,0.00,N,Not at Intersection, ,Non-Junction,None,,,         ,Tony,Folad,Clear,"Sideswipe, Same Direction",no,no,no,no,yes,False
102568554,METROPOLITAN NASHVILLE POLICE DEPT,20190828667,Davidson,Nashville,11/15/2019 7:40:00 AM,2,0,0,36.044570,-86.650830,CROSSINGS BLVD,,,,54.00,Feet,East,HICKORY HOLLOW PKWY,,,,0.00,N,Not at Intersection,N,Non-Junction,None,,,         ,Amy,Hirschmann,Clear,"Sideswipe, Same Direction",no,no,no,no,yes,False
102568559,METROPOLITAN NASHVILLE POLICE DEPT,20190826193,Davidson,Nashville,11/14/2019 8:00:00 AM,2,0,0,36.069550,-86.693520,HAYWOOD LN,,,,117.00,Feet,East,EZELL RD,,,,0.00,N,Not at Intersection,N,Non-Junction,None,,,         ,Honorio,Canchola,Clear,Angle,no,no,no,no,no,False
102568560,METROPOLITAN NASHVILLE POLICE DEPT,20190828653,Davidson,Nashville,11/15/2019 7:50:00 AM,2,2,0,36.120710,-86.807970,HILLSBORO PKE,,,,1.00,Feet,North,LOMBARDY AV,,,,0.00,N,Not at Intersection,N,Non-Junction,None,,,         ,Michael,Suagua,Clear,Front to Rear,no,no,no,no,no,False
102568572,METROPOLITAN NASHVILLE POLICE DEPT,20190828557,Davidson,Nashville,11/15/2019 12:00:00 AM,1,0,0,36.179690,-86.797160,GARFIELD ST,,,,0.00,,,,,,,0.00,,,N,"Driveway, Alley Access, etc",None,,,         ,Thomas,Clingan,Unknown,Not Collision with Motor Vehicle in Transport,no,no,no,yes,yes,False
102568579,METROPOLITAN NASHVILLE POLICE DEPT,20190828644,Davidson,Nashville,11/15/2019 7:30:00 AM,2,0,0,36.123120,-86.750960,I 440,,,,0.00,,,,,,,6.30,N,Not at Intersection, ,Non-Junction,Construction Zone,,,         ,Todd,Watson,Clear,Front to Rear,no,no,no,no,no,False
102568580,METROPOLITAN NASHVILLE POLICE DEPT,20190828553,Davidson,Nashville,11/15/2019 5:45:00 AM,2,0,0,36.126050,-86.727840,I 24,,,,0.00,,,,,,,51.45,N,Not at Intersection,N,Unknown,None,,,         ,Frank,Campbell,Clear,"Sideswipe, Same Direction",no,no,no,no,yes,False
102568597,METROPOLITAN NASHVILLE POLICE DEPT,20190828714,Davidson,Nashville,11/15/2019 8:18:00 AM,2,0,0,36.038210,-86.782900,I 65,,,,0.00,,,,,,,74.55,N,Not at Intersection, ,Non-Junction,None,,,         ,Earl,Davis,Clear,Front to Rear,no,no,no,no,no,False
102568605,Nashville Airport Police,2019-04746,Davidson,Nashville,11/11/2019 7:51:00 AM,2,0,0,36.137160,-86.664840,SATELLITE WAY ENT RAMP,,,,0.00,Feet,,SATELLITE WAY,,,,0.00,Y,T-Intersection, ,Intersection,None,,,         ,Novak,Sheriff,Clear,Angle,no,no,no,no,no,False
102568611,METROPOLITAN NASHVILLE POLICE DEPT,2019-0828721,Davidson,Not in City Limit,11/15/2019 8:20:00 AM,2,1,0,36.270300,-86.736550,I 65,,,,0.00,,,,,,,92.65,N,Not at Intersection, ,Non-Junction,None,,,         ,Arthur,Hipp,Cloudy,Front to Rear,no,no,no,no,no,False
102568618,METROPOLITAN NASHVILLE POLICE DEPT,20190828655,Davidson,Nashville,11/15/2019 7:53:00 AM,2,0,0,36.240830,-86.752880,BRILEY PKWYE,,,,243.00,Feet,West,BRILEY PKWYW,,,,0.00,N,Not at Intersection, ,Non-Junction,None,,,         ,Gabriel,Centeno,Clear,Front to Rear,no,no,no,no,no,False
102568619,METROPOLITAN NASHVILLE POLICE DEPT,20190828729,Davidson,Not in City Limit,11/15/2019 8:20:00 AM,1,0,0,36.284300,-86.746650,CUNNIFF PKWY,,,,0.00,,,DICKERSON PKES,,,,0.00,Y,T-Intersection,N,Intersection,None,,,         ,Brian,Otto,,Not Collision with Motor Vehicle in Transport,no,no,no,no,no,False
102568620,METROPOLITAN NASHVILLE POLICE DEPT,20190828614,Davidson,Nashville,11/15/2019 7:05:00 AM,2,0,0,36.083220,-86.766800,HARDING PL,,,,58.00,Feet,West,I65 S ENT RAMP,,,,0.00,N,Not at Intersection, ,Non-Junction,None,,,         ,Gary,Sneed,Cloudy,Front to Rear,no,no,no,no,no,False
102568621,METROPOLITAN NASHVILLE POLICE DEPT,20190828719,Davidson,Nashville,11/15/2019 8:20:00 AM,2,2,0,36.176880,-86.776180,COWAN ST,,,,0.00,Feet,,SPRING ST,,,,0.00,Y,Four-Way,N,Intersection-Related,None,,,         ,William,Cleveland,Clear,Angle,no,no,no,no,no,False
102568622,METROPOLITAN NASHVILLE POLICE DEPT,20190828671,Davidson,Nashville,11/15/2019 7:55:00 AM,3,1,0,36.240990,-86.754310,STATE HWY 155,,,,222.00,Feet,East,EXIT 90B,,,,0.00,N,Not at Intersection,N,Non-Junction,None,,,         ,Jacob,Robbins,Clear,Front to Rear,no,no,no,no,no,False
102568624,METROPOLITAN NASHVILLE POLICE DEPT,20190826801,Davidson,Not in City Limit,11/14/2019 1:08:00 PM,3,1,0,36.323150,-86.861460,I 24,,,,0.00,,,,,,,35.35,N,Not at Intersection,N,Non-Junction,None,,,         ,Fabjan,Llukaj,Cloudy,Not Collision with Motor Vehicle in Transport,no,no,no,no,yes,False
102568625,METROPOLITAN NASHVILLE POLICE DEPT,20190828546,Davidson,Nashville,11/15/2019 6:39:00 AM,2,1,0,36.197050,-86.776180,I 65,,,,0.00,,,,,,,86.65,N,Not at Intersection,N,Non-Junction,None,,,         ,Fabjan,Llukaj,Clear,Front to Rear,no,no,no,no,no,False
102568634,METROPOLITAN NASHVILLE POLICE DEPT,20190828755,Davidson,Nashville,11/15/2019 8:01:00 AM,2,0,0,36.189190,-86.776520,I24 E ENT RAMP,,,,0.00,,,I 24,,,,0.00,Y,OTHER, ,Entrance/Exit Ramp Related,None,,,         ,Bianca,Crawford,Clear,"Sideswipe, Same Direction",no,no,no,no,yes,False
102568647,METROPOLITAN NASHVILLE POLICE DEPT,20190828727,Davidson,Nashville,11/15/2019 8:19:00 AM,2,0,0,36.145050,-86.815640,POSTON AV,,,,105.00,Feet,West,30TH AVN,,,,0.00,N,Not at Intersection, ,Non-Junction,Construction Zone,,,         ,William,Caillouette,Clear,Rear to Rear,no,no,no,no,no,Campus
102568649,BELLE MEADE POLICE DEPT,19-0330,Davidson,Belle Meade,11/12/2019 8:41:00 AM,1,0,0,36.081610,-86.867030,PAGE,RD,,,300.00,Feet,West,BELLE MEADE,BLVD,,,0.00,N,Not at Intersection,N,Non-Junction,None,,,         ,Mark,Hill,Clear,Not Collision with Motor Vehicle in Transport,no,no,no,no,no,False
102568662,METROPOLITAN NASHVILLE POLICE DEPT,20190828826,Davidson,Nashville,11/15/2019 9:20:00 AM,2,1,0,36.157300,-86.779880,DEMONBREUN ST,,,,54.00,Feet,West,7TH AVS,,,,0.00,N,Not at Intersection, ,Non-Junction,None,,,         ,Tony,Folad,Clear,Front to Rear,no,no,no,no,no,False
102568664,METROPOLITAN NASHVILLE POLICE DEPT,20190828879,Davidson,Nashville,11/15/2019 9:50:00 AM,1,0,0,36.212870,-86.748670,ELLINGTON PKWYS,,,,950.00,Feet,South,ELLINGTON PKWY S ENT RAMP,,,,0.00,N,Not at Intersection,N,Non-Junction,None,,,         ,Doyle,Price,Cloudy,Not Collision with Motor Vehicle in Transport,no,no,no,no,no,False
102568665,METROPOLITAN NASHVILLE POLICE DEPT,20190828885,Davidson,Nashville,11/15/2019 9:53:00 AM,2,0,0,36.140050,-86.723820,I 40,,,,0.00,,,,,,,213.50,N,Not at Intersection, ,Entrance/Exit Ramp Related,None,,,         ,Tien,Nguyen,Cloudy,Front to Rear,no,no,no,no,no,False
102568669,METROPOLITAN NASHVILLE POLICE DEPT,20190828730,Davidson,Nashville,11/15/2019 8:25:00 AM,2,3,0,36.233500,-86.781360,BRICK CHURCH PKE,,,,0.00,,,MOOREWOOD DR,,,,0.00,Y,T-Intersection,N,Intersection,None,,,         ,Mandi,Maska,Clear,Other,no,no,no,no,no,False
102568670,METROPOLITAN NASHVILLE POLICE DEPT,20190828563,Davidson,Nashville,11/15/2019 6:57:00 AM,3,0,0,36.055940,-86.774860,I 65,,,,0.00,,,,,,,74.95,N,Not at Intersection,N,Non-Junction,None,,,         ,Phillip,Murphy,Clear,Front to Rear,no,no,no,no,no,False
102568687,METROPOLITAN NASHVILLE POLICE DEPT,20190828053,Davidson,Nashville,11/15/2019 9:22:00 AM,2,0,0,36.159970,-86.795400,CHARLOTTE AV,,,,0.00,,,15TH AVN,,,,0.00,Y,T-Intersection,N,Non-Junction,None,,,         ,William,Caillouette,Clear,Front to Rear,no,no,no,no,no,False
102568688,METROPOLITAN NASHVILLE POLICE DEPT,2019-0828893,Davidson,Nashville,11/15/2019 9:03:00 AM,2,0,0,36.156790,-86.796650,17TH AVN,,,,0.00,,,STATE ST,,,,0.00,Y,Four-Way,N,Intersection-Related,None,,,         ,Po,Cheng,Clear,Front to Rear,no,no,no,no,yes,False
102568689,METROPOLITAN NASHVILLE POLICE DEPT,20190828689,Davidson,Nashville,11/15/2019 8:05:00 AM,2,0,0,36.196790,-86.742180,GALLATIN AV,,,,52.00,Feet,North,CAHAL AV,,,,0.00,N,Not at Intersection, ,Non-Junction,None,,,         ,Russell,Freeman,Clear,"Sideswipe, Same Direction",no,no,no,no,no,False
102568701,METROPOLITAN NASHVILLE POLICE DEPT,20190828973,Davidson,Nashville,11/15/2019 10:40:00 AM,2,0,0,36.110200,-86.770860,I 65,,,,0.00,,,,,,,79.75,N,Not at Intersection, ,Non-Junction,None,,,         ,Michael,Suagua,Clear,Front to Rear,no,no,no,no,no,False
102568715,METROPOLITAN NASHVILLE POLICE DEPT,20190828628,Davidson,Nashville,11/15/2019 7:24:00 AM,2,0,0,36.048550,-86.653990,BELL RD,,,,680.00,Feet,East,HICKORY HOLLOW MALL PVTDR PL,,,,0.00,N,Not at Intersection,N,Non-Junction,None,,,         ,Jessie,Meadows,Clear,Angle,no,no,no,no,no,False
102568716,METROPOLITAN NASHVILLE POLICE DEPT,20190828758,Davidson,Nashville,11/15/2019 8:02:00 AM,2,0,0,36.045800,-86.674630,BELL RD,,,,86.00,Feet,West,BLUE HOLE RD,,,,0.00,N,Not at Intersection,N,Non-Junction,None,,,         ,Jessie,Meadows,Clear,"Sideswipe, Same Direction",no,no,no,no,yes,False
102568727,METROPOLITAN NASHVILLE POLICE DEPT,20190828676,Davidson,Nashville,11/15/2019 8:00:00 AM,2,0,0,36.170490,-86.807050,SCOVEL ST,,,,0.00,,,DR D B TODD JR BLVD,,,,0.00,Y,Four-Way, ,Intersection,None,,,         ,Wesley,Young,Clear,Angle,no,no,no,no,no,False
102568741,METROPOLITAN NASHVILLE POLICE DEPT,20190828703,Davidson,Nashville,11/15/2019 12:00:00 AM,2,0,0,36.172240,-86.797960,REV DR ENOCH JONES BLVD,,,,0.00,,,11TH AVN,,,,0.00,Y,T-Intersection,N,Intersection-Related,None,,,         ,Wesley,Young,Unknown,"Sideswipe, Opposite Direction",no,no,no,no,yes,False
102568745,METROPOLITAN NASHVILLE POLICE DEPT,20190828640,Davidson,Nashville,11/15/2019 7:30:00 AM,2,0,0,36.081240,-86.682790,FRANKLIN LIMESTONE RD,,,,919.00,Feet,East,ANTIOCH PKE,,,,0.00,N,Not at Intersection,N,Non-Junction,None,,,         ,Honorio,Canchola,Clear,Angle,no,no,no,no,no,False
102568754,METROPOLITAN NASHVILLE POLICE DEPT,20190828819,Davidson,Nashville,11/15/2019 5:15:00 AM,2,0,0,36.195750,-86.776940,FERN AV,,,,86.00,Feet,West,BRICK CHURCH PKE,,,,0.00,N,Not at Intersection, ,Non-Junction,None,,,         ,Wesley,Young,Clear,Front to Rear,no,no,no,no,no,False
102568763,METROPOLITAN NASHVILLE POLICE DEPT,20190828977,Davidson,Nashville,11/15/2019 10:30:00 AM,2,0,0,36.183520,-86.806950,CEPHAS ST,,,,156.00,Feet,South,CLAY ST,,,,0.00,N,Not at Intersection,N,Non-Junction,None,,,         ,Wesley,Young,Clear,"Sideswipe, Same Direction",no,no,no,no,yes,False
102568764,METROPOLITAN NASHVILLE POLICE DEPT,20190828770,Davidson,Nashville,11/15/2019 8:53:00 AM,1,0,0,36.110720,-86.722230,I 24,,,,0.00,,,,,,,53.65,N,Not at Intersection,N,Non-Junction,None,,,         ,Alex,Moore,Clear,Not Collision with Motor Vehicle in Transport,no,no,no,no,no,False
102568769,METROPOLITAN NASHVILLE POLICE DEPT,20190828933,Davidson,Nashville,11/15/2019 10:21:00 AM,2,0,0,36.059380,-86.679250,I 24,,,,0.00,,,,,,,57.90,N,Not at Intersection, ,Non-Junction,None,,,         ,Jessie,Meadows,Clear,Front to Rear,no,no,no,no,no,False
102568770,METROPOLITAN NASHVILLE POLICE DEPT,20190829049,Davidson,Nashville,11/15/2019 11:30:00 AM,2,0,0,36.171610,-86.798100,JEFFERSON ST,,,,120.00,Feet,West,11TH AVN,,,,0.00,N,Not at Intersection, ,Non-Junction,None,,,         ,Jerica,Gladston,Clear,Front to Rear,no,no,no,no,no,False
102568815,METROPOLITAN NASHVILLE POLICE DEPT,20190829145,Davidson,Nashville,11/15/2019 12:08:00 PM,2,0,0,36.112290,-86.766650,THOMPSON LN,,,,111.00,Feet,East,BRANSFORD AV,,,,0.00,N,Not at Intersection, ,Non-Junction,None,,,         ,Michael,Suagua,Clear,"Sideswipe, Same Direction",no,no,no,no,no,False
102568827,METROPOLITAN NASHVILLE POLICE DEPT,20190828868,Davidson,Nashville,11/15/2019 9:20:00 AM,2,0,0,36.142590,-86.815500,31ST AVS,,,,0.00,Feet,,31ST AVN,,,,0.00,Y,Four-Way, ,Intersection,None,,,         ,Natalia,Johnson,Clear,Front to Rear,no,no,no,no,no,Campus
102568829,METROPOLITAN NASHVILLE POLICE DEPT,20190828950,Davidson,Nashville,11/15/2019 10:28:00 AM,2,1,0,36.217590,-86.775120,I 65,,,,0.00,,,,,,,88.10,N,Not at Intersection,N,Non-Junction,None,,,         ,Fabjan,Llukaj,Cloudy,Front to Rear,no,no,no,no,no,False
102568869,METROPOLITAN NASHVILLE POLICE DEPT,20190829148,Davidson,Nashville,11/15/2019 12:35:00 PM,3,2,0,36.206480,-86.776240,W TRINITY LN,,,,807.00,Feet,West,I65 N ENT RAMP,,,,0.00,N,Not at Intersection,N,Non-Junction,None,,,         ,Russell,Freeman,Clear,Front to Rear,no,no,no,no,yes,False
102568870,METROPOLITAN NASHVILLE POLICE DEPT,2019-0829200,Davidson,Nashville,11/15/2019 12:40:00 PM,2,0,0,36.253980,-86.716210,GALLATIN PKES,,,,329.00,Feet,North,EMMITT AV,,,,0.00,N,Not at Intersection, ,,None,,,         ,Travis,Baxter,,,no,no,no,no,no,False
102568893,METROPOLITAN NASHVILLE POLICE DEPT,20190829068,Davidson,Not in City Limit,11/15/2019 11:43:00 AM,2,1,0,36.266590,-86.756730,DICKERSON PKE,,,,129.00,Feet,South,DARBYTOWN DR,,,,0.00,N,Not at Intersection,N,Non-Junction,None,,,         ,Gabriel,Centeno,Clear,Angle,no,no,no,no,no,False
102568915,METROPOLITAN NASHVILLE POLICE DEPT,20190828978,Davidson,Nashville,11/15/2019 10:30:00 AM,2,0,0,36.153340,-86.772080,ELM ST,,,,33.00,Feet,East,4TH AVS,,,,0.00,N,Not at Intersection, ,Non-Junction,None,,,         ,Tony,Folad,Clear,"Sideswipe, Same Direction",no,no,no,no,no,False
102568924,METROPOLITAN NASHVILLE POLICE DEPT,20190829204,Davidson,Nashville,11/15/2019 11:58:00 AM,3,1,0,36.180190,-86.806500,BUCHANAN ST,,,,52.00,Feet,West,12TH AVN,,,,0.00,N,Not at Intersection,N,Non-Junction,None,,,         ,Wesley,Young,Clear,Not Collision with Motor Vehicle in Transport,no,no,no,no,no,False
102568935,METROPOLITAN NASHVILLE POLICE DEPT,20190829177,Davidson,Nashville,11/15/2019 12:35:00 PM,1,0,0,36.102340,-86.736040,THUSS AV,,,,314.00,Feet,West,WINGATE AV,,,,0.00,N,Not at Intersection,N,Non-Junction,None,,,         ,Todd,Watson,Clear,Not Collision with Motor Vehicle in Transport,no,no,no,no,yes,False
102568949,METROPOLITAN NASHVILLE POLICE DEPT,20190829290,Davidson,Nashville,11/15/2019 1:36:00 PM,3,2,0,36.143360,-86.874010,CHARLOTTE PKE,,,,81.00,Feet,North,CHARLOTTE ROAD CIR,,,,0.00,N,Not at Intersection,N,Non-Junction,None,,,         ,Curtis,Rich,Clear,Front to Rear,no,no,no,no,no,False
102568951,METROPOLITAN NASHVILLE POLICE DEPT,20190829264,Davidson,Nashville,11/15/2019 1:25:00 PM,2,0,0,36.121950,-86.754670,I 440,,,,0.00,,,,,,,6.10,N,Not at Intersection,N,Non-Junction,Construction Zone,Work On Shoulder Or Median,Activity Area,         ,Michael,Suagua,Clear,Front to Rear,no,no,no,no,no,False
102568961,METROPOLITAN NASHVILLE POLICE DEPT,20190829158,Davidson,Nashville,11/15/2019 12:08:00 PM,2,0,0,36.153680,-86.819500,CHARLOTTE AV,,,,368.00,Feet,South,28TH AVN,,,,0.00,N,Not at Intersection,N,Non-Junction,None,,,         ,Anthony,Cavis,Clear,"Sideswipe, Same Direction",no,no,no,no,no,False
102568977,METROPOLITAN NASHVILLE POLICE DEPT,20190829316,Davidson,Nashville,11/15/2019 2:00:00 PM,2,0,0,36.199820,-86.766620,MERIDIAN ST,,,,0.00,,,GATEWOOD AV,,,,0.00,Y,T-Intersection, ,Intersection,None,,,         ,Russell,Freeman,Clear,Angle,no,no,no,no,no,False
102568989,METROPOLITAN NASHVILLE POLICE DEPT,20190829052,Davidson,Nashville,11/15/2019 12:00:00 AM,2,0,0,36.161700,-86.775600,BROADWAY,,,,124.00,Feet,East,3RD AVN,,,,0.00,N,Not at Intersection,N,OtherLocation,None,,,         ,Destiny,Zunic,Unknown,Angle,no,no,no,yes,yes,False