master_record_number,agency,agency_tracking_number,county,city,collision_date,vehicles_involved,number_injured,number_dead,latitude,longitude,roadway_name,roadway_suffix,roadway_number,roadway_local_id,distance_from_reference,miles-feet_indicator,direction_from_reference,intersection_road_name,intersection_road_name_suffix,intersection_road_number,intersection_local_id,mile_marker,intersection_indicator,intersect_type,interchange_related_indicator,relation_to_junction,work_zone_type,construction_maintenance_zone,construction_maintenance_zone_location,fatal_case_number,officer_first_name,officer_last_name,weather_condition(s),manner_of_crash,pedestrian,bicycle,scooter,parking,hitrun,mou
102569809,METROPOLITAN NASHVILLE POLICE DEPT,20190830381,Davidson,Nashville,11/16/2019 12:25:00 AM,2,1,0,36.175780,-86.809270,DR D B TODD JR BLVD,,,,50.00,Feet,South,WHELESS ST,,,,0.00,N,Not at Intersection,N,Non-Junction,None,,,         ,Joel,Bennett,Clear,Front to Rear,no,no,no,no,no,False
102569811,METROPOLITAN NASHVILLE POLICE DEPT,20190830602,Davidson,Nashville,11/16/2019 2:36:00 AM,1,0,0,36.153290,-86.842520,ALABAMA AV,,,,77.00,Feet,West,46TH AVN,,,,0.00,N,Not at Intersection,N,Non-Junction,None,,,         ,Justin,McCormick,Clear,Not Collision with Motor Vehicle in Transport,no,no,no,no,no,False
102569822,METROPOLITAN NASHVILLE POLICE DEPT,20190830720,Davidson,Nashville,11/16/2019 1:55:00 AM,1,0,0,36.174660,-86.794900,MONROE ST,,,,109.00,Feet,East,10TH AVN,,,,0.00,N,Not at Intersection,N,Non-Junction,None,,,         ,Christopher,Royer,Clear,Not Collision with Motor Vehicle in Transport,no,no,no,no,no,False
102569824,METROPOLITAN NASHVILLE POLICE DEPT,20190830430,Davidson,Nashville,11/16/2019 12:10:00 AM,2,0,0,36.156510,-86.794530,CHURCH ST,,,,0.00,,,16TH AVN,,,,0.00,Y,T-Intersection,N,Intersection,None,,,         ,Justan,Vance,Clear,"Sideswipe, Same Direction",no,no,no,no,yes,False
102569882,METROPOLITAN NASHVILLE POLICE DEPT,20190829099,Davidson,Nashville,11/15/2019 12:00:00 PM,2,0,0,36.232150,-86.722710,INGLEWOOD DR,,,,194.00,Feet,East,INGLEWOOD CT,,,,0.00,N,Not at Intersection,N,Non-Junction,Construction Zone,Work On Shoulder Or Median,Before First Warning Area,         ,Miles,Posey,Clear,"Sideswipe, Opposite Direction",no,no,no,no,yes,False
102569892,METROPOLITAN NASHVILLE POLICE DEPT,20190830897,Davidson,Nashville,11/16/2019 6:32:00 AM,5,1,0,36.210310,-86.765740,DICKERSON PKE,,,,254.00,Feet,North,MARTIN AV,,,,0.00,N,Not at Intersection,N,Non-Junction,None,,,         ,Zachary,Carter,Clear,Not Collision with Motor Vehicle in Transport,no,no,no,no,no,False
102569893,METROPOLITAN NASHVILLE POLICE DEPT,20190830906,Davidson,Nashville,11/16/2019 12:00:00 AM,1,0,0,36.062120,-86.664420,UNA ANTIOCH PKE,,,,179.00,Feet,East,CHADFIELD WAY,,,,0.00,N,Not at Intersection,N,Non-Junction,None,,,         ,Honorio,Canchola,Unknown,Not Collision with Motor Vehicle in Transport,no,no,no,no,yes,False
102569915,METROPOLITAN NASHVILLE POLICE DEPT,20190830990,Davidson,Nashville,11/16/2019 7:50:00 AM,1,1,0,36.066880,-86.599780,MT VIEW RD,,,,10.00,Feet,West,TRU LONG DR,,,,0.00,N,Not at Intersection,N,Non-Junction,None,,,         ,Nelson,Hemingway,Clear,Not Collision with Motor Vehicle in Transport,no,no,no,no,no,False
102569916,METROPOLITAN NASHVILLE POLICE DEPT,20190831041,Davidson,Nashville,11/16/2019 8:26:00 AM,2,0,0,36.128990,-86.795230,ASHWOOD AV,,,,0.00,Feet,West,BELMONT BLVD,,,,0.00,N,Not at Intersection, ,Non-Junction,None,,,         ,Devin,Mabry,Clear,"Sideswipe, Same Direction",no,no,no,no,no,False
102569931,METROPOLITAN NASHVILLE POLICE DEPT,20190831102,Davidson,Nashville,11/16/2019 8:50:00 AM,2,0,0,36.192710,-86.744370,DOUGLAS AV,,,,0.00,,,GALLATIN AV,,,,0.00,Y,Four-Way, ,Intersection,None,,,         ,Dillon,Hunt,Clear,Angle,no,no,no,no,no,False
102569967,METROPOLITAN NASHVILLE POLICE DEPT,20190831108,Davidson,Nashville,11/16/2019 8:25:00 AM,2,1,0,36.123060,-86.751190,NOLENSVILLE PKE,,,,4.00,Feet,West,I440 W ENT RAMP,,,,0.00,N,Not at Intersection,N,Non-Junction,None,,,         ,Nopel,Stella,Clear,Front to Rear,no,no,no,no,no,False
102569997,METROPOLITAN NASHVILLE POLICE DEPT,20190831207,Davidson,Nashville,11/16/2019 10:09:00 AM,2,0,0,36.182270,-86.772690,JOSEPH AVE,,,,273.00,Feet,North,BERRY ST,,,,0.00,N,Not at Intersection,N,Non-Junction,None,,,         ,Nicholas,Smith,Clear,"Sideswipe, Same Direction",no,no,no,no,no,False
102569998,METROPOLITAN NASHVILLE POLICE DEPT,20190831234,Davidson,Not in City Limit,11/16/2019 10:32:00 AM,2,0,0,36.262210,-86.712210,GALLATIN PKES,,,,0.00,Feet,,E OLD HICKORY BLVD,,,,0.00,Y,T-Intersection, ,Intersection-Related,None,,,         ,Blake,McKay,Clear,Angle,no,no,no,no,no,False
102570004,METROPOLITAN NASHVILLE POLICE DEPT,20190831269,Davidson,Nashville,11/16/2019 10:53:00 AM,2,1,0,36.024300,-86.742390,MT PISGAH RD,,,,0.00,,,EDMONDSON PKE,,,,0.00,Y,Four-Way,N,Intersection,None,,,         ,Raymond,Flaherty,Clear,Angle,no,no,no,no,no,False
102570010,METROPOLITAN NASHVILLE POLICE DEPT,20190831308,Davidson,Nashville,11/16/2019 11:34:00 AM,2,1,0,36.084770,-86.733880,ELYSIAN FIELDS RD,,,,0.00,,,LYNN DR,,,,0.00,Y,Four-Way,N,Intersection,None,,,         ,Earl,Davis,Clear,Angle,no,no,no,no,no,False
102570044,METROPOLITAN NASHVILLE POLICE DEPT,20190831351,Davidson,Nashville,11/16/2019 11:54:00 AM,3,0,0,36.084810,-86.703790,HARDING PL,,,,112.00,Feet,West,TRAVELERS INN DR,,,,0.00,N,Not at Intersection,N,Non-Junction,None,,,         ,Adam,Warren,Clear,"Sideswipe, Same Direction",no,no,no,no,no,False
102570051,METROPOLITAN NASHVILLE POLICE DEPT,20190831357,Davidson,Nashville,11/16/2019 12:10:00 PM,2,0,0,36.144360,-86.792200,TREMONT ST,,,,149.00,Feet,West,VILLA PL,,,,0.00,N,Not at Intersection, ,Non-Junction,None,,,         ,William,Caillouette,Clear,Rear to Rear,no,no,no,no,no,False
102570054,METROPOLITAN NASHVILLE POLICE DEPT,20190831320,Davidson,Nashville,11/16/2019 11:26:00 AM,2,0,0,36.239130,-86.757680,I65 S ENT RAMP,,,,0.00,Feet,East,I 65,,,,0.00,N,Not at Intersection, ,,None,,,         ,Nicholas,Silinsky,,,no,no,no,no,no,False
102570061,METROPOLITAN NASHVILLE POLICE DEPT,20190831329,Davidson,Nashville,11/16/2019 11:59:00 AM,2,0,0,36.029920,-86.637660,I 24,,,,0.00,,,,,,,61.00,N,Not at Intersection, ,,None,,,         ,Ryan,Howard,,,no,no,no,no,no,False
102570109,METROPOLITAN NASHVILLE POLICE DEPT,20190831412,Davidson,Nashville,11/16/2019 12:59:00 PM,1,0,0,36.148850,-86.804560,WEST END AV,,,,0.00,,,23RD AVN,,,,0.00,Y,T-Intersection,N,Intersection,None,,,         ,William,Caillouette,Clear,Not Collision with Motor Vehicle in Transport,yes,no,no,no,yes,Campus
102570110,METROPOLITAN NASHVILLE POLICE DEPT,20190831324,Davidson,Hermitage,11/16/2019 11:50:00 AM,2,2,0,36.163320,-86.613120,BELL RD,,,,0.00,,,DODSON CHAPEL RD,,,,0.00,Y,T-Intersection,N,Intersection,None,,,         ,Samuel,Fredericks,Clear,Angle,no,no,no,no,no,False
102570130,METROPOLITAN NASHVILLE POLICE DEPT,20190831440,Davidson,Nashville,11/16/2019 1:17:00 PM,2,0,0,36.138870,-86.776030,I 65,,,,0.00,,,,,,,81.70,N,Not at Intersection, ,,None,,,         ,Nathan,Kemp,,,no,no,no,no,no,False
102570137,METROPOLITAN NASHVILLE POLICE DEPT,20190831375,Davidson,Antioch,11/16/2019 12:05:00 PM,4,0,0,36.070280,-86.592790,PARK ROYAL LN,,,,0.00,,,MT VIEW RD,,,,0.00,Y,Four-Way, ,Non-Junction,None,,,         ,Steven,Williams,Clear,Front to Rear,no,no,no,no,no,False
102570139,METROPOLITAN NASHVILLE POLICE DEPT,20190831290,Davidson,Nashville,11/16/2019 11:02:00 AM,2,0,0,36.141440,-86.740250,MURFREESBORO PKE,,,,99.00,Feet,East,FOSTER AV,,,,0.00,N,Not at Intersection, ,,None,,,         ,Ralph,Harvey,,,no,no,no,no,no,False
102570140,METROPOLITAN NASHVILLE POLICE DEPT,20190831396,Davidson,Nashville,11/16/2019 12:30:00 PM,2,0,0,36.052250,-86.681750,TUSCULUM RD,,,,256.00,Feet,East,BENZING RD,,,,0.00,N,Not at Intersection,N,Non-Junction,None,,,         ,Honorio,Canchola,Clear,Front to Rear,no,no,no,no,no,False
102570156,METROPOLITAN NASHVILLE POLICE DEPT,20190831416,Davidson,Nashville,11/16/2019 12:37:00 PM,2,0,0,36.196440,-86.621300,LEBANON PKE,,,,370.00,Feet,North,BONNASPRING DR,,,,0.00,N,Not at Intersection,N,Non-Junction,None,,,         ,Richard,Luellen,Clear,Angle,no,no,no,no,no,False
102570157,METROPOLITAN NASHVILLE POLICE DEPT,20190831456,Davidson,Nashville,11/16/2019 1:23:00 PM,3,0,0,36.041970,-86.743910,EDMONDSON PIKE,,,,45.00,Feet,West,BRENTWOOD SQ,,,,0.00,N,Not at Intersection,N,Non-Junction,None,,,         ,Earl,Davis,Clear,Front to Rear,no,no,no,no,yes,False
102570160,METROPOLITAN NASHVILLE POLICE DEPT,20190831378,Davidson,Nashville,11/16/2019 12:20:00 PM,2,1,0,36.169820,-86.591060,I 40,,,,0.00,,,,,,,221.40,N,Not at Intersection,N,Non-Junction,None,,,         ,Graham,Binkley,Clear,Not Collision with Motor Vehicle in Transport,no,no,no,no,no,False
102570177,METROPOLITAN NASHVILLE POLICE DEPT,20190831470,Davidson,Nashville,11/16/2019 1:33:00 PM,2,0,0,36.066320,-86.774210,US HWY 31,,,,0.00,,,OTTER CREEK RD,,,,0.00,Y,Four-Way, ,Intersection,None,,,         ,Earl,Davis,Clear,Angle,no,no,no,no,no,False
102570225,METROPOLITAN NASHVILLE POLICE DEPT,20190831515,Davidson,Nashville,11/16/2019 2:20:00 PM,2,1,0,36.235940,-86.726590,BRILEY PKWYW,,,,127.00,Feet,North,BRILEY PKWY E EXT RAMP,,,,0.00,N,Not at Intersection,N,Non-Junction,None,,,         ,Samuel,Kersten,Clear,Angle,no,no,no,no,yes,False
102570237,METROPOLITAN NASHVILLE POLICE DEPT,20190831528,Davidson,Nashville,11/16/2019 2:34:00 PM,2,1,0,36.099450,-86.871680,HARDING PKE,,,,129.00,Feet,South,HIGHWAY 100,,,,0.00,N,Not at Intersection,Y,Non-Junction,None,,,         ,James,Wells Jr.,Clear,Front to Rear,no,no,no,no,no,False
102570271,METROPOLITAN NASHVILLE POLICE DEPT,20190831593,Davidson,Nashville,11/16/2019 3:10:00 PM,2,0,0,36.148530,-86.745650,I 40,,,,0.00,,,,,,,211.90,N,Not at Intersection, ,,None,,,         ,Darci,Stechman,,,no,no,no,no,no,False
102570281,METROPOLITAN NASHVILLE POLICE DEPT,20190831634,Davidson,Nashville,11/16/2019 1:55:00 PM,2,1,0,36.110930,-86.745040,THOMPSON LN,,,,52.00,Feet,East,NOLENSVILLE PKE,,,,0.00,N,Not at Intersection,N,Non-Junction,None,,,         ,Heather,Fox,Clear,Front to Rear,no,no,no,no,no,False
102570282,METROPOLITAN NASHVILLE POLICE DEPT,20190831586,Davidson,Nashville,11/16/2019 2:38:00 PM,2,0,0,36.174870,-86.785270,JEFFERSON ST,,,,181.00,Feet,West,3RD AVN,,,,0.00,N,Not at Intersection, ,Non-Junction,None,,,         ,Jordan,Vrbas,Clear,Angle,no,no,no,no,no,False
102570283,METROPOLITAN NASHVILLE POLICE DEPT,20190831512,Davidson,Nashville,11/16/2019 2:15:00 PM,4,1,0,36.205020,-86.737620,GALLATIN PKE,,,,0.00,,,MCGAVOCK PKE,,,,0.00,Y,Four-Way,N,Intersection,None,,,         ,Andrew,Ivey,Clear,Angle,no,no,no,no,no,False
102570334,METROPOLITAN NASHVILLE POLICE DEPT,20190831448,Davidson,Nashville,11/15/2019 9:00:00 PM,2,0,0,36.208220,-86.778850,HAMPTON ST,,,,248.00,Feet,South,AVONDALE CIR,,,,0.00,N,Not at Intersection,N,Non-Junction,None,,,         ,Brandon,Simpkins,Clear,Angle,no,no,no,no,yes,False
102570341,METROPOLITAN NASHVILLE POLICE DEPT,20190831694,Davidson,Nashville,11/16/2019 4:00:00 PM,2,0,0,36.152780,-86.825970,35TH AVN,,,,0.00,Feet,East,CHARLOTTE AV,,,,0.00,N,Not at Intersection,N,Non-Junction,None,,,         ,Clayton,Smith,Clear,Front to Rear,no,no,no,no,yes,False
102570346,METROPOLITAN NASHVILLE POLICE DEPT,20190831610,Davidson,Nashville,11/16/2019 3:28:00 PM,3,0,0,36.182750,-86.799120,I 65,,,,0.00,,,,,,,85.20,N,Not at Intersection,N,Non-Junction,None,,,         ,Kiana,Perry,Clear,Other,no,no,no,no,no,False
102570357,METROPOLITAN NASHVILLE POLICE DEPT,20190831758,Davidson,Nashville,11/16/2019 12:00:00 AM,2,0,0,36.175240,-86.771410,I 24,,,,0.00,,,,,,,48.05,N,Not at Intersection,N,Non-Junction,None,,,         ,Trevor,Taylor,Clear,Front to Rear,no,no,no,no,no,False
102570365,METROPOLITAN NASHVILLE POLICE DEPT,20190831589,Davidson,Nashville,11/16/2019 3:12:00 PM,3,2,0,36.158810,-86.798160,17TH AVN,,,,0.00,Feet,,CHARLOTTE AV,,,,0.00,Y,Four-Way,Y,Intersection,None,,,         ,Bailee,Hickman,Clear,Other,no,no,no,no,no,False
102570370,METROPOLITAN NASHVILLE POLICE DEPT,20190831728,Davidson,Nashville,11/16/2019 4:22:00 PM,2,2,0,36.142120,-86.775780,FORT NEGLEY BLVD,,,,0.00,,,CHESTNUT ST,,,,0.00,Y,Four-Way,N,Intersection,None,,,         ,John,Chambers,Clear,Angle,no,no,no,no,no,False
102570371,METROPOLITAN NASHVILLE POLICE DEPT,20190831847,Davidson,Nashville,11/16/2019 12:00:00 AM,2,0,0,36.106850,-86.719530,I 24,,,,0.00,,,,,,,53.95,N,Not at Intersection,N,Non-Junction,None,,,         ,Ryan,Sherry,Clear,Front to Rear,no,no,no,no,no,False
102570374,METROPOLITAN NASHVILLE POLICE DEPT,20190831701,Davidson,Nashville,11/16/2019 4:10:00 PM,2,0,0,36.045490,-86.711940,OLD HICKORY BLVD,,,,394.00,Feet,East,NOLENSVILLE PKE,,,,0.00,N,Not at Intersection, ,Non-Junction,None,,,         ,Steven,Begley,Clear,Front to Rear,no,no,no,no,no,False
102570382,METROPOLITAN NASHVILLE POLICE DEPT,20190831869,Davidson,Nashville,11/16/2019 4:06:00 PM,2,0,0,36.121430,-86.757030,I 440,,,,0.00,,,,,,,6.00,N,Not at Intersection, ,,Construction Zone,,,         ,Randy,Puckett,,,no,no,no,no,no,False
102570387,METROPOLITAN NASHVILLE POLICE DEPT,20190831813,Davidson,Nashville,11/16/2019 5:19:00 PM,2,0,0,36.155230,-86.789010,I 40,,,,0.00,,,,,,,209.20,N,Not at Intersection,Y,Entrance/Exit Ramp Related,None,,,         ,John,Chambers,Clear,Angle,no,no,no,no,yes,False
102570405,METROPOLITAN NASHVILLE POLICE DEPT,20190831941,Davidson,Nashville,11/16/2019 6:36:00 PM,2,0,0,36.152440,-86.805430,STATE ST,,,,52.00,Feet,East,LOUISE AV,,,,0.00,N,Not at Intersection,N,Non-Junction,None,,,         ,Ryan,Coll,Clear,Unknown,no,no,no,no,yes,False
102570418,METROPOLITAN NASHVILLE POLICE DEPT,20190831972,Davidson,Antioch,11/16/2019 7:09:00 PM,3,1,0,36.032840,-86.611880,OLD HICKORY BLVD,,,,68.00,Feet,North,PRESERVE BLVD,,,,0.00,N,Not at Intersection,N,Non-Junction,None,,,         ,YUNUS,ADAK,Clear,Front to Rear,no,no,no,no,yes,False
102570424,METROPOLITAN NASHVILLE POLICE DEPT,20190831910,Davidson,Nashville,11/16/2019 6:27:00 PM,1,1,0,36.071280,-86.690830,I 24,,,,0.00,,,,,,,56.85,N,Not at Intersection,N,Non-Junction,None,,,         ,Sean,Weaver,Clear,Not Collision with Motor Vehicle in Transport,no,no,no,no,no,False
102570430,METROPOLITAN NASHVILLE POLICE DEPT,20190831810,Davidson,Not in City Limit,11/16/2019 5:09:00 PM,2,0,0,36.042820,-86.978310,MCCRORY LN,,,,0.00,,,INDIAN HILLS DR,,,,0.00,Y,T-Intersection, ,Intersection-Related,None,,,         ,James,Wells Jr.,Clear,Angle,no,no,no,no,no,False
102570436,METROPOLITAN NASHVILLE POLICE DEPT,20190831842,Davidson,Not in City Limit,11/16/2019 6:00:00 PM,2,3,0,36.263900,-86.704400,WALTON FERRY RD,,,,0.00,,,,,,,0.00,,,N,Non-Junction,None,,,         ,John,Walden,Clear,Angle,no,no,no,no,no,False
102570437,METROPOLITAN NASHVILLE POLICE DEPT,20190831848,Davidson,Madison,11/16/2019 5:10:00 PM,1,0,0,36.375730,-86.747760,SPRINGFIELD HWY,,,,408.00,Feet,South,BAKER STATION RD,,,,0.00,N,Not at Intersection,N,Non-Junction,None,,,         ,Michael,Fox,Clear,Not Collision with Motor Vehicle in Transport,no,no,no,no,no,False
102570439,METROPOLITAN NASHVILLE POLICE DEPT,20190831824,Davidson,Nashville,11/16/2019 5:30:00 PM,2,1,0,36.045410,-86.712800,OLD HICKORY BLVD,,,,138.00,Feet,East,NOLENSVILLE PKE,,,,0.00,N,Not at Intersection,N,Non-Junction,None,,,         ,Donovan,Coble,Clear,Front to Rear,no,no,no,no,no,False
102570453,METROPOLITAN NASHVILLE POLICE DEPT,20190832077,Davidson,Nashville,11/16/2019 8:00:00 PM,1,1,0,36.152540,-86.753460,GREEN ST,,,,17.00,Feet,West,EXIT 212,,,,0.00,N,Not at Intersection,N,Entrance/Exit Ramp Related,None,,,         ,Darci,Stechman,Clear,Unknown,no,no,no,no,no,False
102570455,METROPOLITAN NASHVILLE POLICE DEPT,20190832026,Davidson,Nashville,11/16/2019 7:30:00 PM,2,0,0,36.056470,-86.738520,BEECH GROVE WAY,,,,135.00,Feet,West,HAMDEN DR,,,,0.00,N,Not at Intersection,N,Non-Junction,None,,,         ,Citlaly,Juarez,Clear,Other,no,no,no,no,yes,False
102570466,METROPOLITAN NASHVILLE POLICE DEPT,20190831988,Davidson,Nashville,11/16/2019 7:10:00 PM,2,0,0,36.135020,-86.724010,MURFREESBORO PKE,,,,118.00,Feet,East,I24 W EXT RAMP,,,,0.00,N,Not at Intersection,N,Non-Junction,None,,,         ,Jarret,Sonnenberg,Clear,Front to Rear,no,no,no,yes,yes,False
102570489,METROPOLITAN NASHVILLE POLICE DEPT,20190831929,Davidson,Nashville,11/16/2019 6:44:00 PM,2,2,0,36.121600,-86.773230,I 65,,,,0.00,,,,,,,80.50,N,Not at Intersection,N,Non-Junction,None,,,         ,Jarrett,Ipox,Clear,Front to Rear,no,no,no,no,no,False
102570490,METROPOLITAN NASHVILLE POLICE DEPT,20190832045,Davidson,Goodlettsville,11/16/2019 7:40:00 PM,2,0,0,36.295990,-86.698450,RIVERGATE STATION PVTDR,,,,0.00,,,MYATT DR,,,,0.00,Y,T-Intersection, ,Intersection-Related,None,,,         ,Derek,Sibley,Clear,Angle,no,no,no,no,no,False
102570492,METROPOLITAN NASHVILLE POLICE DEPT,20190832080,Davidson,Nashville,11/16/2019 8:06:00 PM,2,1,0,36.094850,-86.736990,NOLENSVILLE PKE,,,,381.00,Feet,South,WHEELER AV,,,,0.00,N,Not at Intersection, ,Non-Junction,None,,,         ,Andrew,Brazee,Clear,Front to Rear,no,no,no,no,no,False
102570493,METROPOLITAN NASHVILLE POLICE DEPT,20190832052,Davidson,Nashville,11/16/2019 7:50:00 PM,1,0,0,36.111490,-86.745510,NOLENSVILLE PKE,,,,217.00,Feet,North,THOMPSON LN,,,,0.00,N,Not at Intersection,N,Non-Junction,None,,,         ,Eric,Laury,Clear,Not Collision with Motor Vehicle in Transport,no,no,no,no,no,False
102570496,METROPOLITAN NASHVILLE POLICE DEPT,20190832178,Davidson,Nashville,11/16/2019 7:15:00 PM,1,1,0,36.007530,-86.664450,OLD HICKORY BLVD,,,,450.00,Feet,East,PETTUS RD,,,,0.00,N,Not at Intersection,N,Non-Junction,None,,,         ,Ian,Wilson,Clear,Not Collision with Motor Vehicle in Transport,yes,no,no,no,no,False
102570499,METROPOLITAN NASHVILLE POLICE DEPT,20190832106,Davidson,Nashville,11/16/2019 8:20:00 PM,2,0,0,36.040210,-86.780580,OLD HICKORY BLVD,,,,56.00,Feet,East,I65 N ENT RAMP,,,,0.00,N,Not at Intersection, ,,None,,,         ,Cynthia,Quirouette,,,no,no,no,no,no,False
102570502,METROPOLITAN NASHVILLE POLICE DEPT,20190832187,Davidson,Nashville,11/16/2019 8:53:00 PM,2,0,0,36.113950,-86.810880,WOODMONT BLVD,,,,0.00,,,HILLSBORO PKE,,,,0.00,Y,Four-Way, ,Intersection,None,,,         ,Randy,Puckett,Clear,Front to Rear,no,no,no,no,no,False
102570510,METROPOLITAN NASHVILLE POLICE DEPT,20190832206,Davidson,Nashville,11/16/2019 9:42:00 PM,1,1,0,36.101480,-86.765020,I 65,,,,0.00,,,,,,,79.15,N,Not at Intersection,N,Non-Junction,None,,,         ,Ryan,Coll,Clear,Not Collision with Motor Vehicle in Transport,no,no,no,no,no,False
102570520,METROPOLITAN NASHVILLE POLICE DEPT,20190831639,Davidson,Nashville,11/16/2019 3:26:00 PM,2,0,0,36.193660,-86.831220,CLARKSVILLE PKE,,,,0.00,,,BUENA VISTA PKE,,,,0.00,Y,Four-Way,N,Intersection-Related,None,,,         ,John,Jones,Clear,Front to Rear,no,no,no,no,no,False
102570521,METROPOLITAN NASHVILLE POLICE DEPT,20190832039,Davidson,Nashville,11/16/2019 7:47:00 PM,2,2,0,36.110950,-86.787530,WOODMONT BLVD,,,,0.00,,,LEALAND LN,,,,0.00,Y,Four-Way,N,Intersection,None,,,         ,John,Chambers,Clear,Angle,no,no,no,no,no,False
102570525,METROPOLITAN NASHVILLE POLICE DEPT,20190832075,Davidson,Nashville,11/16/2019 8:05:00 PM,2,0,0,36.134280,-86.779260,WEDGEWOOD AV,,,,50.00,Feet,West,8TH AVS,,,,0.00,N,Not at Intersection, ,,None,,,         ,Heather,Fox,,,no,no,no,no,no,False
102570541,METROPOLITAN NASHVILLE POLICE DEPT,20190831846,Davidson,Nashville,11/16/2019 5:43:00 PM,2,0,0,36.176550,-86.770060,SPRING ST,,,,100.00,Feet,West,I24 W EXT RAMP,,,,0.00,N,Not at Intersection,N,Non-Junction,None,,,         ,Chase,Harriman,Clear,Front to Rear,no,no,no,no,no,False
102570555,METROPOLITAN NASHVILLE POLICE DEPT,20190832243,Davidson,Nashville,11/16/2019 10:20:00 PM,2,0,0,36.162070,-86.782770,CHURCH ST,,,,38.00,Feet,West,7TH AVN,,,,0.00,N,Not at Intersection,N,Non-Junction,None,,,         ,Jordan,Vrbas,Clear,"Sideswipe, Same Direction",no,no,no,no,yes,False
102570615,METROPOLITAN NASHVILLE POLICE DEPT,20190832392,Davidson,Nashville,11/16/2019 11:48:00 PM,2,0,0,36.069100,-86.690680,HAYWOOD LN,,,,0.00,,,I24 E ENT RAMP,,,,0.00,Y,T-Intersection,N,Intersection,None,,,         ,Alex,DiBernardo,Clear,Front to Rear,no,no,no,no,no,False
102570619,METROPOLITAN NASHVILLE POLICE DEPT,20190832294,Davidson,Nashville,11/16/2019 10:50:00 PM,1,1,0,36.152060,-86.845980,CHARLOTTE AV,,,,0.00,Feet,East,49TH AVN,,,,0.00,N,Not at Intersection,Y,Unknown,None,,,         ,Christian,Downen,Clear,Not Collision with Motor Vehicle in Transport,yes,no,no,no,no,False
102570620,METROPOLITAN NASHVILLE POLICE DEPT,20190832324,Davidson,Nashville,11/16/2019 10:11:00 PM,1,0,0,36.156580,-86.626050,I40 E ENT RAMP,,,,85.00,Feet,South,I 40,,,,0.00,N,Not at Intersection, ,Non-Junction,None,,,         ,Jacob,West,Clear,Not Collision with Motor Vehicle in Transport,no,no,no,no,no,False
102570628,METROPOLITAN NASHVILLE POLICE DEPT,20190832388,Davidson,Nashville,11/16/2019 11:45:00 PM,2,0,0,36.161350,-86.820870,I 40,,,,0.00,,,,,,,206.20,N,Not at Intersection,N,Non-Junction,None,,,         ,Ian,Ward,Clear,Front to Rear,no,no,no,no,no,False
102570629,METROPOLITAN NASHVILLE POLICE DEPT,20190832513,Davidson,Nashville,11/16/2019 9:50:00 PM,2,0,0,36.230130,-86.604240,SHUTE LN,,,,1080.00,Feet,East,BRANDYWINE POINTE BLVD,,,,0.00,N,Not at Intersection,N,Non-Junction,None,,,         ,Bryce,Hatten,Clear,"Sideswipe, Opposite Direction",no,no,no,no,yes,False
102570648,METROPOLITAN NASHVILLE POLICE DEPT,20190832428,Davidson,Nashville,11/17/2019 12:12:00 AM,2,2,0,36.229370,-86.759270,BROADMOOR DR,,,,0.00,,,US HWY 31W,,,,0.00,Y,Four-Way,N,Intersection,None,,,         ,William,Burnett,Clear,Angle,no,no,no,no,no,False
102570649,METROPOLITAN NASHVILLE POLICE DEPT,20190832498,Davidson,Nashville,11/16/2019 11:45:00 PM,1,2,0,36.251120,-86.784740,I 24,,,,0.00,,,,,,,42.60,N,Not at Intersection,N,Non-Junction,None,,,         ,Timothy,Ward,Clear,Not Collision with Motor Vehicle in Transport,no,no,no,no,no,False
102570651,METROPOLITAN NASHVILLE POLICE DEPT,20190832578,Davidson,Nashville,11/17/2019 1:21:00 AM,2,0,0,36.153010,-86.857330,I40 W EXT RAMP,,,,0.00,Feet,East,I 40,,,,0.00,N,Not at Intersection,N,Entrance/Exit Ramp Related,None,,,         ,Matthew,Jankiewicz,Clear,Front to Rear,no,no,no,no,yes,False
102570671,GOODLETTSVILLE POLICE DEPT,19-42889,Davidson,Goodlettsville,11/17/2019 1:55:00 AM,1,0,0,36.305320,-86.703870,MEADOW LARK LN,,,,37.00,Feet,South,MEADOW LARK LN,,,,0.00,N,Not at Intersection,N,Non-Junction,None,,,         ,Jason,Ayers,Clear,Not Collision with Motor Vehicle in Transport,no,no,no,no,yes,False
102570672,METROPOLITAN NASHVILLE POLICE DEPT,20190832635,Davidson,Nashville,11/17/2019 2:14:00 AM,2,0,0,36.156580,-86.787480,12TH AVS,,,,0.00,,,BROADWAY,,,,0.00,Y,Four-Way,N,Intersection-Related,None,,,         ,Ralph,Gault,Clear,Front to Rear,no,no,no,no,yes,False
102570673,METROPOLITAN NASHVILLE POLICE DEPT,20190832565,Davidson,Nashville,11/17/2019 1:20:00 AM,1,1,0,36.058820,-86.645340,RURAL HILL RD,,,,1057.00,Feet,South,HICKORY HIGHLANDS DR,,,,0.00,N,Not at Intersection,N,Non-Junction,None,,,         ,David,Simmonds,Clear,Not Collision with Motor Vehicle in Transport,no,no,no,no,no,False