master_record_number,agency,agency_tracking_number,county,city,collision_date,vehicles_involved,number_injured,number_dead,latitude,longitude,roadway_name,roadway_suffix,roadway_number,roadway_local_id,distance_from_reference,miles-feet_indicator,direction_from_reference,intersection_road_name,intersection_road_name_suffix,intersection_road_number,intersection_local_id,mile_marker,intersection_indicator,intersect_type,interchange_related_indicator,relation_to_junction,work_zone_type,construction_maintenance_zone,construction_maintenance_zone_location,fatal_case_number,officer_first_name,officer_last_name,weather_condition(s),manner_of_crash,pedestrian,bicycle,scooter,parking,hitrun,mou
102570675,METROPOLITAN NASHVILLE POLICE DEPT,20190832671,Davidson,Nashville,11/17/2019 2:35:00 AM,2,0,0,36.165110,-86.778300,3RD AVN,,,,79.00,Feet,North,BANKERS ALY,,,,0.00,N,Not at Intersection,N,Non-Junction,None,,,         ,Damon,Hutcheson,Clear,Front to Rear,no,no,no,no,yes,False
102570678,METROPOLITAN NASHVILLE POLICE DEPT,20190832667,Davidson,Nashville,11/17/2019 2:38:00 AM,1,1,0,36.244380,-86.747700,I65 S EXT RAMP,,,,0.00,Feet,East,I 65,,,,0.00,N,Not at Intersection,N,Non-Junction,None,,,         ,Frederick,Ware,Clear,Not Collision with Motor Vehicle in Transport,no,no,no,no,no,False
102570680,METROPOLITAN NASHVILLE POLICE DEPT,20190832723,Davidson,Not in City Limit,11/17/2019 3:21:00 AM,1,0,0,36.004530,-86.699270,NOLENSVILLE PKE,,,,558.00,Feet,North,AUTUMN OAKS DR,,,,0.00,N,Not at Intersection,N,Non-Junction,None,,,         ,Bryce,Hatten,Clear,Not Collision with Motor Vehicle in Transport,no,no,no,no,yes,False
102570682,METROPOLITAN NASHVILLE POLICE DEPT,20190832681,Davidson,Nashville,11/17/2019 2:52:00 AM,2,2,0,36.154120,-86.757720,I 40,,,,0.00,,,,,,,211.10,N,Not at Intersection,Y,Entrance/Exit Ramp Related,None,,,         ,Adam,Masle,Clear,Front to Rear,no,no,no,no,no,False
102570683,METROPOLITAN NASHVILLE POLICE DEPT,20190832661,Davidson,Nashville,11/17/2019 2:25:00 AM,2,0,0,36.079620,-86.726320,NOLENSVILLE PKE,,,,3.00,Feet,North,HARDING PL,,,,0.00,N,Not at Intersection,N,Non-Junction,None,,,         ,Garrett,Reingardt,Clear,Front to Rear,no,no,no,no,yes,False
102570690,METROPOLITAN NASHVILLE POLICE DEPT,20190832764,Davidson,Nashville,11/17/2019 3:40:00 AM,2,0,0,36.156310,-86.782070,9TH AVE S,,,,13.00,Feet,South,DEMONBREUN ST,,,,0.00,N,Not at Intersection,Y,Non-Junction,None,,,         ,Trenton,Searcy,Clear,Angle,no,no,no,no,yes,False
102570699,METROPOLITAN NASHVILLE POLICE DEPT,20190832776,Davidson,Nashville,11/17/2019 3:13:00 AM,2,0,0,36.152650,-86.796730,WEST END AV,,,,247.00,Feet,East,19TH AVN,,,,0.00,N,Not at Intersection,N,Non-Junction,None,,,         ,Dakota,Vermillion,Clear,"Sideswipe, Same Direction",no,no,no,yes,yes,False
102570718,METROPOLITAN NASHVILLE POLICE DEPT,20190832861,Davidson,Nashville,11/17/2019 4:50:00 AM,1,0,0,36.063310,-86.689370,PACKARD DR,,,,72.00,Feet,East,PANAMINT DR,,,,0.00,N,Not at Intersection,N,Non-Junction,None,,,         ,Alex,DiBernardo,Clear,Not Collision with Motor Vehicle in Transport,no,no,no,no,no,False
102570722,METROPOLITAN NASHVILLE POLICE DEPT,20190832905,Davidson,Not in City Limit,11/17/2019 5:45:00 AM,1,0,0,36.333000,-86.904610,I 24,,,,0.00,,,,,,,32.80,N,Not at Intersection,N,Non-Junction,None,,,         ,Timothy,Ward,Clear,Not Collision with Motor Vehicle in Transport,no,no,no,no,no,False
102570723,METROPOLITAN NASHVILLE POLICE DEPT,20190832705,Davidson,Nashville,11/17/2019 3:09:00 AM,1,0,0,36.052340,-86.724220,AMALIE DR,,,,298.00,Feet,North,AMALIE CT,,,,0.00,N,Not at Intersection,N,Non-Junction,None,,,         ,Douglas,Mann,Clear,Unknown,no,no,no,no,yes,False
102570729,METROPOLITAN NASHVILLE POLICE DEPT,20190832907,Davidson,Nashville,11/17/2019 5:50:00 AM,2,1,0,36.113050,-86.800030,WOODMONT BLVD,,,,0.00,,,BELMONT BLVD,,,,0.00,Y,Four-Way,N,Intersection,None,,,         ,Stephen,Johnston,Clear,"Sideswipe, Opposite Direction",no,no,no,no,no,False
102570732,METROPOLITAN NASHVILLE POLICE DEPT,20190832771,Davidson,Nashville,11/17/2019 12:00:00 AM,1,1,0,36.028030,-86.614530,OLD HICKORY BLVD,,,,986.00,Feet,South,LOGISTICS WAY,,,,0.00,N,Not at Intersection,N,Non-Junction,None,,,         ,Michelle,Norris,Clear,Unknown,no,no,no,no,no,False
102570782,METROPOLITAN NASHVILLE POLICE DEPT,20190832965,Davidson,Nashville,11/17/2019 6:06:00 AM,2,0,0,36.158630,-86.690940,ATRIUM WAY,,,,427.00,Feet,West,STATE HWY 155,,,,0.00,N,Not at Intersection, ,OtherLocation,None,,,         ,Zachary,Plese,Clear,"Sideswipe, Opposite Direction",no,no,no,no,yes,False
102570793,METROPOLITAN NASHVILLE POLICE DEPT,20190833015,Davidson,Nashville,11/17/2019 12:00:00 AM,1,0,0,36.211910,-86.814600,STOKERS LNN,,,,120.00,Feet,West,CUMBERLAND COVE DR,,,,0.00,N,Not at Intersection,N,Non-Junction,None,,,         ,Zachary,Goodall,Unknown,Not Collision with Motor Vehicle in Transport,no,no,no,no,yes,False
102570797,METROPOLITAN NASHVILLE POLICE DEPT,20190832844,Davidson,Nashville,11/17/2019 4:44:00 AM,2,0,0,36.120750,-86.727070,I 24,,,,0.00,,,,,,,52.85,N,Not at Intersection,N,Non-Junction,None,,,         ,Teresah,Pinho,Clear,"Sideswipe, Same Direction",no,no,no,no,no,False
102570823,METROPOLITAN NASHVILLE POLICE DEPT,20190833043,Davidson,Nashville,11/17/2019 7:50:00 AM,2,0,0,36.048090,-86.713590,NOLENSVILLE PKE,,,,255.00,Feet,South,HICKORYVIEW DR,,,,0.00,N,Not at Intersection,N,Non-Junction,None,,,         ,Honorio,Canchola,Clear,Front to Rear,no,no,no,no,no,False
102570846,METROPOLITAN NASHVILLE POLICE DEPT,20190833164,Davidson,Hermitage,11/17/2019 9:15:00 AM,1,0,0,36.154270,-86.569880,EARHART RD,,,,1183.00,Feet,South,JOHN HAGAR RD,,,,0.00,N,Not at Intersection, ,Non-Junction,None,,,         ,Kelsey,Hemminger,Clear,Not Collision with Motor Vehicle in Transport,no,no,no,no,no,False
102570849,BELLE MEADE POLICE DEPT,19-0336,Davidson,Belle Meade,11/16/2019 12:51:00 PM,1,0,0,36.098170,-86.856810,BELLE MEADE BLVD,,,,70.00,Feet,South,IROQUOIS AV,,,,0.00,N,Not at Intersection,Y,Non-Junction,None,,,         ,Wes,Bowker,Clear,Not Collision with Motor Vehicle in Transport,no,no,no,no,no,False
102570850,METROPOLITAN NASHVILLE POLICE DEPT,20190833110,Davidson,Nashville,11/17/2019 8:47:00 AM,2,0,0,36.144110,-86.799830,US HWY 431,,,,15.00,Feet,North,EDGEHILL AVE,,,,0.00,N,Not at Intersection, ,Non-Junction,None,,,         ,Devin,Mabry,Clear,"Sideswipe, Same Direction",no,no,no,no,no,Campus
102570932,METROPOLITAN NASHVILLE POLICE DEPT,20190832944,Davidson,Nashville,11/17/2019 12:00:00 AM,1,1,0,36.237760,-86.762370,OAKVIEW DR,,,,1.00,Feet,East,HUNLEY DR,,,,0.00,N,Not at Intersection,N,OtherLocation,None,,,         ,Jacob,Robbins,Unknown,Not Collision with Motor Vehicle in Transport,no,no,no,no,yes,False
102570934,METROPOLITAN NASHVILLE POLICE DEPT,20190833244,Davidson,Nashville,11/17/2019 10:30:00 AM,2,0,0,36.133440,-86.774680,I65 N EXT RAMP,,,,0.00,,,I 65,,,,0.00,Y,OTHER, ,Entrance/Exit Ramp Related,None,,,         ,David,Barras,Clear,"Sideswipe, Same Direction",no,no,no,no,no,False
102570937,METROPOLITAN NASHVILLE POLICE DEPT,20190833318,Davidson,Nashville,11/17/2019 11:40:00 AM,2,1,0,36.124920,-86.795700,OAKLAND AVE,,,,12.00,Feet,North,SWEETBRIAR AVE,,,,0.00,N,Not at Intersection,N,Non-Junction,None,,,         ,Devin,Mabry,Clear,Other,no,no,no,no,no,False
102570938,METROPOLITAN NASHVILLE POLICE DEPT,20190833221,Davidson,Not in City Limit,11/17/2019 10:15:00 AM,2,1,0,36.044870,-86.953920,HIGHWAY 100,,,,697.00,Feet,East,OLD HARDING PKE,,,,0.00,N,Not at Intersection,N,Non-Junction,None,,,         ,Douglas,Atwood,Clear,Front to Rear,no,no,no,no,no,False
102570943,METROPOLITAN NASHVILLE POLICE DEPT,20190833183,Davidson,Nashville,11/17/2019 12:00:00 AM,2,0,0,36.144580,-86.859580,OCEOLA AV,,,,23.00,Feet,South,MAUDINA AV,,,,0.00,N,Not at Intersection,N,Non-Junction,None,,,         ,Jack,Crouch,Clear,"Sideswipe, Opposite Direction",no,no,no,no,yes,False
102570962,METROPOLITAN NASHVILLE POLICE DEPT,20190833292,Davidson,Nashville,11/17/2019 12:00:00 AM,1,0,0,36.217670,-86.775530,SOUTHERLAND DR,,,,1427.00,Feet,North,I65 S ENT RAMP,,,,0.00,N,Not at Intersection,N,OtherLocation,None,,,         ,Royce,McLester,Unknown,Not Collision with Motor Vehicle in Transport,no,no,no,yes,yes,False
102570972,METROPOLITAN NASHVILLE POLICE DEPT,20190833273,Davidson,Not in City Limit,11/17/2019 10:57:00 AM,1,0,0,36.085460,-86.972140,HIGHWAY 70S,,,,1737.00,Feet,West,SADDLE RIDGE CT,,,,0.00,N,Not at Intersection,N,Non-Junction,None,,,         ,Jack,Crouch,Clear,Not Collision with Motor Vehicle in Transport,no,no,no,no,no,False
102570984,METROPOLITAN NASHVILLE POLICE DEPT,20190833232,Davidson,Not in City Limit,11/17/2019 10:31:00 AM,3,1,0,36.276030,-86.766330,OLD HICKORY BLVD,,,,577.00,Feet,South,CRESTMONT CT,,,,0.00,N,Not at Intersection,N,Non-Junction,None,,,         ,Gabriel,Centeno,Clear,Front to Rear,no,no,no,no,no,False
102571031,METROPOLITAN NASHVILLE POLICE DEPT,20190833315,Davidson,Nashville,11/17/2019 10:59:00 AM,2,0,0,36.193030,-86.830210,CLARKSVILLE PKE,,,,426.00,Feet,West,CLIFF DR,,,,0.00,N,Not at Intersection,N,Non-Junction,None,,,         ,William,Coy,Clear,Angle,no,no,no,no,no,False
102571072,METROPOLITAN NASHVILLE POLICE DEPT,20190833402,Davidson,Nashville,11/16/2019 9:30:00 PM,2,0,0,36.143250,-86.791880,EDGEHILL AVE,,,,4.00,Feet,West,VILLA PL,,,,0.00,N,Not at Intersection,N,Non-Junction,None,,,         ,Devin,Mabry,Clear,Front to Rear,no,no,no,no,yes,False
102571135,METROPOLITAN NASHVILLE POLICE DEPT,20190833405,Davidson,Not in City Limit,11/17/2019 12:00:00 AM,1,0,0,36.322880,-86.868400,I24 E ENT RAMP,,,,0.00,Feet,East,I 24,,,,0.00,N,Not at Intersection,N,Entrance/Exit Ramp Related,None,,,         ,Zachary,Goodall,Cloudy,Not Collision with Motor Vehicle in Transport,no,no,no,no,no,False
102571155,METROPOLITAN NASHVILLE POLICE DEPT,20190833432,Davidson,Nashville,11/17/2019 1:00:00 PM,2,0,0,36.149710,-86.773150,I 40,,,,0.00,,,,,,,210.25,N,Not at Intersection, ,Non-Junction,None,,,         ,Mark,Anderson,Cloudy,"Sideswipe, Same Direction",no,no,no,no,yes,False
102571158,METROPOLITAN NASHVILLE POLICE DEPT,20190833459,Davidson,Nashville,11/17/2019 2:19:00 PM,2,0,0,36.153820,-86.769920,2ND AVS,,,,141.00,Feet,South,ELM ST,,,,0.00,N,Not at Intersection, ,Non-Junction,None,,,         ,Bianca,Crawford,Clear,"Sideswipe, Same Direction",no,no,no,no,no,False
102571215,METROPOLITAN NASHVILLE POLICE DEPT,20190833514,Davidson,Nashville,11/17/2019 2:29:00 PM,2,0,0,36.214980,-86.603590,LEBANON PKE,,,,342.00,Feet,East,SHUTE LN,,,,0.00,N,Not at Intersection, ,Non-Junction,None,,,         ,Jason,Milyaro Lucas,Cloudy,Rear to Side,no,no,no,no,no,False
102571222,VANDERBILT UNIVERSITY POLICE,20190832009,Davidson,Nashville,11/16/2019 12:00:00 AM,2,0,0,36.139400,-86.805750,CHILDRENS WAY,,,,229.00,Feet,West,24TH AVS,,,,0.00,N,Not at Intersection, ,Non-Junction,None,,,         ,Alan,Reed,Clear,"Sideswipe, Same Direction",no,no,no,yes,no,Campus
102571285,METROPOLITAN NASHVILLE POLICE DEPT,20190833658,Davidson,Nashville,11/17/2019 5:05:00 PM,2,1,0,36.128090,-86.712910,MURFREESBORO PKE,,,,42.00,Feet,East,PHILFRE CT,,,,0.00,N,Not at Intersection,N,Non-Junction,None,,,         ,Dontaveous,Eubanks,Clear,Front to Rear,no,no,no,no,no,False
102571294,METROPOLITAN NASHVILLE POLICE DEPT,20190833646,Davidson,Nashville,11/17/2019 4:54:00 PM,2,0,0,36.153790,-86.794410,17TH AVS,,,,0.00,,,WEST END AV,,,,0.00,Y,Four-Way,Y,Intersection,None,,,         ,Randall,Ward,Clear,Angle,no,no,no,no,no,False
102571295,BELLE MEADE POLICE DEPT,19-0335,Davidson,Belle Meade,11/15/2019 7:37:00 PM,2,0,0,36.113270,-86.862950,HARDING PKE,,,,0.00,,,JACKSON BLVD,,,,0.00,Y,T-Intersection, ,,None,,,         ,Mack,Mangrum,,,no,no,no,no,no,False
102571300,METROPOLITAN NASHVILLE POLICE DEPT,20190833689,Davidson,Nashville,11/17/2019 5:26:00 PM,2,2,0,36.139520,-86.700190,I40 E ENT RAMP,,,,0.00,,,BRILEY PKWYN,,,,0.00,Y,Four-Way,N,Intersection,None,,,         ,Steven,Powers,Clear,Angle,no,no,no,no,no,False
102571303,METROPOLITAN NASHVILLE POLICE DEPT,20190833698,Davidson,Not in City Limit,11/17/2019 5:30:00 PM,2,0,0,36.260400,-86.712850,GALLATIN PKES,,,,11.00,Feet,North,HICKORY ST,,,,0.00,N,Not at Intersection, ,Non-Junction,None,,,         ,Alexis,Pond,Clear,"Sideswipe, Same Direction",no,no,no,no,no,False
102571351,METROPOLITAN NASHVILLE POLICE DEPT,20190833384,Davidson,Nashville,11/17/2019 12:55:00 PM,2,1,0,36.167010,-86.763730,SHELBY AV,,,,0.00,,,S 4TH ST,,,,0.00,Y,Four-Way, ,Non-Junction,None,,,         ,Faye,Denson,Clear,"Sideswipe, Same Direction",no,no,no,no,no,False
102571360,METROPOLITAN NASHVILLE POLICE DEPT,20190833805,Davidson,Nashville,11/17/2019 7:08:00 PM,2,0,0,36.102180,-86.756270,ARMORY DR,,,,0.00,,,SIDCO DR,,,,0.00,Y,Four-Way,N,Intersection,None,,,         ,John,Chambers,Clear,Angle,no,no,no,no,no,False
102571367,BERRY HILL POLICE DEPT,19-4895,Davidson,Nashville,11/16/2019 12:05:00 PM,2,1,0,36.119330,-86.772430,BERRY RD,,,,124.00,Feet,East,I65 N ENT RAMP,,,,0.00,N,Not at Intersection,N,Non-Junction,None,,,         ,Rick,Willliams,Clear,"Sideswipe, Same Direction",no,no,no,no,no,False
102571374,METROPOLITAN NASHVILLE POLICE DEPT,20190833894,Davidson,Nashville,11/17/2019 7:55:00 PM,1,3,0,36.082080,-86.697720,I 24,,,,0.00,,,,,,,56.00,N,Not at Intersection,N,Non-Junction,None,,,         ,Laura,Williams,Clear,Not Collision with Motor Vehicle in Transport,no,no,no,no,no,False
102571404,METROPOLITAN NASHVILLE POLICE DEPT,20190833918,Davidson,Nashville,11/17/2019 7:57:00 PM,2,0,0,36.210170,-86.776010,I 65,,,,0.00,,,,,,,87.60,N,Not at Intersection,N,Non-Junction,None,,,         ,Benjamin,Williams,Clear,Not Collision with Motor Vehicle in Transport,no,no,no,no,no,False
102571431,METROPOLITAN NASHVILLE POLICE DEPT,20190834018,Davidson,Nashville,11/17/2019 8:06:00 PM,2,0,0,36.152820,-86.683410,ELM HILL PKE,,,,0.00,,,MCGAVOCK PKE,,,,0.00,Y,Four-Way,Y,Intersection,None,,,         ,Samuel,Sundra,Clear,Angle,no,no,no,no,yes,False
102571444,METROPOLITAN NASHVILLE POLICE DEPT,20190833980,Davidson,Nashville,11/17/2019 8:45:00 PM,2,0,0,36.189050,-86.775390,I 24,,,,0.00,,,,,,,47.05,N,Not at Intersection,N,Non-Junction,None,,,         ,Wade,Johnson,Clear,"Sideswipe, Same Direction",no,no,no,no,yes,False
102571451,METROPOLITAN NASHVILLE POLICE DEPT,20190833985,Davidson,Not in City Limit,11/17/2019 9:00:00 PM,2,1,0,36.260100,-86.678940,SANDHURST DR,,,,41.00,Feet,South,BUBBLING WELL RD,,,,0.00,N,Not at Intersection,N,Non-Junction,None,,,         ,DuJuan,Kendrick,Clear,Front to Rear,no,no,no,no,no,False
102571457,METROPOLITAN NASHVILLE POLICE DEPT,20190833687,Davidson,Nashville,11/17/2019 4:00:00 PM,2,0,0,36.110940,-86.745220,THOMPSON LN,,,,0.00,,,NOLENSVILLE PKE,,,,0.00,Y,Four-Way, ,Intersection,None,,,         ,Steven,Begley,Clear,Front to Rear,no,no,no,no,no,False
102571478,METROPOLITAN NASHVILLE POLICE DEPT,20190833814,Davidson,Nashville,11/17/2019 6:56:00 PM,2,0,0,36.072800,-86.647210,EDGE O LAKE DR,,,,196.00,Feet,North,RICE RD,,,,0.00,N,Not at Intersection, ,Non-Junction,None,,,         ,Sean,Weaver,Clear,HeadOn,no,no,no,no,yes,False
102571481,METROPOLITAN NASHVILLE POLICE DEPT,20190834034,Davidson,Nashville,11/17/2019 9:31:00 PM,2,0,0,36.158650,-86.780490,7TH AVS,,,,198.00,Feet,North,MCGAVOCK ST,,,,0.00,N,Not at Intersection, ,Non-Junction,None,,,         ,Trevor,Taylor,Clear,Angle,no,no,no,yes,no,False
102571485,METROPOLITAN NASHVILLE POLICE DEPT,20190833892,Davidson,Not in City Limit,11/17/2019 7:50:00 PM,2,1,0,36.071180,-86.941090,CREEKSIDE MANOR PVTDR,,,,0.00,,,BELLEVUE RD,,,,0.00,Y,T-Intersection,N,Intersection,None,,,         ,Donovan,Coble,Clear,Front to Rear,no,no,no,no,no,False
102571558,METROPOLITAN NASHVILLE POLICE DEPT,20190834224,Davidson,Not in City Limit,11/17/2019 11:20:00 PM,2,0,0,36.082600,-86.953070,I40 E ENT RAMP,,,,0.00,,,I 40,,,,0.00,Y,OTHER, ,,None,,,         ,Jackson,Smythe,,,no,no,no,no,no,False
102571576,METROPOLITAN NASHVILLE POLICE DEPT,2019-0827852,Davidson,Nashville,11/14/2019 10:30:00 PM,2,0,0,36.040900,-86.779380,OLD HICKORY BLVD,,,,0.00,,,FRANKLIN PIKE CIR,,,,0.00,Y,Four-Way,N,Intersection,None,,,         ,Thomas,Miller,Clear,"Sideswipe, Same Direction",no,no,no,no,yes,False
102571591,METROPOLITAN NASHVILLE POLICE DEPT,20190834313,Davidson,Nashville,11/18/2019 12:36:00 AM,1,1,0,36.045670,-86.659880,I 24,,,,0.00,,,,,,,59.35,N,Not at Intersection,N,Non-Junction,None,,,         ,David,Simmonds,Clear,Not Collision with Motor Vehicle in Transport,no,no,no,no,no,False
102571611,METROPOLITAN NASHVILLE POLICE DEPT,20190834500,Davidson,Nashville,11/18/2019 2:33:00 AM,1,0,0,36.071820,-86.711600,HOLLIS HILL DR,,,,250.00,Feet,North,WALES PT,,,,0.00,N,Not at Intersection,N,Unknown,None,,,         ,William,Williams,Clear,Unknown,no,no,no,no,yes,False
102571636,METROPOLITAN NASHVILLE POLICE DEPT,20190834597,Davidson,Nashville,11/18/2019 3:15:00 AM,3,0,0,36.157850,-86.793100,15TH AVN,,,,206.00,Feet,North,CHURCH ST,,,,0.00,N,Not at Intersection,N,Non-Junction,None,,,         ,Brian,Warstadt,Clear,Rear to Rear,no,no,no,yes,no,False
102571645,METROPOLITAN NASHVILLE POLICE DEPT,20190834744,Davidson,Nashville,11/18/2019 5:03:00 AM,1,0,0,36.168130,-86.690480,LEBANON PKE,,,,94.00,Feet,West,BRILEY PKWY S EXT RAMP,,,,0.00,N,Not at Intersection, ,Non-Junction,None,,,         ,Tyler,Manivong,Clear,Not Collision with Motor Vehicle in Transport,no,no,no,no,no,False
102571648,METROPOLITAN NASHVILLE POLICE DEPT,20190834697,Davidson,Not in City Limit,11/18/2019 4:25:00 AM,1,0,0,36.325350,-86.875510,I 24,,,,0.00,,,,,,,34.55,N,Not at Intersection,N,Non-Junction,None,,,         ,Timothy,Ward,Clear,Not Collision with Motor Vehicle in Transport,no,no,no,no,no,False
102571664,METROPOLITAN NASHVILLE POLICE DEPT,20190834728,Davidson,Nashville,11/18/2019 5:00:00 AM,12,0,0,36.104040,-86.667980,MURFREESBORO PKE,,,,137.00,Feet,East,OLD MURFREESBORO PKE,,,,0.00,N,Not at Intersection, ,Non-Junction,None,,,         ,William,Williams,Clear,Other,no,no,no,yes,no,False
102571682,METROPOLITAN NASHVILLE POLICE DEPT,20190834852,Davidson,Nashville,11/18/2019 6:25:00 AM,1,0,0,36.206310,-86.720800,MCGAVOCK PKE,,,,0.00,,,HIDDEN TERRACE CT,,,,0.00,Y,OTHER, ,Non-Junction,None,,,         ,Douglas,Smith,Clear,Not Collision with Motor Vehicle in Transport,no,no,no,no,no,False
102571701,METROPOLITAN NASHVILLE POLICE DEPT,20190834889,Davidson,Nashville,11/18/2019 6:40:00 AM,2,0,0,36.079850,-86.725370,HARDING PL,,,,300.00,Feet,East,NOLENSVILLE PKE,,,,0.00,N,Not at Intersection,N,Non-Junction,None,,,         ,Raymond,Flaherty,Clear,Unknown,no,no,no,no,yes,False
102571704,METROPOLITAN NASHVILLE POLICE DEPT,20190834929,Davidson,Nashville,11/18/2019 6:44:00 AM,2,0,0,36.046790,-86.713430,NOLENSVILLE PKE,,,,520.00,Feet,North,OLD HICKORY BLVD,,,,0.00,N,Not at Intersection, ,Non-Junction,None,,,         ,Stanley,Collins,Clear,"Sideswipe, Same Direction",no,no,no,no,yes,False
102571717,METROPOLITAN NASHVILLE POLICE DEPT,20190834890,Davidson,Nashville,11/18/2019 6:56:00 AM,2,0,0,36.153840,-86.787910,I 40,,,,0.00,,,,,,,209.30,N,Not at Intersection, ,Non-Junction,None,,,         ,Frank,Campbell,Clear,Front to Rear,no,no,no,no,no,False
102571727,METROPOLITAN NASHVILLE POLICE DEPT,20190835071,Davidson,Nashville,11/18/2019 8:10:00 AM,2,0,0,36.046680,-86.725060,HUNTINGTON PKWY,,,,0.00,Feet,East,AMALIE DR,,,,0.00,N,Not at Intersection, ,,None,,,         ,Gregory,Scott,,,no,no,no,no,no,False
102571728,METROPOLITAN NASHVILLE POLICE DEPT,20190835070,Davidson,Not in City Limit,11/18/2019 8:11:00 AM,1,0,0,36.073820,-87.009510,MCCRORY LN,,,,0.52,Miles,East,NEWSOM STATION RD,,,,0.00,N,Not at Intersection,N,Non-Junction,None,,,         ,Curtis,Rich,Clear,Not Collision with Motor Vehicle in Transport,no,no,no,no,no,False
102571735,METROPOLITAN NASHVILLE POLICE DEPT,20190834862,Davidson,Whites Creek,11/18/2019 6:38:00 AM,2,0,0,36.302510,-86.812760,I 24,,,,0.00,,,,,,,38.60,N,Not at Intersection,N,Non-Junction,None,,,         ,Corey,Reed,Clear,Front to Rear,no,no,no,no,no,False
102571738,METROPOLITAN NASHVILLE POLICE DEPT,20190834910,Davidson,Nashville,11/18/2019 7:14:00 AM,2,0,0,36.119430,-86.718470,EAST THOMPSON LN,,,,208.00,Feet,North,CURREY RD,,,,0.00,N,Not at Intersection,N,Non-Junction,None,,,         ,Garrett,Latham,Clear,Front to Rear,no,no,no,no,no,False
102571766,METROPOLITAN NASHVILLE POLICE DEPT,20190835086,Davidson,Nashville,11/18/2019 8:25:00 AM,3,1,0,36.046480,-86.657340,BELL RD,,,,240.00,Feet,East,COLLINS PARK DR,,,,0.00,N,Not at Intersection,N,Non-Junction,None,,,         ,Brandon,Evans,Clear,Front to Rear,no,no,no,no,no,False
102571767,METROPOLITAN NASHVILLE POLICE DEPT,20190834943,Davidson,Nashville,11/18/2019 7:28:00 AM,2,0,0,36.132150,-86.727170,I 24,,,,0.00,,,,,,,52.00,N,Not at Intersection, ,Non-Junction,None,,,         ,Joseph,Simon,Clear,Front to Rear,no,no,no,no,no,False
102571768,METROPOLITAN NASHVILLE POLICE DEPT,20190835111,Davidson,Nashville,11/18/2019 8:30:00 AM,2,0,0,36.164340,-86.819180,I40 W ENT RAMP,,,,0.00,Feet,East,I 40,,,,0.00,N,Not at Intersection, ,Entrance/Exit Ramp Related,None,,,         ,Brian,Myatt,Clear,Front to Rear,no,no,no,no,yes,False
102571772,METROPOLITAN NASHVILLE POLICE DEPT,20190835058,Davidson,Nashville,11/18/2019 8:04:00 AM,2,4,0,36.116850,-86.703110,BRILEY PKWYS,,,,180.00,Feet,West,WINTHORNE DR,,,,0.00,N,Not at Intersection,Y,Entrance/Exit Ramp Related,None,,,         ,Stanley,Collins,Clear,Front to Rear,no,no,no,no,no,False
102571777,METROPOLITAN NASHVILLE POLICE DEPT,20190834927,Davidson,Nashville,11/18/2019 7:00:00 AM,2,0,0,36.170630,-86.798210,I 40,,,,0.00,,,,,,,208.00,N,Not at Intersection, ,Non-Junction,None,,,         ,Brian,Murphy,Clear,"Sideswipe, Same Direction",no,no,no,no,no,False
102571786,METROPOLITAN NASHVILLE POLICE DEPT,20190835185,Davidson,Nashville,11/18/2019 9:11:00 AM,2,0,0,36.143200,-86.685450,I 40,,,,0.00,,,,,,,215.55,N,Not at Intersection,N,Non-Junction,None,,,         ,Zachary,Plese,Clear,Front to Rear,no,no,no,no,no,False
102571796,METROPOLITAN NASHVILLE POLICE DEPT,20190834866,Davidson,Nashville,11/18/2019 6:41:00 AM,2,0,0,36.145470,-86.765440,CHESTNUT ST,,,,80.00,Feet,East,3RD AVS,,,,0.00,N,Not at Intersection, ,Non-Junction,None,,,         ,Charles,Wakefield,Clear,"Sideswipe, Same Direction",no,no,no,no,no,False
102571797,METROPOLITAN NASHVILLE POLICE DEPT,20190835139,Davidson,Nashville,11/18/2019 8:58:00 AM,3,0,0,36.154270,-86.792890,16TH AVS,,,,0.00,Feet,,BROADWAY,,,,0.00,Y,T-Intersection,N,Intersection,None,,,         ,Walter,Cothran,Clear,Front to Rear,no,no,no,no,no,False
102571801,METROPOLITAN NASHVILLE POLICE DEPT,20190835011,Davidson,Not in City Limit,11/18/2019 7:57:00 AM,4,0,0,36.307480,-86.820360,I 24,,,,0.00,,,,,,,38.10,N,Not at Intersection,N,Non-Junction,None,,,         ,Corey,Reed,Clear,Front to Rear,no,no,no,no,no,False
102571802,METROPOLITAN NASHVILLE POLICE DEPT,20190835090,Davidson,Nashville,11/18/2019 8:29:00 AM,2,1,0,36.169780,-86.809140,I 40,,,,0.00,,,,,,,207.15,N,Not at Intersection,N,Non-Junction,None,,,         ,Isaac,Wood,Clear,Front to Rear,no,no,no,no,no,False
102571813,METROPOLITAN NASHVILLE POLICE DEPT,20190835200,Davidson,Nashville,11/18/2019 9:23:00 AM,2,1,0,36.069120,-86.683840,ANTIOCH PKE,,,,0.00,Feet,,RICHARDS RD,,,,0.00,Y,Four-Way,N,Intersection,None,,,         ,Brandon,Evans,Clear,Front to Rear,no,no,no,no,no,False