master_record_number,agency,agency_tracking_number,county,city,collision_date,vehicles_involved,number_injured,number_dead,latitude,longitude,roadway_name,roadway_suffix,roadway_number,roadway_local_id,distance_from_reference,miles-feet_indicator,direction_from_reference,intersection_road_name,intersection_road_name_suffix,intersection_road_number,intersection_local_id,mile_marker,intersection_indicator,intersect_type,interchange_related_indicator,relation_to_junction,work_zone_type,construction_maintenance_zone,construction_maintenance_zone_location,fatal_case_number,officer_first_name,officer_last_name,weather_condition(s),manner_of_crash,pedestrian,bicycle,scooter,parking,hitrun,mou
102571814,METROPOLITAN NASHVILLE POLICE DEPT,20190835066,Davidson,Nashville,11/18/2019 8:20:00 AM,3,0,0,36.166420,-86.764830,I 24,,,,0.00,,,,,,,49.00,N,Not at Intersection,N,Non-Junction,None,,,         ,Mark,Anderson,Clear,Front to Rear,no,no,no,no,no,False
102571816,METROPOLITAN NASHVILLE POLICE DEPT,20190834880,Davidson,Nashville,11/18/2019 7:00:00 AM,2,1,0,36.045660,-86.710250,OLD HICKORY BLVD,,,,897.00,Feet,East,NOLENSVILLE PKE,,,,0.00,N,Not at Intersection,N,Non-Junction,None,,,         ,Nelson,Hemingway,Clear,Angle,no,no,no,no,no,False
102571817,METROPOLITAN NASHVILLE POLICE DEPT,20190835072,Davidson,Nashville,11/18/2019 8:20:00 AM,2,0,0,36.052840,-86.671690,I 24,,,,0.00,,,,,,,58.55,N,Not at Intersection,N,Non-Junction,None,,,         ,Nelson,Hemingway,Clear,Front to Rear,no,no,no,no,no,False
102571818,METROPOLITAN NASHVILLE POLICE DEPT,20190833443,Davidson,Nashville,11/17/2019 2:00:00 PM,4,2,0,36.181100,-86.749510,GALLATIN AV,,,,86.00,Feet,South,MANSFIELD ST,,,,0.00,N,Not at Intersection,N,Non-Junction,None,,,         ,Andrew,Ivey,Clear,Front to Rear,no,no,no,no,no,False
102571823,METROPOLITAN NASHVILLE POLICE DEPT,20190834906,Davidson,Nashville,11/18/2019 7:09:00 AM,2,0,0,36.183170,-86.677460,MCGAVOCK PKE,,,,0.00,,,TWO RIVERS PKWY,,,,0.00,Y,T-Intersection,N,Intersection,None,,,         ,Michael,Dance,Clear,Front to Rear,no,no,no,no,no,False
102571825,METROPOLITAN NASHVILLE POLICE DEPT,20190835254,Davidson,Nashville,11/18/2019 9:49:00 AM,2,0,0,36.153330,-86.755900,I 40,,,,0.00,,,,,,,211.20,N,Not at Intersection, ,Entrance/Exit Ramp Related,None,,,         ,Tien,Nguyen,Clear,"Sideswipe, Same Direction",no,no,no,no,no,False
102571826,METROPOLITAN NASHVILLE POLICE DEPT,20190835057,Davidson,Nashville,11/18/2019 8:15:00 AM,2,0,0,36.193660,-86.831220,CLARKSVILLE PKE,,,,0.00,,,BUENA VISTA PKE,,,,0.00,Y,Four-Way, ,Intersection,None,,,         ,Wesley,Young,Clear,Front to Rear,no,no,no,no,no,False
102571835,METROPOLITAN NASHVILLE POLICE DEPT,20190835042,Davidson,Nashville,11/18/2019 8:15:00 AM,2,0,0,36.196050,-86.835160,CLARKSVILLE PKE,,,,0.00,,,ASHTON AV,,,,0.00,Y,T-Intersection, ,Intersection,None,,,         ,Wesley,Young,Clear,Angle,no,no,no,no,no,False
102571840,VANDERBILT UNIVERSITY POLICE,20190835253,Davidson,Nashville,11/18/2019 9:25:00 AM,2,0,0,36.139830,-86.799480,SOUTH DR,,,,0.00,,,,,,,0.00,,, ,,None,,,         ,Ron,Reeves,,,no,no,no,yes,no,Campus
102571846,METROPOLITAN NASHVILLE POLICE DEPT,20190835292,Davidson,Nashville,11/18/2019 10:10:00 AM,2,1,0,36.033070,-86.641590,I 24,,,,0.00,,,,,,,60.70,N,Not at Intersection,N,Non-Junction,None,,,         ,Adam,Warren,Clear,"Sideswipe, Same Direction",no,no,no,no,no,False
102571848,METROPOLITAN NASHVILLE POLICE DEPT,20190835407,Davidson,Nashville,11/18/2019 11:00:00 AM,2,0,0,36.138780,-86.880920,CHARLOTTE PKE,,,,147.00,Feet,West,HILLWOOD BLVD,,,,0.00,N,Not at Intersection, ,Non-Junction,None,,,         ,Curtis,Rich,Cloudy,Angle,no,no,no,no,no,False
102571850,METROPOLITAN NASHVILLE POLICE DEPT,20190835144,Davidson,Nashville,11/18/2019 8:45:00 AM,2,0,0,36.187600,-86.799840,DOMINICAN DR,,,,58.00,Feet,East,ATHENS WAY,,,,0.00,N,Not at Intersection, ,Non-Junction,None,,,         ,Wesley,Young,Clear,Angle,no,no,no,no,no,False
102571852,METROPOLITAN NASHVILLE POLICE DEPT,20190835328,Davidson,Nashville,11/18/2019 10:21:00 AM,2,0,0,36.162600,-86.785600,ROSA L PARKS BLVD,,,,24.00,Feet,South,ROSA L PARKS BLVD EXT RAMP,,,,0.00,N,Not at Intersection,N,Non-Junction,None,,,         ,James,Hill,Cloudy,Angle,no,no,no,no,yes,False
102571861,METROPOLITAN NASHVILLE POLICE DEPT,20190835334,Davidson,Nashville,11/18/2019 10:28:00 AM,2,0,0,36.064100,-86.627720,MURFREESBORO PKE,,,,338.00,Feet,South,HAMILTON CHURCH RD,,,,0.00,N,Not at Intersection,N,Non-Junction,None,,,         ,Charles,Wakefield,Clear,"Sideswipe, Same Direction",no,no,no,no,no,False
102571865,METROPOLITAN NASHVILLE POLICE DEPT,20190835402,Davidson,Nashville,11/18/2019 12:00:00 AM,2,0,0,36.128710,-86.713700,MURFREESBORO PKE,,,,0.00,,,MILL CREEK RD,,,,0.00,Y,Four-Way, ,Non-Junction,None,,,         ,James,Thornton,Cloudy,"Sideswipe, Opposite Direction",no,no,no,no,no,False
102571866,METROPOLITAN NASHVILLE POLICE DEPT,20190835462,Davidson,Nashville,11/18/2019 11:41:00 AM,2,1,0,36.134280,-86.780570,WEDGEWOOD AV,,,,0.00,,,BEECH AV,,,,0.00,Y,OTHER,N,Intersection-Related,None,,,         ,Timothy,Edwards,Clear,Angle,no,no,no,no,no,False
102571868,METROPOLITAN NASHVILLE POLICE DEPT,20190835286,Davidson,Nashville,11/18/2019 10:02:00 AM,2,0,0,36.141140,-86.721950,I40 W EXT RAMP,,,,0.00,,,I 40,,,,0.00,Y,T-Intersection,N,Intersection,None,,,         ,Thomas,Odom,Clear,Angle,no,no,no,no,no,False
102571870,METROPOLITAN NASHVILLE POLICE DEPT,20190835453,Davidson,Nashville,11/18/2019 11:15:00 AM,2,0,0,36.045370,-86.713260,NOLENSVILLE PKE,,,,0.00,Feet,East,OLD HICKORY BLVD,,,,0.00,N,Not at Intersection,N,Non-Junction,None,,,         ,Gregory,Scott,Clear,Front to Rear,no,no,no,no,yes,False
102571871,METROPOLITAN NASHVILLE POLICE DEPT,20190835223,Davidson,Nashville,11/18/2019 9:30:00 AM,3,0,0,36.170140,-86.806540,I 40,,,,0.00,,,,,,,207.30,N,Not at Intersection, ,Non-Junction,None,,,         ,Wesley,Young,Clear,Front to Rear,no,no,no,no,no,False
102571873,METROPOLITAN NASHVILLE POLICE DEPT,20190835428,Davidson,Nashville,11/18/2019 9:00:00 AM,2,0,0,36.056900,-86.648770,RURAL HILL RD,,,,212.00,Feet,East,TOOK DR,,,,0.00,N,Not at Intersection,N,Non-Junction,None,,,         ,Nelson,Hemingway,Cloudy,"Sideswipe, Opposite Direction",no,no,no,no,yes,False
102571885,METROPOLITAN NASHVILLE POLICE DEPT,20190835300,Davidson,Nashville,11/18/2019 10:00:00 AM,2,2,0,36.238570,-86.830750,CLARKSVILLE PKE,,,,195.00,Feet,North,STEVENS LN,,,,0.00,N,Not at Intersection,N,Non-Junction,None,,,         ,Wesley,Young,Clear,Front to Rear,no,no,no,no,yes,False
102571890,METROPOLITAN NASHVILLE POLICE DEPT,20190835502,Davidson,Nashville,11/18/2019 11:55:00 AM,2,0,0,36.150150,-86.857950,WHITE BRIDGE PKE,,,,0.00,,,CHARLOTTE PKE,,,,0.00,Y,Four-Way, ,Intersection,None,,,         ,Curtis,Rich,Cloudy,"Sideswipe, Same Direction",no,no,no,no,yes,False
102571892,METROPOLITAN NASHVILLE POLICE DEPT,20190835415,Davidson,Nashville,11/18/2019 11:09:00 AM,2,0,0,36.160730,-86.793760,CHARLOTTE AV,,,,23.00,Feet,West,14TH AVN,,,,0.00,N,Not at Intersection, ,Non-Junction,None,,,         ,Brian,Murphy,Cloudy,Front to Rear,no,no,no,no,no,False
102571896,METROPOLITAN NASHVILLE POLICE DEPT,20190835540,Davidson,Nashville,11/18/2019 11:21:00 AM,2,0,0,36.156000,-86.798260,18TH AVN,,,,0.00,,,STATE ST,,,,0.00,Y,Four-Way, ,Non-Junction,None,,,         ,Walter,Cothran,Clear,Angle,no,no,no,no,no,False
102571897,METROPOLITAN NASHVILLE POLICE DEPT,20190835469,Davidson,Nashville,11/18/2019 11:45:00 AM,2,0,0,36.064790,-86.628480,HAMILTON CHURCH RD,,,,0.00,,,MURFREESBORO PKE,,,,0.00,Y,Four-Way, ,Intersection,None,,,         ,Charles,Wakefield,Clear,Angle,no,no,no,no,no,False
102571907,METROPOLITAN NASHVILLE POLICE DEPT,20190835504,Davidson,Nashville,11/18/2019 12:02:00 PM,1,0,0,36.140170,-86.888230,CABOT DR,,,,196.00,Feet,East,UPTON LN,,,,0.00,N,Not at Intersection,N,Non-Junction,None,,,         ,Benjamin,Cantrell,Cloudy,Not Collision with Motor Vehicle in Transport,no,no,no,no,no,False
102571920,METROPOLITAN NASHVILLE POLICE DEPT,20190835535,Davidson,Nashville,11/18/2019 12:08:00 PM,2,0,0,36.152340,-86.690400,ELM HILL PKE,,,,0.00,,,ELM HILL PKE EB EXT RAMP,,,,0.00,Y,Four-Way, ,Intersection-Related,None,,,         ,Tien,Nguyen,Cloudy,Front to Rear,no,no,no,no,no,False
102571951,GOODLETTSVILLE POLICE DEPT,19-43066,Davidson,Goodlettsville,11/18/2019 12:24:00 PM,2,1,0,36.323830,-86.704020,I65 N EXT RAMP,,,,0.00,Feet,East,I 65,,,,0.00,N,Not at Intersection, ,Entrance/Exit Ramp Related,None,,,         ,Timothy,Williams,Cloudy,Front to Rear,no,no,no,no,yes,False
102571988,METROPOLITAN NASHVILLE POLICE DEPT,20190835664,Davidson,Nashville,11/18/2019 1:12:00 PM,2,0,0,36.219490,-86.727500,GALLATIN PKE,,,,49.00,Feet,South,ARDEE AV,,,,0.00,N,Not at Intersection, ,,None,,,         ,Russell,Freeman,,,no,no,no,no,no,False
102571991,METROPOLITAN NASHVILLE POLICE DEPT,20190835579,Davidson,Nashville,11/18/2019 12:39:00 PM,2,1,0,36.124410,-86.737170,I 440,,,,0.00,,,,,,,7.00,N,Not at Intersection,N,Non-Junction,Construction Zone,Laneclosure,Activity Area,         ,Garrett,Latham,Clear,Front to Rear,no,no,no,no,no,False
102572007,METROPOLITAN NASHVILLE POLICE DEPT,20190835734,Davidson,Nashville,11/18/2019 2:00:00 PM,1,0,0,36.121420,-86.756180,I 440,,,,0.00,,,,,,,6.00,N,Not at Intersection, ,Non-Junction,None,,,         ,Tien,Nguyen,Cloudy,Not Collision with Motor Vehicle in Transport,no,no,no,no,no,False
102572010,METROPOLITAN NASHVILLE POLICE DEPT,20190835596,Davidson,Nashville,11/18/2019 12:37:00 PM,2,0,0,36.165050,-86.779830,4TH AVN,,,,0.00,,,UNION ST,,,,0.00,Y,Four-Way, ,Intersection-Related,None,,,         ,Frank,Campbell,Cloudy,Angle,no,no,no,no,no,False
102572021,METROPOLITAN NASHVILLE POLICE DEPT,20190835685,Davidson,Nashville,11/18/2019 12:00:00 AM,2,0,0,36.124900,-86.740050,GLENROSE AV,,,,713.00,Feet,East,FOSTER AV,,,,0.00,N,Not at Intersection, ,Non-Junction,None,,,         ,Joseph,Simon,Clear,Not Collision with Motor Vehicle in Transport,no,no,no,no,no,False
102572028,METROPOLITAN NASHVILLE POLICE DEPT,2019-0835612,Davidson,Not in City Limit,11/18/2019 12:43:00 PM,1,0,0,36.276930,-86.735050,I 65,,,,0.00,,,,,,,93.10,N,Not at Intersection, ,,None,,,         ,Arthur,Hipp,,,no,no,no,no,no,False
102572052,METROPOLITAN NASHVILLE POLICE DEPT,20190835619,Davidson,Not in City Limit,11/18/2019 12:47:00 PM,3,0,0,36.258470,-86.757860,DICKERSON PKE,,,,165.00,Feet,South,VILLAGE HILLS PVTDR,,,,0.00,N,Not at Intersection,N,Non-Junction,None,,,         ,Brandon,Bilbrey,Cloudy,Angle,no,no,no,no,no,False
102572056,METROPOLITAN NASHVILLE POLICE DEPT,20190835275,Davidson,Nashville,11/18/2019 8:21:00 AM,2,0,0,36.109770,-86.731090,STATE HWY 155,,,,0.00,,,MASHBURN RD,,,,0.00,Y,Four-Way, ,Non-Junction,None,,,         ,Alex,Moore,Clear,Front to Rear,no,no,no,no,no,False
102572057,METROPOLITAN NASHVILLE POLICE DEPT,20190835450,Davidson,Nashville,11/18/2019 11:20:00 AM,2,0,0,36.064760,-86.628450,US HWY 41,,,,0.00,,,HAMILTON CHURCH RD,,,,0.00,Y,OTHER,N,Non-Junction,None,,,         ,Alex,Moore,Clear,"Sideswipe, Same Direction",no,no,no,no,yes,False
102572068,METROPOLITAN NASHVILLE POLICE DEPT,20190835784,Davidson,Nashville,11/18/2019 2:26:00 PM,2,2,0,36.049980,-86.649500,BELL RD,,,,0.00,Feet,,MT VIEW RD,,,,0.00,Y,Four-Way,N,Intersection,None,,,         ,Stanley,Collins,Cloudy,Angle,no,no,no,no,no,False
102572076,METROPOLITAN NASHVILLE POLICE DEPT,20190835824,Davidson,Nashville,11/18/2019 2:51:00 PM,2,0,0,36.148510,-86.776190,I 40,,,,0.00,,,,,,,210.00,N,Not at Intersection, ,Non-Junction,None,,,         ,Douglas,Sykes,Clear,Front to Rear,no,no,no,no,no,False
102572082,METROPOLITAN NASHVILLE POLICE DEPT,20190833453,Davidson,Nashville,11/17/2019 2:08:00 PM,4,4,0,36.045220,-86.659100,I 24,,,,0.00,,,,,,,59.40,N,Not at Intersection,N,Non-Junction,None,,,         ,Nopel,Stella,Clear,Front to Rear,no,no,no,no,no,False
102572092,METROPOLITAN NASHVILLE POLICE DEPT,20190820071,Davidson,Nashville,11/11/2019 11:11:00 PM,2,0,0,36.110060,-86.722080,I 24,,,,0.00,,,,,,,53.70,N,Not at Intersection,N,Non-Junction,None,,,         ,Eric,Burford,Sleet/Hail,Angle,no,no,no,no,no,False
102572104,METROPOLITAN NASHVILLE POLICE DEPT,20190835925,Davidson,Nashville,11/18/2019 3:23:00 PM,2,0,0,36.192020,-86.767380,MERIDIAN ST,,,,20.00,Feet,South,RICHARDSON AV,,,,0.00,N,Not at Intersection, ,Non-Junction,None,,,         ,Cody,Jaworski,Clear,Angle,no,no,no,no,no,False
102572108,METROPOLITAN NASHVILLE POLICE DEPT,20190835946,Davidson,Nashville,11/18/2019 3:27:00 PM,1,0,0,36.144930,-86.766660,4TH AVS,,,,0.00,,,CHESTNUT ST,,,,0.00,Y,OTHER, ,Intersection-Related,None,,,         ,Douglas,Sykes,Cloudy,Not Collision with Motor Vehicle in Transport,no,no,no,no,no,False
102572114,METROPOLITAN NASHVILLE POLICE DEPT,20190835980,Davidson,Nashville,11/18/2019 3:57:00 PM,2,0,0,36.145300,-86.740570,I 40,,,,0.00,,,,,,,212.25,N,Not at Intersection, ,Non-Junction,None,,,         ,Samuel,Sundra,Clear,Front to Rear,no,no,no,no,no,False
102572142,METROPOLITAN NASHVILLE POLICE DEPT,20190833612,Davidson,Nashville,11/17/2019 4:30:00 PM,2,0,0,36.057820,-86.716040,NOLENSVILLE PKE,,,,432.00,Feet,South,TUSCULUM RD,,,,0.00,N,Not at Intersection,N,Non-Junction,None,,,         ,Brandon,Hughes,Clear,Front to Rear,no,no,no,no,yes,False
102572157,METROPOLITAN NASHVILLE POLICE DEPT,20190835993,Davidson,Nashville,11/18/2019 4:07:00 PM,2,0,0,36.173880,-86.788700,6TH AVN,,,,0.00,Feet,West,JEFFERSON ST,,,,0.00,N,Not at Intersection,N,Non-Junction,None,,,         ,Eric,McCoy,Clear,Angle,no,no,no,no,no,False
102572171,METROPOLITAN NASHVILLE POLICE DEPT,20190835893,Davidson,Nashville,11/18/2019 1:49:00 PM,2,0,0,36.134480,-86.765710,RAINS AV,,,,0.00,,,,,,,0.00,,Not at Intersection,N,Non-Junction,None,,,         ,John,Chambers,Clear,"Sideswipe, Same Direction",no,no,no,yes,no,False
102572173,METROPOLITAN NASHVILLE POLICE DEPT,20190835256,Davidson,Nashville,11/18/2019 9:28:00 AM,2,0,0,36.131690,-86.727220,I 24,,,,0.00,,,,,,,51.05,N,Not at Intersection,Y,Entrance/Exit Ramp Related,None,,,         ,David,Barras,Clear,"Sideswipe, Same Direction",no,no,no,no,yes,False
102572174,METROPOLITAN NASHVILLE POLICE DEPT,20190835837,Davidson,Nashville,11/18/2019 2:50:00 PM,2,1,0,36.070280,-86.722090,NOLENSVILLE PKE,,,,3.00,Feet,West,COTTON LN,,,,0.00,N,Not at Intersection,N,Non-Junction,None,,,         ,Matthew,Turppa,Cloudy,HeadOn,no,no,no,no,no,False
102572189,METROPOLITAN NASHVILLE POLICE DEPT,20190836112,Davidson,Nashville,11/18/2019 4:55:00 PM,2,0,0,36.073550,-86.692510,I 24,,,,0.00,,,,,,,56.70,N,Not at Intersection,N,Non-Junction,None,,,         ,Jesse,Cox,Clear,Front to Rear,no,no,no,no,yes,False
102572196,METROPOLITAN NASHVILLE POLICE DEPT,20190833478,Davidson,Nashville,11/17/2019 2:38:00 PM,1,0,0,36.152240,-86.840820,CHARLOTTE AV,,,,27.00,Feet,East,45TH AVN,,,,0.00,N,Not at Intersection,N,OtherLocation,None,,,         ,Torian,Cox,Clear,Not Collision with Motor Vehicle in Transport,no,no,no,no,no,False
102572203,METROPOLITAN NASHVILLE POLICE DEPT,20190836004,Davidson,Nashville,11/18/2019 4:11:00 PM,1,1,0,36.078380,-86.744600,HARDING PL,,,,204.00,Feet,East,DANBY DR,,,,0.00,N,Not at Intersection,N,Non-Junction,None,,,         ,FELIKS,ABRAHAMYAN,Clear,Not Collision with Motor Vehicle in Transport,no,no,no,no,no,False
102572204,METROPOLITAN NASHVILLE POLICE DEPT,20190836086,Davidson,Nashville,11/18/2019 4:49:00 PM,2,0,0,36.110020,-86.777480,WOODMONT BLVD,,,,93.00,Feet,East,CRESTRIDGE DR,,,,0.00,N,Not at Intersection,N,Non-Junction,None,,,         ,Randy,Puckett,Clear,Front to Rear,no,no,no,no,no,False
102572224,METROPOLITAN NASHVILLE POLICE DEPT,20190836131,Davidson,Nashville,11/18/2019 5:00:00 PM,2,0,0,36.097520,-86.823450,BURTON HILLS BLVD,,,,4.00,Feet,South,HILLSBORO PKE,,,,0.00,N,Not at Intersection,N,Non-Junction,None,,,         ,Melissa,Lomax,Clear,HeadOn,no,no,no,no,no,False
102572228,METROPOLITAN NASHVILLE POLICE DEPT,20190836181,Davidson,Nashville,11/18/2019 5:32:00 PM,2,0,0,36.134230,-86.759100,NOLENSVILLE PKE,,,,89.00,Feet,North,CRAIGHEAD ST,,,,0.00,N,Not at Intersection, ,Non-Junction,None,,,         ,FELIKS,ABRAHAMYAN,Clear,Front to Rear,no,no,no,no,no,False
102572236,METROPOLITAN NASHVILLE POLICE DEPT,20190836020,Davidson,Antioch,11/18/2019 4:15:00 PM,2,0,0,36.047840,-86.612050,MURFREESBORO,PIKE,,,0.10,Miles,South,MT. VIEW,RD,,,0.00,N,Not at Intersection,N,"Driveway, Alley Access, etc",None,,,         ,Patrick,Martin,Clear,Angle,no,no,no,no,no,False
102572245,METROPOLITAN NASHVILLE POLICE DEPT,20190836239,Davidson,Nashville,11/18/2019 5:21:00 PM,2,0,0,36.160510,-86.760170,I 24,,,,0.00,,,,,,,49.45,N,Not at Intersection, ,Non-Junction,None,,,         ,Melvin,Taylor,Clear,Front to Rear,no,no,no,no,yes,False
102572246,METROPOLITAN NASHVILLE POLICE DEPT,20190836170,Davidson,Antioch,11/18/2019 5:05:00 PM,2,0,0,36.047840,-86.612050,MURFREESBORO PKE,,,,1284.00,Feet,North,MOUNTAIN SPRINGS RD,,,,0.00,N,Not at Intersection, ,,None,,,         ,Patrick,Martin,,,no,no,no,no,no,False
102572252,METROPOLITAN NASHVILLE POLICE DEPT,20190836270,Davidson,Nashville,11/18/2019 5:20:00 PM,2,0,0,36.074070,-86.692830,I 24,,,,0.00,,,,,,,56.65,N,Not at Intersection,N,Non-Junction,None,,,         ,Jerre,Fly,Clear,"Sideswipe, Same Direction",no,no,no,no,yes,False
102572261,METROPOLITAN NASHVILLE POLICE DEPT,20190836190,Davidson,Nashville,11/18/2019 5:15:00 PM,3,0,0,36.111300,-86.790040,WOODMONT BLVD,,,,751.00,Feet,West,LEALAND LN,,,,0.00,N,Not at Intersection,N,Non-Junction,None,,,         ,Conor,Cronin,Clear,Front to Rear,no,no,no,no,no,False
102572262,METROPOLITAN NASHVILLE POLICE DEPT,20190836201,Davidson,Not in City Limit,11/18/2019 5:39:00 PM,2,0,0,36.277890,-86.800530,I 24,,,,0.00,,,,,,,40.50,N,Not at Intersection, ,,None,,,         ,Christopher,Littles,,,no,no,no,no,no,False
102572263,METROPOLITAN NASHVILLE POLICE DEPT,20190836281,Davidson,Not in City Limit,11/18/2019 6:12:00 PM,2,0,0,36.271660,-86.794400,I 24,,,,0.00,,,,,,,41.00,N,Not at Intersection,N,Non-Junction,None,,,         ,Christopher,Littles,Clear,Front to Rear,no,no,no,no,no,False
102572264,METROPOLITAN NASHVILLE POLICE DEPT,20190836159,Davidson,Nashville,11/18/2019 5:20:00 PM,1,1,0,36.041290,-86.822120,OLD HICKORY BLVD,,,,205.00,Feet,West,HICKORY SPRINGS RD,,,,0.00,N,Not at Intersection,N,Non-Junction,None,,,         ,Steven,Begley,Clear,Not Collision with Motor Vehicle in Transport,no,no,no,no,no,False
102572267,METROPOLITAN NASHVILLE POLICE DEPT,20190836065,Davidson,Nashville,11/18/2019 4:39:00 PM,2,0,0,36.155590,-86.771070,2ND AVS,,,,0.00,,,LEA AV,,,,0.00,Y,Four-Way,N,Intersection,None,,,         ,Michael,Douglas,Cloudy,"Sideswipe, Same Direction",no,no,no,no,no,False
102572270,METROPOLITAN NASHVILLE POLICE DEPT,20190836057,Davidson,Nashville,11/18/2019 4:37:00 PM,2,2,0,36.160970,-86.793220,I 40,,,,0.00,,,,,,,208.70,N,Not at Intersection,N,Non-Junction,None,,,         ,Gabriel,Hamilton,Clear,Front to Rear,no,no,no,no,no,False
102572281,METROPOLITAN NASHVILLE POLICE DEPT,20190836157,Davidson,Nashville,11/18/2019 5:16:00 PM,3,0,0,36.069100,-86.690460,HAYWOOD LN,,,,63.00,Feet,East,I24 E ENT RAMP,,,,0.00,N,Not at Intersection,N,Non-Junction,None,,,         ,Laura,Williams,Clear,Front to Rear,no,no,no,no,no,False
102572282,METROPOLITAN NASHVILLE POLICE DEPT,20190836321,Davidson,Nashville,11/18/2019 5:53:00 PM,2,0,0,36.140710,-86.732210,I 40,,,,0.00,,,,,,,213.00,N,Not at Intersection, ,,None,,,         ,Samuel,Sundra,,,no,no,no,no,no,False
102572288,METROPOLITAN NASHVILLE POLICE DEPT,20190836199,Davidson,Nashville,11/18/2019 5:31:00 PM,2,0,0,36.124610,-86.855580,HILLWOOD BLVD,,,,0.00,Feet,,POST RD,,,,0.00,Y,Four-Way,N,Intersection,None,,,         ,Mario,Diaz,Clear,"Sideswipe, Same Direction",no,no,no,no,yes,False
102572305,METROPOLITAN NASHVILLE POLICE DEPT,20190836335,Davidson,Not in City Limit,11/18/2019 6:17:00 PM,1,0,0,36.098560,-86.529690,S MOUNT JULIET RD,,,,1137.00,Feet,North,COUCHVILLE PKE,,,,0.00,N,Not at Intersection, ,,None,,,         ,Patrick,Martin,,,no,no,no,no,no,False
102572306,METROPOLITAN NASHVILLE POLICE DEPT,20190836306,Davidson,Nashville,11/18/2019 6:21:00 PM,1,0,0,36.210230,-86.874970,ASHLAND CITY HWY,,,,86.00,Feet,East,ASHLAND CITY HWY EB EXT RAMP,,,,0.00,N,Not at Intersection,N,Non-Junction,None,,,         ,Bailee,Hickman,Clear,Not Collision with Motor Vehicle in Transport,no,no,no,no,no,False
102572307,METROPOLITAN NASHVILLE POLICE DEPT,20190836337,Davidson,Nashville,11/18/2019 6:20:00 PM,2,0,0,36.045360,-86.658840,I 24,,,,0.00,,,,,,,59.40,N,Not at Intersection,N,Non-Junction,None,,,         ,Matthew,Turppa,Cloudy,Front to Rear,no,no,no,no,no,False
102572324,METROPOLITAN NASHVILLE POLICE DEPT,20190836336,Davidson,Nashville,11/18/2019 4:30:00 PM,2,0,0,36.151830,-86.752790,I 40,,,,0.00,,,,,,,211.40,N,Not at Intersection, ,Non-Junction,None,,,         ,Keenan,McCann,Clear,"Sideswipe, Same Direction",no,no,no,no,yes,False
102572325,METROPOLITAN NASHVILLE POLICE DEPT,20190836250,Davidson,Nashville,11/18/2019 5:35:00 PM,2,0,0,36.144580,-86.813140,WEST END AV,,,,0.00,,,29TH AVN,,,,0.00,Y,Four-Way, ,Intersection-Related,None,,,         ,John,Roberson,Clear,"Sideswipe, Same Direction",no,no,no,no,no,Campus
102572332,METROPOLITAN NASHVILLE POLICE DEPT,20190836339,Davidson,Nashville,11/18/2019 4:40:00 PM,2,0,0,36.121560,-86.807400,HILLSBORO PKE,,,,2.00,Feet,North,I440 E ENT RAMP,,,,0.00,N,Not at Intersection, ,,None,,,         ,Melissa,Lomax,,,no,no,no,no,no,False
102572333,METROPOLITAN NASHVILLE POLICE DEPT,20190836271,Davidson,Not in City Limit,11/18/2019 5:44:00 PM,2,0,0,36.034860,-86.971500,HIGHWAY 100,,,,0.00,,,WESTHAVEN DR,,,,0.00,Y,T-Intersection, ,Intersection,None,,,         ,James,Wells Jr.,Clear,Angle,no,no,no,no,no,False
102572342,METROPOLITAN NASHVILLE POLICE DEPT,20190836404,Davidson,Nashville,11/18/2019 6:00:00 PM,2,0,0,36.187920,-86.798480,DOMINICAN DR,,,,0.00,,,ROSA L PARKS BLVD,,,,0.00,Y,Four-Way, ,,None,,,         ,Luke,Steigerwalt,,,no,no,no,no,no,False
102572351,METROPOLITAN NASHVILLE POLICE DEPT,20190836410,Davidson,Antioch,11/18/2019 7:26:00 PM,2,0,0,36.012910,-86.620850,I24 E EXT RAMP,,,,0.00,Feet,,OLD HICKORY BLVD,,,,0.00,Y,OTHER, ,Entrance/Exit Ramp Related,None,,,         ,Patrick,Martin,Clear,Front to Rear,no,no,no,no,no,False
102572352,METROPOLITAN NASHVILLE POLICE DEPT,20190836210,Davidson,Nashville,11/18/2019 5:37:00 PM,3,0,0,36.177650,-86.764160,ELLINGTON PKWYN,,,,139.00,Feet,North,ELLINGTON PKWY N ENT RAMP,,,,0.00,N,Not at Intersection,N,Non-Junction,None,,,         ,Marc,Kozen,Clear,Front to Rear,no,no,no,no,yes,False
102572367,METROPOLITAN NASHVILLE POLICE DEPT,20190836525,Davidson,Nashville,11/18/2019 8:46:00 PM,2,0,0,36.090530,-86.627260,SMITH SPRINGS RD,,,,237.00,Feet,West,BELL RD,,,,0.00,N,Not at Intersection,N,Non-Junction,None,,,         ,Deandera,Payne,Clear,Front to Rear,no,no,no,no,yes,False
102572371,METROPOLITAN NASHVILLE POLICE DEPT,20190836178,Davidson,Nashville,11/18/2019 5:20:00 PM,2,0,0,36.092640,-86.762700,I 65,,,,0.00,,,,,,,78.50,N,Not at Intersection, ,Non-Junction,None,,,         ,William,King,Clear,"Sideswipe, Same Direction",no,no,no,no,no,False
102572374,METROPOLITAN NASHVILLE POLICE DEPT,20190836479,Davidson,Nashville,11/18/2019 7:30:00 PM,2,0,0,36.051400,-86.690050,ROBERT YOEST DR,,,,146.00,Feet,North,OCALA DR,,,,0.00,N,Not at Intersection,N,Non-Junction,None,,,         ,Jesse,Cox,Clear,Angle,no,no,no,no,yes,False