master_record_number,agency,agency_tracking_number,county,city,collision_date,vehicles_involved,number_injured,number_dead,latitude,longitude,roadway_name,roadway_suffix,roadway_number,roadway_local_id,distance_from_reference,miles-feet_indicator,direction_from_reference,intersection_road_name,intersection_road_name_suffix,intersection_road_number,intersection_local_id,mile_marker,intersection_indicator,intersect_type,interchange_related_indicator,relation_to_junction,work_zone_type,construction_maintenance_zone,construction_maintenance_zone_location,fatal_case_number,officer_first_name,officer_last_name,weather_condition(s),manner_of_crash,pedestrian,bicycle,scooter,parking,hitrun,mou
102572379,VANDERBILT UNIVERSITY POLICE,20190836435,Davidson,Nashville,11/18/2019 7:25:00 PM,1,0,0,36.112220,-86.765900,THOMPSON LN,,,,316.00,Feet,South,BRANSFORD AV,,,,0.00,N,Not at Intersection,N,Non-Junction,None,,,         ,Joseph,Bishop,Clear,Not Collision with Motor Vehicle in Transport,no,no,no,yes,no,False
102572396,METROPOLITAN NASHVILLE POLICE DEPT,20190836537,Davidson,Nashville,11/18/2019 8:45:00 PM,2,0,0,36.151870,-86.752940,I40 E ENT RAMP,,,,0.00,,,I 40,,,,0.00,Y,OTHER,Y,Entrance/Exit Ramp Related,None,,,         ,Allyson,Reis,Clear,"Sideswipe, Same Direction",no,no,no,no,yes,False
102572449,METROPOLITAN NASHVILLE POLICE DEPT,20190833997,Davidson,Nashville,11/17/2019 9:17:00 PM,2,0,0,36.066670,-86.717940,NORTHCREST DR,,,,0.00,,,NOLENSVILLE PKE,,,,0.00,Y,Four-Way,N,Intersection,None,,,         ,Steven,Begley,Clear,Angle,no,no,no,no,no,False
102572462,METROPOLITAN NASHVILLE POLICE DEPT,20190835835,Davidson,Nashville,11/18/2019 1:57:00 PM,2,0,0,36.046390,-86.713380,NOLENSVILLE PKE,,,,376.00,Feet,North,OLD HICKORY BLVD,,,,0.00,N,Not at Intersection,N,Non-Junction,None,,,         ,Brandon,Hughes,Clear,"Sideswipe, Same Direction",no,no,no,no,no,False
102572470,METROPOLITAN NASHVILLE POLICE DEPT,20190835972,Davidson,Nashville,11/18/2019 3:46:00 PM,2,0,0,36.139120,-86.700300,BRILEY PKWY,,,,141.00,Feet,South,BRILEY PKWYN,,,,0.00,N,Not at Intersection,N,Non-Junction,None,,,         ,Matthew,Swindell,Clear,"Sideswipe, Same Direction",no,no,no,no,no,False
102572482,METROPOLITAN NASHVILLE POLICE DEPT,20190836240,Davidson,Nashville,11/18/2019 5:15:00 PM,3,0,0,36.233370,-86.724320,GALLATIN PKE NB EXT RAMP,,,,0.00,,,GALLATIN PKE SB EXT RAMP,,,,0.00,Y,Y-Intersection,Y,Entrance/Exit Ramp Related,None,,,         ,Cooper,HIll,Clear,Front to Rear,no,no,no,no,no,False
102572500,METROPOLITAN NASHVILLE POLICE DEPT,20190836505,Davidson,Nashville,11/18/2019 8:41:00 PM,2,4,0,36.238810,-86.723860,GALLATIN PKES,,,,0.00,,,GALLATIN PKE,,,,0.00,Y,T-Intersection,N,Intersection,None,,,         ,Christopher,Littles,Cloudy,HeadOn,no,no,no,no,yes,False
102572507,METROPOLITAN NASHVILLE POLICE DEPT,20190836589,Davidson,Nashville,11/18/2019 9:05:00 PM,1,0,0,36.221100,-86.805030,REVELS DR,,,,40.00,Feet,West,WHITES CREEK PKE,,,,0.00,N,Not at Intersection,N,Non-Junction,None,,,         ,Sara,Lober,Clear,Not Collision with Motor Vehicle in Transport,no,no,no,no,yes,False
102572564,METROPOLITAN NASHVILLE POLICE DEPT,20190836822,Davidson,Nashville,11/18/2019 11:30:00 PM,4,0,0,36.149530,-86.691610,BRILEY PKWYS,,,,0.00,,,,,,,0.00,,,N,Non-Junction,None,,,         ,Adam,Masle,Clear,Angle,no,no,no,yes,no,False
102572568,METROPOLITAN NASHVILLE POLICE DEPT,20190837012,Davidson,Nashville,11/19/2019 1:39:00 AM,1,1,0,36.158410,-86.790610,GEORGE L DAVIS BLVD,,,,0.00,,,CHURCH ST,,,,0.00,Y,Four-Way,N,Intersection,None,,,         ,Brenna,Hosey,Clear,Not Collision with Motor Vehicle in Transport,yes,no,no,no,no,False
102572580,METROPOLITAN NASHVILLE POLICE DEPT,20190836734,Davidson,Old Hickory,11/18/2019 10:58:00 PM,2,0,0,36.252770,-86.647860,HADLEY AV,,,,62.00,Feet,North,ROBINSON RD,,,,0.00,N,Not at Intersection, ,,None,,,         ,Lynsie,Smith,,,no,no,no,no,no,False
102572616,METROPOLITAN NASHVILLE POLICE DEPT,20190837356,Davidson,Nashville,11/19/2019 5:02:00 AM,1,0,0,36.242400,-86.667160,JOE PYRON DR,,,,55.00,Feet,South,APACHE LN,,,,0.00,N,Not at Intersection, ,Non-Junction,None,,,         ,Corey,Ethridge,Rain,Not Collision with Motor Vehicle in Transport,no,no,no,no,no,False
102572622,BERRY HILL POLICE DEPT,19-4912,Davidson,Berry Hill,11/18/2019 9:50:00 AM,2,2,0,36.126680,-86.774670,CRAIGHEAD ST,,,,0.00,,,WHITE AV,,,,0.00,Y,T-Intersection,N,Intersection,None,,,         ,Rick,Willliams,Clear,Angle,no,no,no,no,no,False
102572662,METROPOLITAN NASHVILLE POLICE DEPT,20190837482,Davidson,Nashville,11/19/2019 6:39:00 AM,2,0,0,36.148820,-86.746070,I 40,,,,0.00,,,,,,,211.85,N,Not at Intersection,N,Non-Junction,None,,,         ,Tien,Nguyen,Rain,Front to Rear,no,no,no,no,yes,False
102572675,METROPOLITAN NASHVILLE POLICE DEPT,20190837462,Davidson,Nashville,11/19/2019 6:18:00 AM,2,0,0,36.082810,-86.761530,SIDCO DR,,,,75.00,Feet,South,CSX DR,,,,0.00,N,Not at Intersection,N,Non-Junction,None,,,         ,Earl,Davis,Cloudy,Front to Rear,no,no,no,no,yes,False
102572678,METROPOLITAN NASHVILLE POLICE DEPT,20190837545,Davidson,Nashville,11/19/2019 7:13:00 AM,2,1,0,36.139630,-86.726750,I24E,,,,477.00,Feet,North,I24 W ENT RAMP,,,,0.00,N,Not at Intersection,N,Non-Junction,None,,,         ,Tien,Nguyen,Cloudy,Front to Rear,no,no,no,no,no,False
102572685,METROPOLITAN NASHVILLE POLICE DEPT,20190837584,Davidson,Nashville,11/19/2019 7:30:00 AM,2,0,0,36.195750,-86.776130,I 65,,,,0.00,,,,,,,86.60,N,Not at Intersection, ,Non-Junction,None,,,         ,Brian,Mclarty,Rain,Front to Rear,no,no,no,no,no,False
102572686,METROPOLITAN NASHVILLE POLICE DEPT,20190837564,Davidson,Nashville,11/19/2019 6:54:00 AM,2,0,0,36.084160,-86.705890,LINBAR DR,,,,0.00,Feet,West,HARDING PL,,,,0.00,N,Not at Intersection, ,Non-Junction,None,,,         ,Devin,Mabry,Rain,Front to Rear,no,no,no,no,yes,False
102572689,METROPOLITAN NASHVILLE POLICE DEPT,20190837543,Davidson,Nashville,11/19/2019 7:13:00 AM,3,1,0,36.053640,-86.715080,US HWY 31 ALT,,,,0.00,,,BREWER DR,,,,0.00,Y,Four-Way, ,Intersection-Related,None,,,         ,Earl,Davis,Cloudy,Front to Rear,no,no,no,no,no,False
102572695,METROPOLITAN NASHVILLE POLICE DEPT,20190837518,Davidson,Nashville,11/19/2019 6:05:00 AM,2,0,0,36.065450,-86.685260,I 24,,,,0.00,,,,,,,57.35,N,Not at Intersection, ,Non-Junction,None,,,         ,Theodore,Flick,Cloudy,"Sideswipe, Same Direction",no,no,no,no,no,False
102572710,METROPOLITAN NASHVILLE POLICE DEPT,2019-0837497,Davidson,Nashville,11/19/2019 6:45:00 AM,2,0,0,36.149590,-86.803620,LOUISE AV,,,,91.00,Feet,North,WEST END AV,,,,0.00,N,Not at Intersection, ,Non-Junction,None,,,         ,Po,Cheng,Cloudy,Angle,no,no,no,no,no,Campus
102572711,METROPOLITAN NASHVILLE POLICE DEPT,20190837607,Davidson,Nashville,11/19/2019 7:30:00 AM,2,0,0,36.086980,-86.693390,HARDING PL,,,,384.00,Feet,West,ANTIOCH PKE,,,,0.00,N,Not at Intersection, ,Non-Junction,None,,,         ,Joseph,Simon,Cloudy,"Sideswipe, Same Direction",no,no,no,no,no,False
102572716,METROPOLITAN NASHVILLE POLICE DEPT,20190837631,Davidson,Nashville,11/19/2019 7:55:00 AM,2,0,0,36.169890,-86.679800,MCGAVOCK PKE,,,,192.00,Feet,North,LEBANON PKE,,,,0.00,N,Not at Intersection,N,Non-Junction,None,,,         ,Tien,Nguyen,Cloudy,Front to Rear,no,no,no,no,no,False
102572718,METROPOLITAN NASHVILLE POLICE DEPT,2019-0837567,Davidson,Not in City Limit,11/19/2019 6:21:00 AM,1,0,0,36.284560,-86.746460,DICKERSON PKES,,,,110.00,Feet,North,CUNNIFF PKWY,,,,0.00,N,Not at Intersection, ,Non-Junction,None,,,         ,Arthur,Hipp,Cloudy,Not Collision with Motor Vehicle in Transport,no,no,no,no,no,False
102572724,METROPOLITAN NASHVILLE POLICE DEPT,20190837629,Davidson,Not in City Limit,11/19/2019 7:53:00 AM,2,0,0,36.260750,-86.738420,I 65,,,,0.00,,,,,,,92.00,N,Not at Intersection, ,Non-Junction,None,,,         ,Gabriel,Centeno,Cloudy,Front to Rear,no,no,no,no,yes,False
102572726,METROPOLITAN NASHVILLE POLICE DEPT,20190837647,Davidson,Nashville,11/19/2019 8:05:00 AM,2,0,0,36.135200,-86.776060,I65 S EXT RAMP,,,,0.00,Feet,East,I 65,,,,0.00,N,Not at Intersection, ,Entrance/Exit Ramp Related,None,,,         ,Timothy,Edwards,Cloudy,Front to Rear,no,no,no,no,no,False
102572751,METROPOLITAN NASHVILLE POLICE DEPT,20190837748,Davidson,Nashville,11/19/2019 8:50:00 AM,2,0,0,36.153780,-86.755320,HERMITAGE AV,,,,224.00,Feet,East,FAIRFIELD AV,,,,0.00,N,Not at Intersection, ,Non-Junction,None,,,         ,Tien,Nguyen,Cloudy,"Sideswipe, Same Direction",no,no,no,no,no,False
102572769,METROPOLITAN NASHVILLE POLICE DEPT,20190837600,Davidson,Nashville,11/19/2019 7:35:00 AM,2,0,0,36.116880,-86.738670,LUTIE ST,,,,0.00,Feet,East,STERLING BOONE DR,,,,0.00,N,Not at Intersection,N,Non-Junction,None,,,         ,James,Thomas,Cloudy,Angle,no,no,no,no,no,False
102572787,METROPOLITAN NASHVILLE POLICE DEPT,20190837694,Davidson,Nashville,11/19/2019 8:29:00 AM,2,0,0,36.060090,-86.741060,ELLINGTON CIR,,,,0.00,,,EDMONDSON PIKE,,,,0.00,Y,T-Intersection, ,Intersection,None,,,         ,Earl,Davis,Cloudy,Angle,no,no,no,no,no,False
102572792,METROPOLITAN NASHVILLE POLICE DEPT,20190837470,Davidson,Nashville,11/19/2019 6:27:00 AM,1,1,0,36.168230,-86.820870,ED TEMPLE BLVD,,,,0.00,,,BEASLEY ST,,,,0.00,Y,T-Intersection,N,Intersection,None,,,         ,Wesley,Young,Cloudy,Not Collision with Motor Vehicle in Transport,no,no,no,no,no,False
102572796,METROPOLITAN NASHVILLE POLICE DEPT,20190837884,Davidson,Nashville,11/19/2019 10:06:00 AM,2,0,0,36.082100,-86.761700,HARDING PL,,,,0.00,,,SIDCO DR,,,,0.00,Y,Four-Way,N,Intersection,None,,,         ,Timothy,Edwards,Clear,Front to Rear,no,no,no,no,no,False
102572801,METROPOLITAN NASHVILLE POLICE DEPT,20190837708,Davidson,Nashville,11/19/2019 8:36:00 AM,2,1,0,36.123910,-86.781300,VAULX LN,,,,0.00,,,INVERNESS AVE,,,,0.00,Y,Four-Way,N,Intersection,None,,,         ,Earl,Davis,Clear,Angle,no,no,no,no,no,False
102572811,METROPOLITAN NASHVILLE POLICE DEPT,20190837817,Davidson,Nashville,11/19/2019 9:21:00 AM,2,0,0,36.154990,-86.813220,US HWY 70,,,,200.00,Feet,West,25TH AVE N,,,,0.00,N,Not at Intersection, ,Non-Junction,None,,,         ,Earl,Davis,Clear,Front to Rear,no,no,no,no,no,False
102572818,METROPOLITAN NASHVILLE POLICE DEPT,20190837513,Davidson,Nashville,11/19/2019 6:46:00 AM,2,0,0,36.027340,-86.634820,I 24,,,,0.00,,,,,,,61.25,N,Not at Intersection, ,Non-Junction,None,,,         ,Nelson,Hemingway,Clear,Front to Rear,no,no,no,no,no,False
102572819,METROPOLITAN NASHVILLE POLICE DEPT,20190837539,Davidson,Nashville,11/19/2019 7:10:00 AM,2,0,0,36.237930,-86.743920,I65 S EXT RAMP,,,,0.00,,,BRILEY PKWY E EXT RAMP,,,,0.00,Y,Y-Intersection, ,,None,,,         ,Russell,Freeman,,,no,no,no,no,no,False
102572820,BERRY HILL POLICE DEPT,19-4911,Davidson,Berry Hill,11/18/2019 7:55:00 AM,2,0,0,36.128590,-86.777890,FRANKLIN PKE,,,,0.00,,,8TH AVS,,,,0.00,Y,Four-Way, ,Intersection,None,,,         ,Ronnie,Hill,Clear,Front to Rear,no,no,no,no,no,False
102572823,METROPOLITAN NASHVILLE POLICE DEPT,2019-0837768,Davidson,Nashville,11/19/2019 9:06:00 AM,2,0,0,36.244380,-86.747700,I65 S EXT RAMP,,,,0.00,Feet,East,I 65,,,,0.00,N,Not at Intersection, ,Non-Junction,None,,,         ,Arthur,Hipp,Cloudy,Front to Rear,no,no,no,no,no,False
102572831,METROPOLITAN NASHVILLE POLICE DEPT,20190831876,Davidson,Nashville,11/16/2019 6:05:00 PM,1,0,1,36.163120,-86.598220,ARBOR LAKE BLVD,,,,0.00,,,,,,,0.00,,,N,OtherLocation,None,,,19-NT    ,William,Waters,Clear,Not Collision with Motor Vehicle in Transport,no,no,no,yes,no,False
102572833,METROPOLITAN NASHVILLE POLICE DEPT,20190837755,Davidson,Nashville,11/19/2019 8:49:00 AM,2,0,0,36.245860,-86.745450,I 65,,,,0.00,,,,,,,90.85,N,Not at Intersection,N,Non-Junction,None,,,         ,Gabriel,Centeno,Clear,Front to Rear,no,no,no,no,no,False
102572847,METROPOLITAN NASHVILLE POLICE DEPT,20190837832,Davidson,Nashville,11/19/2019 9:27:00 AM,2,0,0,36.156180,-86.769030,LEA AV,,,,189.00,Feet,South,HERMITAGE AV,,,,0.00,N,Not at Intersection, ,Non-Junction,None,,,         ,Alec,Pellissier,Clear,Angle,no,no,no,no,no,False
102572848,METROPOLITAN NASHVILLE POLICE DEPT,20190837854,Davidson,Not in City Limit,11/19/2019 9:45:00 AM,2,0,0,36.263800,-86.703970,STATE RT 45,,,,144.00,Feet,East,DELAWARE AV,,,,0.00,N,Not at Intersection,N,Non-Junction,None,,,         ,Brian,Otto,Clear,Front to Rear,no,no,no,no,no,False
102572851,METROPOLITAN NASHVILLE POLICE DEPT,20190837968,Davidson,Nashville,11/19/2019 10:04:00 AM,1,0,0,36.157390,-86.770400,HERMITAGE AV,,,,43.00,Feet,East,PEABODY ST,,,,0.00,N,Not at Intersection,N,Non-Junction,None,,,         ,Shedie,Herbert III,Clear,Not Collision with Motor Vehicle in Transport,no,no,no,yes,yes,False
102572853,METROPOLITAN NASHVILLE POLICE DEPT,20190837871,Davidson,Nashville,11/19/2019 9:55:00 AM,2,0,0,36.072130,-86.732890,WHISPERING HILLS DR,,,,0.00,Feet,,EDMONDSON PKE,,,,0.00,Y,Four-Way,N,Intersection,None,,,         ,Devin,Mabry,Clear,Not Collision with Motor Vehicle in Transport,no,no,no,no,no,False
102572856,METROPOLITAN NASHVILLE POLICE DEPT,20190838071,Davidson,Nashville,11/19/2019 11:42:00 AM,2,0,0,36.133140,-86.779200,8TH AVS,,,,161.00,Feet,South,ROYCROFT PL,,,,0.00,N,Not at Intersection, ,Non-Junction,None,,,         ,Timothy,Edwards,Clear,Angle,no,no,no,no,no,False
102572862,METROPOLITAN NASHVILLE POLICE DEPT,20190837829,Davidson,Nashville,11/19/2019 9:30:00 AM,2,0,0,36.058830,-86.670450,MT VIEW RD,,,,0.00,Feet,,HICKORY HOLLOW PKWY,,,,0.00,Y,Y-Intersection, ,Intersection,None,,,         ,Theodore,Flick,Clear,"Sideswipe, Same Direction",no,no,no,no,yes,False
102572863,METROPOLITAN NASHVILLE POLICE DEPT,20190838068,Davidson,Nashville,11/19/2019 11:33:00 AM,2,0,0,36.112650,-86.823290,BEAR RD,,,,598.00,Feet,South,VALLEY BROOK RD,,,,0.00,N,Not at Intersection, ,Non-Junction,None,,,         ,Curtis,Rich,Clear,Rear to Rear,no,no,no,no,no,False
102572864,BELLE MEADE POLICE DEPT,19-0337,Davidson,Belle Meade,11/18/2019 5:15:00 PM,2,0,0,36.119600,-86.854940,HARDING PKE,,,,0.00,,,BELLE MEADE BLVD,,,,0.00,Y,T-Intersection, ,Intersection,None,,,         ,Keith,Samol,Clear,Front to Rear,no,no,no,no,no,False
102572876,METROPOLITAN NASHVILLE POLICE DEPT,20190837716,Davidson,Nashville,11/19/2019 7:25:00 AM,2,1,0,36.046740,-86.776810,I 65,,,,0.00,,,,,,,75.25,N,Not at Intersection,N,Non-Junction,None,,,         ,Raymond,Flaherty,Clear,Angle,no,no,no,no,no,False
102572877,METROPOLITAN NASHVILLE POLICE DEPT,20190838024,Davidson,Nashville,11/19/2019 10:17:00 AM,2,0,0,36.059070,-86.853320,US HWY 431,,,,50.00,Feet,South,CROMWELL DR,,,,0.00,N,Not at Intersection, ,Non-Junction,None,,,         ,Earl,Davis,Clear,Front to Rear,no,no,no,no,no,False
102572880,METROPOLITAN NASHVILLE POLICE DEPT,20190837575,Davidson,Nashville,11/19/2019 7:25:00 AM,2,0,0,36.061700,-86.740300,EDMONDSON PKE,,,,0.00,,,ELLINGTON AG CENTER PVTDR,,,,0.00,Y,T-Intersection,N,Intersection,None,,,         ,Raymond,Flaherty,Clear,Angle,no,no,no,no,no,False
102572885,METROPOLITAN NASHVILLE POLICE DEPT,20190837563,Davidson,Nashville,11/19/2019 7:21:00 AM,1,0,0,36.226890,-86.778480,I65 S ENT RAMP,,,,0.00,Feet,East,I 24,,,,0.00,N,Not at Intersection,N,Non-Junction,None,,,         ,Jamel,Griffin,Rain,Not Collision with Motor Vehicle in Transport,no,no,no,no,no,False
102572890,METROPOLITAN NASHVILLE POLICE DEPT,20190838081,Davidson,Nashville,11/19/2019 11:38:00 AM,2,0,0,36.190870,-86.625640,LEBANON PKE,,,,400.00,Feet,South,BONNABROOK DR,,,,0.00,N,Not at Intersection, ,Non-Junction,None,,,         ,Thomas,Odom,Clear,Angle,no,no,no,no,no,False
102572892,METROPOLITAN NASHVILLE POLICE DEPT,20190838101,Davidson,Nashville,11/19/2019 11:55:00 AM,2,0,0,36.155070,-86.791000,US HWY 70S,,,,125.00,Feet,West,15TH AVE N,,,,0.00,N,Not at Intersection, ,Non-Junction,None,,,         ,Earl,Davis,Clear,"Sideswipe, Same Direction",no,no,no,no,no,False
102572901,METROPOLITAN NASHVILLE POLICE DEPT,20190837837,Davidson,Nashville,11/19/2019 9:39:00 AM,2,0,0,36.163800,-86.787040,ROSA L PARKS BLVD,,,,218.00,Feet,East,CHARLOTTE AV,,,,0.00,N,Not at Intersection, ,,None,,,         ,Zaire,Murray,,,no,no,no,no,no,False
102572902,METROPOLITAN NASHVILLE POLICE DEPT,20190837975,Davidson,Nashville,11/19/2019 10:51:00 AM,2,1,0,36.151310,-86.768410,I40 E EXT RAMP,,,,0.00,,,I 40,,,,0.00,Y,Four-Way,N,Intersection-Related,None,,,         ,Tien,Nguyen,Clear,Angle,no,no,no,no,no,False
102572918,METROPOLITAN NASHVILLE POLICE DEPT,20190838196,Davidson,Nashville,11/19/2019 12:45:00 PM,2,0,0,36.146860,-86.744070,RUNDLE AV,,,,102.00,Feet,West,FESSLERS LN,,,,0.00,N,Not at Intersection, ,Non-Junction,None,,,         ,Michael,Dance,Clear,"Sideswipe, Same Direction",no,no,no,no,no,False
102572925,METROPOLITAN NASHVILLE POLICE DEPT,20190838206,Davidson,Nashville,11/19/2019 12:45:00 PM,2,0,0,36.081100,-86.758360,HARDING PL,,,,2.00,Feet,West,TROUSDALE DR,,,,0.00,N,Not at Intersection, ,Non-Junction,None,,,         ,Devin,Mabry,Clear,Other,no,no,no,no,no,False
102572935,METROPOLITAN NASHVILLE POLICE DEPT,20190838104,Davidson,Nashville,11/19/2019 11:20:00 AM,2,0,0,36.239840,-86.744750,BRILEY PKWYW,,,,186.00,Feet,West,BRILEY PKWYE,,,,0.00,N,Not at Intersection, ,Non-Junction,None,,,         ,Gabriel,Centeno,Clear,Not Collision with Motor Vehicle in Transport,no,no,no,no,yes,False
102572938,METROPOLITAN NASHVILLE POLICE DEPT,20190838179,Davidson,Nashville,11/19/2019 12:37:00 PM,3,0,0,36.110730,-86.785720,WOODMONT BLVD,,,,496.00,Feet,South,LEALAND LN,,,,0.00,N,Not at Intersection, ,Non-Junction,None,,,         ,Michael,Suagua,Clear,Front to Rear,no,no,no,no,no,False
102572940,METROPOLITAN NASHVILLE POLICE DEPT,20190838105,Davidson,Nashville,11/19/2019 11:54:00 AM,2,0,0,36.180820,-86.688590,AUBREY CT,,,,221.00,Feet,West,DENNYWOOD DR,,,,0.00,N,Not at Intersection, ,,None,,,         ,Joshua,Hausman,,,no,no,no,no,no,False
102572946,METROPOLITAN NASHVILLE POLICE DEPT,20190838262,Davidson,Nashville,11/19/2019 12:00:00 AM,2,0,0,36.117190,-86.837770,WOODMONT HALL PL,,,,207.00,Feet,North,WOODMONT BLVD,,,,0.00,N,Not at Intersection, ,Non-Junction,None,,,         ,Curtis,Rich,Unknown,Front to Rear,no,no,no,no,yes,False
102572948,METROPOLITAN NASHVILLE POLICE DEPT,20190837614,Davidson,Nashville,11/19/2019 7:42:00 AM,2,0,0,36.157930,-86.791610,I40 E ENT RAMP,,,,0.00,,,I 40,,,,0.00,Y,Four-Way, ,Intersection,None,,,         ,William,Caillouette,Clear,"Sideswipe, Same Direction",no,no,no,no,no,False
102572984,METROPOLITAN NASHVILLE POLICE DEPT,20190838116,Davidson,Nashville,11/19/2019 12:00:00 PM,2,0,0,36.154610,-86.822600,I440 W EXT RAMP,,,,0.00,,East,I 440,,,,0.00,N,Not at Intersection, ,Non-Junction,Construction Zone,,,         ,George,Spencer,Clear,Front to Rear,no,no,no,no,no,False
102573011,METROPOLITAN NASHVILLE POLICE DEPT,20190838216,Davidson,Nashville,11/19/2019 12:52:00 PM,2,1,0,36.162420,-86.759300,CRUTCHER ST,,,,0.00,,,S 5TH ST,,,,0.00,Y,Four-Way,N,Intersection,None,,,         ,Russell,Freeman,Cloudy,Angle,no,no,no,no,no,False
102573016,METROPOLITAN NASHVILLE POLICE DEPT,20190838209,Davidson,Nashville,11/19/2019 12:46:00 PM,2,0,0,36.094010,-86.706550,I 24,,,,0.00,,,,,,,55.05,N,Not at Intersection, ,Non-Junction,None,,,         ,Nelson,Hemingway,Clear,"Sideswipe, Same Direction",no,no,no,no,no,False
102573028,METROPOLITAN NASHVILLE POLICE DEPT,20190838208,Davidson,Nashville,11/19/2019 12:44:00 PM,2,0,0,36.169640,-86.679840,MCGAVOCK PKE,,,,100.00,Feet,North,LEBANON PKE,,,,0.00,N,Not at Intersection,N,Non-Junction,None,,,         ,Richard,Luellen,Clear,"Sideswipe, Same Direction",no,no,no,no,no,False
102573030,METROPOLITAN NASHVILLE POLICE DEPT,20190838150,Davidson,Nashville,11/19/2019 12:18:00 PM,1,1,0,36.112260,-86.709300,BRILEY PKWYS,,,,118.00,Feet,East,CURREY RD,,,,0.00,N,Not at Intersection,N,Non-Junction,None,,,         ,Terry,Denton,Clear,Not Collision with Motor Vehicle in Transport,no,no,no,no,no,False
102573047,METROPOLITAN NASHVILLE POLICE DEPT,20190837982,Davidson,Nashville,11/19/2019 10:55:00 AM,2,1,0,36.199600,-86.776570,I 65,,,,0.00,,,,,,,86.85,N,Not at Intersection,N,Non-Junction,None,,,         ,Jamel,Griffin,Clear,Front to Rear,no,no,no,no,no,False
102573093,METROPOLITAN NASHVILLE POLICE DEPT,20190838343,Davidson,Nashville,11/19/2019 1:54:00 PM,2,0,0,36.183810,-86.610950,OLD HICKORY BLVD,,,,103.00,Feet,West,ANDREW JACKSON PKWY,,,,0.00,N,Not at Intersection,N,Non-Junction,None,,,         ,Tien,Nguyen,Cloudy,"Sideswipe, Same Direction",no,no,no,no,yes,False
102573107,METROPOLITAN NASHVILLE POLICE DEPT,2019-0838399,Davidson,Nashville,11/19/2019 2:20:00 PM,2,0,0,36.253110,-86.716880,GALLATIN PKES,,,,46.00,Feet,South,EMMITT AV,,,,0.00,N,Not at Intersection, ,Non-Junction,None,,,         ,Travis,Baxter,Cloudy,Front to Rear,no,no,no,no,no,False
102573143,METROPOLITAN NASHVILLE POLICE DEPT,20190838457,Davidson,Nashville,11/19/2019 2:50:00 PM,3,0,0,36.117970,-86.800810,BRIGHTWOOD AV,,,,16.00,Feet,South,LOMBARDY AV,,,,0.00,N,Not at Intersection, ,Non-Junction,None,,,         ,Conor,Cronin,Clear,Front to Rear,no,no,no,no,no,False
102573155,METROPOLITAN NASHVILLE POLICE DEPT,20190838363,Davidson,Nashville,11/19/2019 2:10:00 PM,3,2,0,36.253220,-86.716800,GALLATIN PKES,,,,0.00,,,MADISON SQ,,,,0.00,Y,Four-Way,N,Intersection,None,,,         ,Eric,Richardson,Clear,HeadOn,no,no,no,no,no,False
102573176,METROPOLITAN NASHVILLE POLICE DEPT,20190838456,Davidson,Nashville,11/19/2019 1:34:00 PM,2,0,0,36.162850,-86.849160,51ST AVN,,,,195.00,Feet,North,CENTENNIAL BLVD,,,,0.00,N,Not at Intersection,N,Non-Junction,None,,,         ,Molly,Page,Clear,Angle,no,no,no,no,yes,False
102573177,METROPOLITAN NASHVILLE POLICE DEPT,20190838587,Davidson,Nashville,11/19/2019 3:40:00 PM,2,0,0,36.110750,-86.755290,SIDCO DR,,,,150.00,Feet,South,THOMPSON LN,,,,0.00,N,Not at Intersection, ,Non-Junction,None,,,         ,Randy,Puckett,Clear,Angle,no,no,no,no,no,False
102573182,METROPOLITAN NASHVILLE POLICE DEPT,20190838651,Davidson,Nashville,11/19/2019 3:53:00 PM,2,0,0,36.155690,-86.789750,14TH AVN,,,,0.00,,,BROADWAY,,,,0.00,Y,OTHER, ,,None,,,         ,Randall,Ward,,,no,no,no,no,no,False
102573192,METROPOLITAN NASHVILLE POLICE DEPT,20190838543,Davidson,Nashville,11/19/2019 3:07:00 PM,2,0,0,36.040530,-86.770510,OLD HICKORY BLVD,,,,169.00,Feet,East,SEVEN SPRINGS WAY PVTDR,,,,0.00,N,Not at Intersection, ,Non-Junction,None,,,         ,Cynthia,Quirouette,Cloudy,Front to Rear,no,no,no,no,no,False
102573193,METROPOLITAN NASHVILLE POLICE DEPT,20190838629,Davidson,Nashville,11/19/2019 3:56:00 PM,2,0,0,36.087360,-86.771880,FRANKLIN PKE,,,,256.00,Feet,South,S CURTISWOOD LN,,,,0.00,N,Not at Intersection, ,,None,,,         ,Citlaly,Juarez,,,no,no,no,no,no,False
102573197,METROPOLITAN NASHVILLE POLICE DEPT,20190838501,Davidson,Nashville,11/19/2019 3:10:00 PM,2,0,0,36.248240,-86.723590,DUE WEST AVW,,,,0.00,,,GIBSON DR,,,,0.00,Y,T-Intersection,N,Intersection,None,,,         ,Christopher,Littles,Clear,Angle,no,no,no,no,no,False
102573213,METROPOLITAN NASHVILLE POLICE DEPT,20190838586,Davidson,Nashville,11/19/2019 3:26:00 PM,2,0,0,36.236170,-86.816930,GREEN LN,,,,0.00,,,WHITES CREEK PKE,,,,0.00,Y,T-Intersection,N,Non-Junction,None,,,         ,Brian,Woodard,Cloudy,Front to Rear,no,no,no,no,no,False
102573226,METROPOLITAN NASHVILLE POLICE DEPT,20190838459,Davidson,Nashville,11/19/2019 2:18:00 PM,2,0,0,36.166000,-86.777770,UNION ST EXT RAMP,,,,0.00,,,,,,,0.00,,, ,Non-Junction,None,,,         ,Michael,Douglas,Cloudy,Other,no,no,no,yes,no,False