master_record_number,agency,agency_tracking_number,county,city,collision_date,vehicles_involved,number_injured,number_dead,latitude,longitude,roadway_name,roadway_suffix,roadway_number,roadway_local_id,distance_from_reference,miles-feet_indicator,direction_from_reference,intersection_road_name,intersection_road_name_suffix,intersection_road_number,intersection_local_id,mile_marker,intersection_indicator,intersect_type,interchange_related_indicator,relation_to_junction,work_zone_type,construction_maintenance_zone,construction_maintenance_zone_location,fatal_case_number,officer_first_name,officer_last_name,weather_condition(s),manner_of_crash,pedestrian,bicycle,scooter,parking,hitrun,mou
102574303,METROPOLITAN NASHVILLE POLICE DEPT,20190841700,Davidson,Nashville,11/20/2019 6:35:00 PM,2,1,0,36.171280,-86.752600,SHELBY AV,,,,82.00,Feet,West,S 10TH ST,,,,0.00,N,Not at Intersection,N,Non-Junction,None,,,         ,Cody,Jaworski,Clear,Angle,no,no,no,no,no,False
102574304,METROPOLITAN NASHVILLE POLICE DEPT,20190841437,Davidson,Nashville,11/20/2019 3:30:00 PM,2,0,0,36.236580,-86.758080,DICKERSON PKE,,,,11.00,Feet,North,I65 N ENT RAMP,,,,0.00,N,Not at Intersection,N,Non-Junction,None,,,         ,Alexander,Hartle,Clear,"Sideswipe, Opposite Direction",no,no,no,no,yes,False
102574309,METROPOLITAN NASHVILLE POLICE DEPT,20190841637,Davidson,Nashville,11/20/2019 6:03:00 PM,3,2,0,36.151520,-86.857780,RAMP,,,,0.00,,,I 40,,,,0.00,Y,Four-Way,N,Intersection-Related,None,,,         ,Sekou,Samassi,Clear,Angle,no,no,no,no,no,False
102574310,METROPOLITAN NASHVILLE POLICE DEPT,20190841725,Davidson,Nashville,11/20/2019 6:51:00 PM,1,0,0,36.126410,-86.729180,I440 W ENT RAMP,,,,0.00,Feet,East,I 24,,,,0.00,N,Not at Intersection,N,Non-Junction,Work Zone,Laneclosure,Activity Area,         ,Patrick,Martin,Clear,Not Collision with Motor Vehicle in Transport,no,no,no,no,no,False
102574312,METROPOLITAN NASHVILLE POLICE DEPT,20190841676,Davidson,Not in City Limit,11/20/2019 6:13:00 PM,2,0,0,36.275230,-86.735380,I 65,,,,0.00,,,,,,,93.00,N,Not at Intersection, ,Non-Junction,None,,,         ,Christopher,Littles,Clear,Front to Rear,no,no,no,no,no,False
102574313,METROPOLITAN NASHVILLE POLICE DEPT,20190841807,Davidson,Not in City Limit,11/20/2019 7:14:00 PM,1,0,0,36.264110,-86.724530,OLD HICKORY BLVDW,,,,103.00,Feet,West,HERITAGE DR,,,,0.00,N,Not at Intersection, ,Non-Junction,None,,,         ,Christopher,Littles,Clear,Not Collision with Motor Vehicle in Transport,no,no,no,no,no,False
102574314,METROPOLITAN NASHVILLE POLICE DEPT,20190841598,Davidson,Nashville,11/20/2019 5:43:00 PM,2,1,0,36.086470,-86.762000,SIDCO DR,,,,574.00,Feet,North,ELYSIAN FIELDS RD,,,,0.00,N,Not at Intersection,N,Non-Junction,None,,,         ,Randy,Puckett,Clear,Angle,no,no,no,no,no,False
102574315,METROPOLITAN NASHVILLE POLICE DEPT,20190841744,Davidson,Nashville,11/20/2019 7:08:00 PM,2,0,0,36.147460,-86.744290,I 40,,,,0.00,,,,,,,212.00,N,Not at Intersection,N,Non-Junction,None,,,         ,Gabriel,Vasquez,Clear,"Sideswipe, Same Direction",no,no,no,no,yes,False
102574317,METROPOLITAN NASHVILLE POLICE DEPT,20190841592,Davidson,Nashville,11/20/2019 5:37:00 PM,2,2,0,36.081260,-86.752970,HARDING PL,,,,414.00,Feet,West,WAUFORD DR,,,,0.00,N,Not at Intersection,N,Non-Junction,None,,,         ,William,King,Clear,HeadOn,no,no,no,no,no,False
102574322,METROPOLITAN NASHVILLE POLICE DEPT,20190841675,Davidson,Nashville,11/20/2019 6:26:00 PM,2,0,0,36.171730,-86.799460,I 40,,,,0.00,,,,,,,207.85,N,Not at Intersection, ,Non-Junction,None,,,         ,Katelin,Ehrhardt,Clear,"Sideswipe, Same Direction",no,no,no,no,no,False
102574325,METROPOLITAN NASHVILLE POLICE DEPT,20190841664,Davidson,Nashville,11/20/2019 5:44:00 PM,2,0,0,36.052200,-86.743090,HUNTINGTON PKWY,,,,0.00,,,EDMONDSON PKE,,,,0.00,Y,T-Intersection, ,,None,,,         ,Cynthia,Quirouette,,,no,no,no,no,no,False
102574327,METROPOLITAN NASHVILLE POLICE DEPT,20190841470,Davidson,Not in City Limit,11/20/2019 1:40:00 PM,1,0,0,36.295310,-86.803660,INGRAM RD,,,,1748.00,Feet,West,LICKTON PKE,,,,0.00,N,Not at Intersection, ,Non-Junction,None,,,         ,Derek,Sibley,Clear,Not Collision with Motor Vehicle in Transport,no,no,no,no,no,False
102574345,METROPOLITAN NASHVILLE POLICE DEPT,20190841755,Davidson,Nashville,11/20/2019 7:11:00 PM,2,1,0,36.144200,-86.666660,STATE HWY 255,,,,375.00,Feet,South,SHACKLETT DR,,,,0.00,N,Not at Intersection,N,Non-Junction,None,,,         ,Tony,Mingsing,Clear,Angle,no,no,no,no,yes,False
102574346,METROPOLITAN NASHVILLE POLICE DEPT,20190841760,Davidson,Nashville,11/20/2019 7:03:00 PM,1,0,0,36.164530,-86.680700,MCGAVOCK PKE,,,,327.00,Feet,North,RIDGEWAY DR,,,,0.00,N,Not at Intersection,N,Non-Junction,None,,,         ,Kyle,Berkheiser,Clear,Not Collision with Motor Vehicle in Transport,no,no,no,no,yes,False
102574351,METROPOLITAN NASHVILLE POLICE DEPT,20190841599,Davidson,Nashville,11/20/2019 5:30:00 PM,2,0,0,36.116540,-86.810140,MATTHEW LN,,,,112.00,Feet,East,HILLSBORO PKE,,,,0.00,N,Not at Intersection,N,Non-Junction,None,,,         ,Melissa,Lomax,Clear,"Sideswipe, Opposite Direction",no,no,no,no,no,False
102574358,METROPOLITAN NASHVILLE POLICE DEPT,20190841580,Davidson,Nashville,11/20/2019 5:00:00 PM,2,0,0,36.042250,-86.836490,STATE HWY 254,,,,270.00,Feet,East,DERBY GLEN LN,,,,0.00,N,Not at Intersection, ,Non-Junction,None,,,         ,Jarrett,Ipox,Clear,Front to Rear,no,no,no,no,no,False
102574361,METROPOLITAN NASHVILLE POLICE DEPT,20190841417,Davidson,Nashville,11/20/2019 4:00:00 PM,2,1,0,36.123840,-86.826560,WOODLAWN DR,,,,0.00,Feet,,BOWLING AV,,,,0.00,Y,Four-Way,N,Intersection,None,,,         ,Joseph,Jakes,Clear,Front to Rear,no,no,no,no,yes,False
102574389,METROPOLITAN NASHVILLE POLICE DEPT,20190841916,Davidson,Nashville,11/20/2019 5:37:00 PM,2,0,0,36.169610,-86.806680,DR D B TODD JR BLVD,,,,54.00,Feet,North,JEFFERSON ST,,,,0.00,N,Not at Intersection, ,Non-Junction,None,,,         ,Melvin,Taylor,Clear,Front to Rear,no,no,no,no,no,False
102574418,METROPOLITAN NASHVILLE POLICE DEPT,20190841926,Davidson,Nashville,11/20/2019 8:46:00 PM,1,0,0,36.231900,-86.758850,DICKERSON PKE,,,,228.00,Feet,North,OAK VALLEY DR,,,,0.00,N,Not at Intersection, ,Non-Junction,None,,,         ,Randall,Smith,Clear,Not Collision with Motor Vehicle in Transport,no,no,no,yes,no,False
102574419,METROPOLITAN NASHVILLE POLICE DEPT,20190841540,Davidson,Nashville,11/20/2019 5:11:00 PM,2,0,0,36.062272,-86.904617,HWY 100,,,,0.00,,,OLD HICKORY BLVD,,,,0.00,Y,Four-Way,N,Intersection,None,,,         ,Jeremy,Huffine,Clear,Angle,no,no,no,no,no,False
102574420,METROPOLITAN NASHVILLE POLICE DEPT,20190841899,Davidson,Nashville,11/20/2019 7:48:00 PM,2,0,0,36.049460,-86.651180,BELL RD,,,,173.00,Feet,East,HICKORY HOLLOW MALL PVTDR PL,,,,0.00,N,Not at Intersection, ,Non-Junction,None,,,         ,Patrick,Martin,Clear,Front to Rear,no,no,no,no,no,False
102574465,METROPOLITAN NASHVILLE POLICE DEPT,20190842011,Davidson,Nashville,11/20/2019 6:30:00 PM,2,0,0,36.186060,-86.751780,SEYMOUR AV,,,,279.00,Feet,East,LAURENT ST,,,,0.00,N,Not at Intersection,N,Non-Junction,None,,,         ,Jonathan,Handley,Clear,Unknown,no,no,no,no,yes,False
102574467,METROPOLITAN NASHVILLE POLICE DEPT,20190841991,Davidson,Nashville,11/20/2019 9:19:00 PM,2,0,0,36.067070,-86.690670,APACHE TRL,,,,131.00,Feet,West,HICKORY LAKE APTS PVTDR,,,,0.00,N,Not at Intersection,N,Non-Junction,None,,,         ,Robert,Erickson,Clear,"Sideswipe, Opposite Direction",no,no,no,no,yes,False
102574477,METROPOLITAN NASHVILLE POLICE DEPT,20190841708,Davidson,Nashville,11/20/2019 6:40:00 PM,3,4,0,36.037470,-86.790980,OLD HICKORY BLVD,,,,0.00,,,S HILLVIEW DR,,,,0.00,Y,Four-Way,N,Intersection-Related,None,,,         ,John,Roberson,Clear,Front to Rear,no,no,no,no,no,False
102574484,METROPOLITAN NASHVILLE POLICE DEPT,20190842009,Davidson,Nashville,11/20/2019 9:34:00 PM,2,3,0,36.109450,-86.728050,BRILEY PKWYN,,,,0.00,,,EAST THOMPSON LN,,,,0.00,Y,Four-Way,N,Intersection,None,,,         ,Je-Marc,Sears,Clear,Angle,no,no,no,no,no,False
102574503,METROPOLITAN NASHVILLE POLICE DEPT,20190842059,Davidson,Nashville,11/20/2019 10:06:00 PM,2,1,0,36.155820,-86.780100,US HWY 31,,,,0.00,,,CLARK PL,,,,0.00,Y,T-Intersection,N,Intersection,None,,,         ,Phillip,Burke,Clear,Angle,no,no,no,no,yes,False
102574505,METROPOLITAN NASHVILLE POLICE DEPT,20190842084,Davidson,Nashville,11/20/2019 10:30:00 PM,3,2,0,36.193060,-86.748670,DOUGLAS AV,,,,0.00,,,EMMETT AV,,,,0.00,Y,T-Intersection,N,Intersection,None,,,         ,Landon,Bagwell,Cloudy,Front to Rear,no,no,no,no,no,False
102574517,METROPOLITAN NASHVILLE POLICE DEPT,20190841833,Davidson,Nashville,11/20/2019 7:50:00 PM,2,1,0,36.089660,-86.623060,SMITH SPRINGS RD,,,,271.00,Feet,West,RURAL HILL RD,,,,0.00,N,Not at Intersection,N,Non-Junction,None,,,         ,Andrew,Anoskey,Clear,Angle,no,no,no,no,no,False
102574518,METROPOLITAN NASHVILLE POLICE DEPT,20190841777,Davidson,Nashville,11/20/2019 6:45:00 PM,2,0,0,36.153670,-86.788010,I 40,,,,0.00,,,,,,,209.30,N,Not at Intersection, ,Non-Junction,None,,,         ,Andrew,Anoskey,Clear,Front to Rear,no,no,no,no,yes,False
102574522,METROPOLITAN NASHVILLE POLICE DEPT,20190842216,Davidson,Nashville,11/20/2019 12:00:00 AM,1,0,0,36.145740,-86.764720,CHESTNUT ST,,,,0.00,Feet,,2ND AVS,,,,0.00,Y,Four-Way,N,Intersection,None,,,         ,Daryn,Yentes,Clear,Not Collision with Motor Vehicle in Transport,no,no,no,no,yes,False
102574526,THP District 3 - Nashville,319075404,Davidson,Not in City Limit,11/19/2019 10:38:00 PM,1,1,0,36.315790,-86.833750,I 24,,,,0.00,,,,,,,37.15,N,Not at Intersection,N,Non-Junction,None,,,         ,Justin,Johnson,Clear,Not Collision with Motor Vehicle in Transport,no,no,no,no,no,False
102574535,METROPOLITAN NASHVILLE POLICE DEPT,20190842270,Davidson,Nashville,11/21/2019 12:50:00 AM,2,0,0,36.248050,-86.776370,MOONLIGHT DR,,,,136.00,Feet,South,STANDING STONE DR,,,,0.00,N,Not at Intersection,N,OtherLocation,None,,,         ,Coleman,McKellar,Clear,Front to Rear,no,no,no,yes,yes,False
102574560,METROPOLITAN NASHVILLE POLICE DEPT,20190842490,Davidson,Nashville,11/21/2019 3:17:00 AM,1,0,0,36.239390,-86.786300,I 24,,,,0.00,,,I 24,,,,0.00,,,Y,Non-Junction,None,,,         ,Jonathan,Watch,Clear,Not Collision with Motor Vehicle in Transport,no,no,no,no,no,False
102574570,METROPOLITAN NASHVILLE POLICE DEPT,20190842108,Davidson,Not in City Limit,11/21/2019 12:00:00 AM,2,0,0,36.071120,-86.947080,TODD PREIS DR,,,,0.00,Feet,,SAWYER BROWN RD,,,,0.00,Y,Roundabout, ,Intersection-Related,None,,,         ,John,Braun,Clear,Angle,no,no,no,no,no,False
102574657,METROPOLITAN NASHVILLE POLICE DEPT,20190841152,Davidson,Nashville,11/20/2019 1:45:00 PM,2,0,0,36.173300,-86.791270,JEFFERSON ST,,,,0.00,,,ROSA L PARKS BLVD,,,,0.00,Y,Four-Way,N,Non-Junction,None,,,         ,Wesley,Young,Clear,Front to Rear,no,no,no,no,yes,False
102574658,METROPOLITAN NASHVILLE POLICE DEPT,20190841100,Davidson,Nashville,11/20/2019 1:31:00 PM,2,1,0,36.211480,-86.921030,OLD HICKORY BLVD,,,,0.00,,,ASHLAND CITY HWY,,,,0.00,Y,Four-Way,N,Intersection-Related,None,,,         ,Fabjan,Llukaj,Clear,Front to Rear,no,no,no,no,no,False
102574671,METROPOLITAN NASHVILLE POLICE DEPT,20190842763,Davidson,Nashville,11/21/2019 6:27:00 AM,4,1,0,36.148250,-86.641550,I 40,,,,0.00,,,,,,,218.15,N,Not at Intersection, ,Non-Junction,None,,,         ,Tien,Nguyen,Clear,Front to Rear,no,no,no,no,no,False
102574688,METROPOLITAN NASHVILLE POLICE DEPT,20190842810,Davidson,Nashville,11/21/2019 7:06:00 AM,2,0,0,36.163600,-86.783200,UNION ST,,,,110.00,Feet,East,7TH AVN,,,,0.00,N,Not at Intersection, ,,None,,,         ,Kyle,Eicholtz,,,no,no,no,no,no,False
102574691,METROPOLITAN NASHVILLE POLICE DEPT,20190842806,Davidson,Nashville,11/21/2019 7:05:00 AM,2,1,0,36.088570,-86.693110,ANTIOCH PKE,,,,342.00,Feet,South,CANDY LN,,,,0.00,N,Not at Intersection,N,Non-Junction,None,,,         ,Ryan,Howard,Clear,Angle,no,no,no,no,no,False
102574694,METROPOLITAN NASHVILLE POLICE DEPT,20190842746,Davidson,Nashville,11/21/2019 6:21:00 AM,2,0,0,36.144240,-86.666700,DONELSON PKE,,,,356.00,Feet,South,SHACKLETT DR,,,,0.00,N,Not at Intersection,N,Non-Junction,None,,,         ,Michael,Dance,Clear,Angle,no,no,no,no,no,False
102574697,METROPOLITAN NASHVILLE POLICE DEPT,20190842883,Davidson,Nashville,11/21/2019 7:44:00 AM,2,0,0,36.148560,-86.665200,ELM HILL PKE,,,,330.00,Feet,East,DONELSON PKE,,,,0.00,N,Not at Intersection,N,Non-Junction,None,,,         ,Tien,Nguyen,Clear,"Sideswipe, Same Direction",no,no,no,no,no,False
102574710,METROPOLITAN NASHVILLE POLICE DEPT,2019-0842859,Davidson,Nashville,11/21/2019 8:00:00 AM,2,0,0,36.171340,-86.601680,OLD HICKORY BLVD,,,,193.00,Feet,North,I40 W EXT RAMP,,,,0.00,N,Not at Intersection, ,Non-Junction,None,,,         ,Calvin,Graham,Cloudy,Front to Rear,no,no,no,no,no,False
102574713,METROPOLITAN NASHVILLE POLICE DEPT,20190842827,Davidson,Nashville,11/21/2019 7:02:00 AM,2,0,0,36.166930,-86.611430,I 40,,,,0.00,,,,,,,220.25,N,Not at Intersection, ,Non-Junction,None,,,         ,Michael,Dance,Clear,"Sideswipe, Same Direction",no,no,no,no,no,False
102574720,METROPOLITAN NASHVILLE POLICE DEPT,20190842958,Davidson,Nashville,11/21/2019 8:00:00 AM,2,0,0,36.155790,-86.827310,I 40,,,,0.00,,,,,,,205.65,N,Not at Intersection, ,,None,,,         ,Curtis,Rich,,,no,no,no,no,no,False
102574722,METROPOLITAN NASHVILLE POLICE DEPT,20190842987,Davidson,Nashville,11/21/2019 8:32:00 AM,1,1,0,36.171650,-86.588330,CENTRAL PKE,,,,992.00,Feet,East,S NEW HOPE RD,,,,0.00,N,Not at Intersection,N,Non-Junction,None,,,         ,Michael,Dance,Cloudy,Not Collision with Motor Vehicle in Transport,no,no,no,no,no,False
102574730,METROPOLITAN NASHVILLE POLICE DEPT,2019 0842997,Davidson,Nashville,11/21/2019 8:20:00 AM,2,0,0,36.091390,-86.829680,HARDING PL,,,,106.00,Feet,East,CLAYBORNE CT,,,,0.00,N,Not at Intersection, ,,None,,,         ,Paul,Junkmann,,,no,no,no,no,no,False
102574733,METROPOLITAN NASHVILLE POLICE DEPT,20190842978,Davidson,Nashville,11/21/2019 8:29:00 AM,2,0,0,36.112210,-86.787100,LEALAND LN,,,,0.00,,,NOELTON AV,,,,0.00,Y,Four-Way,Y,Intersection,None,,,         ,Ian,Hammond,Clear,Angle,no,no,no,no,no,False
102574745,METROPOLITAN NASHVILLE POLICE DEPT,20190842889,Davidson,Nashville,11/21/2019 7:47:00 AM,3,0,0,36.143040,-86.684570,I 40,,,,0.00,,,,,,,215.60,N,Not at Intersection, ,Non-Junction,None,,,         ,Terry,Denton,Clear,Front to Rear,no,no,no,no,no,False
102574752,METROPOLITAN NASHVILLE POLICE DEPT,20190842996,Davidson,Nashville,11/21/2019 8:35:00 AM,2,0,0,36.185880,-86.676170,FERNBROOK LN,,,,0.00,,,MCGAVOCK PKE,,,,0.00,Y,T-Intersection, ,OtherLocation,None,,,         ,Ralph,Harvey,Cloudy,Angle,no,no,no,no,no,False
102574754,METROPOLITAN NASHVILLE POLICE DEPT,20190843051,Davidson,Nashville,11/21/2019 9:08:00 AM,2,2,0,36.142120,-86.775780,CHESTNUT ST,,,,0.00,,,FORT NEGLEY BLVD,,,,0.00,Y,T-Intersection,N,Intersection,None,,,         ,Brent,Bauer,Cloudy,Angle,no,no,no,no,no,False
102574756,METROPOLITAN NASHVILLE POLICE DEPT,20190843103,Davidson,Nashville,11/21/2019 9:34:00 AM,2,0,0,36.146040,-86.741790,I 40,,,,0.00,,,,,,,212.15,N,Not at Intersection, ,Non-Junction,None,,,         ,Michael,Dance,Cloudy,Front to Rear,no,no,no,no,no,False
102574757,METROPOLITAN NASHVILLE POLICE DEPT,20190843116,Davidson,Not in City Limit,11/21/2019 9:30:00 AM,1,2,0,36.077060,-86.984550,I 40,,,,0.00,,,,,,,194.55,N,Not at Intersection,N,Non-Junction,None,,,         ,Curtis,Rich,Clear,Not Collision with Motor Vehicle in Transport,no,no,no,no,no,False
102574760,METROPOLITAN NASHVILLE POLICE DEPT,20190842777,Davidson,Nashville,11/21/2019 6:55:00 AM,2,0,0,36.195950,-86.752590,ELLINGTON PKWYS,,,,240.00,Feet,North,ELLINGTON PKWY S EXT RAMP,,,,0.00,N,Not at Intersection, ,Non-Junction,None,,,         ,Russell,Freeman,Cloudy,Angle,no,no,no,no,no,False
102574768,METROPOLITAN NASHVILLE POLICE DEPT,20190842921,Davidson,Nashville,11/21/2019 8:00:00 AM,3,4,0,36.172420,-86.794810,10TH AVN,,,,0.00,,,JEFFERSON ST,,,,0.00,Y,Four-Way,N,Intersection,None,,,         ,Wesley,Young,Clear,Front to Rear,no,no,no,no,no,False
102574783,METROPOLITAN NASHVILLE POLICE DEPT,20190842943,Davidson,Nashville,11/21/2019 8:10:00 AM,2,0,0,36.167010,-86.763730,SHELBY AV,,,,0.00,,,S 4TH ST,,,,0.00,Y,Four-Way, ,Intersection-Related,None,,,         ,Russell,Freeman,Cloudy,Front to Rear,no,no,no,no,no,False
102574791,METROPOLITAN NASHVILLE POLICE DEPT,20190843079,Davidson,Nashville,11/21/2019 8:10:00 AM,2,0,0,36.118240,-86.748910,NOLENSVILLE PKE,,,,188.00,Feet,North,LUTIE ST,,,,0.00,N,Not at Intersection,N,Non-Junction,None,,,         ,James,Thomas,Cloudy,"Sideswipe, Same Direction",no,no,no,no,yes,False
102574792,METROPOLITAN NASHVILLE POLICE DEPT,20190842855,Davidson,Nashville,11/21/2019 8:10:00 AM,2,2,0,36.117120,-86.698660,MURFREESBORO PKE,,,,200.00,Feet,East,BRILEY PKWY N ENT RAMP,,,,0.00,N,Not at Intersection, ,Non-Junction,None,,,         ,Terry,Denton,Clear,Front to Rear,no,no,no,no,no,False
102574825,METROPOLITAN NASHVILLE POLICE DEPT,20190843111,Davidson,Nashville,11/21/2019 9:30:00 AM,2,1,0,36.071870,-86.636180,MURFREESBORO PKE,,,,0.00,,,BELL RD,,,,0.00,Y,Four-Way,Y,Non-Junction,None,,,         ,Honorio,Canchola,Clear,Front to Rear,no,no,no,no,no,False
102574826,METROPOLITAN NASHVILLE POLICE DEPT,20190843164,Davidson,Nashville,11/21/2019 9:58:00 AM,2,0,0,36.148310,-86.764630,1ST AVS,,,,264.00,Feet,North,MILDRED SHUTE AV,,,,0.00,N,Not at Intersection,N,Non-Junction,None,,,         ,Garrett,Latham,Clear,"Sideswipe, Same Direction",no,no,no,no,no,False
102574839,METROPOLITAN NASHVILLE POLICE DEPT,2019-0843156,Davidson,Nashville,11/21/2019 8:45:00 AM,3,0,0,36.145450,-86.811540,WEST END AV,,,,30.00,Feet,West,27TH AVN,,,,0.00,N,Not at Intersection, ,Non-Junction,None,,,         ,Po,Cheng,Clear,Angle,no,no,no,no,yes,Campus
102574844,METROPOLITAN NASHVILLE POLICE DEPT,20190842998,Davidson,Nashville,11/21/2019 8:24:00 AM,2,1,0,36.202500,-86.820480,BUENA VISTA PKE,,,,0.00,,,W TRINITY LN,,,,0.00,Y,T-Intersection,N,Intersection,None,,,         ,James,Wray,Clear,Angle,no,no,no,no,no,False
102574854,METROPOLITAN NASHVILLE POLICE DEPT,20190843165,Davidson,Nashville,11/21/2019 9:50:00 AM,2,0,0,36.150150,-86.857950,WHITE BRIDGE PKE,,,,0.00,,,CHARLOTTE PKE,,,,0.00,Y,Four-Way,N,Intersection,None,,,         ,Jackson,Sanders,Cloudy,Angle,no,no,no,no,no,False
102574858,METROPOLITAN NASHVILLE POLICE DEPT,20190843291,Davidson,Nashville,11/21/2019 11:00:00 AM,2,1,0,36.225150,-86.837560,CLARKSVILLE PKE,,,,1276.00,Feet,North,FAIRMEADE DR,,,,0.00,N,Not at Intersection,N,Non-Junction,None,,,         ,Wesley,Young,Clear,"Sideswipe, Opposite Direction",no,no,no,no,no,False
102574861,METROPOLITAN NASHVILLE POLICE DEPT,20190843159,Davidson,Antioch,11/21/2019 9:50:00 AM,2,1,0,36.016340,-86.620000,OLD HICKORY BLVD,,,,187.00,Feet,South,FIRESTONE PKWY,,,,0.00,N,Not at Intersection,N,Non-Junction,None,,,         ,Amy,Hirschmann,Clear,"Sideswipe, Opposite Direction",no,no,no,no,no,False
102574891,METROPOLITAN NASHVILLE POLICE DEPT,20190842750,Davidson,Not in City Limit,11/21/2019 6:42:00 AM,3,1,0,36.326190,-86.884490,I 24,,,,0.00,,,,,,,34.10,N,Not at Intersection,N,Non-Junction,None,,,         ,Royce,McLester,Cloudy,"Sideswipe, Same Direction",no,no,no,no,no,False
102574904,METROPOLITAN NASHVILLE POLICE DEPT,20190843375,Davidson,Nashville,11/21/2019 11:50:00 AM,2,0,0,36.159780,-86.850330,52ND AVN,,,,0.00,,,KENTUCKY AV,,,,0.00,Y,Four-Way, ,Intersection,None,,,         ,Curtis,Rich,Cloudy,Angle,no,no,no,no,yes,False
102574905,METROPOLITAN NASHVILLE POLICE DEPT,20190843364,Davidson,Nashville,11/21/2019 12:00:00 AM,2,0,0,36.159410,-86.780910,BROADWAY,,,,0.00,,,7TH AVN,,,,0.00,Y,Four-Way, ,Intersection,None,,,         ,James,Thornton,Cloudy,"Sideswipe, Same Direction",no,no,no,no,no,False
102574910,METROPOLITAN NASHVILLE POLICE DEPT,20190843334,Davidson,Nashville,11/21/2019 10:01:00 AM,2,0,0,36.168080,-86.765670,I24 W ENT RAMP,,,,0.00,,,I 24,,,,0.00,Y,Y-Intersection, ,Entrance/Exit Ramp Related,None,,,         ,Doyle,Price,Cloudy,"Sideswipe, Same Direction",no,no,no,no,no,False
102574914,METROPOLITAN NASHVILLE POLICE DEPT,20190842753,Davidson,Nashville,11/21/2019 6:35:00 AM,2,0,0,36.241240,-86.756520,STATE HWY 155,,,,245.00,Feet,East,EXIT 90B,,,,0.00,N,Not at Intersection,N,Non-Junction,None,,,         ,Jacob,Robbins,Clear,Front to Rear,no,no,no,no,no,False
102574918,METROPOLITAN NASHVILLE POLICE DEPT,2019838110,Davidson,Nashville,11/19/2019 12:03:00 PM,2,0,0,36.158410,-86.790610,GEORGE L DAVIS BLVD,,,,0.00,,,CHURCH ST,,,,0.00,Y,Four-Way, ,Intersection,None,,,         ,Cory,West,Clear,"Sideswipe, Same Direction",no,no,no,no,no,False
102574919,METROPOLITAN NASHVILLE POLICE DEPT,20190843257,Davidson,Nashville,11/21/2019 10:45:00 AM,2,0,0,36.168860,-86.783840,5TH AVN,,,,0.00,,,JAMES ROBERTSON PKWY,,,,0.00,Y,Four-Way, ,Intersection,None,,,         ,Wesley,Henderson,Cloudy,"Sideswipe, Same Direction",no,no,no,no,no,False
102574921,METROPOLITAN NASHVILLE POLICE DEPT,20190843418,Davidson,Nashville,11/21/2019 10:30:00 AM,2,0,0,36.054340,-86.658390,MT VIEW RD,,,,0.00,,,HICKORY HOLLOW MALL PVTDR PL,,,,0.00,Y,T-Intersection,N,Intersection,None,,,         ,Amy,Hirschmann,Clear,"Sideswipe, Same Direction",no,no,no,no,yes,False
102574926,METROPOLITAN NASHVILLE POLICE DEPT,20190843497,Davidson,Not in City Limit,11/21/2019 12:29:00 PM,1,0,0,36.075240,-86.979450,I 40,,,,0.00,,,,,,,194.85,N,Not at Intersection, ,,None,,,         ,Curtis,Rich,,,no,no,no,no,no,False
102574931,VANDERBILT UNIVERSITY POLICE,190843416,Davidson,Nashville,11/21/2019 12:05:00 PM,2,0,0,36.141830,-86.800820,MEDICAL CENTER DR,,,,0.00,,,,,,,0.00,,Not at Intersection, ,Non-Junction,None,,,         ,Cynthia,Strange,Cloudy,Front to Rear,no,no,no,yes,no,Campus
102574952,METROPOLITAN NASHVILLE POLICE DEPT,20190843398,Davidson,Nashville,11/21/2019 12:01:00 PM,2,0,0,36.158410,-86.790610,GEORGE L DAVIS BLVD,,,,0.00,,,CHURCH ST,,,,0.00,Y,Four-Way, ,Intersection,None,,,         ,Michael,Schlegel,Cloudy,"Sideswipe, Same Direction",no,no,no,no,no,False
102574957,METROPOLITAN NASHVILLE POLICE DEPT,20190843388,Davidson,Nashville,11/21/2019 11:55:00 AM,2,0,0,36.165640,-86.778640,3RD AVN,,,,0.00,,,UNION ST,,,,0.00,Y,Four-Way, ,,None,,,         ,William,Cleveland,,,no,no,no,no,no,False
102574977,METROPOLITAN NASHVILLE POLICE DEPT,20190843475,Davidson,Nashville,11/21/2019 12:43:00 PM,2,0,0,36.110940,-86.745220,THOMPSON LN,,,,0.00,,,NOLENSVILLE PKE,,,,0.00,Y,Four-Way, ,Intersection-Related,None,,,         ,Garrett,Latham,Cloudy,Front to Rear,no,no,no,no,no,False
102574988,METROPOLITAN NASHVILLE POLICE DEPT,20190843437,Davidson,Nashville,11/21/2019 12:23:00 PM,2,0,0,36.131300,-86.801510,21ST AVS,,,,0.00,,,BERNARD AV,,,,0.00,Y,T-Intersection, ,Intersection,None,,,         ,Nathan,Kemp,Clear,Angle,no,no,no,no,no,False
102574989,METROPOLITAN NASHVILLE POLICE DEPT,20190843462,Davidson,Nashville,11/21/2019 12:34:00 PM,2,1,0,36.148620,-86.781550,I 40,,,,0.00,,,,,,,209.75,N,Not at Intersection, ,Non-Junction,None,,,         ,Nathan,Kemp,Clear,Front to Rear,no,no,no,no,no,False