master_record_number,agency,agency_tracking_number,county,city,collision_date,vehicles_involved,number_injured,number_dead,latitude,longitude,roadway_name,roadway_suffix,roadway_number,roadway_local_id,distance_from_reference,miles-feet_indicator,direction_from_reference,intersection_road_name,intersection_road_name_suffix,intersection_road_number,intersection_local_id,mile_marker,intersection_indicator,intersect_type,interchange_related_indicator,relation_to_junction,work_zone_type,construction_maintenance_zone,construction_maintenance_zone_location,fatal_case_number,officer_first_name,officer_last_name,weather_condition(s),manner_of_crash,pedestrian,bicycle,scooter,parking,hitrun,mou
102575644,METROPOLITAN NASHVILLE POLICE DEPT,20190844897,Davidson,Nashville,11/22/2019 12:55:00 AM,2,0,0,36.168570,-86.813360,I40 E EXT RAMP,,,,0.00,,,I 40,,,,0.00,Y,OTHER,N,Entrance/Exit Ramp Related,None,,,         ,Ian,Ward,Rain,Front to Rear,no,no,no,no,yes,False
102575661,METROPOLITAN NASHVILLE POLICE DEPT,20190845096,Davidson,Not in City Limit,11/22/2019 2:53:00 AM,1,0,0,36.318640,-86.837320,I 24,,,,0.00,,,,,,,36.85,N,Not at Intersection,N,Non-Junction,None,,,         ,John,Deiterick,Rain,Not Collision with Motor Vehicle in Transport,no,no,no,no,no,False
102575690,METROPOLITAN NASHVILLE POLICE DEPT,20190845198,Davidson,Nashville,11/22/2019 4:11:00 AM,1,0,0,36.206700,-86.808820,W TRINITY LN,,,,233.00,Feet,South,DAY ST,,,,0.00,N,Not at Intersection,N,Non-Junction,None,,,         ,Daniel,Kallman,Rain,Not Collision with Motor Vehicle in Transport,no,no,no,no,yes,False
102575691,METROPOLITAN NASHVILLE POLICE DEPT,20190845076,Davidson,Nashville,11/22/2019 2:43:00 AM,1,1,0,36.154120,-86.837890,I40 W EXT RAMP,,,,0.00,Feet,East,I 40,,,,0.00,N,Not at Intersection,Y,Entrance/Exit Ramp Related,None,,,         ,Joshua,Asbell,Rain,Not Collision with Motor Vehicle in Transport,no,no,no,no,no,False
102575698,METROPOLITAN NASHVILLE POLICE DEPT,20190845248,Davidson,Nashville,11/22/2019 4:50:00 AM,1,1,0,36.206700,-86.808820,W TRINITY LN,,,,233.00,Feet,South,DAY ST,,,,0.00,N,Not at Intersection,N,Non-Junction,None,,,         ,Daniel,Kallman,Rain,Not Collision with Motor Vehicle in Transport,no,no,no,no,no,False
102575700,METROPOLITAN NASHVILLE POLICE DEPT,20190845275,Davidson,Nashville,11/22/2019 5:22:00 AM,1,0,0,36.150110,-86.748380,I 40,,,,0.00,,,,,,,211.70,N,Not at Intersection,N,Non-Junction,None,,,         ,Joseph,Patricio,Rain,Not Collision with Motor Vehicle in Transport,no,no,no,no,no,False
102575701,METROPOLITAN NASHVILLE POLICE DEPT,20190845246,Davidson,Nashville,11/22/2019 4:43:00 AM,2,0,0,36.141510,-86.734090,I 40,,,,0.00,,,,,,,212.90,N,Not at Intersection,N,Non-Junction,None,,,         ,Douglas,Meringer,Rain,"Sideswipe, Same Direction",no,no,no,no,yes,False
102575706,METROPOLITAN NASHVILLE POLICE DEPT,20190845191,Davidson,Nashville,11/22/2019 3:55:00 AM,2,0,0,36.245400,-86.769430,CHESAPEAKE DR,,,,158.00,Feet,West,BRICKMONT DR,,,,0.00,N,Not at Intersection,N,Non-Junction,None,,,         ,Coleman,McKellar,Rain,"Sideswipe, Opposite Direction",no,no,no,no,no,False
102575708,METROPOLITAN NASHVILLE POLICE DEPT,20190845297,Davidson,Nashville,11/22/2019 5:38:00 AM,1,0,0,36.140860,-86.732620,I 40,,,,0.00,,,,,,,213.00,N,Not at Intersection,N,Non-Junction,None,,,         ,Douglas,Meringer,Rain,Not Collision with Motor Vehicle in Transport,no,no,no,no,no,False
102575709,METROPOLITAN NASHVILLE POLICE DEPT,20190845308,Davidson,Nashville,11/22/2019 5:50:00 AM,1,0,0,36.158040,-86.822440,I 40,,,,0.00,,,,,,,206.00,N,Not at Intersection,N,Non-Junction,None,,,         ,Joshua,Green,Rain,Not Collision with Motor Vehicle in Transport,no,no,no,no,no,False
102575718,METROPOLITAN NASHVILLE POLICE DEPT,20190845324,Davidson,Nashville,11/22/2019 6:00:00 AM,2,0,0,36.121620,-86.806490,I440 E ENT RAMP,,,,0.00,Feet,East,I 440,,,,0.00,N,Not at Intersection, ,Entrance/Exit Ramp Related,Construction Zone,,,         ,Garrett,Reingardt,Rain,Angle,no,no,no,no,no,False
102575728,GOODLETTSVILLE POLICE DEPT,19-43596,Davidson,Goodlettsville,11/22/2019 6:20:00 AM,1,1,0,36.333240,-86.709830,I 65,,,,0.00,,,,,,,97.65,N,Not at Intersection,N,Non-Junction,None,,,         ,George,Forbes,Rain,Not Collision with Motor Vehicle in Transport,no,no,no,no,no,False
102575731,METROPOLITAN NASHVILLE POLICE DEPT,20190845321,Davidson,Nashville,11/22/2019 6:10:00 AM,2,1,0,36.078980,-86.695860,I 24,,,,0.00,,,,,,,56.30,N,Not at Intersection,N,Non-Junction,None,,,         ,Byron,Dewalt,Rain,Front to Rear,no,no,no,no,no,False
102575737,METROPOLITAN NASHVILLE POLICE DEPT,20190845346,Davidson,Nashville,11/22/2019 6:28:00 AM,2,2,0,36.193650,-86.831200,US HWY 41 ALT,,,,0.00,Feet,,BUENA VISTA PIKE,,,,0.00,Y,Four-Way,Y,Intersection-Related,None,,,         ,Timothy,Ward,Rain,Angle,no,no,no,no,no,False
102575741,METROPOLITAN NASHVILLE POLICE DEPT,20190845337,Davidson,Nashville,11/22/2019 6:21:00 AM,2,0,0,36.045160,-86.628460,MOUNT VIEW RD,,,,48.00,Feet,South,ASHEFORD TRC,,,,0.00,N,Not at Intersection,N,Non-Junction,None,,,         ,Joshua,Dodge,Rain,Front to Rear,no,no,no,no,no,False
102575742,METROPOLITAN NASHVILLE POLICE DEPT,20190845382,Davidson,Nashville,11/22/2019 5:46:00 AM,2,0,0,36.130340,-86.715800,MURFREESBORO PKE,,,,443.00,Feet,East,FOOTHILL DR,,,,0.00,N,Not at Intersection, ,Non-Junction,None,,,         ,Joshua,Hausman,Rain,"Sideswipe, Same Direction",no,no,no,no,no,False
102575750,METROPOLITAN NASHVILLE POLICE DEPT,20190845357,Davidson,Nashville,11/22/2019 6:24:00 AM,2,0,0,36.027340,-86.634820,I 24,,,,0.00,,,,,,,61.25,N,Not at Intersection, ,Non-Junction,None,,,         ,Nelson,Hemingway,Rain,Front to Rear,no,no,no,no,no,False
102575755,METROPOLITAN NASHVILLE POLICE DEPT,20190845376,Davidson,Nashville,11/22/2019 7:28:00 AM,1,1,0,36.140730,-86.732280,I 40,,,,0.00,,,,,,,213.00,N,Not at Intersection, ,Non-Junction,None,,,         ,Tien,Nguyen,Rain,Not Collision with Motor Vehicle in Transport,no,no,no,no,no,False
102575757,METROPOLITAN NASHVILLE POLICE DEPT,20190845356,Davidson,Nashville,11/22/2019 6:45:00 AM,2,0,0,36.141340,-86.665670,I 40,,,,0.00,,,,,,,218.00,N,Not at Intersection, ,Non-Junction,None,,,         ,Michael,Dance,Rain,Front to Rear,no,no,no,no,no,False
102575760,METROPOLITAN NASHVILLE POLICE DEPT,20190845452,Davidson,Nashville,11/22/2019 7:15:00 AM,2,0,0,36.037910,-86.784620,STATE HWY 254,,,,100.00,Feet,East,RAMP,,,,0.00,N,Not at Intersection,N,Non-Junction,None,,,         ,Earl,Davis,Rain,Front to Rear,no,no,no,no,yes,False
102575765,METROPOLITAN NASHVILLE POLICE DEPT,20190845426,Davidson,Nashville,11/22/2019 7:15:00 AM,2,0,0,36.151660,-86.786630,I 40,,,,0.00,,,,,,,209.45,N,Not at Intersection, ,Non-Junction,None,,,         ,Ian,Hammond,Rain,"Sideswipe, Same Direction",no,no,no,no,yes,False
102575766,METROPOLITAN NASHVILLE POLICE DEPT,20190845380,Davidson,Nashville,11/22/2019 6:15:00 AM,2,0,0,36.046910,-86.661460,I 24,,,,0.00,,,,,,,59.25,N,Not at Intersection, ,,None,,,         ,Nicholas,Carter,,,no,no,no,no,no,False
102575767,METROPOLITAN NASHVILLE POLICE DEPT,20190845442,Davidson,Nashville,11/22/2019 6:00:00 AM,3,0,0,36.058260,-86.678090,I 24,,,,0.00,,,,,,,58.00,N,Not at Intersection, ,Non-Junction,None,,,         ,Steven,Williams,Rain,Front to Rear,no,no,no,no,yes,False
102575777,METROPOLITAN NASHVILLE POLICE DEPT,20190845417,Davidson,Nashville,11/22/2019 7:14:00 AM,2,0,0,36.141980,-86.677790,I 40,,,,0.00,,,,,,,216.00,N,Not at Intersection,N,Non-Junction,None,,,         ,Michael,Dance,Clear,Angle,no,no,no,no,no,False
102575780,METROPOLITAN NASHVILLE POLICE DEPT,20190845372,Davidson,Nashville,11/22/2019 6:56:00 AM,2,0,0,36.156580,-86.787480,12TH AVS,,,,0.00,,,BROADWAY,,,,0.00,Y,Four-Way,N,Intersection,None,,,         ,Michael,Suagua,Rain,HeadOn,no,no,no,no,no,False
102575782,METROPOLITAN NASHVILLE POLICE DEPT,20190845421,Davidson,Nashville,11/22/2019 7:15:00 AM,2,0,0,36.124330,-86.751820,NOLENSVILLE PKE,,,,102.00,Feet,North,I440 W EXT RAMP,,,,0.00,N,Not at Intersection,N,Non-Junction,None,,,         ,Brent,Bauer,Rain,Front to Rear,no,no,no,no,no,False
102575788,METROPOLITAN NASHVILLE POLICE DEPT,20190845315,Davidson,Nashville,11/22/2019 5:20:00 AM,2,0,0,36.079550,-86.695920,I 24,,,,0.00,,,,,,,56.25,N,Not at Intersection, ,Non-Junction,None,,,         ,Honorio,Canchola,Rain,Front to Rear,no,no,no,no,no,False
102575799,METROPOLITAN NASHVILLE POLICE DEPT,20190845497,Davidson,Nashville,11/22/2019 8:07:00 AM,2,0,0,36.141200,-86.663030,I40 W EXT RAMP,,,,0.00,,,I 40,,,,0.00,Y,OTHER,N,Non-Junction,None,,,         ,Joshua,Hausman,Rain,"Sideswipe, Same Direction",no,no,no,no,no,False
102575800,METROPOLITAN NASHVILLE POLICE DEPT,20190845404,Davidson,Nashville,11/22/2019 6:42:00 AM,2,0,0,36.198260,-86.776360,I 65,,,,0.00,,,,,,,86.75,N,Not at Intersection,N,Non-Junction,None,,,         ,James,Wray,Rain,Front to Rear,no,no,no,no,no,False
102575801,METROPOLITAN NASHVILLE POLICE DEPT,20190845391,Davidson,Nashville,11/22/2019 7:00:00 AM,1,2,0,36.163460,-86.811800,24TH AVN,,,,100.00,Feet,North,HERMOSA ST,,,,0.00,N,Not at Intersection,N,Non-Junction,None,,,         ,Jean,McCormack,Rain,Not Collision with Motor Vehicle in Transport,no,no,no,no,no,False
102575804,VANDERBILT UNIVERSITY POLICE,20190843709,Davidson,Nashville,11/21/2019 2:04:00 PM,2,0,0,36.110270,-86.766110,POWELL AV,,,,610.00,Feet,South,OLD POWELL AV,,,,0.00,,Not at Intersection, ,Non-Junction,None,,,         ,Devon,Ross,Cloudy,Rear to Rear,no,no,no,yes,no,OHO
102575805,METROPOLITAN NASHVILLE POLICE DEPT,20190845476,Davidson,Nashville,11/22/2019 7:56:00 AM,2,1,0,36.214390,-86.838080,CLARKSVILLE PKE,,,,0.00,Feet,West,CEDAR CIR,,,,0.00,N,Not at Intersection,N,Non-Junction,None,,,         ,Jerica,Gladston,Rain,Front to Rear,no,no,no,no,no,False
102575806,METROPOLITAN NASHVILLE POLICE DEPT,20190845488,Davidson,Nashville,11/22/2019 7:20:00 AM,2,0,0,36.087430,-86.692210,ANTIOCH PKE,,,,0.00,,,HARDING PL,,,,0.00,Y,Four-Way, ,,None,,,         ,Amy,Hirschmann,,,no,no,no,no,no,False
102575815,METROPOLITAN NASHVILLE POLICE DEPT,20190845471,Davidson,Nashville,11/22/2019 7:53:00 AM,2,0,0,36.121740,-86.750580,NOLENSVILLE PKE,,,,0.00,,,I440 E EXT RAMP,,,,0.00,Y,Y-Intersection, ,Entrance/Exit Ramp Related,None,,,         ,Michael,Suagua,Rain,Front to Rear,no,no,no,no,no,False
102575816,METROPOLITAN NASHVILLE POLICE DEPT,2019-0845482,Davidson,Nashville,11/22/2019 7:55:00 AM,3,0,0,36.250880,-86.742620,DUE WEST AVN,,,,100.00,Feet,North,OLD DUE WEST AV,,,,0.00,N,Not at Intersection,N,Non-Junction,None,,,         ,Travis,Baxter,Rain,"Sideswipe, Same Direction",no,no,no,no,no,False
102575817,METROPOLITAN NASHVILLE POLICE DEPT,20190845458,Davidson,Nashville,11/22/2019 7:30:00 AM,2,0,0,36.121990,-86.754570,I 440,,,,0.00,,,,,,,6.10,N,Not at Intersection,Y,Entrance/Exit Ramp Related,Construction Zone,,,         ,Brent,Bauer,Rain,"Sideswipe, Same Direction",no,no,no,no,yes,False
102575822,METROPOLITAN NASHVILLE POLICE DEPT,20190845522,Davidson,Nashville,11/22/2019 8:19:00 AM,2,0,0,36.196500,-86.752490,US HWY 31E,,,,103.00,Feet,East,JEWELL ST,,,,0.00,N,Not at Intersection, ,Non-Junction,None,,,         ,Rachel,Susee,Rain,Front to Rear,no,no,no,no,no,False
102575826,METROPOLITAN NASHVILLE POLICE DEPT,20190845379,Davidson,Nashville,11/22/2019 6:54:00 AM,2,0,0,36.140730,-86.732280,I 40,,,,0.00,,,,,,,213.00,N,Not at Intersection,N,Non-Junction,None,,,         ,Tien,Nguyen,Rain,"Sideswipe, Same Direction",no,no,no,no,yes,False
102575827,METROPOLITAN NASHVILLE POLICE DEPT,20190845573,Davidson,Nashville,11/22/2019 8:38:00 AM,2,0,0,36.169580,-86.678060,LEBANON PKE,,,,545.00,Feet,East,MCGAVOCK PKE,,,,0.00,N,Not at Intersection, ,Non-Junction,None,,,         ,Michael,Dance,Rain,Front to Rear,no,no,no,no,no,False
102575830,METROPOLITAN NASHVILLE POLICE DEPT,20190845520,Davidson,Nashville,11/22/2019 8:19:00 AM,2,1,0,36.164410,-86.615520,I 40,,,,0.00,,,,,,,220.00,N,Not at Intersection,N,Non-Junction,None,,,         ,Larry,Benz,Rain,Front to Rear,no,no,no,no,no,False
102575837,METROPOLITAN NASHVILLE POLICE DEPT,20190845344,Davidson,Nashville,11/22/2019 6:30:00 AM,1,0,0,36.158320,-86.791350,I 40,,,,0.00,,,,,,,208.95,N,Not at Intersection,N,Non-Junction,None,,,         ,Nathan,Kemp,Rain,Not Collision with Motor Vehicle in Transport,no,no,no,no,no,False
102575838,METROPOLITAN NASHVILLE POLICE DEPT,20190845413,Davidson,Nashville,11/22/2019 7:17:00 AM,2,2,0,36.158980,-86.792000,I40 E EXT RAMP,,,,0.00,,,I 40,,,,0.00,Y,Y-Intersection,N,Entrance/Exit Ramp Related,None,,,         ,Nathan,Kemp,Rain,Front to Rear,no,no,no,no,no,False
102575841,METROPOLITAN NASHVILLE POLICE DEPT,20190845600,Davidson,Not in City Limit,11/22/2019 8:44:00 AM,1,0,0,36.002550,-87.029500,OLD HARDING PKE,,,,92.00,Feet,East,BIG EAST FORK RD,,,,0.00,N,Not at Intersection, ,Non-Junction,None,,,         ,Curtis,Rich,Rain,Not Collision with Motor Vehicle in Transport,no,no,no,no,no,False
102575842,METROPOLITAN NASHVILLE POLICE DEPT,20190845548,Davidson,Nashville,11/22/2019 8:31:00 AM,2,0,0,36.110480,-86.773310,FRANKLIN PKE,,,,40.00,Feet,South,WOODMONT BLVD WB ENT RAMP,,,,0.00,N,Not at Intersection,N,Entrance/Exit Ramp Related,None,,,         ,Michael,Suagua,Rain,Angle,no,no,no,no,no,False
102575846,METROPOLITAN NASHVILLE POLICE DEPT,20190845211,Davidson,Nashville,11/22/2019 4:16:00 AM,1,1,0,36.188080,-86.793890,I 65,,,,0.00,,,,,,,85.50,N,Not at Intersection,N,Non-Junction,None,,,         ,Kelcey,Bell,Rain,Not Collision with Motor Vehicle in Transport,no,no,no,no,no,False
102575849,METROPOLITAN NASHVILLE POLICE DEPT,20190800266,Davidson,Nashville,11/3/2019 9:40:00 AM,1,0,0,36.215820,-86.788890,OLD MATTHEWS RD,,,,367.00,Feet,South,SILAS DR,,,,0.00,N,Not at Intersection, ,"Driveway, Alley Access, etc",None,,,         ,Andy,Esqueda,Clear,Not Collision with Motor Vehicle in Transport,no,no,no,yes,no,False
102575855,METROPOLITAN NASHVILLE POLICE DEPT,20190845506,Davidson,Nashville,11/22/2019 6:00:00 AM,1,0,0,36.211320,-86.925110,ASHLAND CITY HWY,,,,1185.00,Feet,West,OLD HYDES FERRY PKE,,,,0.00,N,Not at Intersection, ,Non-Junction,None,,,         ,Corey,Reed,Rain,Not Collision with Motor Vehicle in Transport,no,no,no,no,no,False
102575863,METROPOLITAN NASHVILLE POLICE DEPT,20190845605,Davidson,Nashville,11/22/2019 8:57:00 AM,3,1,0,36.140970,-86.729330,I 40,,,,0.00,,,,,,,213.15,N,Not at Intersection,N,Non-Junction,None,,,         ,Ralph,Harvey,Rain,Front to Rear,no,no,no,no,no,False
102575874,METROPOLITAN NASHVILLE POLICE DEPT,20190845636,Davidson,Nashville,11/22/2019 9:07:00 AM,2,0,0,36.086050,-86.699960,I 24,,,,0.00,,,,,,,55.75,N,Not at Intersection, ,,None,,,         ,Amy,Hirschmann,,,no,no,no,no,no,False
102575875,METROPOLITAN NASHVILLE POLICE DEPT,20190845689,Davidson,Nashville,11/22/2019 9:11:00 AM,2,1,0,36.229710,-86.759220,DICKERSON PKE,,,,123.00,Feet,North,BROADMOOR DR,,,,0.00,N,Not at Intersection, ,Non-Junction,None,,,         ,Russell,Freeman,Rain,Angle,no,no,no,no,no,False
102575876,METROPOLITAN NASHVILLE POLICE DEPT,20190845730,Davidson,Not in City Limit,11/22/2019 9:55:00 AM,1,0,0,36.105520,-86.930320,I 40,,,,0.00,,,,,,,198.70,N,Not at Intersection,N,Non-Junction,None,,,         ,Curtis,Rich,Rain,Not Collision with Motor Vehicle in Transport,no,no,no,no,no,False
102575879,METROPOLITAN NASHVILLE POLICE DEPT,2019-0845753,Davidson,Nashville,11/22/2019 10:00:00 AM,2,0,0,36.247680,-86.778020,BRICK CHURCH PKE,,,,0.00,,,VILLAGE TRL,,,,0.00,Y,T-Intersection,N,Intersection,None,,,         ,Travis,Baxter,Cloudy,"Sideswipe, Same Direction",no,no,no,no,no,False
102575892,METROPOLITAN NASHVILLE POLICE DEPT,20190845742,Davidson,Nashville,11/22/2019 10:03:00 AM,2,2,0,36.054210,-86.667350,HICKORY HOLLOW PKWY,,,,1479.00,Feet,East,MT VIEW RD,,,,0.00,N,Not at Intersection,N,Non-Junction,None,,,         ,Adam,Warren,Cloudy,HeadOn,no,no,no,no,no,False
102575895,METROPOLITAN NASHVILLE POLICE DEPT,20190845686,Davidson,Nashville,11/22/2019 9:34:00 AM,2,0,0,36.108570,-86.788320,GRAYBAR LN,,,,11.00,Feet,West,LEALAND LN,,,,0.00,N,Not at Intersection,N,Non-Junction,None,,,         ,Michael,Suagua,Rain,Angle,no,no,no,no,no,False
102575901,METROPOLITAN NASHVILLE POLICE DEPT,20190845381,Davidson,Nashville,11/22/2019 6:37:00 AM,2,0,0,36.197450,-86.776230,I 65,,,,0.00,,,,,,,86.70,N,Not at Intersection, ,,None,,,         ,Fabjan,Llukaj,,,no,no,no,no,no,False
102575902,METROPOLITAN NASHVILLE POLICE DEPT,20190845668,Davidson,Nashville,11/22/2019 9:22:00 AM,1,1,0,36.192790,-86.776410,I 65,,,,0.00,,,,,,,86.50,N,Not at Intersection,N,Non-Junction,None,,,         ,Fabjan,Llukaj,Rain,Not Collision with Motor Vehicle in Transport,no,no,no,no,no,False
102575903,METROPOLITAN NASHVILLE POLICE DEPT,20190845718,Davidson,Nashville,11/22/2019 9:51:00 AM,3,1,0,36.218160,-86.803490,WHITES CREEK PKE,,,,4.00,Feet,North,MOORMANS ARM RD,,,,0.00,N,Not at Intersection,N,Non-Junction,None,,,         ,Fabjan,Llukaj,Rain,Front to Rear,no,no,no,no,yes,False
102575905,METROPOLITAN NASHVILLE POLICE DEPT,20190845685,Davidson,Nashville,11/22/2019 9:36:00 AM,2,1,0,36.067410,-86.631250,MURFREESBORO PKE,,,,0.00,,,FOREST VIEW DR,,,,0.00,Y,Four-Way,N,Non-Junction,None,,,         ,Nelson,Hemingway,Rain,Angle,no,no,no,no,no,False
102575934,METROPOLITAN NASHVILLE POLICE DEPT,20190845619,Davidson,Nashville,11/22/2019 7:10:00 AM,2,0,0,36.086460,-86.698690,I24 W EXT RAMP,,,,0.00,,,HARDING PL,,,,0.00,Y,Four-Way, ,Intersection,None,,,         ,Theodore,Flick,Rain,Angle,no,no,no,no,no,False
102575944,METROPOLITAN NASHVILLE POLICE DEPT,20190845850,Davidson,Nashville,11/22/2019 10:58:00 AM,2,3,0,36.136000,-86.791940,WEDGEWOOD AV,,,,0.00,,,15TH AVS,,,,0.00,Y,Four-Way,N,Intersection,None,,,         ,Nathan,Kemp,Rain,Angle,no,no,no,no,no,False
102575948,METROPOLITAN NASHVILLE POLICE DEPT,20190845540,Davidson,Nashville,11/22/2019 7:40:00 AM,2,0,0,36.220130,-86.774830,I 65,,,,0.00,,,,,,,88.30,N,Not at Intersection, ,,None,,,         ,Kenneth,Oneal,,,no,no,no,no,no,False
102575950,METROPOLITAN NASHVILLE POLICE DEPT,20190845787,Davidson,Nashville,11/22/2019 10:20:00 AM,2,0,0,36.072540,-86.636820,MURFREESBORO PKE,,,,307.00,Feet,North,BELL RD,,,,0.00,N,Not at Intersection, ,Non-Junction,None,,,         ,Tien,Nguyen,Cloudy,Front to Rear,no,no,no,no,no,False
102575956,METROPOLITAN NASHVILLE POLICE DEPT,20190845762,Davidson,Nashville,11/22/2019 10:11:00 AM,1,0,0,36.180410,-86.643340,LEBANON PKE,,,,238.00,Feet,North,DANYACREST DR,,,,0.00,N,Not at Intersection,N,OtherLocation,None,,,         ,Larry,Benz,Rain,Not Collision with Motor Vehicle in Transport,no,no,no,no,no,False
102575960,METROPOLITAN NASHVILLE POLICE DEPT,20190845670,Davidson,Nashville,11/22/2019 9:23:00 AM,2,0,0,36.168590,-86.766190,I 24,,,,0.00,,,,,,,48.80,N,Not at Intersection, ,OtherLocation,None,,,         ,Frank,Campbell,Rain,"Sideswipe, Same Direction",no,no,no,no,no,False
102575961,METROPOLITAN NASHVILLE POLICE DEPT,20190845544,Davidson,Nashville,11/22/2019 8:30:00 AM,3,0,0,36.150080,-86.805510,23RD AVN,,,,0.00,Feet,,ELLISTON PL,,,,0.00,Y,Four-Way,Y,Non-Junction,None,,,         ,Zaire,Murray,Rain,Angle,no,no,no,no,no,Campus
102575963,METROPOLITAN NASHVILLE POLICE DEPT,20190845880,Davidson,Not in City Limit,11/22/2019 9:26:00 AM,1,0,0,36.287840,-86.894050,EATONS CREEK RD,,,,179.00,Feet,West,GRAYS POINT RD,,,,0.00,N,Not at Intersection,N,Non-Junction,None,,,         ,Fabjan,Llukaj,Rain,Not Collision with Motor Vehicle in Transport,no,no,no,no,no,False
102575973,Nashville Airport Police,2019-04870,Davidson,Nashville,11/19/2019 12:00:00 AM,2,4,0,36.125300,-86.665260,DONELSON PKE,,,,1400.00,Feet,South,DONELSON PKE S ENT RAMP,,,,0.00,N,Not at Intersection,N,Non-Junction,None,,,         ,Lucas,Delheimer,Clear,HeadOn,no,no,no,no,no,False
102575974,METROPOLITAN NASHVILLE POLICE DEPT,20190845923,Davidson,Nashville,11/22/2019 11:32:00 AM,2,0,0,36.183630,-86.611010,OLD HICKORY BLVD,,,,89.00,Feet,West,DODSON CHAPEL RD,,,,0.00,N,Not at Intersection, ,Non-Junction,None,,,         ,Michael,Dance,Cloudy,Front to Rear,no,no,no,no,no,False
102575986,METROPOLITAN NASHVILLE POLICE DEPT,20190845799,Davidson,Nashville,11/22/2019 9:58:00 AM,2,0,0,36.212920,-86.775670,I 65,,,,0.00,,,,,,,87.80,N,Not at Intersection, ,Non-Junction,None,,,         ,James,Wray,Rain,"Sideswipe, Same Direction",no,no,no,no,no,False
102576013,METROPOLITAN NASHVILLE POLICE DEPT,20190845873,Davidson,Nashville,11/22/2019 11:01:00 AM,2,0,0,36.184700,-86.773700,DICKERSON PKE,,,,103.00,Feet,North,HANCOCK ST,,,,0.00,N,Not at Intersection,N,Non-Junction,None,,,         ,Russell,Freeman,Cloudy,Angle,no,no,no,no,no,False
102576018,METROPOLITAN NASHVILLE POLICE DEPT,20190846046,Davidson,Nashville,11/22/2019 12:06:00 PM,2,0,0,36.092860,-86.679200,HARDING PL,,,,102.00,Feet,West,DONELSON PKE,,,,0.00,N,Not at Intersection,N,Non-Junction,None,,,         ,Adam,Warren,Cloudy,"Sideswipe, Same Direction",no,no,no,no,yes,False
102576030,METROPOLITAN NASHVILLE POLICE DEPT,20190846009,Davidson,Nashville,11/22/2019 12:11:00 PM,2,0,0,36.147050,-86.743680,I 40,,,,0.00,,,,,,,212.00,N,Not at Intersection, ,Non-Junction,None,,,         ,John,Frazier,Clear,Other,no,no,no,no,no,False
102576031,METROPOLITAN NASHVILLE POLICE DEPT,20190846054,Davidson,Not in City Limit,11/22/2019 12:19:00 PM,1,0,0,36.081270,-86.961940,HIGHWAY 70S,,,,906.00,Feet,East,ASLAN CT,,,,0.00,N,Not at Intersection,N,Non-Junction,None,,,         ,Curtis,Rich,Rain,Not Collision with Motor Vehicle in Transport,no,no,no,no,no,False
102576043,METROPOLITAN NASHVILLE POLICE DEPT,20190845612,Davidson,Nashville,11/22/2019 8:39:00 AM,2,0,0,36.129940,-86.727070,I 24,,,,0.00,,,,,,,52.20,N,Not at Intersection, ,Non-Junction,None,,,         ,Alex,Moore,Rain,Front to Rear,no,no,no,no,no,False
102576044,METROPOLITAN NASHVILLE POLICE DEPT,20190845724,Davidson,Nashville,11/22/2019 9:14:00 AM,2,0,0,36.107000,-86.728720,SOUTHLAKE DR,,,,0.00,,,NEESE DR,,,,0.00,Y,Four-Way,N,Intersection-Related,None,,,         ,Jerre,Fly,Cloudy,Front to Rear,no,no,no,no,yes,False
102576053,METROPOLITAN NASHVILLE POLICE DEPT,20190845836,Davidson,Nashville,11/22/2019 10:45:00 AM,2,1,0,36.093040,-86.680530,HARDING PL,,,,0.00,,,AIRPARK CENTER DR,,,,0.00,Y,Four-Way,N,Non-Junction,None,,,         ,Honorio,Canchola,Rain,Other,no,no,no,no,no,False
102576055,METROPOLITAN NASHVILLE POLICE DEPT,20190846096,Davidson,Nashville,11/22/2019 10:49:00 AM,2,0,0,36.067410,-86.631250,MURFREESBORO PKE,,,,0.00,,,FOREST VIEW DR,,,,0.00,Y,Four-Way,N,Non-Junction,None,,,         ,Steven,Williams,Cloudy,Angle,no,no,no,no,yes,False
102576084,METROPOLITAN NASHVILLE POLICE DEPT,2019 0845998,Davidson,Nashville,11/22/2019 12:01:00 PM,2,1,0,36.124080,-86.848910,HARDING PKE,,,,23.00,Feet,East,ROYAL OAKS CONDOS PVTDR,,,,0.00,N,Not at Intersection,N,Non-Junction,None,,,         ,Paul,Junkmann,Cloudy,Angle,no,no,no,no,no,False
102576087,METROPOLITAN NASHVILLE POLICE DEPT,20190846181,Davidson,Nashville,11/22/2019 1:31:00 PM,2,0,0,36.122730,-86.630500,WOODLAND POINTE DR,,,,0.00,Feet,,BELL RD,,,,0.00,Y,T-Intersection, ,Intersection-Related,None,,,         ,Joshua,Hausman,Cloudy,Front to Rear,no,no,no,no,no,False
102576104,METROPOLITAN NASHVILLE POLICE DEPT,20190845987,Davidson,Nashville,11/22/2019 11:58:00 AM,2,0,0,36.073900,-86.731780,EDMONDSON PKE,,,,722.00,Feet,North,MILNER DR,,,,0.00,N,Not at Intersection, ,,None,,,         ,Ian,Hammond,,,no,no,no,yes,no,False