master_record_number,agency,agency_tracking_number,county,city,collision_date,vehicles_involved,number_injured,number_dead,latitude,longitude,roadway_name,roadway_suffix,roadway_number,roadway_local_id,distance_from_reference,miles-feet_indicator,direction_from_reference,intersection_road_name,intersection_road_name_suffix,intersection_road_number,intersection_local_id,mile_marker,intersection_indicator,intersect_type,interchange_related_indicator,relation_to_junction,work_zone_type,construction_maintenance_zone,construction_maintenance_zone_location,fatal_case_number,officer_first_name,officer_last_name,weather_condition(s),manner_of_crash,pedestrian,bicycle,scooter,parking,hitrun,mou
102576105,METROPOLITAN NASHVILLE POLICE DEPT,20190846142,Davidson,Nashville,11/22/2019 1:08:00 PM,2,0,0,36.104440,-86.741900,NOLENSVILLE PKE,,,,127.00,Feet,North,MCIVER ST,,,,0.00,N,Not at Intersection, ,,None,,,         ,Ian,Hammond,,,no,no,no,no,no,False
102576114,METROPOLITAN NASHVILLE POLICE DEPT,20190845944,Davidson,Nashville,11/22/2019 11:38:00 AM,2,0,0,36.136860,-86.795760,WEDGEWOOD AV,,,,0.00,,,17TH AVS,,,,0.00,Y,Four-Way, ,Intersection,None,,,         ,Nathan,Kemp,Rain,Angle,no,no,no,no,no,Campus
102576115,METROPOLITAN NASHVILLE POLICE DEPT,20190846151,Davidson,Nashville,11/22/2019 1:15:00 PM,2,0,0,36.082100,-86.761700,HARDING PL,,,,0.00,,,SIDCO DR,,,,0.00,Y,Four-Way, ,Intersection,None,,,         ,Nathan,Kemp,Rain,Angle,no,no,no,no,no,False
102576116,METROPOLITAN NASHVILLE POLICE DEPT,20190846192,Davidson,Nashville,11/22/2019 1:27:00 PM,2,0,0,36.123400,-86.786410,MONTROSE AV,,,,0.00,,,10TH AVS,,,,0.00,Y,Four-Way, ,Intersection,None,,,         ,Nathan,Kemp,Clear,Angle,no,no,no,no,no,False
102576125,BELLE MEADE POLICE DEPT,19-0339,Davidson,Belle Meade,11/22/2019 7:48:00 AM,2,0,0,36.093270,-86.850630,HARDING PL,,,,0.00,,,WESTVIEW AV,,,,0.00,Y,Four-Way, ,Non-Junction,None,,,         ,Charles,Williams,Rain,Front to Rear,no,no,no,no,no,False
102576126,METROPOLITAN NASHVILLE POLICE DEPT,20190846133,Davidson,Nashville,11/22/2019 1:05:00 PM,2,0,0,36.195520,-86.771900,EASTMORELAND ST,,,,68.00,Feet,East,DICKERSON PKE,,,,0.00,N,Not at Intersection,N,OtherLocation,None,,,         ,Russell,Freeman,Cloudy,Other,no,no,no,no,yes,False
102576143,METROPOLITAN NASHVILLE POLICE DEPT,20190846167,Davidson,Nashville,11/22/2019 1:20:00 PM,2,0,0,36.109930,-86.734600,THOMPSON LN,,,,0.00,Feet,East,WINGATE AV,,,,0.00,N,Not at Intersection,N,Non-Junction,None,,,         ,James,Thomas,Cloudy,Front to Rear,no,no,no,no,no,False
102576160,METROPOLITAN NASHVILLE POLICE DEPT,20190846206,Davidson,Nashville,11/22/2019 1:45:00 PM,2,0,0,36.123010,-86.750440,I 440,,,,0.00,,,,,,,6.35,N,Not at Intersection, ,Non-Junction,Construction Zone,,,         ,Garrett,Latham,Cloudy,Front to Rear,no,no,no,no,no,False
102576171,METROPOLITAN NASHVILLE POLICE DEPT,20190846177,Davidson,Antioch,11/22/2019 1:30:00 PM,3,0,0,36.065820,-86.598920,TRU LONG DR,,,,0.00,,,TRU LONG CT,,,,0.00,Y,T-Intersection,N,Intersection,None,,,         ,Amy,Hirschmann,Cloudy,HeadOn,no,no,no,no,no,False
102576195,METROPOLITAN NASHVILLE POLICE DEPT,20190843879,Davidson,Nashville,11/21/2019 3:43:00 PM,2,0,0,36.164780,-86.780440,UNION ST,,,,0.00,,,ARCADE ALY,,,,0.00,Y,T-Intersection, ,Non-Junction,None,,,         ,Michael,Douglas,Cloudy,"Sideswipe, Same Direction",no,no,no,no,no,False
102576196,METROPOLITAN NASHVILLE POLICE DEPT,20190846071,Davidson,Nashville,11/22/2019 12:26:00 PM,2,0,0,36.164040,-86.793940,I 40,,,,0.00,,,,,,,208.50,N,Not at Intersection, ,Non-Junction,None,,,         ,Isaac,Wood,Cloudy,"Sideswipe, Same Direction",no,no,no,no,no,False
102576202,VANDERBILT UNIVERSITY POLICE,20190846127,Davidson,Nashville,11/21/2019 12:00:00 AM,2,0,0,36.148680,-86.799410,BROADWAY,,,,0.00,,,,,,,0.00,,, ,,None,,,         ,William,Amburn,,,no,no,no,yes,no,Campus
102576208,METROPOLITAN NASHVILLE POLICE DEPT,20190846291,Davidson,Nashville,11/22/2019 2:20:00 PM,2,2,0,36.040120,-86.780740,OLD HICKORY BLVD,,,,0.00,,,I65 N ENT RAMP,,,,0.00,Y,OTHER,N,Entrance/Exit Ramp Related,None,,,         ,Ian,Hammond,Cloudy,Front to Rear,no,no,no,no,no,False
102576211,METROPOLITAN NASHVILLE POLICE DEPT,20190846298,Davidson,Nashville,11/22/2019 12:26:00 PM,2,0,0,36.106840,-86.719520,I 24,,,,0.00,,,,,,,53.95,N,Not at Intersection, ,Non-Junction,None,,,         ,Nopel,Stella,Clear,"Sideswipe, Same Direction",no,no,no,no,no,False
102576213,METROPOLITAN NASHVILLE POLICE DEPT,20190846341,Davidson,Nashville,11/22/2019 2:56:00 PM,1,1,0,36.140650,-86.628120,BELL RD,,,,179.00,Feet,South,ELM HILL PKE,,,,0.00,N,Not at Intersection,N,Non-Junction,None,,,         ,Brady,Reynolds,Cloudy,Not Collision with Motor Vehicle in Transport,no,no,no,no,no,False
102576236,METROPOLITAN NASHVILLE POLICE DEPT,20190846338,Davidson,Not in City Limit,11/22/2019 2:54:00 PM,2,0,0,36.264100,-86.724180,OLD HICKORY BLVDW,,,,0.00,,,HERITAGE DR,,,,0.00,Y,T-Intersection,N,Intersection,None,,,         ,Christopher,Littles,Cloudy,Front to Rear,no,no,no,no,no,False
102576244,METROPOLITAN NASHVILLE POLICE DEPT,20190846271,Davidson,Nashville,11/22/2019 2:12:00 PM,2,1,0,36.154030,-86.787570,DEMONBREUN ST,,,,0.00,,,13TH AVS,,,,0.00,Y,Four-Way,N,Intersection,None,,,         ,Michael,Douglas,Cloudy,Front to Rear,no,no,no,no,no,False
102576245,METROPOLITAN NASHVILLE POLICE DEPT,20190845784,Davidson,Nashville,11/22/2019 10:16:00 AM,2,0,0,36.109090,-86.725380,BRILEY PKWYS,,,,0.00,,,I24 E EXT RAMP,,,,0.00,Y,OTHER,N,Non-Junction,None,,,         ,Alex,Moore,Cloudy,Front to Rear,no,no,no,no,no,False
102576258,METROPOLITAN NASHVILLE POLICE DEPT,20190846323,Davidson,Antioch,11/22/2019 2:47:00 PM,2,0,0,36.043560,-86.607230,MURFREESBORO PKE,,,,326.00,Feet,North,HOBSON PKE,,,,0.00,N,Not at Intersection,N,Non-Junction,None,,,         ,YUNUS,ADAK,Clear,Angle,no,no,no,no,no,False
102576264,METROPOLITAN NASHVILLE POLICE DEPT,20190846020,Davidson,Not in City Limit,11/22/2019 11:59:00 AM,2,0,0,36.009500,-86.701660,NOLENSVILLE PKE,,,,0.00,,,BLUFF RD,,,,0.00,Y,T-Intersection,N,Intersection,None,,,         ,Raymond,Flaherty,Clear,Front to Rear,no,no,no,no,no,False
102576266,METROPOLITAN NASHVILLE POLICE DEPT,20190846308,Davidson,Not in City Limit,11/22/2019 12:00:00 AM,2,1,0,36.273080,-86.918410,LITTLE MARROWBONE RD,,,,2094.00,Feet,East,GRAYS POINT RD,,,,0.00,N,Not at Intersection,N,Non-Junction,None,,,         ,Corey,Reed,Cloudy,Angle,no,no,no,no,no,False
102576283,METROPOLITAN NASHVILLE POLICE DEPT,20190846339,Davidson,Nashville,11/22/2019 12:00:00 AM,3,0,0,36.147790,-86.744500,I 40,,,,0.00,,,,,,,212.00,N,Not at Intersection,N,Non-Junction,None,,,         ,Darci,Stechman,Clear,Front to Rear,no,no,no,no,no,False
102576290,METROPOLITAN NASHVILLE POLICE DEPT,20190846415,Davidson,Nashville,11/22/2019 3:28:00 PM,2,0,0,36.053420,-86.643730,BELL RD,,,,563.00,Feet,North,THE OVERLOOK PVTDR,,,,0.00,N,Not at Intersection, ,Non-Junction,None,,,         ,Sean,Weaver,Cloudy,Front to Rear,no,no,no,no,no,False
102576292,METROPOLITAN NASHVILLE POLICE DEPT,20190846374,Davidson,Nashville,11/22/2019 2:39:00 PM,2,0,0,36.183910,-86.798010,ROSA L PARKS BLVD,,,,18.00,Feet,North,I65 N ENT RAMP,,,,0.00,N,Not at Intersection, ,Non-Junction,None,,,         ,Melvin,Taylor,Clear,"Sideswipe, Same Direction",no,no,no,no,no,False
102576329,METROPOLITAN NASHVILLE POLICE DEPT,20190846530,Davidson,Not in City Limit,11/22/2019 4:22:00 PM,2,0,0,36.260370,-86.712860,GALLATIN PKES,,,,0.00,,,HICKORY ST,,,,0.00,Y,T-Intersection,N,Intersection,None,,,         ,Christopher,Littles,Cloudy,Angle,no,no,no,no,no,False
102576334,GOODLETTSVILLE POLICE DEPT,19-43652,Davidson,Goodlettsville,11/22/2019 2:11:00 PM,2,0,0,36.323040,-86.707830,LONG HOLLOW PKE,,,,75.00,Feet,West,CARTWRIGHT ST,,,,0.00,N,Not at Intersection,N,Non-Junction,None,,,         ,Daniel,Knalls,Cloudy,Front to Rear,no,no,no,no,no,False
102576346,METROPOLITAN NASHVILLE POLICE DEPT,20190846391,Davidson,Nashville,11/22/2019 3:15:00 PM,2,0,0,36.069790,-86.695880,KEELEY DR,,,,0.00,,,HAYWOOD LN,,,,0.00,Y,T-Intersection,N,Non-Junction,None,,,         ,Brian,Penny,Cloudy,Angle,no,no,no,no,no,False
102576385,METROPOLITAN NASHVILLE POLICE DEPT,20190846354,Davidson,Nashville,11/22/2019 2:59:00 PM,2,1,0,36.041140,-86.776210,OLD HICKORY BLVD,,,,0.00,,,BRENTWOOD TRC,,,,0.00,Y,Four-Way,N,Intersection,None,,,         ,Cynthia,Quirouette,Cloudy,Angle,no,no,no,no,no,False
102576394,METROPOLITAN NASHVILLE POLICE DEPT,20190846543,Davidson,Not in City Limit,11/22/2019 4:30:00 PM,1,1,0,36.317090,-86.879610,OLD CLARKSVILLE PKE,,,,937.00,Feet,West,EATONS CREEK RD,,,,0.00,N,Not at Intersection,N,Non-Junction,None,,,         ,Tyler,Geiger,Clear,Not Collision with Motor Vehicle in Transport,no,no,no,no,no,False
102576395,METROPOLITAN NASHVILLE POLICE DEPT,20190846631,Davidson,Nashville,11/22/2019 5:10:00 PM,2,0,0,36.239410,-86.753970,I 65,,,,0.00,,,,,,,90.20,N,Not at Intersection, ,Entrance/Exit Ramp Related,None,,,         ,Christopher,Littles,Cloudy,Front to Rear,no,no,no,no,no,False
102576399,METROPOLITAN NASHVILLE POLICE DEPT,20190846263,Davidson,Nashville,11/22/2019 2:07:00 PM,2,0,0,36.089840,-86.703160,I 24,,,,0.00,,,,,,,55.40,N,Not at Intersection, ,Non-Junction,None,,,         ,Patrick,Martin,Cloudy,Front to Rear,no,no,no,no,no,False
102576400,METROPOLITAN NASHVILLE POLICE DEPT,20190844279,Davidson,Nashville,11/21/2019 5:00:00 PM,2,0,0,36.186720,-86.795470,I65 N ENT RAMP,,,,0.00,Feet,East,I 65,,,,0.00,N,Not at Intersection, ,Non-Junction,None,,,         ,Katelin,Ehrhardt,Clear,"Sideswipe, Same Direction",no,no,no,no,no,False
102576401,METROPOLITAN NASHVILLE POLICE DEPT,20190846326,Davidson,Nashville,11/22/2019 2:39:00 PM,2,0,0,36.045620,-86.658500,I24 W ENT RAMP,,,,0.00,,,I 24,,,,0.00,Y,Four-Way, ,Intersection,None,,,         ,Nathaniel,Myers,Cloudy,Angle,no,no,no,no,no,False
102576407,METROPOLITAN NASHVILLE POLICE DEPT,20190846514,Davidson,Nashville,11/22/2019 4:13:00 PM,2,1,0,36.157060,-86.803840,CHARLOTTE AV,,,,0.00,,,SPRUCE ST,,,,0.00,Y,T-Intersection,N,Intersection-Related,None,,,         ,John,Roberson,Rain,Front to Rear,no,no,no,no,no,False
102576410,METROPOLITAN NASHVILLE POLICE DEPT,20190846605,Davidson,Nashville,11/22/2019 4:48:00 PM,2,0,0,36.104380,-86.716370,I 24,,,,0.00,,,,,,,54.20,N,Not at Intersection, ,Non-Junction,None,,,         ,Andrew,Brazee,Clear,Front to Rear,no,no,no,no,no,False
102576412,METROPOLITAN NASHVILLE POLICE DEPT,20190846550,Davidson,Nashville,11/22/2019 4:20:00 PM,3,1,0,36.142510,-86.708660,I 40,,,,0.00,,,,,,,214.30,N,Not at Intersection,N,Non-Junction,None,,,         ,Andrew,Anoskey,Cloudy,Front to Rear,no,no,no,no,no,False
102576415,METROPOLITAN NASHVILLE POLICE DEPT,20190846346,Davidson,Nashville,11/22/2019 1:51:00 PM,2,0,0,36.111000,-86.742950,FOSTER AV,,,,75.00,Feet,North,THOMPSON LN,,,,0.00,N,Not at Intersection, ,Non-Junction,None,,,         ,Aimee,Ortiz,Cloudy,Angle,no,no,no,no,no,False
102576417,METROPOLITAN NASHVILLE POLICE DEPT,20190846760,Davidson,Not in City Limit,11/22/2019 6:05:00 PM,2,2,0,36.282870,-86.730820,I 65,,,,0.00,,,,,,,93.60,N,Not at Intersection,N,Non-Junction,None,,,         ,Christopher,Littles,Cloudy,Front to Rear,no,no,no,no,no,False
102576420,METROPOLITAN NASHVILLE POLICE DEPT,20190846682,Davidson,Nashville,11/22/2019 5:26:00 PM,2,0,0,36.126070,-86.846110,HARDING PKE,,,,144.00,Feet,East,KENNER AV,,,,0.00,N,Not at Intersection,N,Non-Junction,None,,,         ,Molly,Page,Clear,Angle,no,no,no,no,yes,False
102576424,METROPOLITAN NASHVILLE POLICE DEPT,20190846345,Davidson,Nashville,11/22/2019 1:09:00 PM,2,0,0,36.087670,-86.691630,HARDING PL,,,,200.00,Feet,East,ANTIOCH PKE,,,,0.00,N,Not at Intersection,N,Non-Junction,None,,,         ,Patrick,Martin,Cloudy,"Sideswipe, Same Direction",no,no,no,no,yes,False
102576428,METROPOLITAN NASHVILLE POLICE DEPT,20190846648,Davidson,Nashville,11/22/2019 5:19:00 PM,2,0,0,36.116050,-86.770700,I440 E ENT RAMP,,,,0.00,,,I 65,,,,0.00,Y,Y-Intersection, ,Entrance/Exit Ramp Related,Construction Zone,,,         ,John,Chambers,Cloudy,Front to Rear,no,no,no,no,no,False
102576436,METROPOLITAN NASHVILLE POLICE DEPT,20190846728,Davidson,Nashville,11/22/2019 5:49:00 PM,2,0,0,36.164860,-86.767910,SHELBY AV,,,,0.00,,,S 2ND ST,,,,0.00,Y,Four-Way, ,Non-Junction,None,,,         ,Michael,Douglas,Cloudy,"Sideswipe, Same Direction",no,no,no,no,no,False
102576438,METROPOLITAN NASHVILLE POLICE DEPT,20190846515,Davidson,Nashville,11/22/2019 4:15:00 PM,4,0,0,36.008740,-86.614040,I 24,,,,0.00,,,,,,,63.05,N,Not at Intersection,N,Non-Junction,None,,,         ,Ian,Wilson,Clear,Unknown,no,no,no,no,no,False
102576442,METROPOLITAN NASHVILLE POLICE DEPT,20190846750,Davidson,Antioch,11/22/2019 5:57:00 PM,2,0,0,36.073150,-86.522650,BARNETT RD,,,,0.00,Feet,East,BOAT RMP,,,,0.00,N,Not at Intersection,N,Non-Junction,None,,,         ,Nathaniel,Myers,Clear,Front to Rear,no,no,no,no,no,False
102576447,METROPOLITAN NASHVILLE POLICE DEPT,20190846729,Davidson,Nashville,11/22/2019 6:43:00 PM,2,0,0,36.053080,-86.672040,I 24,,,,0.00,,,,,,,58.50,N,Not at Intersection, ,Non-Junction,None,,,         ,Marcus,Darden,Clear,"Sideswipe, Same Direction",no,no,no,no,yes,False
102576452,METROPOLITAN NASHVILLE POLICE DEPT,20190846549,Davidson,Nashville,11/22/2019 4:30:00 PM,2,0,0,36.086010,-86.729290,NOLENSVILLE PKE,,,,55.00,Feet,South,ELYSIAN FIELDS RD,,,,0.00,N,Not at Intersection, ,Non-Junction,None,,,         ,Donovan,Coble,Clear,Angle,no,no,no,no,no,False
102576454,METROPOLITAN NASHVILLE POLICE DEPT,20190846789,Davidson,Nashville,11/22/2019 6:20:00 PM,2,0,0,36.191870,-86.780970,I 65,,,,0.00,,,,,,,86.25,N,Not at Intersection, ,,None,,,         ,Brent,Morris,,,no,no,no,no,no,False
102576458,METROPOLITAN NASHVILLE POLICE DEPT,20190846687,Davidson,Nashville,11/22/2019 5:35:00 PM,2,2,0,36.093080,-86.652390,MURFREESBORO PKE,,,,320.00,Feet,South,OLD MURFREESBORO PKE,,,,0.00,N,Not at Intersection,N,Non-Junction,None,,,         ,Andrew,Mullen,Cloudy,Front to Rear,no,no,no,no,no,False
102576462,METROPOLITAN NASHVILLE POLICE DEPT,20190846736,Davidson,Nashville,11/22/2019 5:50:00 PM,2,0,0,36.124790,-86.847460,WOODMONT BLVD,,,,85.00,Feet,South,HARDING PKE,,,,0.00,N,Not at Intersection, ,,None,,,         ,Melissa,Lomax,,,no,no,no,no,no,False
102576464,METROPOLITAN NASHVILLE POLICE DEPT,20190846667,Davidson,Nashville,11/22/2019 5:17:00 PM,2,0,0,36.199540,-86.618200,LEBANON PKE PVTDR,,,,306.00,Feet,South,LEBANON PKE,,,,0.00,N,Not at Intersection,N,Non-Junction,None,,,         ,Terence,Mitchell,Clear,"Sideswipe, Same Direction",no,no,no,yes,yes,False
102576466,METROPOLITAN NASHVILLE POLICE DEPT,20190846806,Davidson,Nashville,11/22/2019 6:51:00 PM,2,0,0,36.191870,-86.781410,I 65,,,,0.00,,,,,,,86.25,N,Not at Intersection, ,Non-Junction,None,,,         ,Phillip,Burke,Cloudy,Front to Rear,no,no,no,no,no,False
102576467,METROPOLITAN NASHVILLE POLICE DEPT,20190846710,Davidson,Nashville,11/22/2019 5:45:00 PM,3,3,0,36.157920,-86.760430,I 24,,,,0.00,,,,,,,49.60,N,Not at Intersection,N,Non-Junction,None,,,         ,Derek,Betty,Clear,Front to Rear,no,no,no,no,no,False
102576479,METROPOLITAN NASHVILLE POLICE DEPT,20190846882,Davidson,Nashville,11/22/2019 6:16:00 PM,2,0,0,36.149860,-86.859200,CHARLOTTE PKE,,,,61.00,Feet,East,MIDLAND AV,,,,0.00,N,Not at Intersection, ,Non-Junction,None,,,         ,Ryan,Allen,Cloudy,"Sideswipe, Same Direction",no,no,no,no,no,False
102576484,METROPOLITAN NASHVILLE POLICE DEPT,20190846703,Davidson,Nashville,11/22/2019 2:20:00 PM,1,0,0,36.193040,-86.828430,CLIFF DR,,,,318.00,Feet,North,CLARKSVILLE PKE,,,,0.00,N,Not at Intersection, ,Non-Junction,None,,,         ,Peter,Kinsey,Rain,Not Collision with Motor Vehicle in Transport,no,no,no,no,no,False
102576489,METROPOLITAN NASHVILLE POLICE DEPT,20190846944,Davidson,Nashville,11/22/2019 10:40:00 AM,1,0,0,36.007480,-86.700800,NOLENSVILLE PKE,,,,50.00,Feet,South,CULBERTSON RD,,,,0.00,N,Not at Intersection, ,Non-Junction,None,,,         ,YUNUS,ADAK,Clear,Not Collision with Motor Vehicle in Transport,no,no,no,no,no,False
102576493,METROPOLITAN NASHVILLE POLICE DEPT,20190846917,Davidson,Nashville,11/22/2019 7:17:00 PM,2,0,0,36.152920,-86.765560,I 40,,,,0.00,,,,,,,210.65,N,Not at Intersection,N,Non-Junction,None,,,         ,Steffani,Dahlstrom,Clear,"Sideswipe, Same Direction",no,no,no,no,yes,False
102576511,METROPOLITAN NASHVILLE POLICE DEPT,20190846474,Davidson,Nashville,11/22/2019 3:53:00 PM,2,0,0,36.148120,-86.807690,ELLISTON PL,,,,0.00,,,REIDHURST AVE,,,,0.00,Y,T-Intersection,N,Intersection,None,,,         ,Thomas,Broatch,Cloudy,Front to Rear,no,no,no,no,no,Campus
102576518,METROPOLITAN NASHVILLE POLICE DEPT,20190846920,Davidson,Nashville,11/22/2019 7:10:00 PM,2,0,0,36.197730,-86.775830,I 65,,,,0.00,,,,,,,86.70,N,Not at Intersection,N,Non-Junction,None,,,         ,Chase,Harriman,Clear,"Sideswipe, Same Direction",no,no,no,no,yes,False
102576525,VANDERBILT UNIVERSITY POLICE,20190846893,Davidson,Nashville,11/22/2019 6:50:00 PM,2,0,0,36.139440,-86.803640,CHILDRENS WAY,,,,0.00,,,,,,,0.00,,, ,Non-Junction,None,,,         ,Christopher,Dion,Rain,Front to Rear,no,no,no,yes,no,Campus
102576532,METROPOLITAN NASHVILLE POLICE DEPT,20190846794,Davidson,Nashville,11/22/2019 6:30:00 PM,2,0,0,36.181620,-86.799730,I 65,,,,0.00,,,,,,,85.10,N,Not at Intersection, ,Non-Junction,None,,,         ,Katelin,Ehrhardt,Rain,"Sideswipe, Same Direction",no,no,no,no,no,False
102576541,METROPOLITAN NASHVILLE POLICE DEPT,20190846886,Davidson,Nashville,11/22/2019 6:58:00 PM,2,0,0,36.229380,-86.759280,BROADMOOR DR,,,,0.00,,,DICKERSON PKE,,,,0.00,Y,Four-Way, ,Intersection,None,,,         ,Cressie,Prill,Rain,Angle,no,no,no,no,no,False
102576543,METROPOLITAN NASHVILLE POLICE DEPT,20190846993,Davidson,Not in City Limit,11/22/2019 5:49:00 PM,2,0,0,36.014830,-86.705300,NOLENSVILLE PKE,,,,228.00,Feet,South,SUGAR VALLEY DR,,,,0.00,N,Not at Intersection,N,Non-Junction,None,,,         ,Ian,Wilson,Clear,Front to Rear,no,no,no,no,yes,False
102576545,METROPOLITAN NASHVILLE POLICE DEPT,20190846921,Davidson,Nashville,11/22/2019 6:10:00 PM,3,0,0,36.130170,-86.773250,I 65,,,,0.00,,,,,,,81.10,N,Not at Intersection,N,Non-Junction,None,,,         ,John,Chambers,Rain,Front to Rear,no,no,no,no,no,False
102576557,METROPOLITAN NASHVILLE POLICE DEPT,20190846379,Davidson,Nashville,11/22/2019 1:45:00 PM,2,0,0,36.148530,-86.785230,HAWKINS ST,,,,3.00,Feet,West,12TH AVS,,,,0.00,N,Not at Intersection,N,Non-Junction,None,,,         ,Gabriel,Hamilton,Clear,"Sideswipe, Same Direction",no,no,no,no,yes,False
102576562,METROPOLITAN NASHVILLE POLICE DEPT,20190846791,Davidson,Nashville,11/22/2019 5:46:00 PM,2,0,0,36.045470,-86.674470,BLUE HOLE RD,,,,103.00,Feet,South,BELL RD,,,,0.00,N,Not at Intersection,N,Non-Junction,None,,,         ,Eric,Laury,Cloudy,Front to Rear,no,no,no,no,yes,False
102576563,METROPOLITAN NASHVILLE POLICE DEPT,20190846891,Davidson,Nashville,11/22/2019 7:04:00 PM,2,0,0,36.185230,-86.753600,CHICAMAUGA AV,,,,222.00,Feet,West,LAURENT ST,,,,0.00,N,Not at Intersection,N,Non-Junction,None,,,         ,Marc,Kozen,Rain,"Sideswipe, Same Direction",no,no,no,no,yes,False
102576566,Nashville Airport Police,2019-04919,Davidson,Nashville,11/22/2019 4:40:00 PM,2,0,0,36.111050,-86.672680,KNAPP BLVD,,,,0.00,,,TN AIR NATIONAL GUARD PVTDR,,,,0.00,Y,Four-Way,N,Non-Junction,None,,,         ,Kadi,Smith,Clear,Front to Rear,no,no,no,no,no,False
102576589,METROPOLITAN NASHVILLE POLICE DEPT,20190847035,Davidson,Nashville,11/22/2019 8:40:00 PM,2,2,0,36.240350,-86.768500,BRILEY PKWYE,,,,258.00,Feet,South,DOVERSIDE DR,,,,0.00,N,Not at Intersection,N,Non-Junction,None,,,         ,Christopher,Littles,Cloudy,Front to Rear,no,no,no,no,no,False
102576590,METROPOLITAN NASHVILLE POLICE DEPT,20190847029,Davidson,Antioch,11/22/2019 8:41:00 PM,1,0,0,36.004270,-86.625980,OLD HICKORY BLVD,,,,0.00,,,,,,,0.00,,,N,Non-Junction,None,,,         ,YUNUS,ADAK,Rain,Not Collision with Motor Vehicle in Transport,no,no,no,no,yes,False
102576595,METROPOLITAN NASHVILLE POLICE DEPT,20190846916,Davidson,Nashville,11/22/2019 6:58:00 PM,4,4,0,36.229370,-86.759270,BROADMOOR DR,,,,0.00,Feet,,US HWY 31W,,,,0.00,Y,Four-Way,N,Intersection,None,,,         ,Peter,Vaught,Clear,Angle,no,no,no,no,no,False
102576598,METROPOLITAN NASHVILLE POLICE DEPT,20190846495,Davidson,Not in City Limit,11/22/2019 3:51:00 PM,2,0,0,36.018710,-86.702930,SUNNYWOOD DR,,,,110.00,Feet,South,ALTERAS CIR,,,,0.00,N,Not at Intersection, ,Non-Junction,None,,,         ,Patrick,Martin,Cloudy,Front to Rear,no,no,no,no,no,False
102576618,METROPOLITAN NASHVILLE POLICE DEPT,20190846824,Davidson,Not in City Limit,11/22/2019 6:45:00 PM,7,0,0,36.333480,-86.904080,I 24,,,,0.00,,,,,,,32.80,N,Not at Intersection,N,Non-Junction,None,,,         ,Tyler,Geiger,Clear,Front to Rear,no,no,no,no,no,False
102576625,METROPOLITAN NASHVILLE POLICE DEPT,20190847043,Davidson,Nashville,11/22/2019 7:44:00 PM,2,0,0,36.039950,-86.742560,OLD HICKORY BLVD,,,,270.00,Feet,East,EDMONDSON PKE,,,,0.00,N,Not at Intersection, ,Non-Junction,None,,,         ,Steven,Begley,Rain,"Sideswipe, Same Direction",no,no,no,no,no,False
102576626,METROPOLITAN NASHVILLE POLICE DEPT,20190847095,Davidson,Nashville,11/22/2019 12:00:00 AM,2,0,0,36.076800,-86.647270,EDGE O LAKE DR,,,,311.00,Feet,South,DOVER GLEN PVTDR,,,,0.00,N,Not at Intersection,N,Non-Junction,None,,,         ,Eric,Laury,Clear,Angle,no,no,no,no,yes,False
102576628,METROPOLITAN NASHVILLE POLICE DEPT,20190847036,Davidson,Nashville,11/22/2019 7:26:00 PM,3,0,0,36.153260,-86.687690,ATRIUM WAY,,,,4.00,Feet,North,ELM HILL PKE,,,,0.00,N,Not at Intersection,N,Non-Junction,None,,,         ,Deandera,Payne,Rain,HeadOn,no,no,no,no,no,False
102576629,METROPOLITAN NASHVILLE POLICE DEPT,20190846817,Davidson,Nashville,11/22/2019 5:10:00 PM,2,0,0,36.135110,-86.745350,WOODYCREST AV,,,,0.00,Feet,,POLK AV,,,,0.00,Y,Four-Way, ,Unknown,None,,,         ,Aimee,Ortiz,Cloudy,Angle,no,no,no,no,no,False
102576633,METROPOLITAN NASHVILLE POLICE DEPT,20190846890,Davidson,Nashville,11/22/2019 6:14:00 PM,2,0,0,36.089380,-86.688830,STATE HWY 255,,,,131.00,Feet,West,HARDING INDUSTRIAL DR,,,,0.00,N,Not at Intersection, ,Non-Junction,None,,,         ,Marcus,Darden,Clear,Front to Rear,no,no,no,no,no,False
102576634,METROPOLITAN NASHVILLE POLICE DEPT,20190846934,Davidson,Not in City Limit,11/22/2019 7:42:00 PM,2,0,0,36.333480,-86.904080,I 24,,,,0.00,,,,,,,32.80,N,Not at Intersection, ,,None,,,         ,Tyler,Geiger,,,no,no,no,no,no,False
102576647,METROPOLITAN NASHVILLE POLICE DEPT,20190846708,Davidson,Nashville,11/22/2019 5:24:00 PM,2,0,0,36.144430,-86.872720,CHARLOTTE PKE,,,,0.00,,,AMERICAN RD,,,,0.00,Y,T-Intersection, ,Intersection,None,,,         ,Robert,Higgins,Clear,Front to Rear,no,no,no,no,no,False
102576650,METROPOLITAN NASHVILLE POLICE DEPT,20190847116,Davidson,Nashville,11/22/2019 12:00:00 AM,2,0,0,36.170670,-86.804750,I 40,,,,0.00,,,,,,,207.60,N,Not at Intersection,N,Non-Junction,None,,,         ,Denarius,Lawson,Cloudy,"Sideswipe, Same Direction",no,no,no,no,yes,False
102576656,METROPOLITAN NASHVILLE POLICE DEPT,20190847180,Davidson,Nashville,11/22/2019 9:57:00 PM,2,0,0,36.172860,-86.765260,US HWY 31,,,,0.00,,,MAIN ST,,,,0.00,Y,Four-Way, ,Intersection-Related,None,,,         ,Chad,Connors,Clear,Angle,no,no,no,no,no,False