master_record_number,agency,agency_tracking_number,county,city,collision_date,vehicles_involved,number_injured,number_dead,latitude,longitude,roadway_name,roadway_suffix,roadway_number,roadway_local_id,distance_from_reference,miles-feet_indicator,direction_from_reference,intersection_road_name,intersection_road_name_suffix,intersection_road_number,intersection_local_id,mile_marker,intersection_indicator,intersect_type,interchange_related_indicator,relation_to_junction,work_zone_type,construction_maintenance_zone,construction_maintenance_zone_location,fatal_case_number,officer_first_name,officer_last_name,weather_condition(s),manner_of_crash,pedestrian,bicycle,scooter,parking,hitrun,mou
102577389,METROPOLITAN NASHVILLE POLICE DEPT,20190848767,Davidson,Nashville,11/23/2019 5:49:00 PM,2,0,0,36.154630,-86.779160,8TH AVS,,,,0.00,,,LAFAYETTE ST,,,,0.00,Y,Traffic Circle, ,Non-Junction,None,,,         ,Bianca,Crawford,Clear,"Sideswipe, Same Direction",no,no,no,no,no,False
102577390,METROPOLITAN NASHVILLE POLICE DEPT,20190848649,Davidson,Not in City Limit,11/23/2019 4:09:00 PM,1,0,0,36.270400,-86.696250,SINGER DR,,,,0.00,,,ROOSEVELT AVE,,,,0.00,Y,Four-Way,N,Intersection,None,,,         ,Mary,Robinson,Cloudy,Not Collision with Motor Vehicle in Transport,no,no,no,no,no,False
102577391,METROPOLITAN NASHVILLE POLICE DEPT,20190848761,Davidson,Not in City Limit,11/23/2019 4:09:00 PM,2,0,0,36.261510,-86.681610,QUEEN ANNE DR,,,,279.00,Feet,North,BUBBLING WELL RD,,,,0.00,N,Not at Intersection,N,Non-Junction,None,,,         ,DuJuan,Kendrick,Clear,Rear to Side,no,no,no,no,yes,False
102577397,METROPOLITAN NASHVILLE POLICE DEPT,20190848810,Davidson,Nashville,11/23/2019 6:14:00 PM,2,0,0,36.191200,-86.772800,DICKERSON PKE,,,,201.00,Feet,South,RICHARDSON AV,,,,0.00,N,Not at Intersection, ,Non-Junction,None,,,         ,Marc,Kozen,Rain,"Sideswipe, Same Direction",no,no,no,no,no,False
102577399,METROPOLITAN NASHVILLE POLICE DEPT,20190848713,Davidson,Nashville,11/23/2019 4:55:00 PM,2,0,0,36.173120,-86.769560,I 24,,,,0.00,,,,,,,48.25,N,Not at Intersection,N,Non-Junction,None,,,         ,Jonathan,Handley,Cloudy,Front to Rear,no,no,no,no,no,False
102577402,METROPOLITAN NASHVILLE POLICE DEPT,20190848760,Davidson,Nashville,11/23/2019 5:43:00 PM,2,1,0,36.071570,-86.685720,HAYSTACK LN,,,,275.00,Feet,East,BAKERTOWN RD,,,,0.00,N,Not at Intersection, ,"Driveway, Alley Access, etc",None,,,         ,Andrew,Brazee,Rain,Angle,no,no,no,no,no,False
102577403,METROPOLITAN NASHVILLE POLICE DEPT,20190848836,Davidson,Nashville,11/23/2019 6:42:00 PM,2,0,0,36.110380,-86.722030,I 24,,,,0.00,,,,,,,53.65,N,Not at Intersection,N,Non-Junction,None,,,         ,Andrew,Brazee,Rain,"Sideswipe, Same Direction",no,no,no,no,yes,False
102577411,METROPOLITAN NASHVILLE POLICE DEPT,20190848829,Davidson,Nashville,11/23/2019 6:40:00 PM,2,1,0,36.064170,-86.629130,HAMILTON CHURCH RD,,,,297.00,Feet,South,MURFREESBORO PKE,,,,0.00,N,Not at Intersection,N,Non-Junction,None,,,         ,YUNUS,ADAK,Rain,Angle,no,no,no,no,yes,False
102577413,METROPOLITAN NASHVILLE POLICE DEPT,20190848783,Davidson,Nashville,11/23/2019 5:50:00 PM,3,3,0,36.215070,-86.594350,LEBANON PKE,,,,978.00,Feet,East,ANDREW JACKSON PKWY,,,,0.00,N,Not at Intersection,N,OtherLocation,None,,,         ,Tyler,Hall,Rain,Angle,no,no,no,no,no,False
102577465,VANDERBILT UNIVERSITY POLICE,20190848801,Davidson,Nashville,11/23/2019 6:00:00 PM,2,0,0,36.139620,-86.800500,21ST AVS,,,,0.00,Feet,,PIERCE AV,,,,0.00,Y,Four-Way,N,Intersection,None,,,         ,Mark,Clear,Clear,HeadOn,no,no,no,no,no,Campus
102577477,METROPOLITAN NASHVILLE POLICE DEPT,20190848950,Davidson,Not in City Limit,11/23/2019 7:59:00 PM,1,0,0,36.262770,-86.890060,OLD HICKORY BLVD,,,,483.00,Feet,East,EATONS CREEK RD,,,,0.00,N,Not at Intersection,N,Non-Junction,None,,,         ,Eric,McCoy,Clear,Not Collision with Motor Vehicle in Transport,no,no,no,no,no,False
102577487,METROPOLITAN NASHVILLE POLICE DEPT,20190848971,Davidson,Nashville,11/23/2019 8:00:00 PM,2,0,0,36.128580,-86.707260,PATRICIA DR,,,,516.00,Feet,North,THOMPSON PL,,,,0.00,N,Not at Intersection, ,OtherLocation,None,,,         ,Andrew,Anoskey,Cloudy,Angle,no,no,no,yes,no,False
102577488,METROPOLITAN NASHVILLE POLICE DEPT,20190846918,Davidson,Nashville,11/22/2019 7:40:00 PM,2,0,0,36.237440,-86.757900,DICKERSON PKE,,,,304.00,Feet,North,I65 N EXT RAMP,,,,0.00,N,Not at Intersection,N,Non-Junction,None,,,         ,Jessica,Johann,Cloudy,"Sideswipe, Same Direction",no,no,no,no,yes,False
102577494,METROPOLITAN NASHVILLE POLICE DEPT,20190848998,Davidson,Nashville,11/23/2019 7:50:00 PM,2,0,0,36.142440,-86.765050,HART ST,,,,0.00,,,4TH AVS,,,,0.00,Y,OTHER,Y,Intersection-Related,None,,,         ,Douglas,Sykes,Clear,Front to Rear,no,no,no,no,no,False
102577502,METROPOLITAN NASHVILLE POLICE DEPT,20190848882,Davidson,Nashville,11/23/2019 7:20:00 PM,2,0,0,36.115880,-86.773510,I 440,,,,0.00,,,,,,,4.90,N,Not at Intersection, ,,Construction Zone,,,         ,Heather,Fox,,,no,no,no,no,no,False
102577503,METROPOLITAN NASHVILLE POLICE DEPT,20190848935,Davidson,Nashville,11/23/2019 7:20:00 PM,2,0,0,36.115880,-86.773510,I 440,,,,0.00,,,,,,,4.90,N,Not at Intersection, ,,Construction Zone,,,         ,Heather,Fox,,,no,no,no,no,no,False
102577519,METROPOLITAN NASHVILLE POLICE DEPT,20190849083,Davidson,Nashville,11/23/2019 9:21:00 PM,2,0,0,36.126010,-86.712360,EAST THOMPSON LN,,,,377.00,Feet,East,LAWNDALE DR,,,,0.00,N,Not at Intersection,N,Non-Junction,None,,,         ,Andrew,Brazee,Rain,Angle,no,no,no,no,no,False
102577531,METROPOLITAN NASHVILLE POLICE DEPT,20190848936,Davidson,Nashville,11/23/2019 7:42:00 PM,2,0,0,36.154110,-86.787590,13TH AVE S,,,,0.00,,,DEMONBREUN ST,,,,0.00,Y,Four-Way,N,Intersection,None,,,         ,Phillip,Burke,Rain,Angle,no,no,no,no,no,False
102577532,METROPOLITAN NASHVILLE POLICE DEPT,20190849119,Davidson,Nashville,11/23/2019 8:36:00 PM,2,0,0,36.084660,-86.728090,NOLENSVILLE PKE,,,,68.00,Feet,South,PARAGON MILLS RD,,,,0.00,N,Not at Intersection,N,Non-Junction,None,,,         ,Ryan,Sherry,Rain,Angle,no,no,no,no,no,False
102577533,METROPOLITAN NASHVILLE POLICE DEPT,20190848755,Davidson,Nashville,11/23/2019 4:55:00 PM,2,0,0,36.054120,-86.691030,LUKER LN,,,,88.00,Feet,North,TUSCULUM RD,,,,0.00,N,Not at Intersection, ,Non-Junction,None,,,         ,Sean,Weaver,Rain,Angle,no,no,no,no,no,False
102577536,METROPOLITAN NASHVILLE POLICE DEPT,20190849074,Davidson,Nashville,11/23/2019 9:15:00 PM,2,0,0,36.040900,-86.779380,STONE BROOK DR,,,,0.00,,,OLD HICKORY BLVD,,,,0.00,Y,Four-Way,Y,Non-Junction,None,,,         ,Nicholas,Carroll,Rain,Front to Rear,no,no,no,no,no,False
102577539,METROPOLITAN NASHVILLE POLICE DEPT,20190849163,Davidson,Nashville,11/23/2019 10:12:00 PM,2,0,0,36.153300,-86.772180,4TH AVS,,,,0.00,Feet,East,ELM ST,,,,0.00,N,Not at Intersection,Y,Non-Junction,None,,,         ,Steffani,Dahlstrom,Clear,"Sideswipe, Same Direction",no,no,no,no,no,False
102577541,METROPOLITAN NASHVILLE POLICE DEPT,20190849134,Davidson,Goodlettsville,11/23/2019 9:49:00 PM,2,1,0,36.302650,-86.692000,GALLATIN PKEN,,,,56.00,Feet,West,CONFERENCE DR,,,,0.00,N,Not at Intersection,N,Non-Junction,None,,,         ,Robert,Leverick,Clear,Front to Rear,no,no,no,no,no,False
102577546,METROPOLITAN NASHVILLE POLICE DEPT,20190849119,Davidson,Nashville,11/23/2019 9:30:00 PM,2,0,0,36.142880,-86.744620,MURFREESBORO PKE,,,,82.00,Feet,West,FESSLERS LN,,,,0.00,N,Not at Intersection,N,Non-Junction,None,,,         ,Eric,Laury,Cloudy,Front to Rear,no,no,no,no,no,False
102577552,METROPOLITAN NASHVILLE POLICE DEPT,20190820427,Davidson,Nashville,11/12/2019 12:00:00 AM,1,0,0,36.249550,-86.719030,GALLATIN PKES,,,,0.00,,,,,,,0.00,,Four-Way,N,Non-Junction,None,,,         ,Kaleigh,Pearce,Clear,Not Collision with Motor Vehicle in Transport,no,no,no,no,yes,False
102577555,METROPOLITAN NASHVILLE POLICE DEPT,20190849063,Davidson,Nashville,11/23/2019 9:10:00 PM,4,3,0,36.143820,-86.738390,I 40,,,,0.00,,,,,,,212.60,N,Not at Intersection,N,Non-Junction,None,,,         ,Jason,Milyaro Lucas,Clear,Angle,no,no,no,no,no,False
102577557,METROPOLITAN NASHVILLE POLICE DEPT,20190849199,Davidson,Nashville,11/23/2019 12:00:00 AM,2,0,0,36.124050,-86.751660,NOLENSVILLE PKE,,,,12.00,Feet,South,I440 W EXT RAMP,,,,0.00,N,Not at Intersection,N,Entrance/Exit Ramp Related,None,,,         ,Jeremy,Spears,Clear,Angle,no,no,no,no,yes,False
102577559,METROPOLITAN NASHVILLE POLICE DEPT,20190848789,Davidson,Nashville,11/23/2019 6:03:00 PM,2,3,0,36.120920,-86.916980,WEST PARK PVTDR,,,,0.00,,,CHARLOTTE PKE,,,,0.00,Y,T-Intersection,N,Intersection-Related,None,,,         ,William,Vanbergen,Rain,HeadOn,no,no,no,no,no,False
102577563,METROPOLITAN NASHVILLE POLICE DEPT,20190849207,Davidson,Nashville,11/23/2019 10:40:00 PM,2,0,0,36.143530,-86.737870,I 40,,,,0.00,,,,,,,212.60,N,Not at Intersection, ,Non-Junction,None,,,         ,Jeremy,Crisp,Clear,Front to Rear,no,no,no,no,yes,False
102577570,METROPOLITAN NASHVILLE POLICE DEPT,20190849175,Davidson,Nashville,11/23/2019 10:16:00 PM,2,0,0,36.193640,-86.809890,GRANSTAFF APTS @ METROCENTER P,,,,0.00,,,ROSA L PARKS BLVD,,,,0.00,Y,T-Intersection,N,Intersection-Related,None,,,         ,Jonathan,Sharp,Cloudy,"Sideswipe, Same Direction",no,no,no,no,yes,False
102577571,METROPOLITAN NASHVILLE POLICE DEPT,20190848795,Davidson,Nashville,11/23/2019 6:00:00 PM,1,2,0,36.215390,-86.818200,BUENA VISTA PKE,,,,284.00,Feet,North,MOORMANS ARM RD,,,,0.00,N,Not at Intersection,N,Non-Junction,None,,,         ,Peter,Kinsey,Rain,Not Collision with Motor Vehicle in Transport,no,no,no,no,no,False
102577572,METROPOLITAN NASHVILLE POLICE DEPT,20190849214,Davidson,Nashville,11/23/2019 11:01:00 PM,1,0,0,36.192290,-86.777110,I 65,,,,0.00,,,,,,,86.50,N,Not at Intersection,N,Non-Junction,None,,,         ,Reginald,Pierre-Paul,Clear,Not Collision with Motor Vehicle in Transport,no,no,no,no,no,False
102577600,METROPOLITAN NASHVILLE POLICE DEPT,20190849131,Davidson,Nashville,11/23/2019 9:32:00 PM,3,0,0,36.148770,-86.782090,I 40,,,,0.00,,,,,,,209.70,N,Not at Intersection,N,Non-Junction,None,,,         ,Douglas,Sykes,Clear,Front to Rear,no,no,no,no,no,False
102577613,METROPOLITAN NASHVILLE POLICE DEPT,20190849349,Davidson,Nashville,11/24/2019 12:30:00 AM,2,1,0,36.157420,-86.792630,CHURCH ST,,,,0.00,,,15TH AVN,,,,0.00,Y,Four-Way,N,Intersection,None,,,         ,Eric,Schaefer,Clear,Angle,no,no,no,no,no,False
102577616,METROPOLITAN NASHVILLE POLICE DEPT,20190849284,Davidson,Nashville,11/23/2019 10:15:00 PM,2,0,0,36.066840,-86.916880,DEVON VALLEY DR,,,,0.00,,,STATE HWY 251,,,,0.00,Y,Four-Way,N,Non-Junction,None,,,         ,Angeline,Comilla,Clear,"Sideswipe, Same Direction",no,no,no,no,yes,False
102577618,METROPOLITAN NASHVILLE POLICE DEPT,20190849233,Davidson,Not in City Limit,11/23/2019 12:00:00 AM,2,1,0,36.263330,-86.714620,OLD HICKORY BLVDW,,,,8.00,Feet,West,DOUGLAS ST,,,,0.00,N,Not at Intersection,N,Non-Junction,None,,,         ,Corey,Eldridge,Clear,"Sideswipe, Opposite Direction",no,no,no,no,yes,False
102577622,METROPOLITAN NASHVILLE POLICE DEPT,20190848910,Davidson,Not in City Limit,11/23/2019 6:00:00 PM,1,0,0,36.073820,-87.009600,MCCRORY LN,,,,2543.00,Feet,East,NEWSOM STATION RD,,,,0.00,N,Not at Intersection, ,,None,,,         ,Angeline,Comilla,,,no,no,no,no,no,False
102577645,METROPOLITAN NASHVILLE POLICE DEPT,20190849479,Davidson,Nashville,11/24/2019 12:26:00 AM,1,0,0,36.239460,-86.745850,I65 S EXT RAMP,,,,0.00,,,BRILEY PKWYE,,,,0.00,Y,OTHER,Y,Entrance/Exit Ramp Related,None,,,         ,Jeffrey,Mullins,Clear,Unknown,no,no,no,no,yes,False
102577653,METROPOLITAN NASHVILLE POLICE DEPT,20190849558,Davidson,Nashville,11/24/2019 3:00:00 AM,2,1,0,36.053670,-86.714890,BREWER DR,,,,38.00,Feet,East,NOLENSVILLE PKE,,,,0.00,N,Not at Intersection,N,Non-Junction,None,,,         ,Justan,Vance,Clear,"Sideswipe, Same Direction",no,no,no,no,yes,False
102577660,METROPOLITAN NASHVILLE POLICE DEPT,20190849512,Davidson,Nashville,11/24/2019 12:56:00 AM,2,0,0,36.084400,-86.654980,ROCKY MOUNTAIN PKWY,,,,183.00,Feet,East,PICCADILLY ROW,,,,0.00,N,Not at Intersection, ,,None,,,         ,David,Simmonds,,,no,no,no,no,no,False
102577661,METROPOLITAN NASHVILLE POLICE DEPT,20190849216,Davidson,Nashville,11/23/2019 10:30:00 PM,2,0,0,36.044800,-86.661510,CANE RIDGE RD,,,,9.00,Feet,North,STATE HWY 254,,,,0.00,N,Not at Intersection, ,Non-Junction,None,,,         ,Dylan,Bradley,Cloudy,Angle,no,no,no,no,yes,False
102577664,METROPOLITAN NASHVILLE POLICE DEPT,20190849588,Davidson,Nashville,11/24/2019 12:00:00 AM,2,0,0,36.067520,-86.688450,I24 E ENT RAMP,,,,0.00,Feet,East,I 24,,,,0.00,N,Not at Intersection,N,Non-Junction,None,,,         ,Joshua,Dodge,Clear,Front to Rear,no,no,no,no,yes,False
102577665,METROPOLITAN NASHVILLE POLICE DEPT,20190849652,Davidson,Nashville,11/24/2019 4:12:00 AM,1,0,0,36.172710,-86.649280,US HWY 70,,,,69.00,Feet,East,DISSPAYNE DR,,,,0.00,N,Not at Intersection, ,Non-Junction,None,,,         ,Tyler,Manivong,Clear,Not Collision with Motor Vehicle in Transport,no,no,no,no,no,False
102577666,METROPOLITAN NASHVILLE POLICE DEPT,20190849569,Davidson,Nashville,11/24/2019 3:13:00 AM,2,3,0,36.166350,-86.780690,4TH AVN,,,,0.00,,,CHARLOTTE AV,,,,0.00,Y,Four-Way,N,Intersection,None,,,         ,Brenna,Hosey,Rain,Angle,no,no,no,no,no,False
102577670,METROPOLITAN NASHVILLE POLICE DEPT,20190849317,Davidson,Nashville,11/24/2019 12:00:00 AM,1,0,0,36.106230,-86.718860,I 24,,,,0.00,,,,,,,54.00,N,Not at Intersection,N,Non-Junction,None,,,         ,Antoine,Maghamez,Clear,Not Collision with Motor Vehicle in Transport,no,no,no,no,no,False
102577683,METROPOLITAN NASHVILLE POLICE DEPT,20190849541,Davidson,Nashville,11/24/2019 2:45:00 AM,2,0,0,36.160280,-86.776720,4TH AVS,,,,140.00,Feet,North,SYMPHONY PL,,,,0.00,N,Not at Intersection,N,Non-Junction,None,,,         ,Eric,Jackson,Clear,HeadOn,no,no,no,no,no,False
102577693,METROPOLITAN NASHVILLE POLICE DEPT,20190849508,Davidson,Nashville,11/24/2019 2:26:00 AM,1,1,0,36.064800,-86.622090,HAMILTON CHURCH RD,,,,5.00,Feet,East,OWENDALE DR,,,,0.00,N,Not at Intersection,N,Non-Junction,None,,,         ,Holly,Davis,Clear,Not Collision with Motor Vehicle in Transport,no,no,no,no,no,False
102577702,METROPOLITAN NASHVILLE POLICE DEPT,20190849706,Davidson,Not in City Limit,11/24/2019 12:00:00 AM,1,1,0,36.318480,-86.836890,I 24,,,,0.00,,,,,,,36.90,N,Not at Intersection,N,Non-Junction,None,,,         ,Joseph,Gawlowski,Cloudy,Not Collision with Motor Vehicle in Transport,no,no,no,no,no,False
102577705,METROPOLITAN NASHVILLE POLICE DEPT,20190849640,Davidson,Nashville,11/24/2019 3:20:00 AM,2,0,0,36.066790,-86.687810,APACHE TRL,,,,0.00,,,,,,,0.00,,,N,OtherLocation,None,,,         ,Alex,DiBernardo,Clear,"Sideswipe, Same Direction",no,no,no,yes,yes,False
102577746,METROPOLITAN NASHVILLE POLICE DEPT,20190849773,Davidson,Nashville,11/24/2019 6:02:00 AM,2,0,0,36.118300,-86.700320,MURFREESBORO PKE,,,,0.00,,,BRILEY PKWYN,,,,0.00,Y,Four-Way,N,Intersection,None,,,         ,David,Simmonds,Clear,"Sideswipe, Same Direction",no,no,no,no,yes,False
102577750,METROPOLITAN NASHVILLE POLICE DEPT,20190849784,Davidson,Nashville,11/24/2019 6:20:00 AM,1,0,0,36.183800,-86.768480,HANCOCK ST,,,,0.00,,,,,,,0.00,,,N,Non-Junction,None,,,         ,William,Burnett,Clear,Not Collision with Motor Vehicle in Transport,no,no,no,no,yes,False
102577754,METROPOLITAN NASHVILLE POLICE DEPT,20190849806,Davidson,Nashville,11/24/2019 6:52:00 AM,2,0,0,36.179990,-86.843500,SNELL BLVD,,,,542.00,Feet,South,HOLLAND LN,,,,0.00,N,Not at Intersection, ,,None,,,         ,Fabjan,Llukaj,,,no,no,no,no,no,False
102577781,METROPOLITAN NASHVILLE POLICE DEPT,20190849907,Davidson,Not in City Limit,11/24/2019 8:00:00 AM,2,0,0,36.263200,-86.757110,WESTCHESTER DR,,,,49.00,Feet,East,US HWY 31W,,,,0.00,N,Not at Intersection,N,Non-Junction,None,,,         ,Jacob,Robbins,Clear,"Sideswipe, Opposite Direction",no,no,no,no,yes,False
102577797,METROPOLITAN NASHVILLE POLICE DEPT,20190849945,Davidson,Nashville,11/24/2019 8:27:00 AM,2,0,0,36.157930,-86.791610,CHURCH ST,,,,0.00,,,14TH AVN,,,,0.00,Y,Four-Way, ,Non-Junction,None,,,         ,Walter,Cothran,Clear,Angle,no,no,no,no,no,False
102577819,METROPOLITAN NASHVILLE POLICE DEPT,20190850012,Davidson,Nashville,11/24/2019 5:00:00 AM,2,0,0,36.084910,-86.586310,BURWICK PL,,,,2.00,Feet,South,BURWICK CT,,,,0.00,N,Not at Intersection,N,Non-Junction,None,,,         ,Nelson,Hemingway,Clear,Front to Rear,no,no,no,no,yes,False
102577823,METROPOLITAN NASHVILLE POLICE DEPT,20190850025,Davidson,Nashville,11/24/2019 9:20:00 AM,2,0,0,36.039420,-86.781710,STATE HWY 254,,,,194.00,Feet,South,-- UNKNOWN RAMP/ROAD --,,,,0.00,N,Not at Intersection, ,,None,,,         ,Gregory,Scott,,,no,no,no,no,no,False
102577831,METROPOLITAN NASHVILLE POLICE DEPT,20190849948,Davidson,Not in City Limit,11/24/2019 8:30:00 AM,2,0,0,36.046300,-86.955280,OLD HARDING PKE,,,,292.00,Feet,East,MAGNOLIA HILLS DR,,,,0.00,N,Not at Intersection, ,,None,,,         ,Benjamin,Cantrell,,,no,no,no,yes,no,False
102577837,BERRY HILL POLICE DEPT,19-4939,Davidson,Berry Hill,11/20/2019 1:57:00 PM,1,0,0,36.120310,-86.767970,BERRY RD,,,,0.00,,,,,,,0.00,,,N,Non-Junction,None,,,         ,Ronnie,Hill,Clear,Not Collision with Motor Vehicle in Transport,no,no,no,no,no,False
102577891,METROPOLITAN NASHVILLE POLICE DEPT,20190850129,Davidson,Nashville,11/24/2019 10:30:00 AM,2,0,0,36.164600,-86.838490,DR WALTER S DAVIS BLVD,,,,0.00,,,40TH AVN,,,,0.00,Y,T-Intersection, ,Intersection,None,,,         ,Jackson,Sanders,Clear,Rear to Side,no,no,no,no,no,False
102577893,METROPOLITAN NASHVILLE POLICE DEPT,20190850138,Davidson,Nashville,11/24/2019 10:44:00 AM,2,2,0,36.103750,-86.738720,SUNRISE AV,,,,0.00,,,MCCOMBS AV,,,,0.00,Y,Four-Way,Y,Intersection,None,,,         ,Joseph,Simon,Clear,Angle,no,no,no,no,no,False
102577902,METROPOLITAN NASHVILLE POLICE DEPT,20190850199,Davidson,Nashville,11/24/2019 10:55:00 AM,2,0,0,36.134280,-86.779090,WEDGEWOOD AV,,,,0.00,,,8TH AVS,,,,0.00,Y,Four-Way, ,Intersection,None,,,         ,Brian,Mclarty,Clear,Angle,no,no,no,no,yes,False
102577905,METROPOLITAN NASHVILLE POLICE DEPT,20190850213,Davidson,Nashville,11/24/2019 11:33:00 AM,3,1,0,36.128590,-86.777890,FRANKLIN PKE,,,,0.00,,,8TH AVS,,,,0.00,Y,Four-Way,Y,Intersection,None,,,         ,Timothy,Edwards,Clear,Front to Rear,no,no,no,no,no,False
102577924,METROPOLITAN NASHVILLE POLICE DEPT,20190849802,Davidson,Nashville,11/24/2019 5:59:00 AM,2,0,0,36.209800,-86.871570,BRILEY PKWYN,,,,4.00,Feet,North,ASHLAND CITY HWY,,,,0.00,N,Not at Intersection,N,Non-Junction,None,,,         ,Jamel,Griffin,Clear,"Sideswipe, Same Direction",no,no,no,no,yes,False
102577927,METROPOLITAN NASHVILLE POLICE DEPT,20190850205,Davidson,Not in City Limit,11/24/2019 11:20:00 AM,2,0,0,36.261240,-86.712530,GALLATIN PKES,,,,0.00,,,MAPLE ST,,,,0.00,Y,T-Intersection,N,Intersection-Related,None,,,         ,Blake,McKay,Clear,"Sideswipe, Same Direction",no,no,no,no,yes,False
102577938,METROPOLITAN NASHVILLE POLICE DEPT,20190850180,Davidson,Nashville,11/24/2019 11:10:00 AM,2,0,0,36.074850,-86.919580,BELLEVUE VALLEY PLAZA PVTDR,,,,21.00,Feet,South,HIGHWAY 70S,,,,0.00,N,Not at Intersection, ,Non-Junction,None,,,         ,Douglas,Atwood,Clear,Angle,no,no,no,no,no,False
102577939,METROPOLITAN NASHVILLE POLICE DEPT,20190850241,Davidson,Antioch,11/24/2019 11:50:00 AM,2,0,0,36.016850,-86.619880,FIRESTONE PKWY,,,,0.00,Feet,,OLD HICKORY BLVD,,,,0.00,Y,Four-Way, ,Intersection,None,,,         ,Nicholas,Carter,Clear,Angle,no,no,no,no,no,False
102577960,METROPOLITAN NASHVILLE POLICE DEPT,20190850186,Davidson,Nashville,11/24/2019 10:50:00 AM,4,0,0,36.180300,-86.760100,NEILL AV,,,,158.00,Feet,South,MARINA ST,,,,0.00,N,Not at Intersection, ,Non-Junction,None,,,         ,Zachary,Carter,Clear,HeadOn,no,no,no,no,yes,False
102577972,METROPOLITAN NASHVILLE POLICE DEPT,20190850184,Davidson,Nashville,11/24/2019 11:14:00 AM,2,0,0,36.218270,-86.695850,MUSIC VALLEY DR,,,,460.00,Feet,North,MCGAVOCK PKE,,,,0.00,N,Not at Intersection, ,Non-Junction,None,,,         ,Anna,Clayton,Clear,Angle,no,no,no,no,no,False
102577997,METROPOLITAN NASHVILLE POLICE DEPT,20190850301,Davidson,Nashville,11/24/2019 12:46:00 PM,2,0,0,36.171430,-86.769040,INTERSTATE DR,,,,0.00,,,JAMES ROBERTSON PKWY,,,,0.00,Y,Four-Way,N,Intersection,None,,,         ,Kyle,Eicholtz,Clear,Angle,no,no,no,no,yes,False
102577998,METROPOLITAN NASHVILLE POLICE DEPT,20190850275,Davidson,Nashville,11/24/2019 12:07:00 PM,2,0,0,36.168690,-86.762340,EDGEFIELD MANOR PVTDR,,,,133.00,Feet,East,S 5TH ST,,,,0.00,N,Not at Intersection,N,Non-Junction,None,,,         ,Faye,Denson,Clear,Front to Rear,no,no,no,no,no,False
102578014,METROPOLITAN NASHVILLE POLICE DEPT,20190850300,Davidson,Nashville,11/24/2019 12:46:00 PM,2,1,0,36.208880,-86.734560,KIRKLAND AV,,,,0.00,,,GALLATIN PKE,,,,0.00,Y,T-Intersection,N,Intersection,None,,,         ,Dillon,Hunt,Clear,Angle,no,no,no,no,no,False
102578015,METROPOLITAN NASHVILLE POLICE DEPT,20190850223,Davidson,Nashville,11/24/2019 11:41:00 AM,3,3,0,36.070330,-86.701390,HAYWOOD LN,,,,192.00,Feet,West,WEST VALLEY DR,,,,0.00,N,Not at Intersection,N,Non-Junction,None,,,         ,Jason,Hees,Clear,Front to Rear,no,no,no,no,no,False
102578016,METROPOLITAN NASHVILLE POLICE DEPT,20190850357,Davidson,Nashville,11/24/2019 1:13:00 PM,2,0,0,36.158930,-86.820640,CLIFTON AV,,,,247.00,Feet,West,29TH AVN,,,,0.00,N,Not at Intersection,N,Non-Junction,None,,,         ,Fabjan,Llukaj,Clear,Angle,no,no,no,no,no,False
102578023,METROPOLITAN NASHVILLE POLICE DEPT,20190850342,Davidson,Nashville,11/24/2019 1:26:00 PM,2,1,0,36.140790,-86.628070,BELL RD,,,,100.00,Feet,South,ELM HILL PIKE,,,,0.00,N,Not at Intersection, ,Non-Junction,None,,,         ,Richard,Luellen,Clear,"Sideswipe, Same Direction",no,no,no,no,no,False
102578024,METROPOLITAN NASHVILLE POLICE DEPT,20190850308,Davidson,Nashville,11/24/2019 12:55:00 PM,3,1,0,36.135100,-86.726900,I24E,,,,144.00,Feet,South,I24 W ENT RAMP,,,,0.00,N,Not at Intersection,N,Non-Junction,None,,,         ,Charles,Wakefield,Clear,Front to Rear,no,no,no,no,no,False
102578041,METROPOLITAN NASHVILLE POLICE DEPT,20190850293,Davidson,Nashville,11/24/2019 12:00:00 AM,1,0,0,36.136640,-86.727210,I 24,,,,0.00,,,,,,,51.30,N,Not at Intersection,N,Non-Junction,None,,,         ,Joseph,Simon,Clear,Not Collision with Motor Vehicle in Transport,no,no,no,no,yes,False
102578042,METROPOLITAN NASHVILLE POLICE DEPT,20190850365,Davidson,Nashville,11/24/2019 1:27:00 PM,2,0,0,36.141250,-86.717040,I 40,,,,0.00,,,,,,,213.80,N,Not at Intersection,N,Non-Junction,None,,,         ,Anna,Clayton,Clear,Front to Rear,no,no,no,no,no,False
102578053,METROPOLITAN NASHVILLE POLICE DEPT,20190850325,Davidson,Donelson,11/24/2019 11:30:00 AM,2,0,0,36.202860,-86.694350,OPRY MILLS DR,,,,1190.00,Feet,East,MOSS ROSE DR,,,,0.00,N,Not at Intersection,N,Non-Junction,None,,,         ,Jessie,Loy,Clear,Angle,no,no,no,yes,no,False
102578054,METROPOLITAN NASHVILLE POLICE DEPT,20190850388,Davidson,Nashville,11/24/2019 2:01:00 PM,2,0,0,36.167600,-86.762220,S 5TH ST,,,,0.00,,,SHELBY AV,,,,0.00,Y,OTHER, ,Non-Junction,None,,,         ,Ronald,Bright,Clear,Angle,no,no,no,no,no,False
102578064,METROPOLITAN NASHVILLE POLICE DEPT,20190850320,Davidson,Nashville,11/24/2019 1:06:00 PM,3,2,0,36.198440,-86.620270,LEBANON PKE,,,,0.00,Feet,,OLD HICKORY BLVD,,,,0.00,Y,Four-Way,Y,Intersection,None,,,         ,Amanda,Topping,Clear,Front to Rear,no,no,no,no,no,False