master_record_number,agency,agency_tracking_number,county,city,collision_date,vehicles_involved,number_injured,number_dead,latitude,longitude,roadway_name,roadway_suffix,roadway_number,roadway_local_id,distance_from_reference,miles-feet_indicator,direction_from_reference,intersection_road_name,intersection_road_name_suffix,intersection_road_number,intersection_local_id,mile_marker,intersection_indicator,intersect_type,interchange_related_indicator,relation_to_junction,work_zone_type,construction_maintenance_zone,construction_maintenance_zone_location,fatal_case_number,officer_first_name,officer_last_name,weather_condition(s),manner_of_crash,pedestrian,bicycle,scooter,parking,hitrun,mou
102580241,METROPOLITAN NASHVILLE POLICE DEPT,20190855392,Davidson,Nashville,11/26/2019 4:08:00 PM,2,2,0,36.071720,-86.646220,EDGE O LAKE DR,,,,291.00,Feet,South,RICE RD,,,,0.00,N,Not at Intersection,N,Non-Junction,None,,,         ,Taylor,Hurley,Rain,Angle,no,no,no,no,no,False
102580245,METROPOLITAN NASHVILLE POLICE DEPT,20190855393,Davidson,Nashville,11/26/2019 3:31:00 PM,2,0,0,36.140530,-86.731850,I 24,,,,0.00,,,,,,,51.60,N,Not at Intersection,Y,Entrance/Exit Ramp Related,None,,,         ,Jarret,Sonnenberg,Rain,Front to Rear,no,no,no,no,yes,False
102580247,METROPOLITAN NASHVILLE POLICE DEPT,20190855503,Davidson,Nashville,11/26/2019 4:50:00 PM,1,0,0,36.125450,-86.713430,LAWNDALE DR,,,,0.00,,,EAST THOMPSON LN,,,,0.00,Y,OTHER,Y,Intersection-Related,None,,,         ,Laura,Williams,Rain,Not Collision with Motor Vehicle in Transport,no,no,no,no,no,False
102580253,METROPOLITAN NASHVILLE POLICE DEPT,20190855254,Davidson,Nashville,11/26/2019 3:00:00 PM,2,0,0,36.163870,-86.786620,CHARLOTTE AV,,,,0.00,,,YMCA WAY,,,,0.00,Y,Four-Way, ,Intersection,None,,,         ,Mark,Woodfin,Rain,Angle,no,no,no,no,no,False
102580257,METROPOLITAN NASHVILLE POLICE DEPT,20190855267,Davidson,Nashville,11/26/2019 3:03:00 PM,2,0,0,36.160400,-86.793690,14TH AVN,,,,0.00,,,,,,,0.00,,, ,,None,,,         ,FELIKS,ABRAHAMYAN,,,no,no,no,no,no,False
102580258,METROPOLITAN NASHVILLE POLICE DEPT,20190855425,Davidson,Nashville,11/26/2019 4:09:00 PM,2,0,0,36.176510,-86.800710,I 65,,,,0.00,,,,,,,84.75,N,Not at Intersection, ,Non-Junction,None,,,         ,Melvin,Taylor,Clear,Front to Rear,no,no,no,no,no,False
102580278,METROPOLITAN NASHVILLE POLICE DEPT,20190855586,Davidson,Nashville,11/26/2019 4:56:00 PM,2,0,0,36.157280,-86.799200,18TH AVN,,,,145.00,Feet,North,PATTERSON ST,,,,0.00,N,Not at Intersection, ,Non-Junction,None,,,         ,Randall,Ward,Rain,Front to Rear,no,no,no,no,no,False
102580281,METROPOLITAN NASHVILLE POLICE DEPT,20190855552,Davidson,Nashville,11/26/2019 5:41:00 PM,2,0,0,36.169530,-86.671550,LEBANON PKE,,,,15.00,Feet,East,BLUEFIELD AV,,,,0.00,N,Not at Intersection, ,Non-Junction,None,,,         ,Samuel,Sundra,Rain,Angle,no,no,no,no,no,False
102580284,METROPOLITAN NASHVILLE POLICE DEPT,20190855610,Davidson,Nashville,11/26/2019 5:50:00 PM,2,0,0,36.202640,-86.739030,GALLATIN PKE,,,,87.00,Feet,North,LITTON AV,,,,0.00,N,Not at Intersection, ,Non-Junction,None,,,         ,Jose,Oliveros,Rain,Front to Rear,no,no,no,no,no,False
102580286,METROPOLITAN NASHVILLE POLICE DEPT,20190855537,Davidson,Nashville,11/26/2019 5:08:00 PM,3,1,0,36.097740,-86.738480,NOLENSVILLE PKE,,,,0.00,,,VERITAS ST,,,,0.00,Y,T-Intersection,N,Intersection-Related,None,,,         ,Patrick,Martin,Rain,Front to Rear,no,no,no,no,no,False
102580287,METROPOLITAN NASHVILLE POLICE DEPT,20190855568,Davidson,Nashville,11/26/2019 5:30:00 PM,2,0,0,36.203500,-86.776640,I 65,,,,0.00,,,,,,,87.10,N,Not at Intersection, ,,None,,,         ,Cody,Jaworski,,,no,no,no,no,no,False
102580289,METROPOLITAN NASHVILLE POLICE DEPT,20190855595,Davidson,Nashville,11/26/2019 5:35:00 PM,2,0,0,36.212550,-86.691400,BRILEY PKWYN,,,,18.00,Feet,South,BRILEY PKWY N EXT RAMP,,,,0.00,N,Not at Intersection,N,Non-Junction,None,,,         ,Darci,Stechman,Rain,Front to Rear,no,no,no,no,yes,False
102580296,GOODLETTSVILLE POLICE DEPT,19-44234,Davidson,Goodlettsville,11/26/2019 3:20:00 PM,1,0,0,36.323220,-86.705780,I65 S ENT RAMP,,,,0.00,Feet,East,I 65,,,,0.00,N,Not at Intersection,N,Entrance/Exit Ramp Related,None,,,         ,Nicholas,Given,Rain,Not Collision with Motor Vehicle in Transport,no,no,no,no,no,False
102580297,METROPOLITAN NASHVILLE POLICE DEPT,20190855604,Davidson,Nashville,11/26/2019 5:01:00 PM,2,0,0,36.125640,-86.846740,HARDING PKE,,,,100.00,Feet,West,KENNER AV,,,,0.00,N,Not at Intersection, ,Non-Junction,None,,,         ,Sekou,Samassi,Rain,Angle,no,no,no,no,no,False
102580301,METROPOLITAN NASHVILLE POLICE DEPT,20190855547,Davidson,Nashville,11/26/2019 5:10:00 PM,2,3,0,36.154600,-86.788400,I 40,,,,0.00,,,,,,,209.25,N,Not at Intersection,N,Non-Junction,None,,,         ,Brent,Morris,Rain,Front to Rear,no,no,no,no,no,False
102580309,METROPOLITAN NASHVILLE POLICE DEPT,20190855445,Davidson,Nashville,11/26/2019 4:30:00 PM,2,0,0,36.125200,-86.776740,FRANKLIN PKE,,,,0.00,,,INVERNESS AV,,,,0.00,Y,T-Intersection, ,,None,,,         ,Randy,Puckett,,,no,no,no,no,no,False
102580312,METROPOLITAN NASHVILLE POLICE DEPT,20190855304,Davidson,Nashville,11/26/2019 3:11:00 PM,3,0,0,36.139550,-86.726830,I24E,,,,455.00,Feet,North,I40 E ENT RAMP,,,,0.00,N,Not at Intersection, ,Non-Junction,None,,,         ,Jesse,Cox,Rain,Front to Rear,no,no,no,no,yes,False
102580321,METROPOLITAN NASHVILLE POLICE DEPT,20190855418,Davidson,Nashville,11/26/2019 3:54:00 PM,2,0,0,36.107290,-86.768800,I 65,,,,0.00,,,,,,,79.55,N,Not at Intersection,N,Non-Junction,None,,,         ,FELIKS,ABRAHAMYAN,Rain,Front to Rear,no,no,no,no,yes,False
102580325,METROPOLITAN NASHVILLE POLICE DEPT,20190855673,Davidson,Nashville,11/26/2019 5:38:00 PM,2,0,0,36.143360,-86.793130,EDGEHILL AV,,,,0.00,,,16TH AVS,,,,0.00,Y,Four-Way, ,Intersection,None,,,         ,Randall,Ward,Rain,Angle,no,no,no,no,no,False
102580329,METROPOLITAN NASHVILLE POLICE DEPT,20190855516,Davidson,Nashville,11/26/2019 4:30:00 PM,2,0,0,36.157220,-86.834310,40TH AVN,,,,49.00,Feet,North,CLIFTON AV,,,,0.00,N,Not at Intersection,N,Non-Junction,None,,,         ,Melissa,Lomax,Rain,"Sideswipe, Opposite Direction",no,no,no,no,no,False
102580330,METROPOLITAN NASHVILLE POLICE DEPT,20190855602,Davidson,Not in City Limit,11/26/2019 5:33:00 PM,2,0,0,36.077450,-86.947140,HIGHWAY 70S,,,,0.00,,,BELLEVUE CTR PVTDR,,,,0.00,Y,Four-Way, ,Intersection,None,,,         ,James,Wells Jr.,Rain,Angle,no,no,no,no,no,False
102580333,METROPOLITAN NASHVILLE POLICE DEPT,20190855620,Davidson,Nashville,11/26/2019 12:00:00 AM,2,0,0,36.218040,-86.803380,WHITES CREEK PKE,,,,51.00,Feet,South,MOORMANS ARM RD,,,,0.00,N,Not at Intersection,N,Unknown,None,,,         ,Julie,Nabors,Rain,Front to Rear,no,no,no,no,no,False
102580334,METROPOLITAN NASHVILLE POLICE DEPT,20190855650,Davidson,Nashville,11/26/2019 5:49:00 PM,2,0,0,36.120800,-86.750030,I440 E ENT RAMP,,,,0.00,Feet,East,NOLENSVILLE PKE,,,,0.00,N,Not at Intersection, ,,None,,,         ,Je-Marc,Sears,,,no,no,no,no,no,False
102580336,METROPOLITAN NASHVILLE POLICE DEPT,20190855699,Davidson,Nashville,11/26/2019 5:25:00 PM,2,0,0,36.171330,-86.769320,JAMES ROBERTSON PKWY,,,,19.00,Feet,East,MAIN ST,,,,0.00,N,Not at Intersection,N,Non-Junction,None,,,         ,Brent,Morris,Rain,Front to Rear,no,no,no,no,yes,False
102580337,METROPOLITAN NASHVILLE POLICE DEPT,20190855655,Davidson,Nashville,11/26/2019 6:15:00 PM,2,0,0,36.160280,-86.760140,I 24,,,,0.00,,,,,,,49.45,N,Not at Intersection, ,,None,,,         ,Kevin,Clausius,,,no,no,no,no,no,False
102580339,METROPOLITAN NASHVILLE POLICE DEPT,20190855629,Davidson,Nashville,11/26/2019 6:03:00 PM,2,2,0,36.064750,-86.684540,I 24,,,,0.00,,,,,,,57.40,N,Not at Intersection,N,Non-Junction,None,,,         ,Taylor,Hurley,Rain,Front to Rear,no,no,no,no,yes,False
102580344,METROPOLITAN NASHVILLE POLICE DEPT,20190855557,Davidson,Nashville,11/26/2019 5:23:00 PM,2,1,0,36.121660,-86.756390,I 440,,,,0.00,,,,,,,6.00,N,Not at Intersection, ,Non-Junction,Construction Zone,,,         ,FELIKS,ABRAHAMYAN,Rain,Front to Rear,no,no,no,no,no,False
102580345,METROPOLITAN NASHVILLE POLICE DEPT,20190855618,Davidson,Nashville,11/26/2019 5:55:00 PM,2,0,0,36.116310,-86.770400,I440 E ENT RAMP,,,,0.00,,,I 65,,,,0.00,Y,OTHER, ,Entrance/Exit Ramp Related,Construction Zone,,,         ,Douglas,Sykes,Rain,"Sideswipe, Same Direction",no,no,no,no,no,False
102580346,METROPOLITAN NASHVILLE POLICE DEPT,20190855663,Davidson,Nashville,11/26/2019 6:27:00 PM,2,0,0,36.086560,-86.771450,HARDING PL,,,,151.00,Feet,East,FRANKLIN PKE,,,,0.00,N,Not at Intersection,N,Non-Junction,None,,,         ,Randy,Puckett,Rain,Front to Rear,no,no,no,no,no,False
102580348,METROPOLITAN NASHVILLE POLICE DEPT,20190855545,Davidson,Nashville,11/26/2019 5:13:00 PM,2,2,0,36.226290,-86.603190,SHUTE LN,,,,8.00,Feet,South,SAUNDERSVILLE RD,,,,0.00,N,Not at Intersection,N,Non-Junction,None,,,         ,Maryanne,Bartello,Rain,HeadOn,no,no,no,no,no,False
102580351,METROPOLITAN NASHVILLE POLICE DEPT,20190855690,Davidson,Nashville,11/26/2019 5:30:00 PM,2,0,0,36.153690,-86.757570,I 40,,,,0.00,,,,,,,211.10,N,Not at Intersection,N,Non-Junction,None,,,         ,Darci,Stechman,Rain,"Sideswipe, Same Direction",no,no,no,no,yes,False
102580360,METROPOLITAN NASHVILLE POLICE DEPT,20190855686,Davidson,Nashville,11/26/2019 6:40:00 PM,2,1,0,36.180590,-86.796350,GARFIELD ST,,,,0.00,Feet,East,ROSA L PARKS BLVD,,,,0.00,N,Not at Intersection, ,Non-Junction,None,,,         ,Eric,McCoy,Rain,Angle,no,no,no,no,no,False
102580365,METROPOLITAN NASHVILLE POLICE DEPT,20190855659,Davidson,Nashville,11/26/2019 5:10:00 PM,2,0,0,36.149040,-86.857910,WHITE BRIDGE PKE,,,,227.00,Feet,North,LENOX AV,,,,0.00,N,Not at Intersection, ,Non-Junction,None,,,         ,Molly,Page,Rain,Angle,no,no,no,no,no,False
102580374,METROPOLITAN NASHVILLE POLICE DEPT,20190855623,Davidson,Nashville,11/26/2019 6:01:00 PM,2,3,0,36.115920,-86.798620,BATTLEFIELD DR,,,,0.00,,,STOKES LN,,,,0.00,Y,Four-Way,N,Intersection,None,,,         ,FELIKS,ABRAHAMYAN,Rain,Angle,no,no,no,no,no,False
102580378,METROPOLITAN NASHVILLE POLICE DEPT,20190855499,Davidson,Nashville,11/26/2019 4:45:00 PM,2,1,0,36.118870,-86.718630,CURREY RD,,,,0.00,,,EAST THOMPSON LN,,,,0.00,Y,Four-Way,N,Intersection,None,,,         ,Jesse,Cox,Rain,Angle,no,no,no,no,no,False
102580396,BERRY HILL POLICE DEPT,19-5027,Davidson,Berry Hill,11/26/2019 6:44:00 PM,1,0,0,36.118160,-86.766110,BRANSFORD AV,,,,207.00,Feet,North,LARMON AV,,,,0.00,N,Not at Intersection,N,"Driveway, Alley Access, etc",None,,,         ,Roy,Morris,Rain,Not Collision with Motor Vehicle in Transport,no,no,no,no,no,False
102580399,METROPOLITAN NASHVILLE POLICE DEPT,20190855738,Davidson,Nashville,11/26/2019 4:41:00 PM,1,1,0,36.120440,-86.781870,KIRKWOOD AV,,,,239.00,Feet,West,W KIRKWOOD AV,,,,0.00,N,Not at Intersection,N,Non-Junction,None,,,         ,Conor,Cronin,Rain,Not Collision with Motor Vehicle in Transport,no,no,no,no,no,False
102580401,METROPOLITAN NASHVILLE POLICE DEPT,20190855661,Davidson,Nashville,11/26/2019 5:03:00 PM,2,0,0,36.066260,-86.686400,I 24,,,,0.00,,,,,,,57.30,N,Not at Intersection, ,Non-Junction,None,,,         ,Patrick,Martin,Rain,"Sideswipe, Same Direction",no,no,no,no,no,False
102580402,METROPOLITAN NASHVILLE POLICE DEPT,20190855633,Davidson,Nashville,11/26/2019 6:05:00 PM,2,0,0,36.133830,-86.788810,ACKLEN AV,,,,0.00,,,12TH AVS,,,,0.00,Y,T-Intersection,N,Intersection,None,,,         ,John,Stanfield,Rain,Angle,no,no,no,no,no,False
102580409,METROPOLITAN NASHVILLE POLICE DEPT,20190855411,Davidson,Not in City Limit,11/26/2019 4:13:00 PM,1,1,0,36.265180,-86.858390,DRY FORK RD,,,,0.00,,,,,,,0.00,,,N,Non-Junction,None,,,         ,Brian,Woodard,Rain,Not Collision with Motor Vehicle in Transport,no,no,no,yes,no,False
102580412,METROPOLITAN NASHVILLE POLICE DEPT,20190855748,Davidson,Nashville,11/26/2019 7:10:00 PM,1,0,0,36.154300,-86.788210,I 40,,,,0.00,,,,,,,209.25,N,Not at Intersection,N,Non-Junction,None,,,         ,Brent,Morris,Rain,Not Collision with Motor Vehicle in Transport,no,no,no,no,yes,False
102580413,METROPOLITAN NASHVILLE POLICE DEPT,20190855694,Davidson,Nashville,11/26/2019 5:07:00 PM,2,0,0,36.153280,-86.853340,I 40,,,,0.00,,,,,,,204.20,N,Not at Intersection,N,Non-Junction,None,,,         ,Molly,Page,Rain,Angle,no,no,no,no,yes,False
102580418,MOUNT JULIET POLICE DEPT,19-39407,Davidson,Nashville,11/26/2019 6:55:00 PM,2,0,0,36.216890,-86.583010,LEBANON RD,,,,50.00,Feet,West,PIN OAK DR,,,,0.00,N,Not at Intersection,N,Non-Junction,None,,,         ,Scott,Fulton,Rain,Angle,no,no,no,no,no,False
102580424,METROPOLITAN NASHVILLE POLICE DEPT,20190855627,Davidson,Nashville,11/26/2019 5:59:00 PM,2,1,0,36.143690,-86.814200,WEST END AV,,,,0.00,Feet,West,30TH AVN,,,,0.00,N,Not at Intersection,N,Non-Junction,None,,,         ,Gabriel,Hamilton,Clear,"Sideswipe, Same Direction",no,no,no,no,no,Campus
102580431,METROPOLITAN NASHVILLE POLICE DEPT,20190855758,Davidson,Nashville,11/26/2019 6:12:00 PM,2,0,0,36.071370,-86.769580,I 65,,,,0.00,,,,,,,77.00,N,Not at Intersection, ,Non-Junction,None,,,         ,Douglas,Sykes,Rain,Front to Rear,no,no,no,no,no,False
102580432,METROPOLITAN NASHVILLE POLICE DEPT,20190855517,Davidson,Nashville,11/26/2019 4:40:00 PM,2,0,0,36.074260,-86.638440,MURFREESBORO PKE,,,,101.00,Feet,South,RURAL HILL RD,,,,0.00,N,Not at Intersection,N,Non-Junction,None,,,         ,Nathaniel,Myers,Rain,Front to Rear,no,no,no,no,yes,False
102580433,METROPOLITAN NASHVILLE POLICE DEPT,20190855594,Davidson,Nashville,11/26/2019 5:26:00 PM,3,0,0,36.029810,-86.637930,I 24,,,,0.00,,,,,,,61.00,N,Not at Intersection,N,Non-Junction,None,,,         ,Nathaniel,Myers,Rain,Front to Rear,no,no,no,no,no,False
102580434,METROPOLITAN NASHVILLE POLICE DEPT,20190855700,Davidson,Antioch,11/26/2019 6:49:00 PM,2,0,0,36.041280,-86.609200,HOBSON PKE,,,,970.00,Feet,West,MURFREESBORO PKE,,,,0.00,N,Not at Intersection, ,,None,,,         ,Nathaniel,Myers,,,no,no,no,no,no,False
102580435,METROPOLITAN NASHVILLE POLICE DEPT,20190855732,Davidson,Antioch,11/26/2019 5:34:00 PM,3,0,0,36.068160,-86.596360,MT VIEW RD,,,,7.00,Feet,East,MT VIEW RIDGE DR,,,,0.00,N,Not at Intersection, ,,None,,,         ,Nathaniel,Myers,,,no,no,no,no,no,False
102580439,METROPOLITAN NASHVILLE POLICE DEPT,20190855608,Davidson,Not in City Limit,11/26/2019 5:48:00 PM,2,0,0,36.078020,-86.994650,I 40,,,,0.00,,,,,,,193.95,N,Not at Intersection,N,Non-Junction,None,,,         ,Mario,Diaz,Rain,"Sideswipe, Same Direction",no,no,no,no,no,False
102580440,METROPOLITAN NASHVILLE POLICE DEPT,20190855525,Davidson,Not in City Limit,11/26/2019 5:02:00 PM,2,0,0,36.260170,-86.712940,GALLATIN PKES,,,,78.00,Feet,South,HICKORY ST,,,,0.00,N,Not at Intersection, ,Non-Junction,None,,,         ,Christopher,Littles,Rain,Front to Rear,no,no,no,no,no,False
102580441,METROPOLITAN NASHVILLE POLICE DEPT,20190855549,Davidson,Not in City Limit,11/26/2019 4:56:00 PM,2,0,0,36.275630,-86.689500,MYATT DR,,,,150.00,Feet,South,MYATT CENTER LN,,,,0.00,N,Not at Intersection, ,Non-Junction,None,,,         ,Christopher,Littles,Rain,Front to Rear,no,no,no,no,no,False
102580442,METROPOLITAN NASHVILLE POLICE DEPT,20190855715,Davidson,Not in City Limit,11/26/2019 6:32:00 PM,2,0,0,36.268340,-86.756160,DICKERSON PKE,,,,0.00,,,BELL GRIMES LN,,,,0.00,Y,T-Intersection, ,Intersection,None,,,         ,Christopher,Littles,Rain,"Sideswipe, Opposite Direction",no,no,no,no,no,False
102580443,METROPOLITAN NASHVILLE POLICE DEPT,20190855768,Davidson,Not in City Limit,11/26/2019 6:12:00 PM,2,0,0,36.267020,-86.737050,I 65,,,,0.00,,,,,,,92.45,N,Not at Intersection, ,,None,,,         ,Christopher,Littles,,,no,no,no,no,no,False
102580444,METROPOLITAN NASHVILLE POLICE DEPT,20190855585,Davidson,Nashville,11/26/2019 4:45:00 PM,2,0,0,36.152310,-86.681750,ELM HILL PKE,,,,244.00,Feet,West,AIRWAYS CIR,,,,0.00,N,Not at Intersection,N,Non-Junction,None,,,         ,Allyson,Reis,Rain,Front to Rear,no,no,no,no,no,False
102580445,METROPOLITAN NASHVILLE POLICE DEPT,20190855617,Davidson,Goodlettsville,11/26/2019 5:30:00 PM,2,0,0,36.304710,-86.688980,NORTHSIDE FESTIVAL PVTDR,,,,0.00,,,LIBERTY LN,,,,0.00,Y,Four-Way, ,,None,,,         ,Derek,Sibley,,,no,no,no,no,no,False
102580446,METROPOLITAN NASHVILLE POLICE DEPT,20190855762,Davidson,Nashville,11/26/2019 12:00:00 AM,2,0,0,36.210450,-86.775980,I 65,,,,0.00,,,,,,,87.60,N,Not at Intersection, ,,None,,,         ,Julie,Nabors,,,no,no,no,no,no,False
102580448,THP District 3 - Nashville,319077084,Davidson,Nashville,11/26/2019 2:17:00 PM,2,1,0,36.226050,-86.695780,BRILEY PKWYS,,,,710.00,Feet,North,MUSIC CITY CIR,,,,0.00,N,Not at Intersection,N,Non-Junction,None,,,         ,Kevin,Smith,Cloudy,Angle,no,no,no,no,no,False
102580451,METROPOLITAN NASHVILLE POLICE DEPT,20190855369,Davidson,Not in City Limit,11/26/2019 3:58:00 PM,1,1,0,36.257190,-86.677460,CHEYENNE BLVD,,,,127.00,Feet,South,NEELY MEADOWS PVTDR,,,,0.00,N,Not at Intersection,N,Non-Junction,None,,,         ,DuJuan,Kendrick,Rain,Not Collision with Motor Vehicle in Transport,no,no,no,no,no,False
102580452,METROPOLITAN NASHVILLE POLICE DEPT,20190855569,Davidson,Not in City Limit,11/26/2019 5:30:00 PM,2,3,0,36.263190,-86.713170,OLD HICKORY BLVDW,,,,24.00,Feet,West,OLD TIME VILLAGE PVTDR,,,,0.00,N,Not at Intersection,N,Non-Junction,None,,,         ,DuJuan,Kendrick,Rain,Front to Rear,no,no,no,no,yes,False
102580455,METROPOLITAN NASHVILLE POLICE DEPT,20190855706,Davidson,Nashville,11/26/2019 5:32:00 PM,3,0,0,36.157410,-86.790340,I 40,,,,0.00,,,,,,,209.00,N,Not at Intersection, ,Non-Junction,None,,,         ,Kiana,Perry,Rain,Front to Rear,no,no,no,no,yes,False
102580457,METROPOLITAN NASHVILLE POLICE DEPT,20190855528,Davidson,Nashville,11/26/2019 5:00:00 PM,1,1,0,36.231130,-86.813280,WHITES CREEK PKE,,,,1112.00,Feet,South,BRILEY PKWY E ENT RAMP,,,,0.00,N,Not at Intersection,N,Non-Junction,None,,,         ,Bailee,Hickman,Rain,Not Collision with Motor Vehicle in Transport,yes,no,no,yes,no,False
102580458,METROPOLITAN NASHVILLE POLICE DEPT,20190855791,Davidson,Nashville,11/26/2019 6:20:00 PM,2,0,0,36.213620,-86.687830,MCGAVOCK PKE,,,,28.00,Feet,North,PLEASANT GREEN RD,,,,0.00,N,Not at Intersection,N,Non-Junction,None,,,         ,Keenan,McCann,Rain,Front to Rear,no,no,no,no,yes,False
102580459,METROPOLITAN NASHVILLE POLICE DEPT,20190855792,Davidson,Nashville,11/26/2019 7:13:00 PM,2,0,0,36.110140,-86.770390,I 65,,,,0.00,,,,,,,79.75,N,Not at Intersection, ,,None,,,         ,Randy,Puckett,,,no,no,no,no,no,False
102580460,METROPOLITAN NASHVILLE POLICE DEPT,20190855212,Davidson,Nashville,11/26/2019 2:10:00 PM,4,2,0,36.166090,-86.764660,I 24,,,,0.00,,,,,,,49.00,N,Not at Intersection,N,Non-Junction,None,,,         ,Roy,Sain Jr.,Rain,Front to Rear,no,no,no,no,no,False
102580463,METROPOLITAN NASHVILLE POLICE DEPT,20190855777,Davidson,Nashville,11/26/2019 5:10:00 PM,2,0,0,36.114300,-86.692390,MURFREESBORO PKE,,,,1123.00,Feet,West,MCGAVOCK PKE,,,,0.00,N,Not at Intersection,N,Non-Junction,None,,,         ,Jesse,Cox,Rain,Angle,no,no,no,no,yes,False
102580465,METROPOLITAN NASHVILLE POLICE DEPT,20190855725,Davidson,Nashville,11/26/2019 7:03:00 PM,2,1,0,36.134670,-86.723510,MURFREESBORO PKE,,,,312.00,Feet,East,I24 W EXT RAMP,,,,0.00,N,Not at Intersection, ,Non-Junction,None,,,         ,Ryan,Sherry,Rain,Angle,no,no,no,no,no,False
102580466,METROPOLITAN NASHVILLE POLICE DEPT,20190855636,Davidson,Nashville,11/26/2019 6:09:00 PM,2,2,0,36.069570,-86.684110,ANTIOCH PKE,,,,288.00,Feet,South,HAYWOOD LN,,,,0.00,N,Not at Intersection,N,Non-Junction,None,,,         ,Marcus,Darden,Rain,Front to Rear,no,no,no,no,no,False
102580467,METROPOLITAN NASHVILLE POLICE DEPT,20190855634,Davidson,Not in City Limit,11/26/2019 6:02:00 PM,2,0,0,36.284700,-86.706390,GALLATIN PKEN,,,,180.00,Feet,South,TENNYSON AV,,,,0.00,N,Not at Intersection, ,Non-Junction,None,,,         ,Alexis,Pond,Rain,Front to Rear,no,no,no,no,no,False
102580468,METROPOLITAN NASHVILLE POLICE DEPT,20190855830,Davidson,Nashville,11/26/2019 7:03:00 PM,2,0,0,36.103540,-86.667010,MURFREESBORO PKE,,,,159.00,Feet,West,FAIRCLOTH LN,,,,0.00,N,Not at Intersection,N,Non-Junction,None,,,         ,Patrick,Martin,Rain,Front to Rear,no,no,no,no,yes,False
102580471,METROPOLITAN NASHVILLE POLICE DEPT,20190855763,Davidson,Nashville,11/26/2019 6:45:00 PM,2,0,0,36.207830,-86.767670,DICKERSON PKE,,,,116.00,Feet,North,DUKE ST,,,,0.00,N,Not at Intersection, ,Non-Junction,None,,,         ,Thomas,Parsons,Rain,HeadOn,no,no,no,no,no,False
102580476,METROPOLITAN NASHVILLE POLICE DEPT,20190855757,Davidson,Nashville,11/26/2019 5:30:00 PM,2,0,0,36.087210,-86.692760,HARDING PL,,,,181.00,Feet,West,ANTIOCH PKE,,,,0.00,N,Not at Intersection, ,,None,,,         ,Je-Marc,Sears,,,no,no,no,no,no,False
102580485,METROPOLITAN NASHVILLE POLICE DEPT,20190855406,Davidson,Nashville,11/26/2019 3:57:00 PM,2,0,0,36.170610,-86.768570,INTERSTATE DR,,,,82.00,Feet,North,WOODLAND ST,,,,0.00,N,Not at Intersection, ,Non-Junction,None,,,         ,Derek,Betty,Rain,"Sideswipe, Same Direction",no,no,no,no,no,False
102580486,METROPOLITAN NASHVILLE POLICE DEPT,20190855682,Davidson,Nashville,11/26/2019 5:40:00 PM,1,0,0,36.151990,-86.779270,8TH AVS,,,,73.00,Feet,North,GLEAVES ST,,,,0.00,N,Not at Intersection, ,Non-Junction,None,,,         ,Derek,Betty,Rain,Not Collision with Motor Vehicle in Transport,no,no,no,no,no,False
102580488,METROPOLITAN NASHVILLE POLICE DEPT,20190855809,Davidson,Nashville,11/26/2019 8:20:00 PM,3,1,0,36.193660,-86.831220,CLARKSVILLE PKE,,,,0.00,Feet,West,BUENA VISTA PKE,,,,0.00,N,Not at Intersection,N,Non-Junction,None,,,         ,Bryan,Musgrave,Rain,Angle,no,no,no,no,no,False
102580492,METROPOLITAN NASHVILLE POLICE DEPT,20190855703,Davidson,Nashville,11/26/2019 6:17:00 PM,2,0,0,36.177330,-86.792820,TAYLOR ST,,,,106.00,Feet,West,7TH AVN,,,,0.00,N,Not at Intersection, ,Non-Junction,None,,,         ,Melvin,Taylor,Clear,"Sideswipe, Same Direction",no,no,no,no,no,False
102580494,METROPOLITAN NASHVILLE POLICE DEPT,20190855388,Davidson,Nashville,11/26/2019 4:06:00 PM,2,0,0,36.065030,-86.771330,I 65,,,,0.00,,,,,,,76.60,N,Not at Intersection, ,Non-Junction,None,,,         ,Brandon,Hughes,Rain,Front to Rear,no,no,no,no,yes,False
102580506,METROPOLITAN NASHVILLE POLICE DEPT,20190855817,Davidson,Nashville,11/26/2019 7:09:00 PM,2,0,0,36.105930,-86.672500,MURFREESBORO PKE,,,,192.00,Feet,East,DONELSON PKE,,,,0.00,N,Not at Intersection, ,Non-Junction,None,,,         ,Parker,Vegas,Rain,"Sideswipe, Same Direction",no,no,no,no,no,False
102580508,METROPOLITAN NASHVILLE POLICE DEPT,20190855718,Davidson,Nashville,11/26/2019 6:55:00 PM,2,0,0,36.074260,-86.921700,HIGHWAY 70S,,,,88.00,Feet,East,OLD HARDING PKE,,,,0.00,N,Not at Intersection, ,Non-Junction,None,,,         ,Jeremy,Huffine,Rain,Angle,no,no,no,no,no,False
102580512,METROPOLITAN NASHVILLE POLICE DEPT,20190855855,Davidson,Nashville,11/26/2019 8:37:00 PM,1,0,0,36.073100,-86.691960,I 24,,,,0.00,,,,,,,56.70,N,Not at Intersection,N,Non-Junction,None,,,         ,Laura,Williams,Rain,Not Collision with Motor Vehicle in Transport,no,no,no,no,yes,False
102580516,METROPOLITAN NASHVILLE POLICE DEPT,20190855840,Davidson,Nashville,11/26/2019 8:08:00 PM,1,0,0,36.248050,-86.777770,BRICK CHURCH PKE,,,,151.00,Feet,North,VILLAGE TRL,,,,0.00,N,Not at Intersection,N,Non-Junction,None,,,         ,Christopher,Littles,Rain,Not Collision with Motor Vehicle in Transport,no,no,no,no,no,False