master_record_number,agency,agency_tracking_number,county,city,collision_date,vehicles_involved,number_injured,number_dead,latitude,longitude,roadway_name,roadway_suffix,roadway_number,roadway_local_id,distance_from_reference,miles-feet_indicator,direction_from_reference,intersection_road_name,intersection_road_name_suffix,intersection_road_number,intersection_local_id,mile_marker,intersection_indicator,intersect_type,interchange_related_indicator,relation_to_junction,work_zone_type,construction_maintenance_zone,construction_maintenance_zone_location,fatal_case_number,officer_first_name,officer_last_name,weather_condition(s),manner_of_crash,pedestrian,bicycle,scooter,parking,hitrun,mou
102584543,METROPOLITAN NASHVILLE POLICE DEPT,20190863623,Davidson,Not in City Limit,11/30/2019 6:20:00 PM,3,0,0,36.306100,-86.816960,I 24,,,,0.00,,,,,,,38.30,N,Not at Intersection, ,,None,,,         ,Tyler,Geiger,,,no,no,no,no,no,False
102584547,METROPOLITAN NASHVILLE POLICE DEPT,20190863746,Davidson,Nashville,11/30/2019 7:30:00 PM,1,0,0,36.154750,-86.848710,51ST AVN,,,,174.00,Feet,North,DELAWARE AV,,,,0.00,N,Not at Intersection, ,Non-Junction,None,,,         ,Sekou,Samassi,Rain,Not Collision with Motor Vehicle in Transport,no,no,no,yes,no,False
102584548,METROPOLITAN NASHVILLE POLICE DEPT,20190863737,Davidson,Nashville,11/30/2019 7:44:00 PM,2,1,0,36.214960,-86.603680,LEBANON PKE,,,,315.00,Feet,East,SHUTE LN,,,,0.00,N,Not at Intersection,N,Non-Junction,None,,,         ,Gabriel,Vasquez,Rain,Angle,no,no,no,no,no,False
102584575,METROPOLITAN NASHVILLE POLICE DEPT,20190863626,Davidson,Nashville,11/30/2019 6:22:00 PM,2,0,0,36.147910,-86.861110,OCEOLA AV,,,,0.00,,,,,,,0.00,,, ,,None,,,         ,Justin,Coyle,,,no,no,no,yes,no,False
102584582,METROPOLITAN NASHVILLE POLICE DEPT,20190863663,Davidson,Nashville,11/30/2019 7:20:00 PM,2,1,0,36.132710,-86.629260,BELL RD,,,,0.00,,,HARBORWOOD DR,,,,0.00,Y,T-Intersection,N,Non-Junction,None,,,         ,Brady,Reynolds,Rain,Angle,no,no,no,no,no,False
102584583,METROPOLITAN NASHVILLE POLICE DEPT,20190863337,Davidson,Nashville,11/30/2019 3:04:00 PM,2,0,0,36.080460,-86.726600,NOLENSVILLE PKE,,,,324.00,Feet,North,HARDING PL,,,,0.00,N,Not at Intersection,N,Non-Junction,None,,,         ,Steven,Begley,Cloudy,HeadOn,no,no,no,no,no,False
102584587,METROPOLITAN NASHVILLE POLICE DEPT,20190863736,Davidson,Nashville,11/30/2019 7:40:00 PM,1,1,0,36.127820,-86.789100,12TH AVS,,,,69.00,Feet,North,LINDEN AV,,,,0.00,N,Not at Intersection,N,Non-Junction,None,,,         ,Heather,Fox,Rain,Not Collision with Motor Vehicle in Transport,yes,no,no,no,no,False
102584589,METROPOLITAN NASHVILLE POLICE DEPT,20190863744,Davidson,Nashville,11/30/2019 7:34:00 PM,3,0,0,36.142350,-86.734970,I 40,,,,0.00,,,,,,,212.80,N,Not at Intersection,N,Non-Junction,None,,,         ,Torry,Hill,Rain,Other,no,no,no,no,yes,False
102584596,METROPOLITAN NASHVILLE POLICE DEPT,20190863734,Davidson,Nashville,11/30/2019 7:30:00 PM,3,2,0,36.082930,-86.709690,HARDING PL,,,,256.00,Feet,East,TAMPA DR,,,,0.00,N,Not at Intersection,N,Non-Junction,None,,,         ,Devonte,Coleman,Rain,Front to Rear,no,no,no,no,yes,False
102584600,METROPOLITAN NASHVILLE POLICE DEPT,20190863783,Davidson,Nashville,11/30/2019 8:20:00 PM,2,1,0,36.161350,-86.597130,OLD HICKORY BLVD,,,,4.00,Feet,North,BELL RD,,,,0.00,N,Not at Intersection,N,Non-Junction,None,,,         ,Tyler,Hall,Rain,Angle,no,no,no,no,no,False
102584602,METROPOLITAN NASHVILLE POLICE DEPT,20190863815,Davidson,Nashville,11/30/2019 8:54:00 PM,1,1,0,36.072810,-86.691780,I 24,,,,0.00,,,,,,,56.75,N,Not at Intersection,N,Non-Junction,None,,,         ,Ryan,Sherry,Rain,Not Collision with Motor Vehicle in Transport,no,no,no,no,no,False
102584603,METROPOLITAN NASHVILLE POLICE DEPT,20190863781,Davidson,Nashville,11/30/2019 7:15:00 PM,2,0,0,36.124100,-86.696440,STATE HWY 155,,,,73.00,Feet,South,VULTEE BLVD,,,,0.00,N,Not at Intersection,N,Non-Junction,None,,,         ,Maryanne,Bartello,Rain,Front to Rear,no,no,no,no,no,False
102584606,METROPOLITAN NASHVILLE POLICE DEPT,20190863785,Davidson,Nashville,11/30/2019 7:20:00 PM,2,0,0,36.192220,-86.800060,ROSA L PARKS BLVD,,,,546.00,Feet,North,VANTAGE WAY CT,,,,0.00,N,Not at Intersection,N,Non-Junction,None,,,         ,Jonathan,Sharp,Rain,Front to Rear,no,no,no,no,yes,False
102584611,METROPOLITAN NASHVILLE POLICE DEPT,20190863375,Davidson,Nashville,11/30/2019 3:20:00 PM,3,0,0,36.220560,-86.774770,I 65,,,,0.00,,,,,,,88.30,N,Not at Intersection,N,Non-Junction,None,,,         ,Peter,Kinsey,Rain,"Sideswipe, Same Direction",no,no,no,no,yes,False
102584612,METROPOLITAN NASHVILLE POLICE DEPT,20190861754,Davidson,Nashville,11/29/2019 6:00:00 PM,2,0,0,36.231690,-86.803530,EWING DR,,,,138.00,Feet,East,KNIGHT DR,,,,0.00,N,Not at Intersection,N,Non-Junction,None,,,         ,Peter,Kinsey,Cloudy,Front to Rear,no,no,no,no,no,False
102584613,METROPOLITAN NASHVILLE POLICE DEPT,20190863799,Davidson,Nashville,11/30/2019 8:36:00 PM,1,0,0,36.187980,-86.821590,CLARKSVILLE PIKE,,,,0.00,,,US HWY 41 ALT,,,,0.00,Y,Four-Way, ,Intersection,None,,,         ,Luke,Steigerwalt,Rain,Not Collision with Motor Vehicle in Transport,no,yes,no,no,no,False
102584618,METROPOLITAN NASHVILLE POLICE DEPT,20190863472,Davidson,Nashville,11/30/2019 4:33:00 PM,2,1,0,36.072760,-86.809500,GRANNY WHITE PKE,,,,1281.00,Feet,North,STONEWALL JACKSON CT,,,,0.00,N,Not at Intersection,N,Non-Junction,None,,,         ,John,Chambers,Rain,"Sideswipe, Opposite Direction",no,no,no,no,no,False
102584626,METROPOLITAN NASHVILLE POLICE DEPT,20190863764,Davidson,Nashville,11/30/2019 9:27:00 PM,1,1,0,36.185370,-86.746140,SEYMOUR AVE,,,,0.00,,,N 12TH ST,,,,0.00,Y,T-Intersection, ,Intersection-Related,None,,,         ,Chad,Connors,Rain,Not Collision with Motor Vehicle in Transport,yes,no,no,no,no,False
102584628,METROPOLITAN NASHVILLE POLICE DEPT,20190863844,Davidson,Nashville,11/30/2019 9:00:00 PM,1,0,0,36.246090,-86.779290,BRICK CHURCH PIKE,,,,18.00,Feet,South,CHESAPEAKE DR,,,,0.00,N,Not at Intersection,N,Non-Junction,None,,,         ,Mary,Robinson,Rain,Not Collision with Motor Vehicle in Transport,no,no,no,no,yes,False
102584629,METROPOLITAN NASHVILLE POLICE DEPT,20190862041,Davidson,Nashville,11/29/2019 9:31:00 PM,2,0,0,36.059070,-86.716220,NOLENSVILLE PKE,,,,0.00,,,TUSCULUM RD,,,,0.00,Y,Four-Way,N,Intersection,None,,,         ,Steven,Begley,Clear,HeadOn,no,no,no,no,no,False
102584632,METROPOLITAN NASHVILLE POLICE DEPT,20190863876,Davidson,Nashville,11/30/2019 9:41:00 PM,2,0,0,36.172500,-86.689090,BRILEY PKWYS,,,,95.00,Feet,West,BRILEY PKWYN,,,,0.00,N,Not at Intersection, ,Non-Junction,None,,,         ,Torry,Hill,Rain,"Sideswipe, Same Direction",no,no,no,no,yes,False
102584634,METROPOLITAN NASHVILLE POLICE DEPT,20190863643,Davidson,Nashville,11/30/2019 6:36:00 PM,1,0,0,36.169550,-86.600980,OLD HICKORY BLVD,,,,0.00,,,MILLS RD,,,,0.00,Y,OTHER,N,Non-Junction,None,,,         ,Eric,Thomas,Rain,Unknown,no,no,no,no,yes,False
102584635,METROPOLITAN NASHVILLE POLICE DEPT,20190863793,Davidson,Nashville,11/30/2019 8:30:00 PM,2,3,0,36.233140,-86.758660,MAPLEWOOD TRC,,,,0.00,,,W MAPLEWOOD LN,,,,0.00,Y,Four-Way,N,Intersection,None,,,         ,Wade,Johnson,Rain,Front to Rear,no,no,no,no,no,False
102584638,METROPOLITAN NASHVILLE POLICE DEPT,20190863860,Davidson,Nashville,11/30/2019 9:11:00 PM,1,0,0,36.168400,-86.656900,MUNN RD,,,,22.00,Feet,North,LEBANON PKE,,,,0.00,N,Not at Intersection,N,Non-Junction,None,,,         ,Jason,Milyaro Lucas,Rain,Not Collision with Motor Vehicle in Transport,no,no,no,no,yes,False
102584639,METROPOLITAN NASHVILLE POLICE DEPT,20190863784,Davidson,Not in City Limit,11/30/2019 8:28:00 PM,1,1,0,36.104330,-86.931770,I 40,,,,0.00,,,,,,,198.60,N,Not at Intersection,N,Non-Junction,None,,,         ,Adam,Reese,Rain,Not Collision with Motor Vehicle in Transport,no,no,no,no,no,False
102584641,METROPOLITAN NASHVILLE POLICE DEPT,20190863857,Davidson,Nashville,11/30/2019 9:23:00 PM,1,0,0,36.192290,-86.777110,I 65,,,,0.00,,,,,,,86.50,N,Not at Intersection,N,Non-Junction,None,,,         ,Jonathan,Sharp,Rain,Not Collision with Motor Vehicle in Transport,no,no,no,no,no,False
102584642,METROPOLITAN NASHVILLE POLICE DEPT,20190863887,Davidson,Nashville,11/30/2019 9:49:00 PM,1,5,0,36.058880,-86.670480,HICKORY HOLLOW PKWY,,,,20.00,Feet,North,MT VIEW RD,,,,0.00,N,Not at Intersection,N,Non-Junction,None,,,         ,Laura,Williams,Rain,Not Collision with Motor Vehicle in Transport,no,no,no,no,no,False
102584646,METROPOLITAN NASHVILLE POLICE DEPT,20190863904,Davidson,Nashville,11/30/2019 9:57:00 PM,2,2,0,36.074910,-86.639050,MURFREESBORO PKE,,,,196.00,Feet,North,RURAL HILL RD,,,,0.00,N,Not at Intersection,N,Non-Junction,None,,,         ,Steven,Powers,Rain,Angle,no,no,no,no,no,False
102584647,METROPOLITAN NASHVILLE POLICE DEPT,20190863908,Davidson,Nashville,11/30/2019 10:20:00 PM,1,0,0,36.036250,-86.644730,I 24,,,,0.00,,,,,,,60.40,N,Not at Intersection,N,Non-Junction,None,,,         ,Devonte,Coleman,Rain,Not Collision with Motor Vehicle in Transport,no,no,no,no,no,False
102584658,METROPOLITAN NASHVILLE POLICE DEPT,20190863890,Davidson,Nashville,11/30/2019 9:50:00 PM,2,1,0,36.128490,-86.906690,CHARLOTTE PKE,,,,0.00,Feet,,CHARLOTTE PKE PVTDR,,,,0.00,Y,Four-Way,Y,Intersection,None,,,         ,Clayton,Smith,Clear,Angle,no,no,no,no,no,False
102584662,METROPOLITAN NASHVILLE POLICE DEPT,20190863853,Davidson,Nashville,11/30/2019 9:15:00 PM,2,1,0,36.135120,-86.724160,MURFREESBORO PKE,,,,61.00,Feet,East,I24 W EXT RAMP,,,,0.00,N,Not at Intersection,N,Non-Junction,None,,,         ,Eric,Laury,Rain,Front to Rear,no,no,no,no,no,False
102584670,METROPOLITAN NASHVILLE POLICE DEPT,20190863820,Davidson,Nashville,11/30/2019 8:55:00 PM,4,0,0,36.080390,-86.718030,HARDING PL,,,,31.00,Feet,West,JONQUIL DR,,,,0.00,N,Not at Intersection,N,Non-Junction,None,,,         ,Jedidayah,Merriweather,Rain,Front to Rear,no,no,no,no,no,False
102584707,METROPOLITAN NASHVILLE POLICE DEPT,20190863839,Davidson,Nashville,11/30/2019 9:09:00 PM,2,0,0,36.064800,-86.628490,US HWY 41,,,,19.00,Feet,North,HAMILTON CHURCH RD,,,,0.00,N,Not at Intersection,N,Non-Junction,None,,,         ,Nathaniel,Myers,Rain,Front to Rear,no,no,no,no,no,False
102584708,METROPOLITAN NASHVILLE POLICE DEPT,20190863992,Davidson,Nashville,11/30/2019 10:33:00 PM,1,0,0,36.052600,-86.671310,I 24,,,,0.00,,,,,,,58.55,N,Not at Intersection,N,Non-Junction,None,,,         ,Nathaniel,Myers,Rain,Not Collision with Motor Vehicle in Transport,no,no,no,no,no,False
102584709,METROPOLITAN NASHVILLE POLICE DEPT,20190863992,Davidson,Nashville,11/30/2019 10:54:00 PM,3,0,0,36.060000,-86.679590,I 24,,,,0.00,,,,,,,57.85,N,Not at Intersection, ,Non-Junction,None,,,         ,Nathaniel,Myers,Rain,"Sideswipe, Same Direction",no,no,no,no,no,False
102584718,METROPOLITAN NASHVILLE POLICE DEPT,20190863661,Davidson,Nashville,11/30/2019 6:44:00 PM,2,1,0,36.158780,-86.798150,17TH AVN,,,,10.00,Feet,South,CHARLOTTE AV,,,,0.00,N,Not at Intersection,N,Non-Junction,None,,,         ,Brandon,Simpkins,Rain,Angle,no,no,no,no,no,False
102584719,METROPOLITAN NASHVILLE POLICE DEPT,20190863692,Davidson,Madison,11/30/2019 7:09:00 PM,3,1,0,36.302750,-86.691850,RIVERGATE MARKETPLACE PVTDR,,,,0.00,,,GALLATIN PKEN,,,,0.00,Y,Four-Way,N,Intersection-Related,None,,,         ,Michael,Fox,Rain,HeadOn,no,no,no,no,no,False
102584720,METROPOLITAN NASHVILLE POLICE DEPT,20190863948,Davidson,Nashville,11/30/2019 10:29:00 PM,1,0,0,36.119520,-86.730240,GLENROSE AV,,,,0.00,,,OLD GLENROSE AV,,,,0.00,Y,Four-Way,N,Intersection,None,,,         ,Kevin,Breeding,Rain,Not Collision with Motor Vehicle in Transport,no,no,no,no,no,False
102584721,METROPOLITAN NASHVILLE POLICE DEPT,20190864013,Davidson,Nashville,11/30/2019 11:18:00 PM,2,0,0,36.146430,-86.742700,I 40,,,,0.00,,,,,,,212.10,N,Not at Intersection, ,Non-Junction,None,,,         ,Douglas,Meringer,Rain,Front to Rear,no,no,no,no,no,False
102584722,METROPOLITAN NASHVILLE POLICE DEPT,20190864007,Davidson,Nashville,11/30/2019 11:14:00 PM,1,0,0,36.125830,-86.751520,GLENROSE AV,,,,0.00,Feet,East,WHITNEY AV,,,,0.00,N,Not at Intersection, ,Non-Junction,None,,,         ,Daryn,Yentes,Rain,Not Collision with Motor Vehicle in Transport,no,no,no,no,no,False
102584738,METROPOLITAN NASHVILLE POLICE DEPT,20190863976,Davidson,Nashville,11/30/2019 8:58:00 PM,2,0,0,36.170270,-86.803390,JEFFERSON ST,,,,16.00,Feet,East,16TH AVN,,,,0.00,N,Not at Intersection,N,Non-Junction,None,,,         ,Joel,Bennett,Rain,"Sideswipe, Opposite Direction",no,no,no,no,yes,False
102584741,METROPOLITAN NASHVILLE POLICE DEPT,20190863991,Davidson,Nashville,11/30/2019 10:40:00 PM,2,0,0,36.140730,-86.732270,I 40,,,,0.00,,,,,,,213.00,N,Not at Intersection,N,Non-Junction,None,,,         ,Jeremy,Crisp,Rain,"Sideswipe, Same Direction",no,no,no,no,no,False
102584742,METROPOLITAN NASHVILLE POLICE DEPT,20190864024,Davidson,Nashville,11/30/2019 9:45:00 PM,1,1,0,36.203400,-86.776840,I 65,,,,0.00,,,,,,,87.10,N,Not at Intersection,N,Non-Junction,None,,,         ,Timothy,Ward,Rain,Not Collision with Motor Vehicle in Transport,no,no,no,no,no,False
102584746,METROPOLITAN NASHVILLE POLICE DEPT,20190863959,Davidson,Nashville,11/30/2019 10:44:00 PM,2,1,0,36.234810,-86.775610,MOOREWOOD DR,,,,0.00,,,RICHMOND HILL DR,,,,0.00,Y,Four-Way,N,Intersection,None,,,         ,Patrick,McGinnis,Clear,Angle,no,no,no,no,yes,False
102584760,METROPOLITAN NASHVILLE POLICE DEPT,20190864003,Davidson,Nashville,11/30/2019 11:11:00 PM,1,0,0,36.220650,-86.726840,GALLATIN PIKE,,,,0.00,,,,,,,0.00,,,N,Non-Junction,None,,,         ,William,Burnett,Rain,Not Collision with Motor Vehicle in Transport,no,no,no,no,no,False
102584763,METROPOLITAN NASHVILLE POLICE DEPT,20190864215,Davidson,Nashville,12/1/2019 1:30:00 AM,2,0,0,36.193610,-86.831140,CLARKSVILLE PKE,,,,27.00,Feet,East,BUENA VISTA PKE,,,,0.00,N,Not at Intersection, ,,None,,,         ,Daniel,Kallman,,,no,no,no,no,no,False
102584764,METROPOLITAN NASHVILLE POLICE DEPT,20190864018,Davidson,Nashville,11/30/2019 10:30:00 PM,3,2,0,36.061620,-86.681580,I 24,,,,0.00,,,,,,,57.70,N,Not at Intersection,N,Non-Junction,None,,,         ,Dylan,Bradley,Rain,Angle,no,no,no,no,no,False
102584767,METROPOLITAN NASHVILLE POLICE DEPT,20190864161,Davidson,Nashville,12/1/2019 12:55:00 AM,2,0,0,36.161380,-86.816260,26TH AVN,,,,0.00,,,BATAVIA ST,,,,0.00,Y,Four-Way,N,Intersection,None,,,         ,Dalton,Crum,Rain,Angle,no,no,no,no,yes,False
102584768,METROPOLITAN NASHVILLE POLICE DEPT,20190864185,Davidson,Nashville,12/1/2019 12:00:00 AM,1,0,0,36.151830,-86.790630,DIVISION ST,,,,335.00,Feet,West,MUSIC CIRE,,,,0.00,N,Not at Intersection,N,Non-Junction,None,,,         ,Eric,Schaefer,Clear,Not Collision with Motor Vehicle in Transport,no,no,no,no,no,False
102584773,METROPOLITAN NASHVILLE POLICE DEPT,20190864039,Davidson,Nashville,11/30/2019 11:30:00 PM,1,0,0,36.232670,-86.781460,EWING LN,,,,0.00,,,BRICK CHURCH PIKE,,,,0.00,Y,Four-Way,N,Intersection,None,,,         ,Jonathan,Phipps,Rain,Not Collision with Motor Vehicle in Transport,no,no,no,no,yes,False
102584774,METROPOLITAN NASHVILLE POLICE DEPT,20190864090,Davidson,Nashville,11/30/2019 11:56:00 PM,2,0,0,36.062410,-86.682410,I 24,,,,0.00,,,,,,,57.60,N,Not at Intersection, ,,None,,,         ,David,Simmonds,,,no,no,no,no,no,False
102584776,METROPOLITAN NASHVILLE POLICE DEPT,20190864213,Davidson,Nashville,12/1/2019 1:37:00 AM,2,0,0,36.101580,-86.870530,HARDING PKE,,,,233.00,Feet,South,HARDING PL,,,,0.00,N,Not at Intersection,N,Non-Junction,None,,,         ,Cesar,Rocha,Cloudy,"Sideswipe, Same Direction",no,no,no,no,yes,False
102584777,METROPOLITAN NASHVILLE POLICE DEPT,20190863949,Davidson,Nashville,11/30/2019 10:34:00 PM,2,0,0,36.062600,-86.682600,I 24,,,,0.00,,,,,,,57.60,N,Not at Intersection,N,Non-Junction,None,,,         ,Teresah,Pinho,Rain,Front to Rear,no,no,no,no,no,False
102584779,METROPOLITAN NASHVILLE POLICE DEPT,20190864060,Davidson,Nashville,11/30/2019 11:35:00 PM,2,1,0,36.206620,-86.777900,W TRINITY LN,,,,0.00,Feet,,BRICK CHURCH PKE,,,,0.00,Y,Four-Way,N,Intersection-Related,None,,,         ,Abigail,Malone,Rain,Front to Rear,no,no,no,no,yes,False
102584787,METROPOLITAN NASHVILLE POLICE DEPT,20190864297,Davidson,Nashville,12/1/2019 2:55:00 AM,1,0,0,36.193580,-86.776700,I 65,,,,0.00,,,,,,,86.50,N,Not at Intersection,N,Non-Junction,None,,,         ,Daniel,Kallman,Clear,Not Collision with Motor Vehicle in Transport,no,no,no,no,no,False
102584797,METROPOLITAN NASHVILLE POLICE DEPT,20190863955,Davidson,Nashville,11/30/2019 10:40:00 PM,2,2,0,36.229710,-86.732500,BROADMOOR DR,,,,0.00,,,SAUNDERS AV,,,,0.00,Y,Four-Way,N,Intersection-Related,None,,,         ,Amanda,Hane,Rain,Angle,no,no,no,no,no,False
102584799,METROPOLITAN NASHVILLE POLICE DEPT,20190864340,Davidson,Nashville,12/1/2019 3:05:00 AM,1,0,0,36.088020,-86.783220,BATTERY LN,,,,142.00,Feet,West,DUSTIN LN,,,,0.00,N,Not at Intersection,N,Non-Junction,None,,,         ,David,Crisman,Clear,Not Collision with Motor Vehicle in Transport,no,no,no,no,yes,False
102584800,METROPOLITAN NASHVILLE POLICE DEPT,20190864267,Davidson,Nashville,12/1/2019 2:30:00 AM,2,0,0,36.192260,-86.631290,HICKORY HILL LN,,,,144.00,Feet,South,BONNASIDE DR,,,,0.00,N,Not at Intersection,N,Non-Junction,None,,,         ,Joao,Pinho,Cloudy,Not Collision with Motor Vehicle in Transport,no,no,no,no,yes,False
102584814,METROPOLITAN NASHVILLE POLICE DEPT,20190864344,Davidson,Nashville,11/30/2019 9:45:00 PM,1,0,0,36.062990,-86.714140,RAYWOOD LN,,,,237.00,Feet,South,FAIRLANE DR,,,,0.00,N,Not at Intersection,N,Non-Junction,None,,,         ,Autumn,Manning,Rain,Not Collision with Motor Vehicle in Transport,no,no,no,no,yes,False
102584826,METROPOLITAN NASHVILLE POLICE DEPT,20190864320,Davidson,Nashville,12/1/2019 3:10:00 AM,1,1,0,36.146580,-86.878670,I 40,,,,0.00,,,,,,,202.70,N,Not at Intersection,N,Non-Junction,None,,,         ,Cesar,Rocha,Cloudy,Not Collision with Motor Vehicle in Transport,no,no,no,no,no,False
102584852,METROPOLITAN NASHVILLE POLICE DEPT,20190864319,Davidson,Nashville,12/1/2019 12:00:00 AM,1,0,0,36.194050,-86.750700,WEST AV,,,,233.00,Feet,East,CLINE AV,,,,0.00,N,Not at Intersection, ,Non-Junction,None,,,         ,Landon,Bagwell,Cloudy,Not Collision with Motor Vehicle in Transport,no,no,no,no,no,False
102584872,METROPOLITAN NASHVILLE POLICE DEPT,20190864497,Davidson,Nashville,12/1/2019 4:13:00 AM,1,0,0,36.056230,-86.663770,MT VIEW RD,,,,970.00,Feet,South,KEVINWOOD CT,,,,0.00,N,Not at Intersection,N,Non-Junction,None,,,         ,Autumn,Manning,Clear,Not Collision with Motor Vehicle in Transport,no,no,no,no,yes,False
102584900,METROPOLITAN NASHVILLE POLICE DEPT,20190864567,Davidson,Not in City Limit,12/1/2019 6:50:00 AM,2,0,0,36.022680,-86.680550,OLD HICKORY BLVD,,,,18.00,Feet,North,BARNES RD,,,,0.00,N,Not at Intersection, ,Non-Junction,None,,,         ,Brandon,Evans,Clear,Front to Rear,no,no,no,no,no,False
102584937,METROPOLITAN NASHVILLE POLICE DEPT,20190862838,Davidson,Antioch,11/30/2019 7:40:00 AM,2,0,0,36.041850,-86.577860,BLUEWILLOW CT,,,,183.00,Feet,East,GREYSTONE ST,,,,0.00,N,Not at Intersection, ,Non-Junction,None,,,         ,Nicholas,Carter,Cloudy,Angle,no,no,no,no,no,False
102584960,METROPOLITAN NASHVILLE POLICE DEPT,20190864673,Davidson,Nashville,12/1/2019 8:25:00 AM,2,1,0,36.211230,-86.683330,TIMWOOD DR,,,,0.00,Feet,,WESTERN HILLS DR,,,,0.00,Y,Four-Way,N,Intersection,None,,,         ,Gerry,Hutcheson,Clear,Angle,no,no,no,no,no,False
102584988,METROPOLITAN NASHVILLE POLICE DEPT,20190864823,Davidson,Not in City Limit,12/1/2019 9:50:00 AM,2,0,0,36.058560,-86.945060,OLD HARDING PKE,,,,280.00,Feet,South,HARPETH RIV MORTON MILL GRNWY,,,,0.00,N,Not at Intersection, ,,None,,,         ,Benjamin,Cantrell,,,no,no,no,no,no,False
102584993,METROPOLITAN NASHVILLE POLICE DEPT,20190864826,Davidson,Nashville,12/1/2019 9:45:00 AM,2,1,0,36.074480,-86.920940,OLD HICKORY BLVD,,,,0.00,,,HIGHWAY 70S,,,,0.00,Y,Four-Way,N,Intersection-Related,None,,,         ,Douglas,Atwood,Clear,Front to Rear,no,no,no,no,no,False
102585010,GOODLETTSVILLE POLICE DEPT,19-44767,Davidson,Goodlettsville,11/30/2019 4:30:00 PM,2,4,0,36.316480,-86.701330,I 65,,,,0.00,,,,,,,96.45,N,Not at Intersection,N,Non-Junction,None,,,         ,Charles,Hauskin,Rain,Front to Rear,no,no,no,no,no,False
102585046,METROPOLITAN NASHVILLE POLICE DEPT,20190864908,Davidson,Nashville,12/1/2019 11:40:00 AM,2,0,0,36.113970,-86.811110,WOODMONT BLVD,,,,75.00,Feet,West,HILLSBORO PKE,,,,0.00,N,Not at Intersection, ,,None,,,         ,Nathan,Kemp,,,no,no,no,no,no,False
102585048,METROPOLITAN NASHVILLE POLICE DEPT,20190864888,Davidson,Nashville,12/1/2019 11:05:00 AM,2,0,0,36.106030,-86.813730,US HWY 431,,,,89.00,Feet,North,ABBOTT MARTIN RD,,,,0.00,N,Not at Intersection, ,,None,,,         ,Roger,Luther,,,no,no,no,no,no,False
102585067,METROPOLITAN NASHVILLE POLICE DEPT,20190864799,Davidson,Nashville,12/1/2019 9:52:00 AM,2,1,0,36.164560,-86.763220,I 24,,,,0.00,,,,,,,49.10,N,Not at Intersection,N,Non-Junction,None,,,         ,Faye,Denson,Clear,Front to Rear,no,no,no,no,no,False
102585097,METROPOLITAN NASHVILLE POLICE DEPT,20190864969,Davidson,Nashville,12/1/2019 12:20:00 PM,2,0,0,36.242500,-86.757590,DOVERSIDE DR,,,,0.00,,,,,,,0.00,,,N,Non-Junction,None,,,         ,Jacob,Robbins,Clear,HeadOn,no,no,no,yes,yes,False
102585168,METROPOLITAN NASHVILLE POLICE DEPT,20190864895,Davidson,Nashville,12/1/2019 11:24:00 AM,2,3,0,36.164560,-86.763220,I 24,,,,0.00,,,,,,,49.10,N,Not at Intersection,N,Non-Junction,None,,,         ,Faye,Denson,Clear,"Sideswipe, Same Direction",no,no,no,no,no,False
102585192,METROPOLITAN NASHVILLE POLICE DEPT,20190865003,Davidson,Nashville,12/1/2019 12:42:00 PM,2,1,0,36.108890,-86.769930,I 65,,,,0.00,,,,,,,79.65,N,Not at Intersection,N,Non-Junction,None,,,         ,Timothy,Edwards,Clear,"Sideswipe, Same Direction",no,no,no,no,no,False
102585205,METROPOLITAN NASHVILLE POLICE DEPT,20190864975,Davidson,Nashville,12/1/2019 12:25:00 PM,2,1,0,36.040900,-86.779380,STONE BROOK DR,,,,0.00,,,OLD HICKORY BLVD,,,,0.00,Y,Four-Way,N,Intersection,None,,,         ,Ian,Hammond,Clear,Angle,no,no,no,no,no,False
102585208,METROPOLITAN NASHVILLE POLICE DEPT,20190864860,Davidson,Not in City Limit,12/1/2019 10:49:00 AM,4,4,0,36.306270,-86.817390,I 24,,,,0.00,,,,,,,38.25,N,Not at Intersection,N,Non-Junction,None,,,         ,Fabjan,Llukaj,Clear,Front to Rear,no,no,no,no,no,False
102585209,METROPOLITAN NASHVILLE POLICE DEPT,20190865005,Davidson,Nashville,12/1/2019 12:50:00 PM,2,0,0,36.168200,-86.665200,LEBANON PKE,,,,362.00,Feet,West,OLD LEBANON PKE,,,,0.00,N,Not at Intersection, ,Non-Junction,None,,,         ,Lee,Davis,Clear,Front to Rear,no,no,no,no,no,False
102585212,METROPOLITAN NASHVILLE POLICE DEPT,20190865081,Davidson,Nashville,12/1/2019 1:55:00 PM,2,0,0,36.146330,-86.742240,I 40,,,,0.00,,,,,,,212.15,N,Not at Intersection, ,,None,,,         ,Anna,Clayton,,,no,no,no,no,no,False
102585236,METROPOLITAN NASHVILLE POLICE DEPT,20190864964,Davidson,Nashville,12/1/2019 12:14:00 PM,2,3,0,36.177780,-86.805940,14TH AVN,,,,0.00,,,WHELESS ST,,,,0.00,Y,Four-Way,N,Non-Junction,None,,,         ,Caleb,Jernigan,Clear,Angle,no,no,no,no,no,False
102585240,METROPOLITAN NASHVILLE POLICE DEPT,20190864963,Davidson,Nashville,12/1/2019 12:11:00 PM,2,0,0,36.024230,-86.702140,BARNES COVE DR,,,,185.00,Feet,South,VALENCIA CT,,,,0.00,N,Not at Intersection, ,,None,,,         ,Amy,Hirschmann,,,no,no,no,no,no,False