master_record_number,agency,agency_tracking_number,county,city,collision_date,vehicles_involved,number_injured,number_dead,latitude,longitude,roadway_name,roadway_suffix,roadway_number,roadway_local_id,distance_from_reference,miles-feet_indicator,direction_from_reference,intersection_road_name,intersection_road_name_suffix,intersection_road_number,intersection_local_id,mile_marker,intersection_indicator,intersect_type,interchange_related_indicator,relation_to_junction,work_zone_type,construction_maintenance_zone,construction_maintenance_zone_location,fatal_case_number,officer_first_name,officer_last_name,weather_condition(s),manner_of_crash,pedestrian,bicycle,scooter,parking,hitrun,mou
102585255,METROPOLITAN NASHVILLE POLICE DEPT,20190865084,Davidson,Nashville,12/1/2019 1:15:00 PM,2,0,0,36.142650,-86.830630,NEBRASKA AV,,,,147.00,Feet,West,38TH AVN,,,,0.00,N,Not at Intersection, ,Non-Junction,None,,,         ,Jackson,Sanders,Clear,"Sideswipe, Same Direction",no,no,no,no,yes,False
102585256,METROPOLITAN NASHVILLE POLICE DEPT,20190865004,Davidson,Nashville,12/1/2019 12:44:00 PM,2,2,0,36.130150,-86.855680,STATE HWY 155,,,,422.00,Feet,West,BROOKWOOD TER,,,,0.00,N,Not at Intersection,N,"Driveway, Alley Access, etc",None,,,         ,Roger,Luther,Clear,Other,no,no,no,no,no,False
102585339,METROPOLITAN NASHVILLE POLICE DEPT,20190865186,Davidson,Nashville,12/1/2019 3:19:00 PM,2,3,0,36.083310,-86.628600,BELL RD,,,,194.00,Feet,North,MOSSDALE DR,,,,0.00,N,Not at Intersection,N,Non-Junction,None,,,         ,Deandera,Payne,Clear,Front to Rear,no,no,no,no,no,False
102585357,METROPOLITAN NASHVILLE POLICE DEPT,20190865204,Davidson,Nashville,12/1/2019 3:35:00 PM,2,1,0,36.225870,-86.760220,DICKERSON PKE,,,,0.00,,,HILLHURST DR,,,,0.00,Y,T-Intersection,N,Intersection,None,,,         ,Cooper,HIll,Clear,Angle,no,no,no,no,no,False
102585449,METROPOLITAN NASHVILLE POLICE DEPT,20190865074,Davidson,Not in City Limit,12/1/2019 1:40:00 PM,2,1,0,36.015390,-86.705660,US HWY 31 ALT,,,,10.00,Feet,North,SUGAR VALLEY DR,,,,0.00,N,Not at Intersection, ,Non-Junction,None,,,         ,Gregory,Scott,Clear,"Sideswipe, Same Direction",no,no,no,no,no,False
102585515,METROPOLITAN NASHVILLE POLICE DEPT,20190865402,Davidson,Nashville,12/1/2019 5:55:00 PM,2,0,0,36.192960,-86.809310,GRANSTAFF APTS @ METROCENTER P,,,,298.00,Feet,South,ROSA L PARKS BLVD,,,,0.00,N,Not at Intersection,N,Non-Junction,None,,,         ,Jonathan,Sharp,Cloudy,Angle,no,no,no,yes,yes,False
102585517,VANDERBILT UNIVERSITY POLICE,20190865405,Davidson,Nashville,12/1/2019 4:52:00 PM,2,0,0,36.111050,-86.764580,THOMPSON LN,,,,0.00,,,,,,,0.00,,Not at Intersection, ,Non-Junction,None,,,         ,Nancy,Douglas,Clear,Rear to Rear,no,no,no,yes,yes,False
102585535,METROPOLITAN NASHVILLE POLICE DEPT,20190865142,Davidson,Nashville,12/1/2019 4:05:00 PM,1,1,0,36.229110,-86.725140,GALLATIN PKE,,,,0.00,,,BROADMOOR DR,,,,0.00,Y,Four-Way,Y,Intersection,None,,,         ,Chase,Harriman,Cloudy,Not Collision with Motor Vehicle in Transport,yes,no,no,no,no,False
102585536,METROPOLITAN NASHVILLE POLICE DEPT,20190865414,Davidson,Nashville,12/1/2019 6:05:00 PM,2,1,0,36.233620,-86.724790,GALLATIN PKE SB EXT RAMP,,,,0.00,Feet,,GALLATIN PKE,,,,0.00,Y,Four-Way,Y,Entrance/Exit Ramp Related,None,,,         ,Thomas,Parsons,Clear,Front to Rear,no,no,no,no,no,False
102585571,METROPOLITAN NASHVILLE POLICE DEPT,20190865482,Davidson,Nashville,12/1/2019 6:30:00 PM,2,0,0,36.225640,-86.597810,ANDREW JACKSON PKWY,,,,0.00,,,LEXINGTON WAY,,,,0.00,Y,Four-Way, ,Intersection,None,,,         ,Gabriel,Vasquez,Clear,Angle,no,no,no,no,no,False
102585577,METROPOLITAN NASHVILLE POLICE DEPT,20190865535,Davidson,Nashville,12/1/2019 7:53:00 PM,2,0,0,36.151670,-86.789520,DIVISION ST,,,,0.00,,,MUSIC CIRE,,,,0.00,Y,Four-Way,Y,Intersection-Related,None,,,         ,Randall,Ward,Clear,Front to Rear,no,no,no,no,yes,False
102585619,METROPOLITAN NASHVILLE POLICE DEPT,20190865177,Davidson,Nashville,12/1/2019 6:25:00 PM,2,0,0,36.051720,-86.741890,HUNTINGTON PKWY,,,,394.00,Feet,East,EDMONDSON PKE,,,,0.00,N,Not at Intersection, ,Non-Junction,None,,,         ,Brandon,Hughes,Cloudy,Angle,no,no,no,no,yes,False
102585655,METROPOLITAN NASHVILLE POLICE DEPT,20190865534,Davidson,Nashville,12/1/2019 7:50:00 PM,3,2,0,36.045470,-86.712200,OLD HICKORY BLVD,,,,316.00,Feet,East,NOLENSVILLE PKE,,,,0.00,N,Not at Intersection,N,Non-Junction,None,,,         ,Matthew,Turppa,Cloudy,Angle,no,no,no,no,no,False
102585675,METROPOLITAN NASHVILLE POLICE DEPT,20190865559,Davidson,Nashville,12/1/2019 8:10:00 PM,2,0,0,36.123660,-86.806570,US HWY 431,,,,128.00,Feet,North,-- UNKNOWN RAMP/ROAD --,,,,0.00,N,Not at Intersection, ,Entrance/Exit Ramp Related,None,,,         ,Thomas,Broatch,Cloudy,Front to Rear,no,no,no,no,no,False
102585721,METROPOLITAN NASHVILLE POLICE DEPT,20190865555,Davidson,Nashville,12/1/2019 7:20:00 PM,2,0,0,36.089870,-86.703180,I 24,,,,0.00,,,,,,,55.40,N,Not at Intersection, ,Non-Junction,None,,,         ,Ryan,Sherry,Clear,"Sideswipe, Same Direction",no,no,no,no,no,False
102585781,METROPOLITAN NASHVILLE POLICE DEPT,20190865682,Davidson,Nashville,12/1/2019 10:15:00 PM,1,0,0,36.237160,-86.759230,I 65,,,,0.00,,,,,,,89.85,N,Not at Intersection,N,Non-Junction,None,,,         ,Chase,Harriman,Clear,Not Collision with Motor Vehicle in Transport,no,no,no,no,no,False
102585796,METROPOLITAN NASHVILLE POLICE DEPT,20190865694,Davidson,Nashville,12/1/2019 9:50:00 PM,2,1,0,36.168570,-86.813360,I40 E EXT RAMP,,,,0.00,,,I 40,,,,0.00,Y,T-Intersection,N,Entrance/Exit Ramp Related,None,,,         ,Joshua,Green,Clear,Front to Rear,no,no,no,no,no,False
102585849,METROPOLITAN NASHVILLE POLICE DEPT,20190866059,Davidson,Nashville,12/2/2019 12:00:00 AM,1,0,0,36.058680,-86.669870,MT VIEW RD,,,,177.00,Feet,East,HICKORY HOLLOW PKWY,,,,0.00,N,Not at Intersection,N,Non-Junction,None,,,         ,William,Williams,Rain,Not Collision with Motor Vehicle in Transport,no,no,no,no,no,False
102585904,METROPOLITAN NASHVILLE POLICE DEPT,20190866201,Davidson,Nashville,12/2/2019 5:30:00 AM,2,0,0,36.087360,-86.647670,NASHBORO BLVD,,,,336.00,Feet,East,MURFREESBORO PKE,,,,0.00,N,Not at Intersection,N,Non-Junction,None,,,         ,Carey,Steel,Rain,Angle,no,no,no,no,yes,False
102585919,METROPOLITAN NASHVILLE POLICE DEPT,20190866207,Davidson,Nashville,12/2/2019 5:35:00 AM,2,3,0,36.049300,-86.713770,NOLENSVILLE PKE,,,,94.00,Feet,South,ASH GROVE DR,,,,0.00,N,Not at Intersection,N,Non-Junction,None,,,         ,Garrett,Reingardt,Cloudy,Angle,no,no,no,no,no,False
102585952,GOODLETTSVILLE POLICE DEPT,19-44942,Davidson,Goodlettsville,12/2/2019 7:09:00 AM,2,0,0,36.307050,-86.697290,VIETNAM VETERANS BLVD SB ENT R,,,,741.00,Feet,West,CONFERENCE DR,,,,0.00,N,Not at Intersection,N,Non-Junction,None,,,         ,George,Forbes,Clear,Front to Rear,no,no,no,no,no,False
102585956,METROPOLITAN NASHVILLE POLICE DEPT,20190866344,Davidson,Nashville,12/2/2019 7:10:00 AM,2,0,0,36.100450,-86.672280,CITATION DR,,,,0.00,,,EZELL PKE,,,,0.00,Y,Four-Way,Y,Intersection,None,,,         ,Jason,Hees,Rain,Angle,no,no,no,no,no,False
102585962,METROPOLITAN NASHVILLE POLICE DEPT,20190866380,Davidson,Nashville,12/2/2019 7:30:00 AM,2,0,0,36.098090,-86.772010,FRANKLIN PKE,,,,240.00,Feet,South,NORWOOD DR,,,,0.00,N,Not at Intersection,N,Non-Junction,None,,,         ,Timothy,Edwards,Cloudy,Front to Rear,no,no,no,no,no,False
102585980,METROPOLITAN NASHVILLE POLICE DEPT,20190866319,Davidson,Nashville,12/2/2019 7:01:00 AM,2,0,0,36.176170,-86.766250,ELLINGTON PKWYS,,,,0.00,,,SPRING ST,,,,0.00,Y,OTHER,N,Non-Junction,None,,,         ,Russell,Freeman,Cloudy,Front to Rear,no,no,no,no,no,False
102585998,METROPOLITAN NASHVILLE POLICE DEPT,20190866463,Davidson,Nashville,12/2/2019 8:11:00 AM,1,0,0,36.209910,-86.766020,DICKERSON PKE,,,,86.00,Feet,North,MARTIN AV,,,,0.00,N,Not at Intersection,N,Non-Junction,None,,,         ,Zachary,Carter,Cloudy,Not Collision with Motor Vehicle in Transport,no,no,no,no,yes,False
102586003,METROPOLITAN NASHVILLE POLICE DEPT,20190866566,Davidson,Nashville,12/2/2019 8:45:00 AM,2,0,0,36.166660,-86.862040,CALIFORNIA AV,,,,0.00,,,62ND AVN,,,,0.00,Y,Four-Way, ,Intersection,None,,,         ,Curtis,Rich,Cloudy,Angle,no,no,no,no,yes,False
102586015,METROPOLITAN NASHVILLE POLICE DEPT,20190866589,Davidson,Nashville,12/2/2019 9:00:00 AM,2,0,0,36.091130,-86.825770,HARDING PL,,,,133.00,Feet,West,TWINMONT CT,,,,0.00,N,Not at Intersection, ,Non-Junction,None,,,         ,Brent,Bauer,Cloudy,Front to Rear,no,no,no,no,no,False
102586017,METROPOLITAN NASHVILLE POLICE DEPT,20190866583,Davidson,Nashville,12/2/2019 9:03:00 AM,3,0,0,36.106360,-86.767810,I 65,,,,0.00,,,,,,,79.50,N,Not at Intersection,N,Non-Junction,None,,,         ,Timothy,Edwards,Clear,Front to Rear,no,no,no,no,yes,False
102586018,METROPOLITAN NASHVILLE POLICE DEPT,20190866480,Davidson,Nashville,12/2/2019 8:18:00 AM,2,1,0,36.164020,-86.762890,I 24,,,,0.00,,,,,,,49.15,N,Not at Intersection,N,Non-Junction,None,,,         ,Mark,Anderson,Cloudy,Front to Rear,no,no,no,no,no,False
102586019,METROPOLITAN NASHVILLE POLICE DEPT,20190866605,Davidson,Nashville,12/2/2019 8:19:00 AM,2,1,0,36.144850,-86.711040,ELM HILL PKE,,,,0.00,,,MASSMAN DR,,,,0.00,Y,Four-Way, ,Non-Junction,None,,,         ,Michael,Dance,Cloudy,Front to Rear,no,no,no,no,no,False
102586020,BELLE MEADE POLICE DEPT,19-0351,Davidson,Belle Meade,12/2/2019 7:31:00 AM,2,1,0,36.120630,-86.853570,HARDING PKE,,,,138.00,Feet,West,GARDNER DR,,,,0.00,N,Not at Intersection,N,Non-Junction,None,,,         ,David,Wright,Rain,Front to Rear,no,no,no,no,no,False
102586024,METROPOLITAN NASHVILLE POLICE DEPT,20190866613,Davidson,Nashville,12/2/2019 8:53:00 AM,2,0,0,36.191700,-86.785870,I 65,,,,0.00,,,,,,,86.00,N,Not at Intersection, ,Non-Junction,None,,,         ,Jerica,Gladston,Clear,Front to Rear,no,no,no,no,no,False
102586046,METROPOLITAN NASHVILLE POLICE DEPT,20190866644,Davidson,Nashville,12/2/2019 9:34:00 AM,2,0,0,36.103940,-86.741640,NOLENSVILLE PKE,,,,35.00,Feet,South,SUNRISE AV,,,,0.00,N,Not at Intersection, ,Non-Junction,None,,,         ,Jessie,Meadows,Clear,Angle,no,no,no,no,no,False
102586047,Nashville Airport Police,2019-05017,Davidson,Nashville,12/2/2019 12:00:00 AM,2,0,0,36.133410,-86.665080,BNA DR,,,,0.00,,,TERMINAL DR,,,,0.00,Y,Four-Way, ,Intersection,None,,,         ,Patrick,Nicholson,Clear,"Sideswipe, Same Direction",no,no,no,no,no,False
102586050,METROPOLITAN NASHVILLE POLICE DEPT,2019-0866582,Davidson,Nashville,12/2/2019 9:03:00 AM,2,0,0,36.076880,-86.725490,NOLENSVILLE PKE,,,,80.00,Feet,South,WALLACE RD,,,,0.00,N,Not at Intersection,N,Non-Junction,None,,,         ,Stanley,Collins,Cloudy,"Sideswipe, Same Direction",no,no,no,no,no,False
102586052,BERRY HILL POLICE DEPT,19-5088,Davidson,Berry Hill,12/2/2019 10:00:00 AM,2,0,0,36.116670,-86.766320,E IRIS DR,,,,0.00,,,W IRIS DR,,,,0.00,Y,Four-Way, ,,None,,,         ,Rick,Willliams,,,no,no,no,no,no,False
102586058,METROPOLITAN NASHVILLE POLICE DEPT,20190866688,Davidson,Nashville,12/2/2019 9:19:00 AM,2,0,0,36.159200,-86.774420,3RD AVS,,,,144.00,Feet,South,DEMONBREUN ST,,,,0.00,N,Not at Intersection, ,Non-Junction,None,,,         ,Bianca,Crawford,Clear,Angle,no,no,no,no,no,False
102586073,METROPOLITAN NASHVILLE POLICE DEPT,20190866311,Davidson,Nashville,12/2/2019 6:58:00 AM,1,0,0,36.192980,-86.864970,BRILEY PKWYS,,,,200.00,Feet,North,BRILEY PKWY S EXT RAMP,,,,0.00,N,Not at Intersection, ,Non-Junction,None,,,         ,William,Coy,Cloudy,Not Collision with Motor Vehicle in Transport,no,no,no,no,no,False
102586075,METROPOLITAN NASHVILLE POLICE DEPT,20190866660,Davidson,Nashville,12/2/2019 9:30:00 AM,1,0,0,36.157930,-86.840500,ILLINOIS AV,,,,179.00,Feet,West,44TH AVN,,,,0.00,N,Not at Intersection, ,,None,,,         ,Jackson,Sanders,,,no,no,no,no,no,False
102586076,METROPOLITAN NASHVILLE POLICE DEPT,20190866724,Davidson,Not in City Limit,12/2/2019 9:08:00 AM,2,0,0,36.265690,-86.830890,OLD HICKORY BLVD,,,,0.00,,,WHITES CREEK PKE,,,,0.00,Y,Four-Way,N,Intersection,None,,,         ,Wesley,Young,Cloudy,Angle,no,no,no,no,yes,False
102586079,METROPOLITAN NASHVILLE POLICE DEPT,20190866674,Davidson,Antioch,12/2/2019 9:42:00 AM,2,0,0,36.045060,-86.616210,ABERCORN CT,,,,0.00,Feet,East,SANDPIPER LN,,,,0.00,N,Not at Intersection, ,Non-Junction,None,,,         ,Jessie,Meadows,Clear,Front to Rear,no,no,no,no,no,False
102586082,METROPOLITAN NASHVILLE POLICE DEPT,20190866788,Davidson,Not in City Limit,12/2/2019 10:58:00 AM,2,0,0,36.264560,-86.732280,N GRAYCROFT AV,,,,25.00,Feet,West,OLD HICKORY BLVDW,,,,0.00,N,Not at Intersection, ,Non-Junction,None,,,         ,Gabriel,Centeno,Cloudy,Front to Rear,no,no,no,no,no,False
102586087,METROPOLITAN NASHVILLE POLICE DEPT,20190866405,Davidson,Nashville,12/2/2019 7:43:00 AM,2,0,0,36.167500,-86.751220,S 11TH ST,,,,124.00,Feet,South,SEVIER ST,,,,0.00,N,Not at Intersection, ,Non-Junction,None,,,         ,Russell,Freeman,Cloudy,"Sideswipe, Same Direction",no,no,no,no,no,False
102586090,METROPOLITAN NASHVILLE POLICE DEPT,20190866710,Davidson,Nashville,12/2/2019 8:20:00 AM,2,0,0,36.188810,-86.821930,ROSA L PARKS BLVD,,,,317.00,Feet,North,CLARKSVILLE PKE,,,,0.00,N,Not at Intersection,N,Non-Junction,None,,,         ,Mark,Anderson,Cloudy,Other,no,no,no,no,yes,False
102586103,METROPOLITAN NASHVILLE POLICE DEPT,20190866844,Davidson,Nashville,12/2/2019 11:25:00 AM,2,0,0,36.152760,-86.683210,ELM HILL PKE,,,,61.00,Feet,East,MCGAVOCK PKE,,,,0.00,N,Not at Intersection, ,Non-Junction,None,,,         ,Michael,Dance,Clear,"Sideswipe, Same Direction",no,no,no,no,no,False
102586104,METROPOLITAN NASHVILLE POLICE DEPT,20190866816,Davidson,Nashville,12/2/2019 11:07:00 AM,2,0,0,36.172330,-86.750590,BOSCOBEL ST,,,,0.00,,,S 11TH ST,,,,0.00,Y,T-Intersection, ,Intersection,None,,,         ,Russell,Freeman,Cloudy,HeadOn,no,no,no,no,no,False
102586125,METROPOLITAN NASHVILLE POLICE DEPT,20190866834,Davidson,Nashville,12/2/2019 11:07:00 AM,2,0,0,36.110170,-86.720260,BRILEY PKWYS,,,,90.00,Feet,North,I24 W EXT RAMP,,,,0.00,N,Not at Intersection,N,Non-Junction,None,,,         ,Jessie,Meadows,Clear,Front to Rear,no,no,no,no,yes,False
102586175,METROPOLITAN NASHVILLE POLICE DEPT,20190867031,Davidson,Not in City Limit,12/2/2019 11:20:00 AM,2,0,0,36.262210,-86.712210,GALLATIN PKES,,,,0.00,,,E OLD HICKORY BLVD,,,,0.00,Y,T-Intersection, ,Intersection,None,,,         ,Brandon,Bilbrey,Clear,Front to Rear,no,no,no,no,no,False
102586181,METROPOLITAN NASHVILLE POLICE DEPT,20190866919,Davidson,Nashville,12/2/2019 11:55:00 AM,2,0,0,36.155160,-86.790840,BROADWAY,,,,63.00,Feet,West,15TH AVN,,,,0.00,N,Not at Intersection,N,Non-Junction,None,,,         ,Zaire,Murray,Cloudy,Front to Rear,no,no,no,no,no,False
102586204,METROPOLITAN NASHVILLE POLICE DEPT,20190867051,Davidson,Nashville,12/2/2019 12:54:00 PM,2,0,0,36.182140,-86.775030,I 24,,,,0.00,,,,,,,47.45,N,Not at Intersection, ,Non-Junction,None,,,         ,Bianca,Crawford,Clear,Front to Rear,no,no,no,no,no,False
102586205,METROPOLITAN NASHVILLE POLICE DEPT,20190867121,Davidson,Not in City Limit,12/2/2019 1:19:00 PM,1,0,0,36.078350,-86.962230,I 40,,,,0.00,,,,,,,196.00,N,Not at Intersection, ,,None,,,         ,Curtis,Rich,,,no,no,no,no,no,False
102586214,METROPOLITAN NASHVILLE POLICE DEPT,20190866944,Davidson,Nashville,12/2/2019 12:07:00 PM,4,2,0,36.065710,-86.685530,I 24,,,,0.00,,,,,,,57.35,N,Not at Intersection,N,Non-Junction,None,,,         ,Jessie,Meadows,Clear,Front to Rear,no,no,no,no,no,False
102586216,METROPOLITAN NASHVILLE POLICE DEPT,20190866638,Davidson,Not in City Limit,12/2/2019 9:35:00 AM,2,2,0,36.263660,-86.687150,STATE RT 45,,,,0.00,,,ARCHWOOD DR,,,,0.00,Y,Four-Way,N,Intersection,None,,,         ,Donald,Davidson,Clear,Angle,no,no,no,no,no,False
102586218,METROPOLITAN NASHVILLE POLICE DEPT,20190867027,Davidson,Nashville,12/2/2019 12:00:00 AM,3,0,0,36.057450,-86.620860,MURFREESBORO PKE,,,,1304.00,Feet,North,MT VIEW RD,,,,0.00,N,Not at Intersection,N,Non-Junction,None,,,         ,Nelson,Hemingway,Cloudy,Front to Rear,no,no,no,no,no,False
102586223,METROPOLITAN NASHVILLE POLICE DEPT,20190867084,Davidson,Nashville,12/2/2019 1:11:00 PM,4,2,0,36.134330,-86.781030,ACKLEN AV,,,,12.00,Feet,West,WEDGEWOOD AV,,,,0.00,N,Not at Intersection,N,Non-Junction,None,,,         ,Timothy,Edwards,Clear,Front to Rear,no,no,no,no,no,False
102586231,METROPOLITAN NASHVILLE POLICE DEPT,20190867114,Davidson,Nashville,12/2/2019 1:26:00 PM,2,0,0,36.188860,-86.773170,WHITES CREEK PKE,,,,10.00,Feet,North,DICKERSON PKE,,,,0.00,N,Not at Intersection, ,Non-Junction,None,,,         ,Joseph,Progar,Cloudy,Front to Rear,no,no,no,no,no,False
102586237,METROPOLITAN NASHVILLE POLICE DEPT,20190867182,Davidson,Nashville,12/2/2019 2:09:00 PM,2,0,0,36.144360,-86.694500,I 40,,,,0.00,,,,,,,215.00,N,Not at Intersection, ,Non-Junction,None,,,         ,Tien,Nguyen,Cloudy,Front to Rear,no,no,no,no,no,False
102586246,METROPOLITAN NASHVILLE POLICE DEPT,20190866937,Davidson,Nashville,12/2/2019 12:05:00 PM,2,0,0,36.180840,-86.642860,LEBANON PKE,,,,449.00,Feet,North,POLO PARK APT PVTDR,,,,0.00,N,Not at Intersection,N,Non-Junction,None,,,         ,Donald,Davidson,Clear,Front to Rear,no,no,no,no,no,False
102586248,METROPOLITAN NASHVILLE POLICE DEPT,20190867007,Davidson,Nashville,12/2/2019 12:30:00 PM,2,1,0,36.037410,-86.786540,US HWY 31,,,,23.00,Feet,North,STATE HWY 254,,,,0.00,N,Not at Intersection, ,Non-Junction,None,,,         ,Gregory,Scott,Clear,Front to Rear,no,no,no,no,no,False
102586259,METROPOLITAN NASHVILLE POLICE DEPT,20190867177,Davidson,Nashville,12/2/2019 1:30:00 PM,2,0,0,36.153190,-86.803230,21ST AVN,,,,70.00,Feet,South,STATE ST,,,,0.00,N,Not at Intersection, ,,None,,,         ,Zaire,Murray,,,no,no,no,no,no,False
102586260,METROPOLITAN NASHVILLE POLICE DEPT,20190867105,Davidson,Nashville,12/2/2019 1:26:00 PM,1,1,0,36.191730,-86.783690,I 65,,,,0.00,,,,,,,86.10,N,Not at Intersection,N,Non-Junction,None,,,         ,Anthony,Cavis,Cloudy,Not Collision with Motor Vehicle in Transport,no,no,no,no,no,False
102586265,METROPOLITAN NASHVILLE POLICE DEPT,20190867099,Davidson,Nashville,12/2/2019 12:45:00 PM,2,0,0,36.171030,-86.688910,BRILEY PKWYS,,,,0.00,,,BRILEY PKWY S EXT RAMP,,,,0.00,Y,OTHER,N,Non-Junction,None,,,         ,Alex,Moore,Cloudy,"Sideswipe, Same Direction",no,no,no,no,yes,False
102586304,METROPOLITAN NASHVILLE POLICE DEPT,20190866314,Davidson,Antioch,12/2/2019 6:58:00 AM,3,0,0,36.049310,-86.600000,PIN HOOK RD,,,,0.00,,,HOBSON PKE,,,,0.00,Y,Four-Way,N,Intersection,None,,,         ,Amy,Hirschmann,Cloudy,Other,no,no,no,no,no,False
102586306,METROPOLITAN NASHVILLE POLICE DEPT,20190867210,Davidson,Nashville,12/2/2019 2:25:00 PM,2,1,0,36.082690,-86.765170,I65 S EXT RAMP,,,,0.00,,,HARDING PL,,,,0.00,Y,OTHER,Y,Entrance/Exit Ramp Related,None,,,         ,Brent,Bauer,Cloudy,Angle,no,no,no,no,no,False
102586317,METROPOLITAN NASHVILLE POLICE DEPT,20190867226,Davidson,Nashville,12/2/2019 2:42:00 PM,2,0,0,36.068200,-86.719110,NOLENSVILLE PKE,,,,0.00,Feet,,HAYWOOD LN,,,,0.00,Y,Four-Way, ,Non-Junction,None,,,         ,Nelson,Hemingway,Cloudy,Front to Rear,no,no,no,no,no,False
102586339,GOODLETTSVILLE POLICE DEPT,19-45015,Davidson,Goodlettsville,12/2/2019 3:57:00 PM,2,0,0,36.325800,-86.699920,NORTHCREEK BLVD,,,,248.00,Feet,East,LONG HOLLOW PKE,,,,0.00,N,Not at Intersection, ,Non-Junction,None,,,         ,George,Forbes,Cloudy,Angle,no,no,no,no,no,False
102586341,METROPOLITAN NASHVILLE POLICE DEPT,20190867445,Davidson,Nashville,12/2/2019 4:20:00 PM,2,0,0,36.173440,-86.765730,SPRING ST,,,,238.00,Feet,East,MAIN ST ENT RAMP,,,,0.00,N,Not at Intersection,Y,Entrance/Exit Ramp Related,None,,,         ,Kevin,Clausius,Cloudy,Angle,no,no,no,no,yes,False
102586343,METROPOLITAN NASHVILLE POLICE DEPT,20190867375,Davidson,Nashville,12/2/2019 4:00:00 PM,2,0,0,36.217050,-86.696000,MCGAVOCK PKE,,,,50.00,Feet,East,MUSIC VALLEY DR,,,,0.00,N,Not at Intersection,N,Non-Junction,None,,,         ,Thomas,Odom,Cloudy,Front to Rear,no,no,no,no,yes,False
102586345,METROPOLITAN NASHVILLE POLICE DEPT,20190867348,Davidson,Not in City Limit,12/2/2019 3:30:00 PM,2,0,0,36.272100,-86.689010,ANDERSON LN,,,,161.00,Feet,East,MYATT DR,,,,0.00,N,Not at Intersection,N,Non-Junction,None,,,         ,Evan,Grace,Cloudy,Front to Rear,no,no,no,yes,yes,False
102586351,METROPOLITAN NASHVILLE POLICE DEPT,20190867357,Davidson,Nashville,12/2/2019 3:33:00 PM,2,1,0,36.096340,-86.877610,HARDING PK,,,,0.00,,,VOSSLAND DR,,,,0.00,Y,Four-Way,N,Intersection,None,,,         ,Jeremy,Huffine,Cloudy,Angle,no,no,no,no,no,False
102586353,METROPOLITAN NASHVILLE POLICE DEPT,20190867447,Davidson,Nashville,12/2/2019 4:28:00 PM,2,1,0,36.145520,-86.626300,LAKERIDGE PASS,,,,31.00,Feet,West,LINCOYA BAY DR,,,,0.00,N,Not at Intersection,N,Unknown,None,,,         ,Maryanne,Bartello,Clear,Front to Rear,no,no,no,no,no,False
102586358,METROPOLITAN NASHVILLE POLICE DEPT,20190867252,Davidson,Nashville,12/2/2019 2:07:00 PM,2,1,0,36.194510,-86.832580,CLARKSVILLE PKE,,,,238.00,Feet,East,W SUMMITT AV,,,,0.00,N,Not at Intersection,N,Non-Junction,None,,,         ,Bryan,Musgrave,Clear,Angle,no,no,no,no,no,False
102586359,METROPOLITAN NASHVILLE POLICE DEPT,20190867324,Davidson,Nashville,12/2/2019 3:20:00 PM,2,0,0,36.041460,-86.726600,OLD HICKORY BLVD,,,,309.00,Feet,South,WINDYPINE DR,,,,0.00,N,Not at Intersection, ,,None,,,         ,Steven,Begley,,,no,no,no,no,no,False
102586368,METROPOLITAN NASHVILLE POLICE DEPT,20190867428,Davidson,Nashville,12/2/2019 4:22:00 PM,2,0,0,36.028300,-86.672710,PETTUS RD,,,,0.00,,,BLUE HOLE RD,,,,0.00,Y,T-Intersection,N,Intersection,None,,,         ,Patrick,Martin,Cloudy,Angle,no,no,no,no,yes,False
102586380,METROPOLITAN NASHVILLE POLICE DEPT,20190867413,Davidson,Nashville,12/2/2019 3:58:00 PM,2,0,0,36.078610,-86.745210,HARDING PL,,,,5.00,Feet,East,DANBY DR,,,,0.00,N,Not at Intersection, ,,None,,,         ,FELIKS,ABRAHAMYAN,,,no,no,no,no,no,False
102586381,METROPOLITAN NASHVILLE POLICE DEPT,20190867503,Davidson,Antioch,12/2/2019 5:06:00 PM,2,0,0,36.047840,-86.612050,MURFREESBORO PKE,,,,1284.00,Feet,North,MOUNTAIN SPRINGS RD,,,,0.00,N,Not at Intersection, ,,None,,,         ,Nathaniel,Myers,,,no,no,no,no,no,False
102586384,METROPOLITAN NASHVILLE POLICE DEPT,20190867516,Davidson,Nashville,12/2/2019 4:35:00 PM,2,0,0,36.074080,-86.638270,MURFREESBORO PKE,,,,182.00,Feet,South,RURAL HILL RD,,,,0.00,N,Not at Intersection, ,Non-Junction,None,,,         ,Eric,Laury,Clear,Front to Rear,no,no,no,no,no,False
102586385,METROPOLITAN NASHVILLE POLICE DEPT,20190865217,Davidson,Nashville,12/1/2019 2:10:00 PM,2,0,0,36.193180,-86.830450,CLARKSVILLE PKE,,,,285.00,Feet,East,BUENA VISTA PKE,,,,0.00,N,Not at Intersection,N,Non-Junction,None,,,         ,John,Jones,Clear,"Sideswipe, Same Direction",no,no,no,no,yes,False
102586390,METROPOLITAN NASHVILLE POLICE DEPT,20190867569,Davidson,Not in City Limit,12/2/2019 5:07:00 PM,2,0,0,36.269260,-86.755740,OLD HICKORY BLVDW,,,,0.00,,,DICKERSON PKE,,,,0.00,Y,Four-Way, ,Intersection,None,,,         ,Jared,Dick,Clear,Front to Rear,no,no,no,no,no,False
102586391,METROPOLITAN NASHVILLE POLICE DEPT,20190867512,Davidson,Nashville,12/2/2019 4:52:00 PM,2,0,0,36.204810,-86.800850,YOUNGS LN,,,,117.00,Feet,East,LATHAN CT,,,,0.00,N,Not at Intersection, ,Non-Junction,None,,,         ,Brian,Woodard,Cloudy,Angle,no,no,no,no,no,False