master_record_number,agency,agency_tracking_number,county,city,collision_date,vehicles_involved,number_injured,number_dead,latitude,longitude,roadway_name,roadway_suffix,roadway_number,roadway_local_id,distance_from_reference,miles-feet_indicator,direction_from_reference,intersection_road_name,intersection_road_name_suffix,intersection_road_number,intersection_local_id,mile_marker,intersection_indicator,intersect_type,interchange_related_indicator,relation_to_junction,work_zone_type,construction_maintenance_zone,construction_maintenance_zone_location,fatal_case_number,officer_first_name,officer_last_name,weather_condition(s),manner_of_crash,pedestrian,bicycle,scooter,parking,hitrun,mou
102586394,METROPOLITAN NASHVILLE POLICE DEPT,20190867484,Davidson,Nashville,12/2/2019 4:56:00 PM,2,0,0,36.109870,-86.770190,I 65,,,,0.00,,,,,,,79.75,N,Not at Intersection, ,,None,,,         ,FELIKS,ABRAHAMYAN,,,no,no,no,no,no,False
102586395,METROPOLITAN NASHVILLE POLICE DEPT,20190867557,Davidson,Nashville,12/2/2019 5:36:00 PM,2,0,0,36.151190,-86.750700,I 40,,,,0.00,,,,,,,211.55,N,Not at Intersection, ,Non-Junction,None,,,         ,Torry,Hill,Clear,Front to Rear,no,no,no,no,yes,False
102586399,METROPOLITAN NASHVILLE POLICE DEPT,20190867576,Davidson,Nashville,12/2/2019 5:37:00 PM,2,0,0,36.124530,-86.728040,I440 W ENT RAMP,,,,0.00,Feet,East,I 24,,,,0.00,N,Not at Intersection, ,,None,,,         ,Je-Marc,Sears,,,no,no,no,no,no,False
102586406,METROPOLITAN NASHVILLE POLICE DEPT,20190867565,Davidson,Not in City Limit,12/2/2019 5:42:00 PM,2,0,0,36.262270,-86.679120,EAGAN CIR,,,,30.00,Feet,South,STATE RT 45,,,,0.00,N,Not at Intersection,N,Non-Junction,None,,,         ,DuJuan,Kendrick,Clear,Front to Rear,no,no,no,no,yes,False
102586409,METROPOLITAN NASHVILLE POLICE DEPT,20190867364,Davidson,Nashville,12/2/2019 3:48:00 PM,2,1,0,36.140960,-86.662500,I 40,,,,0.00,,,,,,,218.00,N,Not at Intersection,N,Non-Junction,None,,,         ,Matthew,Swindell,Clear,Front to Rear,no,no,no,no,no,False
102586411,METROPOLITAN NASHVILLE POLICE DEPT,20190867592,Davidson,Nashville,12/2/2019 5:00:00 PM,2,0,0,36.106210,-86.673060,DONELSON PKE,,,,2.00,Feet,North,MURFREESBORO PKE,,,,0.00,N,Not at Intersection,N,Non-Junction,None,,,         ,Maryanne,Bartello,Clear,"Sideswipe, Same Direction",no,no,no,no,no,False
102586413,METROPOLITAN NASHVILLE POLICE DEPT,20190867376,Davidson,Nashville,12/2/2019 3:54:00 PM,2,0,0,36.237830,-86.734020,BRILEY PKWY W EXT RAMP,,,,0.00,,,KINSINGTON DR,,,,0.00,Y,OTHER, ,Non-Junction,None,,,         ,Jacob,Krispin,Clear,"Sideswipe, Same Direction",no,no,no,no,no,False
102586415,METROPOLITAN NASHVILLE POLICE DEPT,20190867650,Davidson,Nashville,12/2/2019 6:13:00 PM,3,0,0,36.110050,-86.770310,I 65,,,,0.00,,,,,,,79.75,N,Not at Intersection, ,,None,,,         ,Douglas,Sykes,,,no,no,no,no,no,False
102586441,METROPOLITAN NASHVILLE POLICE DEPT,20190867637,Davidson,Nashville,12/2/2019 4:30:00 PM,2,0,0,36.231580,-86.781200,EWING DR,,,,93.00,Feet,East,BRICK CHURCH PKE,,,,0.00,N,Not at Intersection,N,Non-Junction,None,,,         ,Bradley,Fort,Clear,Front to Rear,no,no,no,no,yes,False
102586451,METROPOLITAN NASHVILLE POLICE DEPT,20190867542,Davidson,Nashville,12/2/2019 5:16:00 PM,2,0,0,36.155320,-86.850050,52ND AVN,,,,0.00,,,GEORGIA AV,,,,0.00,Y,Four-Way,N,Intersection,None,,,         ,Molly,Page,Clear,Angle,no,no,no,no,no,False
102586457,METROPOLITAN NASHVILLE POLICE DEPT,20190867712,Davidson,Nashville,12/2/2019 6:59:00 PM,2,0,0,36.087120,-86.707990,PARAGON MILLS RD,,,,1.00,Feet,East,DONNA KAY DR,,,,0.00,N,Not at Intersection,N,Non-Junction,None,,,         ,Ryan,Sherry,Clear,Angle,no,no,no,no,no,False
102586458,METROPOLITAN NASHVILLE POLICE DEPT,20190867577,Davidson,Not in City Limit,12/2/2019 5:37:00 PM,2,0,0,35.997180,-86.690320,NOLENSVILLE PKE,,,,169.00,Feet,West,CONCORD RD,,,,0.00,N,Not at Intersection,N,Non-Junction,None,,,         ,Patrick,Martin,Cloudy,Front to Rear,no,no,no,no,no,False
102586462,METROPOLITAN NASHVILLE POLICE DEPT,20190867626,Davidson,Nashville,12/2/2019 5:30:00 PM,1,0,0,36.173650,-86.672880,CAPELLA CT,,,,228.00,Feet,West,KNOBVIEW DR,,,,0.00,N,Not at Intersection,N,Non-Junction,None,,,         ,Keenan,McCann,Clear,Not Collision with Motor Vehicle in Transport,no,no,no,no,no,False
102586463,METROPOLITAN NASHVILLE POLICE DEPT,20190867685,Davidson,Not in City Limit,12/2/2019 6:41:00 PM,2,0,0,36.282210,-86.707510,WELWORTH ST,,,,0.00,Feet,North,GALLATIN PKEN,,,,0.00,N,Not at Intersection, ,Non-Junction,None,,,         ,Evan,Grace,Cloudy,"Sideswipe, Opposite Direction",no,no,no,no,no,False
102586464,METROPOLITAN NASHVILLE POLICE DEPT,20190867643,Davidson,Nashville,12/2/2019 5:35:00 PM,2,0,0,36.142130,-86.776930,I 65,,,,0.00,,,,,,,82.00,N,Not at Intersection, ,,None,,,         ,David,Lang,,,no,no,no,no,no,False
102586470,METROPOLITAN NASHVILLE POLICE DEPT,20190867589,Davidson,Not in City Limit,12/2/2019 5:47:00 PM,2,0,0,35.995480,-86.687870,NOLENSVILLE RD,,,,0.00,,,PETTUS RD,,,,0.00,Y,T-Intersection,N,Intersection,None,,,         ,Patrick,Martin,Cloudy,HeadOn,no,no,no,no,yes,False
102586483,METROPOLITAN NASHVILLE POLICE DEPT,20190867591,Davidson,Nashville,12/2/2019 5:56:00 PM,3,2,0,36.159240,-86.792140,I 40,,,,0.00,,,,,,,208.85,N,Not at Intersection, ,Non-Junction,None,,,         ,John,Roberson,Cloudy,Front to Rear,no,no,no,no,no,False
102586484,METROPOLITAN NASHVILLE POLICE DEPT,20190867759,Davidson,Nashville,12/2/2019 6:15:00 PM,2,0,0,36.115420,-86.725010,I 24,,,,0.00,,,,,,,53.25,N,Not at Intersection, ,Non-Junction,None,,,         ,Ian,Wilson,Clear,"Sideswipe, Same Direction",no,no,no,no,no,False
102586487,METROPOLITAN NASHVILLE POLICE DEPT,20190867597,Davidson,Nashville,12/2/2019 12:00:00 AM,2,0,0,36.108490,-86.678520,MURFREESBORO PKE,,,,548.00,Feet,West,DELL PKWY,,,,0.00,N,Not at Intersection,N,Non-Junction,None,,,         ,Matthew,Swindell,Clear,Front to Rear,no,no,no,no,no,False
102586488,METROPOLITAN NASHVILLE POLICE DEPT,20190865106,Davidson,Nashville,12/1/2019 2:29:00 PM,4,0,0,36.081100,-86.758360,HARDING PL,,,,0.00,,,TROUSDALE DR,,,,0.00,Y,Four-Way,N,Intersection,None,,,         ,Steven,Begley,Cloudy,HeadOn,no,no,no,no,no,False
102586504,METROPOLITAN NASHVILLE POLICE DEPT,20190867695,Davidson,Nashville,12/2/2019 5:30:00 PM,2,0,0,36.243830,-86.757730,DOVERSIDE DR,,,,340.00,Feet,West,DICKERSON PKE,,,,0.00,N,Not at Intersection, ,Non-Junction,None,,,         ,Michael,Fox,Clear,Front to Rear,no,no,no,no,no,False
102586515,METROPOLITAN NASHVILLE POLICE DEPT,20190867629,Davidson,Nashville,12/2/2019 5:08:00 PM,1,0,0,36.198560,-86.685850,DONNA HILL CT,,,,0.00,,,TALLY GREEN CT,,,,0.00,Y,T-Intersection,N,Intersection,None,,,         ,Kimberly,Forsyth,Clear,Not Collision with Motor Vehicle in Transport,no,no,no,no,yes,False
102586517,METROPOLITAN NASHVILLE POLICE DEPT,20190867470,Davidson,Nashville,12/2/2019 4:24:00 PM,2,0,0,36.046460,-86.713390,NOLENSVILLE PKE,,,,401.00,Feet,North,OLD HICKORY BLVD,,,,0.00,N,Not at Intersection, ,Non-Junction,None,,,         ,Brandon,Hughes,Cloudy,Front to Rear,no,no,no,no,no,False
102586524,METROPOLITAN NASHVILLE POLICE DEPT,20190867657,Davidson,Nashville,12/2/2019 5:21:00 PM,3,0,0,36.143000,-86.777150,I 65,,,,0.00,,,,,,,82.00,N,Not at Intersection,N,Non-Junction,None,,,         ,David,Lang,Clear,Front to Rear,no,no,no,no,no,False
102586539,METROPOLITAN NASHVILLE POLICE DEPT,20190867521,Davidson,Nashville,12/2/2019 5:14:00 PM,4,6,0,36.110220,-86.774390,WOODMONT BLVD,,,,285.00,Feet,East,WOODMONT BLVD WB ENT RAMP,,,,0.00,N,Not at Intersection,N,Non-Junction,None,,,         ,FELIKS,ABRAHAMYAN,Clear,Front to Rear,no,no,no,no,no,False
102586540,METROPOLITAN NASHVILLE POLICE DEPT,20190867833,Davidson,Nashville,12/2/2019 7:50:00 PM,2,0,0,36.151320,-86.768380,I40 E EXT RAMP,,,,0.00,,,I 40,,,,0.00,Y,Four-Way,N,Entrance/Exit Ramp Related,None,,,         ,Ricardo,Cruz,Clear,Front to Rear,no,no,no,no,no,False
102586541,METROPOLITAN NASHVILLE POLICE DEPT,20190867923,Davidson,Nashville,12/2/2019 8:00:00 PM,2,0,0,36.155060,-86.791060,BROADWAY,,,,140.00,Feet,West,15TH AVN,,,,0.00,N,Not at Intersection, ,Non-Junction,None,,,         ,Randall,Ward,Clear,"Sideswipe, Same Direction",no,no,no,no,no,False
102586553,METROPOLITAN NASHVILLE POLICE DEPT,20190867874,Davidson,Nashville,12/2/2019 7:30:00 PM,2,0,0,36.148790,-86.746410,I 40,,,,0.00,,,,,,,211.85,N,Not at Intersection, ,Entrance/Exit Ramp Related,None,,,         ,Torry,Hill,Clear,"Sideswipe, Same Direction",no,no,no,no,no,False
102586577,METROPOLITAN NASHVILLE POLICE DEPT,20190867268,Davidson,Nashville,12/2/2019 2:55:00 PM,2,2,0,36.131650,-86.833560,WEST END AV,,,,0.00,,,WILSON BLVDN,,,,0.00,Y,Four-Way,N,Intersection-Related,None,,,         ,Torian,Cox,Cloudy,Angle,no,no,no,no,no,False
102586606,METROPOLITAN NASHVILLE POLICE DEPT,20190867960,Davidson,Nashville,12/2/2019 9:12:00 PM,2,0,0,36.047990,-86.713580,NOLENSVILLE PKE,,,,294.00,Feet,South,HICKORYVIEW DR,,,,0.00,N,Not at Intersection,N,"Driveway, Alley Access, etc",None,,,         ,Patrick,Martin,Cloudy,"Sideswipe, Same Direction",no,no,no,no,no,False
102586614,METROPOLITAN NASHVILLE POLICE DEPT,20190867997,Davidson,Not in City Limit,12/2/2019 9:37:00 PM,2,1,0,36.279890,-86.694410,FANT INDUSTRIAL DR,,,,897.00,Feet,West,MYATT DR,,,,0.00,N,Not at Intersection,N,Non-Junction,None,,,         ,DuJuan,Kendrick,Clear,HeadOn,no,no,no,no,no,False
102586639,METROPOLITAN NASHVILLE POLICE DEPT,20190867586,Davidson,Nashville,12/2/2019 5:51:00 PM,2,0,0,36.139440,-86.819890,MURPHY RD,,,,9.00,Feet,East,PARK DR,,,,0.00,N,Not at Intersection, ,,None,,,         ,Gabriel,Hamilton,,,no,no,no,no,no,False
102586666,THP District 3 - Nashville,319078831,Davidson,Nashville,12/2/2019 5:56:00 PM,2,0,0,36.073860,-86.769150,I 65,,,,0.00,,,,,,,77.20,N,Not at Intersection, ,Non-Junction,None,,,         ,Kendall,Jenkins,Clear,Front to Rear,no,no,no,no,no,False
102586680,METROPOLITAN NASHVILLE POLICE DEPT,20190868094,Davidson,Nashville,12/2/2019 9:48:00 PM,2,0,0,36.141130,-86.627970,BELL RD,,,,0.00,,,ELM HILL PKE,,,,0.00,Y,T-Intersection, ,Intersection,None,,,         ,Jacob,West,Clear,Front to Rear,no,no,no,no,no,False
102586687,METROPOLITAN NASHVILLE POLICE DEPT,20190868133,Davidson,Nashville,12/2/2019 10:57:00 PM,2,0,0,36.131440,-86.818000,I 440,,,,0.00,,,,,,,1.90,N,Not at Intersection,Y,Entrance/Exit Ramp Related,Work Zone,Laneclosure,Unknown,         ,Joshua,Asbell,Cloudy,Angle,no,no,no,no,no,False
102586692,METROPOLITAN NASHVILLE POLICE DEPT,20190868213,Davidson,Nashville,12/2/2019 11:45:00 PM,1,0,0,36.150800,-86.791780,MUSIC SQE,,,,30.00,Feet,North,MUSIC CIRN,,,,0.00,N,Not at Intersection,N,Non-Junction,None,,,         ,Brian,Warstadt,Clear,Not Collision with Motor Vehicle in Transport,no,no,no,no,no,False
102586694,METROPOLITAN NASHVILLE POLICE DEPT,20190868176,Davidson,Nashville,12/2/2019 8:30:00 PM,2,0,0,36.149710,-86.694170,ELM HILL PKE,,,,0.00,,,,,,,0.00,,, ,Non-Junction,None,,,         ,Jeremy,Crisp,Clear,Other,no,no,no,yes,yes,False
102586700,METROPOLITAN NASHVILLE POLICE DEPT,20190868155,Davidson,Nashville,12/2/2019 11:20:00 PM,2,0,0,36.074480,-86.638650,MURFREESBORO PKE,,,,0.00,,,RURAL HILL RD,,,,0.00,Y,Four-Way, ,Intersection,None,,,         ,Michael,Griggs,Clear,Front to Rear,no,no,no,no,yes,False
102586758,METROPOLITAN NASHVILLE POLICE DEPT,20190868740,Davidson,Nashville,12/3/2019 5:45:00 AM,2,0,0,36.080810,-86.696970,I 24,,,,0.00,,,,,,,56.15,N,Not at Intersection, ,Non-Junction,None,,,         ,Derrick,Toney,Clear,"Sideswipe, Same Direction",no,no,no,no,no,False
102586776,METROPOLITAN NASHVILLE POLICE DEPT,2019-0867713,Davidson,Nashville,12/2/2019 5:30:00 AM,2,0,0,36.137240,-86.699570,BRILEY PKWYN,,,,0.00,,,GLASTONBURY RD,,,,0.00,Y,T-Intersection, ,Intersection-Related,None,,,         ,Sean,Pulizzano,Clear,Front to Rear,no,no,no,no,no,False
102586777,METROPOLITAN NASHVILLE POLICE DEPT,20190868824,Davidson,Antioch,12/3/2019 6:55:00 AM,2,1,0,36.039210,-86.602780,MURFREESBORO PKE,,,,0.00,,,OLD HICKORY BLVD,,,,0.00,Y,Four-Way, ,Non-Junction,None,,,         ,Steven,Williams,Clear,Front to Rear,no,no,no,no,yes,False
102586786,METROPOLITAN NASHVILLE POLICE DEPT,20190868811,Davidson,Nashville,12/3/2019 6:44:00 AM,2,1,0,36.100450,-86.672280,CITATION DR,,,,0.00,,,EZELL PKE,,,,0.00,Y,Four-Way,Y,Intersection,None,,,         ,Jason,Hees,Clear,Angle,no,no,no,no,no,False
102586787,METROPOLITAN NASHVILLE POLICE DEPT,20190868833,Davidson,Not in City Limit,12/3/2019 6:29:00 AM,2,1,0,36.077520,-87.000600,I 40,,,,0.00,,,,,,,193.60,N,Not at Intersection,N,Non-Junction,None,,,         ,Curtis,Rich,Clear,Front to Rear,no,no,no,no,no,False
102586802,METROPOLITAN NASHVILLE POLICE DEPT,20190868853,Davidson,Nashville,12/3/2019 6:52:00 AM,2,0,0,36.143570,-86.744220,FESSLERS LN,,,,283.00,Feet,North,MURFREESBORO PKE,,,,0.00,N,Not at Intersection, ,Non-Junction,None,,,         ,Michael,Dance,Clear,"Sideswipe, Same Direction",no,no,no,no,no,False
102586813,METROPOLITAN NASHVILLE POLICE DEPT,20190868925,Davidson,Nashville,12/3/2019 7:00:00 AM,2,2,0,36.067410,-86.631250,MURFREESBORO PKE,,,,0.00,,,FOREST VIEW DR,,,,0.00,Y,Four-Way, ,Non-Junction,None,,,         ,Steven,Williams,Clear,Angle,no,no,no,no,no,False
102586823,METROPOLITAN NASHVILLE POLICE DEPT,20190868980,Davidson,Nashville,12/3/2019 7:56:00 AM,2,0,0,36.107600,-86.743490,US HWY 31 ALT,,,,0.00,,,TIMMONS ST,,,,0.00,Y,Four-Way, ,Intersection,None,,,         ,Earl,Davis,Clear,Angle,no,no,no,no,no,False
102586825,METROPOLITAN NASHVILLE POLICE DEPT,20190868950,Davidson,Nashville,12/3/2019 7:42:00 AM,2,0,0,36.174510,-86.602510,OLD HICKORY BLVD,,,,0.00,,,BURNING TREE DR,,,,0.00,Y,T-Intersection,N,Intersection-Related,None,,,         ,Tien,Nguyen,Cloudy,Angle,no,no,no,no,no,False
102586826,METROPOLITAN NASHVILLE POLICE DEPT,20190868753,Davidson,Nashville,12/3/2019 5:56:00 AM,2,0,0,36.138340,-86.726780,I 24,,,,0.00,,,,,,,52.40,N,Not at Intersection, ,Non-Junction,None,,,         ,Joseph,Simon,Clear,"Sideswipe, Same Direction",no,no,no,no,no,False
102586827,METROPOLITAN NASHVILLE POLICE DEPT,20190869010,Davidson,Nashville,12/3/2019 6:12:00 AM,1,0,0,36.065740,-86.629470,MURFREESBORO PKE,,,,0.00,,,HAMILTON CROSSINGS,,,,0.00,Y,T-Intersection,N,Non-Junction,None,,,         ,Colin,Feeney,Clear,Not Collision with Motor Vehicle in Transport,no,no,no,no,no,False
102586830,METROPOLITAN NASHVILLE POLICE DEPT,20190868982,Davidson,Nashville,12/3/2019 7:57:00 AM,2,0,0,36.076130,-86.806490,GRANNY WHITE PKE,,,,2.00,Feet,North,SAXON DR,,,,0.00,N,Not at Intersection, ,,None,,,         ,Devin,Mabry,,,no,no,no,no,no,False
102586833,METROPOLITAN NASHVILLE POLICE DEPT,20190868968,Davidson,Nashville,12/3/2019 7:51:00 AM,2,0,0,36.162420,-86.759310,CRUTCHER ST,,,,1.00,Feet,West,S 5TH ST,,,,0.00,N,Not at Intersection, ,Non-Junction,None,,,         ,John,McDonnell,Clear,Angle,no,no,no,no,no,False
102586839,METROPOLITAN NASHVILLE POLICE DEPT,20190869104,Davidson,Nashville,12/3/2019 8:44:00 AM,2,0,0,36.109760,-86.770150,I 65,,,,0.00,,,,,,,79.70,N,Not at Intersection, ,Non-Junction,None,,,         ,Earl,Davis,Clear,Front to Rear,no,no,no,no,no,False
102586840,VANDERBILT UNIVERSITY POLICE,20190867041,Davidson,Nashville,12/1/2019 3:52:00 PM,1,0,0,36.137570,-86.800760,MEDICAL CENTER DR,,,,0.00,,,,,,,0.00,,, ,Non-Junction,None,,,         ,Lakosha,Goodloe,Clear,Not Collision with Motor Vehicle in Transport,no,no,no,yes,yes,Campus
102586842,METROPOLITAN NASHVILLE POLICE DEPT,20190868928,Davidson,Nashville,12/3/2019 7:34:00 AM,1,0,0,36.079790,-86.696340,I 24,,,,0.00,,,,,,,56.20,N,Not at Intersection,N,Non-Junction,None,,,         ,James,Thomas,Cloudy,Not Collision with Motor Vehicle in Transport,no,no,no,no,yes,False
102586845,METROPOLITAN NASHVILLE POLICE DEPT,20190869043,Davidson,Nashville,12/3/2019 8:06:00 AM,2,0,0,36.141610,-86.732930,I 40,,,,0.00,,,,,,,212.90,N,Not at Intersection, ,,None,,,         ,Ralph,Harvey,,,no,no,no,no,no,False
102586847,METROPOLITAN NASHVILLE POLICE DEPT,20190869098,Davidson,Nashville,12/3/2019 8:39:00 AM,3,3,0,36.120250,-86.843260,WOODMONT BLVD,,,,284.00,Feet,South,WESTCHASE DR,,,,0.00,N,Not at Intersection,N,Non-Junction,None,,,         ,Curtis,Rich,Clear,Front to Rear,no,no,no,no,no,False
102586855,METROPOLITAN NASHVILLE POLICE DEPT,20190869016,Davidson,Nashville,12/3/2019 12:00:00 AM,2,0,0,36.144820,-86.647050,I 40,,,,0.00,,,,,,,217.20,N,Not at Intersection,N,Non-Junction,None,,,         ,Graham,Binkley,Cloudy,Front to Rear,no,no,no,no,no,False
102586860,METROPOLITAN NASHVILLE POLICE DEPT,20190868902,Davidson,Nashville,12/3/2019 7:20:00 AM,3,0,0,36.154150,-86.763030,I 40,,,,0.00,,,,,,,210.80,N,Not at Intersection, ,,None,,,         ,Alec,Pellissier,,,no,no,no,no,no,False
102586862,METROPOLITAN NASHVILLE POLICE DEPT,20190869190,Davidson,Nashville,12/3/2019 9:30:00 AM,2,0,0,36.128810,-86.760560,CRAIGHEAD ST,,,,0.00,,,SEMINOLE AVE,,,,0.00,Y,T-Intersection, ,Intersection,None,,,         ,Earl,Davis,Clear,Front to Rear,no,no,no,no,no,False
102586866,METROPOLITAN NASHVILLE POLICE DEPT,20190868970,Davidson,Nashville,12/3/2019 7:56:00 AM,2,2,0,36.187990,-86.821560,CLARKSVILLE PKE,,,,0.00,,,ROSA L PARKS BLVD,,,,0.00,Y,Four-Way,N,Intersection,None,,,         ,Wesley,Young,Clear,Angle,no,no,no,no,no,False
102586867,METROPOLITAN NASHVILLE POLICE DEPT,20190869328,Davidson,Oak Hill,12/3/2019 12:00:00 AM,1,0,0,36.077300,-86.792400,OVERTON LEA RD,,,,0.00,,,LEALAND LN,,,,0.00,Y,T-Intersection, ,Intersection-Related,None,,,         ,Earl,Davis,Clear,Not Collision with Motor Vehicle in Transport,no,no,no,no,yes,False
102586869,METROPOLITAN NASHVILLE POLICE DEPT,20190869336,Davidson,Antioch,12/3/2019 8:40:00 AM,2,0,0,36.011320,-86.609320,FIRESTONE PKWY,,,,0.00,,,J P HENNESSY DR,,,,0.00,Y,T-Intersection, ,,None,,,         ,Steven,Williams,,,no,no,no,no,no,False
102586870,METROPOLITAN NASHVILLE POLICE DEPT,20190869139,Davidson,Nashville,12/3/2019 8:45:00 AM,2,0,0,36.100940,-86.818730,HOBBS RD,,,,0.00,Feet,,HILLSBORO PKE,,,,0.00,Y,Four-Way, ,Intersection-Related,None,,,         ,Jackson,Sanders,Clear,Front to Rear,no,no,no,no,no,False
102586885,METROPOLITAN NASHVILLE POLICE DEPT,20190869377,Davidson,Nashville,12/3/2019 10:40:00 AM,1,0,0,36.156780,-86.627350,I 40,,,,0.00,,,,,,,219.10,N,Not at Intersection, ,Non-Junction,None,,,         ,Tien,Nguyen,Clear,Not Collision with Motor Vehicle in Transport,no,no,no,no,no,False
102586888,METROPOLITAN NASHVILLE POLICE DEPT,20190869136,Davidson,Nashville,12/3/2019 9:05:00 AM,2,2,0,36.185950,-86.818000,CLARKSVILLE PKE,,,,274.00,Feet,East,26TH AVN,,,,0.00,N,Not at Intersection,N,Non-Junction,None,,,         ,Wesley,Young,Clear,Angle,no,no,no,no,no,False
102586889,METROPOLITAN NASHVILLE POLICE DEPT,20190869093,Davidson,Nashville,12/3/2019 12:00:00 AM,2,0,0,36.163170,-86.826020,33RD AVN,,,,42.00,Feet,South,ALBION ST,,,,0.00,N,Not at Intersection,N,Non-Junction,None,,,         ,Wesley,Young,Unknown,"Sideswipe, Same Direction",no,no,no,no,yes,False
102586890,METROPOLITAN NASHVILLE POLICE DEPT,20190869330,Davidson,Nashville,12/3/2019 10:20:00 AM,1,0,0,36.072000,-86.841560,CASTLEWOOD CT,,,,17.00,Feet,West,HILLSBORO PKE,,,,0.00,N,Not at Intersection,N,Non-Junction,None,,,         ,Curtis,Rich,Clear,Not Collision with Motor Vehicle in Transport,no,no,no,no,no,False
102586891,METROPOLITAN NASHVILLE POLICE DEPT,20190869469,Davidson,Nashville,12/3/2019 11:26:00 AM,2,0,0,36.145680,-86.743960,FESSLERS LN,,,,371.00,Feet,North,ELM HILL PKE,,,,0.00,N,Not at Intersection, ,,None,,,         ,Michael,Dance,,,no,no,no,no,no,False
102586893,METROPOLITAN NASHVILLE POLICE DEPT,20190869455,Davidson,Nashville,12/3/2019 11:22:00 AM,2,0,0,36.084800,-86.728130,US HWY 31 ALT,,,,0.00,,,PARAGON MILLS RD,,,,0.00,Y,Four-Way, ,Intersection-Related,None,,,         ,Earl,Davis,Cloudy,Front to Rear,no,no,no,no,no,False
102586894,METROPOLITAN NASHVILLE POLICE DEPT,20190869268,Davidson,Nashville,12/3/2019 8:20:00 AM,2,0,0,36.230610,-86.771120,I 65,,,,0.00,,,,,,,89.00,N,Not at Intersection, ,Non-Junction,None,,,         ,Brian,Mclarty,Clear,Front to Rear,no,no,no,no,no,False
102586896,METROPOLITAN NASHVILLE POLICE DEPT,20190869343,Davidson,Nashville,12/3/2019 10:30:00 AM,1,0,0,36.150290,-86.857370,ORLANDO AV,,,,0.00,Feet,East,CHARLOTTE PKE,,,,0.00,N,Not at Intersection,N,Non-Junction,None,,,         ,Wesley,Tilley,Clear,Not Collision with Motor Vehicle in Transport,no,no,no,no,no,False
102586898,METROPOLITAN NASHVILLE POLICE DEPT,20190856503,Davidson,Nashville,11/27/2019 3:07:00 AM,1,0,1,36.154750,-86.760280,I 40,,,,0.00,,,,,,,211.00,N,Not at Intersection,N,Non-Junction,None,,,19-0949  ,William,Waters,Clear,Not Collision with Motor Vehicle in Transport,no,no,no,no,no,False
102586899,METROPOLITAN NASHVILLE POLICE DEPT,20190859997,Davidson,Nashville,11/28/2019 7:37:00 PM,2,1,2,36.081580,-86.726950,NOLENSVILLE PKE,,,,386.00,Feet,South,WELSHWOOD DR,,,,0.00,N,Not at Intersection,N,"Driveway, Alley Access, etc",None,,,19-0956  ,William,Waters,Cloudy,Angle,no,no,no,no,yes,False
102586900,METROPOLITAN NASHVILLE POLICE DEPT,20190869426,Davidson,Not in City Limit,12/3/2019 10:35:00 AM,3,0,0,36.076990,-87.016020,I 40,,,,0.00,,,,,,,192.80,N,Not at Intersection, ,Entrance/Exit Ramp Related,None,,,         ,Douglas,Atwood,Clear,Front to Rear,no,no,no,no,yes,False
102586927,METROPOLITAN NASHVILLE POLICE DEPT,20190869273,Davidson,Nashville,12/3/2019 10:25:00 AM,2,0,0,36.106430,-86.819430,ABBOTT MARTIN RD,,,,0.00,Feet,West,CLEGHORN AV,,,,0.00,N,Not at Intersection, ,,None,,,         ,Terrence,Bradley,,,no,no,no,no,no,False
102586929,GOODLETTSVILLE POLICE DEPT,19-45149,Davidson,Goodlettsville,12/3/2019 12:02:00 PM,2,0,0,36.306460,-86.694140,CONFERENCE DR,,,,150.00,Feet,South,VIETNAM VETERANS BLVD NB ENT R,,,,0.00,N,Not at Intersection,N,Non-Junction,None,,,         ,George,Forbes,Clear,Front to Rear,no,no,no,no,no,False
102586935,METROPOLITAN NASHVILLE POLICE DEPT,20190868961,Davidson,Nashville,12/3/2019 7:48:00 AM,3,0,0,36.207200,-86.749810,ELLINGTON PKWYS,,,,929.00,Feet,North,E TRINITY LN,,,,0.00,N,Not at Intersection,N,Non-Junction,None,,,         ,Russell,Freeman,Clear,Front to Rear,no,no,no,no,no,False
102586936,METROPOLITAN NASHVILLE POLICE DEPT,20190869559,Davidson,Nashville,12/3/2019 12:13:00 PM,2,0,0,36.206880,-86.777870,BRICK CHURCH PKE,,,,93.00,Feet,North,W TRINITY LN,,,,0.00,N,Not at Intersection, ,,None,,,         ,Russell,Freeman,,,no,no,no,no,no,False
102586948,METROPOLITAN NASHVILLE POLICE DEPT,20190869642,Davidson,Nashville,12/3/2019 12:49:00 PM,2,0,0,36.133200,-86.776670,RIDLEY BLVD,,,,40.00,Feet,South,ROYCROFT PL,,,,0.00,N,Not at Intersection, ,Non-Junction,None,,,         ,Earl,Davis,Cloudy,"Sideswipe, Same Direction",no,no,no,no,no,False
102586997,METROPOLITAN NASHVILLE POLICE DEPT,20190869666,Davidson,Nashville,12/3/2019 1:00:00 PM,2,0,0,36.124610,-86.855580,HILLWOOD BLVD,,,,0.00,,,POST RD,,,,0.00,Y,Four-Way,N,Intersection,None,,,         ,Curtis,Rich,Clear,Angle,no,no,no,no,no,False
102587006,METROPOLITAN NASHVILLE POLICE DEPT,20190869683,Davidson,Nashville,12/3/2019 1:13:00 PM,2,0,0,36.146660,-86.694000,BRILEY PKWYN,,,,96.00,Feet,North,BRILEY PKWYS,,,,0.00,N,Not at Intersection, ,Non-Junction,None,,,         ,Michael,Dance,Clear,Front to Rear,no,no,no,no,no,False
102587049,METROPOLITAN NASHVILLE POLICE DEPT,20190869592,Davidson,Nashville,12/3/2019 12:20:00 PM,1,1,0,36.185420,-86.747670,GALLATIN AV,,,,89.00,Feet,South,SEYMOUR AV,,,,0.00,N,Not at Intersection,N,Non-Junction,None,,,         ,Eric,Knight,Clear,Not Collision with Motor Vehicle in Transport,yes,no,no,no,no,False