master_record_number,agency,agency_tracking_number,county,city,collision_date,vehicles_involved,number_injured,number_dead,latitude,longitude,roadway_name,roadway_suffix,roadway_number,roadway_local_id,distance_from_reference,miles-feet_indicator,direction_from_reference,intersection_road_name,intersection_road_name_suffix,intersection_road_number,intersection_local_id,mile_marker,intersection_indicator,intersect_type,interchange_related_indicator,relation_to_junction,work_zone_type,construction_maintenance_zone,construction_maintenance_zone_location,fatal_case_number,officer_first_name,officer_last_name,weather_condition(s),manner_of_crash,pedestrian,bicycle,scooter,parking,hitrun,mou
102587075,METROPOLITAN NASHVILLE POLICE DEPT,20190869712,Davidson,Nashville,12/3/2019 1:24:00 PM,2,0,0,36.195440,-86.621800,LEBANON PKE,,,,59.00,Feet,South,BONNASPRING DR,,,,0.00,N,Not at Intersection, ,Non-Junction,None,,,         ,Tien,Nguyen,Clear,"Sideswipe, Same Direction",no,no,no,no,no,False
102587078,METROPOLITAN NASHVILLE POLICE DEPT,20190868899,Davidson,Not in City Limit,12/3/2019 12:00:00 AM,2,0,0,36.315250,-86.833160,I 24,,,,0.00,,,,,,,37.20,N,Not at Intersection,N,Non-Junction,None,,,         ,Corey,Reed,Clear,Angle,no,no,no,no,yes,False
102587083,METROPOLITAN NASHVILLE POLICE DEPT,20190869608,Davidson,Nashville,12/3/2019 12:15:00 PM,2,0,0,36.129000,-86.707250,PATRICIA DR,,,,657.00,Feet,North,THOMPSON PL,,,,0.00,N,Not at Intersection,N,Non-Junction,None,,,         ,Terry,Denton,Clear,Angle,no,no,no,no,no,False
102587087,METROPOLITAN NASHVILLE POLICE DEPT,20190869779,Davidson,Nashville,12/3/2019 1:51:00 PM,2,0,0,36.163570,-86.689610,BRILEY PKWYS,,,,755.00,Feet,South,BRILEY PKWYN,,,,0.00,N,Not at Intersection, ,Non-Junction,None,,,         ,Michael,Dance,Clear,"Sideswipe, Same Direction",no,no,no,no,no,False
102587095,METROPOLITAN NASHVILLE POLICE DEPT,20190869299,Davidson,Nashville,12/3/2019 10:07:00 AM,3,0,0,36.179430,-86.807340,14TH AVN,,,,269.00,Feet,South,BUCHANAN ST,,,,0.00,N,Not at Intersection,N,Non-Junction,None,,,         ,Jerica,Gladston,Clear,Front to Rear,no,no,no,no,no,False
102587134,METROPOLITAN NASHVILLE POLICE DEPT,20190869817,Davidson,Nashville,12/3/2019 2:06:00 PM,2,2,0,36.064580,-86.628240,MURFREESBORO PKE,,,,104.00,Feet,South,HAMILTON CHURCH RD,,,,0.00,N,Not at Intersection,N,Non-Junction,None,,,         ,Jessie,Meadows,Clear,Angle,no,no,no,no,no,False
102587165,METROPOLITAN NASHVILLE POLICE DEPT,20190869864,Davidson,Antioch,12/3/2019 2:35:00 PM,2,0,0,36.043240,-86.606770,RAMP,,,,0.00,,,US HWY 41,,,,0.00,Y,OTHER, ,Intersection-Related,None,,,         ,Phouthasone,Phantakou,Cloudy,Front to Rear,no,no,no,no,no,False
102587189,METROPOLITAN NASHVILLE POLICE DEPT,20190869892,Davidson,Nashville,12/3/2019 2:29:00 PM,2,1,0,36.037570,-86.785250,OLD HICKORY BLVD,,,,0.00,,,I65 S ENT RAMP,,,,0.00,Y,T-Intersection,N,Intersection-Related,None,,,         ,FELIKS,ABRAHAMYAN,Clear,Front to Rear,no,no,no,no,yes,False
102587191,TENNESSEE STATE UNIVERSITY ,19-TSU-53487,Davidson,Nashville,12/3/2019 2:20:00 PM,1,1,0,36.169680,-86.821300,W HEIMAN ST,,,,0.00,,,ED TEMPLE BLVD,,,,0.00,Y,OTHER,N,Non-Junction,None,,,         ,Harold,Taylor,Clear,Not Collision with Motor Vehicle in Transport,yes,no,no,yes,yes,False
102587192,METROPOLITAN NASHVILLE POLICE DEPT,20190870028,Davidson,Nashville,12/3/2019 3:50:00 PM,2,0,0,36.160800,-86.793690,14TH AVN,,,,13.00,Feet,North,CHARLOTTE AV,,,,0.00,N,Not at Intersection, ,Non-Junction,None,,,         ,Melvin,Taylor,Clear,Angle,no,no,no,no,no,False
102587193,METROPOLITAN NASHVILLE POLICE DEPT,2019086986,Davidson,Nashville,12/3/2019 3:30:00 PM,2,0,0,36.139830,-86.666300,DONELSON PKE,,,,0.00,,,I40 E ENT RAMP,,,,0.00,Y,Y-Intersection,N,Entrance/Exit Ramp Related,None,,,         ,Thomas,Odom,Clear,Angle,no,no,no,no,no,False
102587198,METROPOLITAN NASHVILLE POLICE DEPT,20190869976,Davidson,Nashville,12/3/2019 3:28:00 PM,2,0,0,36.108680,-86.721130,I 24,,,,0.00,,,,,,,53.80,N,Not at Intersection, ,Non-Junction,None,,,         ,Patrick,Martin,Clear,Front to Rear,no,no,no,no,no,False
102587200,METROPOLITAN NASHVILLE POLICE DEPT,20190869988,Davidson,Nashville,12/3/2019 3:20:00 PM,2,0,0,36.037500,-86.785840,OLD HICKORY BLVD,,,,0.00,,,WILSON PIKE CIR,,,,0.00,Y,T-Intersection,N,Intersection,None,,,         ,Donovan,Coble,Clear,Front to Rear,no,no,no,no,yes,False
102587208,METROPOLITAN NASHVILLE POLICE DEPT,20190870100,Davidson,Nashville,12/3/2019 4:36:00 PM,2,0,0,36.240170,-86.752660,I 65,,,,0.00,,,,,,,90.30,N,Not at Intersection, ,Non-Junction,None,,,         ,Christopher,Littles,Clear,Front to Rear,no,no,no,no,no,False
102587214,METROPOLITAN NASHVILLE POLICE DEPT,20190869861,Davidson,Nashville,12/3/2019 2:34:00 PM,1,1,0,36.238240,-86.781220,BRILEY PKWYE,,,,87.00,Feet,West,BRICK CHURCH PKE,,,,0.00,N,Not at Intersection,N,Non-Junction,None,,,         ,Matthew,Harris,Cloudy,Not Collision with Motor Vehicle in Transport,no,no,no,no,no,False
102587218,METROPOLITAN NASHVILLE POLICE DEPT,20190870067,Davidson,Nashville,12/3/2019 4:20:00 PM,2,0,0,36.040450,-86.780190,OLD HICKORY BLVD,,,,199.00,Feet,East,I65 N ENT RAMP,,,,0.00,N,Not at Intersection, ,,None,,,         ,Nicholas,Carroll,,,no,no,no,no,no,False
102587238,METROPOLITAN NASHVILLE POLICE DEPT,20190869897,Davidson,Nashville,12/3/2019 2:25:00 PM,1,0,0,36.122650,-86.714450,LAWNDALE DR,,,,164.00,Feet,West,WOODMERE DR,,,,0.00,N,Not at Intersection,N,Non-Junction,None,,,         ,Jesse,Cox,Cloudy,Not Collision with Motor Vehicle in Transport,no,no,no,no,no,False
102587252,METROPOLITAN NASHVILLE POLICE DEPT,20190870162,Davidson,Nashville,12/3/2019 5:03:00 PM,2,0,0,36.148810,-86.782200,I 40,,,,0.00,,,,,,,209.70,N,Not at Intersection, ,,None,,,         ,Randy,Puckett,,,no,no,no,no,no,False
102587259,METROPOLITAN NASHVILLE POLICE DEPT,20190870131,Davidson,Nashville,12/3/2019 12:00:00 AM,2,0,0,36.165490,-86.795220,12TH AVN,,,,241.00,Feet,North,CLINTON ST,,,,0.00,N,Not at Intersection, ,Non-Junction,None,,,         ,Melvin,Taylor,Clear,Front to Rear,no,no,no,no,no,False
102587261,METROPOLITAN NASHVILLE POLICE DEPT,20190870102,Davidson,Antioch,12/3/2019 4:35:00 PM,1,1,0,36.047840,-86.612050,MURFREESBORO PKE,,,,1284.00,Feet,North,MOUNTAIN SPRINGS RD,,,,0.00,N,Not at Intersection,N,Non-Junction,None,,,         ,Jesse,Cox,Cloudy,Not Collision with Motor Vehicle in Transport,no,no,no,no,no,False
102587263,METROPOLITAN NASHVILLE POLICE DEPT,20190870214,Davidson,Nashville,12/3/2019 5:21:00 PM,2,0,0,36.045600,-86.658470,BELL RD,,,,0.00,,,I24 W EXT RAMP,,,,0.00,Y,Four-Way, ,,None,,,         ,Patrick,Martin,,,no,no,no,no,no,False
102587265,METROPOLITAN NASHVILLE POLICE DEPT,20190870095,Davidson,Nashville,12/3/2019 3:40:00 PM,2,0,0,36.122930,-86.750720,I 440,,,,0.00,,,,,,,6.30,N,Not at Intersection, ,,None,,,         ,Je-Marc,Sears,,,no,no,no,no,no,False
102587266,METROPOLITAN NASHVILLE POLICE DEPT,20190870196,Davidson,Nashville,12/3/2019 5:10:00 PM,2,0,0,36.076400,-86.767190,I 65,,,,0.00,,,,,,,77.40,N,Not at Intersection,N,Non-Junction,None,,,         ,Donovan,Coble,Clear,Front to Rear,no,no,no,no,yes,False
102587274,METROPOLITAN NASHVILLE POLICE DEPT,20190870153,Davidson,Nashville,12/3/2019 4:17:00 PM,2,0,0,36.045520,-86.660240,I24 E EXT RAMP,,,,0.00,,,I 24,,,,0.00,Y,OTHER,N,Entrance/Exit Ramp Related,None,,,         ,Patrick,Martin,Clear,Front to Rear,no,no,no,no,yes,False
102587284,METROPOLITAN NASHVILLE POLICE DEPT,20190870250,Davidson,Nashville,12/3/2019 12:00:00 AM,2,1,0,36.139910,-86.823010,I 440,,,,0.00,,,,,,,0.25,N,Not at Intersection,N,Non-Junction,Construction Zone,Work On Shoulder Or Median,Unknown,         ,Sekou,Samassi,Clear,"Sideswipe, Same Direction",no,no,no,no,no,False
102587287,METROPOLITAN NASHVILLE POLICE DEPT,20190870258,Davidson,Nashville,12/3/2019 4:50:00 PM,2,0,0,36.169860,-86.673600,LEBANON PKE,,,,11.00,Feet,East,SHADY GROVE RD,,,,0.00,N,Not at Intersection, ,Non-Junction,None,,,         ,Keenan,McCann,Clear,"Sideswipe, Opposite Direction",no,no,no,no,no,False
102587290,METROPOLITAN NASHVILLE POLICE DEPT,20190870322,Davidson,Nashville,12/3/2019 5:40:00 PM,2,0,0,36.121860,-86.807230,HILLSBORO PKE,,,,84.00,Feet,South,I440 E ENT RAMP,,,,0.00,N,Not at Intersection, ,,None,,,         ,Melissa,Lomax,,,no,no,no,no,no,False
102587312,METROPOLITAN NASHVILLE POLICE DEPT,20190870202,Davidson,Nashville,12/3/2019 5:16:00 PM,3,1,0,36.126900,-86.710020,THOMPSON PL,,,,303.00,Feet,North,MURFREESBORO PKE,,,,0.00,N,Not at Intersection,N,Non-Junction,None,,,         ,Deandera,Payne,Clear,Front to Rear,no,no,no,no,no,False
102587315,METROPOLITAN NASHVILLE POLICE DEPT,20190870383,Davidson,Nashville,12/3/2019 6:40:00 PM,2,0,0,36.086870,-86.693770,HARDING PL,,,,502.00,Feet,West,ANTIOCH PKE,,,,0.00,N,Not at Intersection, ,,None,,,         ,Jesse,Cox,,,no,no,no,no,no,False
102587320,METROPOLITAN NASHVILLE POLICE DEPT,20190870320,Davidson,Nashville,12/3/2019 5:23:00 PM,2,0,0,36.176600,-86.800720,I 65,,,,0.00,,,,,,,84.75,N,Not at Intersection, ,Non-Junction,None,,,         ,Kiana,Perry,Clear,Front to Rear,no,no,no,no,no,False
102587322,METROPOLITAN NASHVILLE POLICE DEPT,20190870362,Davidson,Nashville,12/3/2019 6:45:00 PM,2,1,0,36.206620,-86.777900,W TRINITY LN,,,,0.00,Feet,,BRICK CHURCH PKE,,,,0.00,Y,Four-Way,Y,Intersection-Related,None,,,         ,Benjamin,Williams,Clear,Front to Rear,no,no,no,no,yes,False
102587327,METROPOLITAN NASHVILLE POLICE DEPT,20190870231,Davidson,Nashville,12/3/2019 5:32:00 PM,4,1,0,36.087670,-86.714900,PARAGON MILLS RD,,,,0.00,,,TAMPA DR,,,,0.00,Y,Four-Way,N,Non-Junction,None,,,         ,Je-Marc,Sears,Clear,Angle,no,no,no,no,no,False
102587335,METROPOLITAN NASHVILLE POLICE DEPT,20190870273,Davidson,Not in City Limit,12/3/2019 5:51:00 PM,2,1,0,36.286710,-86.808080,I 24,,,,0.00,,,,,,,39.75,N,Not at Intersection,N,Non-Junction,None,,,         ,Bradley,Fort,Cloudy,Front to Rear,no,no,no,no,no,False
102587348,METROPOLITAN NASHVILLE POLICE DEPT,20190865703,Davidson,Nashville,12/1/2019 10:42:00 PM,1,0,1,36.125400,-86.847060,HARDING PKE,,,,227.00,Feet,West,KENNER AV,,,,0.00,N,Not at Intersection,N,Non-Junction,None,,,19-0963  ,Christopher,Augustin,Cloudy,Not Collision with Motor Vehicle in Transport,no,no,no,no,no,False
102587377,METROPOLITAN NASHVILLE POLICE DEPT,20190870212,Davidson,Nashville,12/3/2019 5:23:00 PM,3,1,0,36.103560,-86.772610,GLEN LEVEN DR,,,,0.00,Feet,,FRANKLIN PKE,,,,0.00,Y,T-Intersection,N,Intersection-Related,None,,,         ,FELIKS,ABRAHAMYAN,Clear,Front to Rear,no,no,no,no,no,False
102587385,GOODLETTSVILLE POLICE DEPT,19-45203,Davidson,Goodlettsville,12/3/2019 6:27:00 PM,2,0,0,36.326230,-86.700580,NORTHCREEK BLVD,,,,0.00,,,LONG HOLLOW PKE,,,,0.00,Y,Four-Way, ,Intersection,None,,,         ,Kenneth,Parks,Clear,Angle,no,no,no,no,no,False
102587388,METROPOLITAN NASHVILLE POLICE DEPT,20190870306,Davidson,Not in City Limit,12/3/2019 6:00:00 PM,2,2,0,36.264150,-86.691400,STATE RT 45,,,,22.00,Feet,East,MCARTHUR DR,,,,0.00,N,Not at Intersection,N,Non-Junction,None,,,         ,Mary,Robinson,Clear,Angle,no,no,no,no,no,False
102587413,METROPOLITAN NASHVILLE POLICE DEPT,20190870510,Davidson,Nashville,12/3/2019 6:19:00 PM,2,0,0,36.155650,-86.827820,I 40,,,,0.00,,,,,,,205.60,N,Not at Intersection,N,Non-Junction,None,,,         ,Sekou,Samassi,Clear,Front to Rear,no,no,no,no,no,False
102587414,METROPOLITAN NASHVILLE POLICE DEPT,20190866873,Davidson,Nashville,12/2/2019 11:35:00 AM,2,1,0,36.153900,-86.787750,I40 W EXT RAMP,,,,0.00,,,DEMONBREUN ST,,,,0.00,Y,Four-Way,Y,Entrance/Exit Ramp Related,None,,,         ,Michael,Douglas,Cloudy,Angle,no,no,no,no,no,False
102587423,METROPOLITAN NASHVILLE POLICE DEPT,20190870547,Davidson,Nashville,12/3/2019 7:38:00 PM,2,0,0,36.206680,-86.778740,W TRINITY LN,,,,90.00,Feet,West,HAMPTON ST,,,,0.00,N,Not at Intersection,N,Non-Junction,None,,,         ,Benjamin,Williams,Clear,"Sideswipe, Same Direction",no,no,no,no,yes,False
102587476,METROPOLITAN NASHVILLE POLICE DEPT,20190870566,Davidson,Nashville,12/3/2019 6:40:00 PM,2,0,0,36.126120,-86.804830,21ST AVS,,,,126.00,Feet,South,WESTWOOD AV,,,,0.00,N,Not at Intersection,N,Non-Junction,None,,,         ,John,Roberson,Cloudy,"Sideswipe, Same Direction",no,no,no,no,yes,False
102587484,METROPOLITAN NASHVILLE POLICE DEPT,20190870077,Davidson,Nashville,12/3/2019 2:45:00 PM,2,0,0,36.137070,-86.821440,I 440,,,,0.00,,,,,,,1.45,N,Not at Intersection, ,Non-Junction,Construction Zone,,,         ,Torian,Cox,Clear,"Sideswipe, Same Direction",no,no,no,no,yes,False
102587496,METROPOLITAN NASHVILLE POLICE DEPT,20190870715,Davidson,Nashville,12/3/2019 7:00:00 PM,2,0,0,36.112410,-86.922360,I40 W EXT RAMP,,,,0.00,Feet,East,I 40,,,,0.00,N,Not at Intersection, ,,None,,,         ,Clayton,Smith,,,no,no,no,no,no,False
102587499,METROPOLITAN NASHVILLE POLICE DEPT,20190870562,Davidson,Nashville,12/3/2019 8:15:00 PM,2,2,0,36.084920,-86.703440,TRAVELERS INN DR,,,,0.00,,,HARDING PL,,,,0.00,Y,T-Intersection,N,Intersection,None,,,         ,Jesse,Cox,Clear,HeadOn,no,no,no,no,no,False
102587510,METROPOLITAN NASHVILLE POLICE DEPT,20190870725,Davidson,Not in City Limit,12/3/2019 9:36:00 PM,1,0,0,36.324650,-86.870330,I 24,,,,0.00,,,,,,,34.80,N,Not at Intersection,N,Non-Junction,None,,,         ,Brian,Woodard,Clear,Not Collision with Motor Vehicle in Transport,no,no,no,no,no,False
102587536,METROPOLITAN NASHVILLE POLICE DEPT,20190870757,Davidson,Nashville,12/3/2019 10:04:00 PM,2,0,0,36.044800,-86.662110,BELL RD,,,,172.00,Feet,West,CANE RIDGE RD,,,,0.00,N,Not at Intersection,N,"Driveway, Alley Access, etc",None,,,         ,Patrick,Martin,Clear,Angle,no,no,no,no,yes,False
102587544,METROPOLITAN NASHVILLE POLICE DEPT,20190870813,Davidson,Not in City Limit,12/3/2019 10:20:00 PM,1,1,0,36.291800,-86.908730,GRAYS POINT RD,,,,0.63,Miles,West,CRAFT RD,,,,0.00,N,Not at Intersection,N,Non-Junction,None,,,         ,Abigail,Malone,Clear,Not Collision with Motor Vehicle in Transport,no,no,no,no,no,False
102587558,METROPOLITAN NASHVILLE POLICE DEPT,20190870809,Davidson,Nashville,12/3/2019 8:30:00 PM,2,0,0,36.150640,-86.826000,ELKINS AV,,,,37.00,Feet,West,35TH AVN,,,,0.00,N,Not at Intersection,N,OtherLocation,None,,,         ,Kenneth,Bray,Clear,Front to Rear,no,no,no,no,yes,False
102587559,METROPOLITAN NASHVILLE POLICE DEPT,20190870816,Davidson,Nashville,12/3/2019 10:45:00 PM,2,0,0,36.157950,-86.784310,10TH AVS,,,,0.00,,,10TH AVN,,,,0.00,Y,Four-Way, ,Intersection,None,,,         ,Stephen,Waterman,Clear,Front to Rear,no,no,no,no,no,False
102587565,METROPOLITAN NASHVILLE POLICE DEPT,20190870941,Davidson,Nashville,12/3/2019 11:15:00 PM,2,0,0,36.193660,-86.831220,CLARKSVILLE PKE,,,,0.00,,,BUENA VISTA PKE,,,,0.00,Y,Four-Way,N,Intersection,None,,,         ,Erik,Schall,Clear,Front to Rear,no,no,no,no,no,False
102587570,METROPOLITAN NASHVILLE POLICE DEPT,20190870847,Davidson,Nashville,12/3/2019 11:03:00 PM,2,0,0,36.206270,-86.773480,W TRINITY LN,,,,0.00,,,I65 N ENT RAMP,,,,0.00,Y,T-Intersection,N,Entrance/Exit Ramp Related,None,,,         ,Lindsey,Anderson,Clear,"Sideswipe, Same Direction",no,no,no,no,yes,False
102587609,BELLE MEADE POLICE DEPT,19-0354,Davidson,Belle Meade,12/3/2019 10:24:00 PM,1,0,0,36.113270,-86.862950,JACKSON BLVD,,,,0.00,,,HARDING PKE,,,,0.00,Y,T-Intersection, ,Intersection,None,,,         ,Tyler,Parrish,Clear,Not Collision with Motor Vehicle in Transport,no,no,no,no,no,False
102587643,METROPOLITAN NASHVILLE POLICE DEPT,20190871629,Davidson,Nashville,12/4/2019 5:51:00 AM,2,0,0,36.160760,-86.793690,14TH AVN,,,,0.00,Feet,,CHARLOTTE AV,,,,0.00,Y,Four-Way, ,Intersection-Related,Work Zone,,,         ,Joshua,Green,Clear,"Sideswipe, Same Direction",no,no,no,no,no,False
102587651,METROPOLITAN NASHVILLE POLICE DEPT,20190871611,Davidson,Nashville,12/4/2019 5:50:00 AM,4,0,0,36.201310,-86.776840,I 65,,,,0.00,,,,,,,87.00,N,Not at Intersection, ,Non-Junction,None,,,         ,Abigail,Malone,Clear,Front to Rear,no,no,no,no,no,False
102587664,METROPOLITAN NASHVILLE POLICE DEPT,20190869773,Davidson,Nashville,12/3/2019 1:49:00 PM,4,0,0,36.091740,-86.828220,US HWY 431,,,,0.00,,,RAMP,,,,0.00,Y,OTHER, ,Intersection-Related,None,,,         ,Earl,Davis,Clear,Front to Rear,no,no,no,no,no,False
102587673,METROPOLITAN NASHVILLE POLICE DEPT,20190871675,Davidson,Nashville,12/4/2019 6:27:00 AM,2,1,0,36.149590,-86.772850,I40 E EXT RAMP,,,,0.00,Feet,East,I 40,,,,0.00,N,Not at Intersection,Y,Entrance/Exit Ramp Related,None,,,         ,Bryce,Hatten,Clear,"Sideswipe, Same Direction",no,no,no,no,no,False
102587674,METROPOLITAN NASHVILLE POLICE DEPT,20190871708,Davidson,Nashville,12/4/2019 6:51:00 AM,2,0,0,36.215880,-86.586140,LEBANON PKE,,,,7.00,Feet,West,LADY NASHVILLE DR,,,,0.00,N,Not at Intersection,N,Non-Junction,None,,,         ,Michael,Dance,Clear,Front to Rear,no,no,no,no,no,False
102587676,METROPOLITAN NASHVILLE POLICE DEPT,20190871724,Davidson,Nashville,12/4/2019 6:56:00 AM,2,2,0,36.148150,-86.779480,I65 S ENT RAMP,,,,0.00,,,I 40,,,,0.00,Y,Y-Intersection,N,Entrance/Exit Ramp Related,None,,,         ,Nathan,Kemp,Clear,Front to Rear,no,no,no,no,no,False
102587678,METROPOLITAN NASHVILLE POLICE DEPT,20190871734,Davidson,Nashville,12/4/2019 7:00:00 AM,2,0,0,36.116280,-86.810550,HILLSBORO PKE,,,,86.00,Feet,North,HAMPTON AV,,,,0.00,N,Not at Intersection, ,,None,,,         ,Curtis,Rich,,,no,no,no,no,no,False
102587686,METROPOLITAN NASHVILLE POLICE DEPT,20190871750,Davidson,Nashville,12/4/2019 7:05:00 AM,2,0,0,36.123580,-86.849530,US HWY 70S,,,,593.00,Feet,West,RAMP,,,,0.00,N,Not at Intersection, ,,None,,,         ,Brian,Myatt,,,no,no,no,no,no,False
102587687,METROPOLITAN NASHVILLE POLICE DEPT,20190871703,Davidson,Nashville,12/4/2019 5:09:00 AM,2,0,0,36.219870,-86.774860,I 65,,,,0.00,,,,,,,88.30,N,Not at Intersection, ,Non-Junction,None,,,         ,Wesley,Young,Clear,"Sideswipe, Same Direction",no,no,no,no,no,False
102587711,METROPOLITAN NASHVILLE POLICE DEPT,20190871783,Davidson,Madison,12/4/2019 7:15:00 AM,2,0,0,36.264150,-86.691470,STATE RT 45,,,,0.00,,,MCARTHUR DR,,,,0.00,Y,Four-Way,N,Intersection-Related,None,,,         ,Nathaniel,Carroll,Clear,Angle,no,no,no,no,yes,False
102587718,METROPOLITAN NASHVILLE POLICE DEPT,20190871695,Davidson,Nashville,12/4/2019 6:42:00 AM,1,0,0,36.236930,-86.810820,GREEN LN,,,,939.00,Feet,East,CELERITY PL,,,,0.00,N,Not at Intersection,N,Non-Junction,None,,,         ,Fabjan,Llukaj,Clear,Not Collision with Motor Vehicle in Transport,no,no,no,no,no,False
102587719,METROPOLITAN NASHVILLE POLICE DEPT,20190871807,Davidson,Nashville,12/4/2019 7:32:00 AM,2,0,0,36.219870,-86.774860,I 65,,,,0.00,,,,,,,88.30,N,Not at Intersection, ,,None,,,         ,Fabjan,Llukaj,,,no,no,no,no,no,False
102587720,METROPOLITAN NASHVILLE POLICE DEPT,20190871756,Davidson,Nashville,12/4/2019 6:37:00 AM,2,0,0,36.238790,-86.755090,I 65,,,,0.00,,,,,,,90.10,N,Not at Intersection,N,Non-Junction,None,,,         ,Jacob,Robbins,Clear,"Sideswipe, Same Direction",no,no,no,no,yes,False
102587724,METROPOLITAN NASHVILLE POLICE DEPT,20190871731,Davidson,Not in City Limit,12/4/2019 7:00:00 AM,2,1,0,36.158040,-86.576540,JOHN HAGAR RD,,,,0.00,,,HAGARS GROVE PASS,,,,0.00,Y,T-Intersection,N,Intersection,None,,,         ,Michael,Parman,Clear,Angle,no,no,no,no,no,False
102587730,METROPOLITAN NASHVILLE POLICE DEPT,20190871832,Davidson,Nashville,12/4/2019 7:34:00 AM,2,0,0,36.039720,-86.739560,OLD HICKORY BLVD,,,,116.00,Feet,West,HIGHLAND WAY,,,,0.00,N,Not at Intersection, ,Non-Junction,None,,,         ,Nathan,Kemp,Clear,"Sideswipe, Same Direction",no,no,no,no,no,False
102587732,METROPOLITAN NASHVILLE POLICE DEPT,20190871871,Davidson,Nashville,12/4/2019 8:00:00 AM,2,0,0,36.191470,-86.827610,CLARKSVILLE PKE,,,,526.00,Feet,East,CLIFF DR,,,,0.00,N,Not at Intersection, ,Non-Junction,None,,,         ,Wesley,Young,Clear,Front to Rear,no,no,no,no,no,False
102587739,METROPOLITAN NASHVILLE POLICE DEPT,20190871811,Davidson,Nashville,12/4/2019 7:41:00 AM,2,0,0,36.165730,-86.612910,I 40,,,,0.00,,,,,,,220.15,N,Not at Intersection, ,,None,,,         ,Michael,Dance,,,no,no,no,no,no,False
102587744,METROPOLITAN NASHVILLE POLICE DEPT,20190871833,Davidson,Nashville,12/4/2019 7:46:00 AM,2,0,0,36.183650,-86.610660,OLD HICKORY BLVD,,,,0.00,,,ANDREW JACKSON PKWY,,,,0.00,Y,Four-Way, ,Intersection-Related,None,,,         ,Tien,Nguyen,Clear,Front to Rear,no,no,no,no,no,False
102587751,METROPOLITAN NASHVILLE POLICE DEPT,20190871912,Davidson,Nashville,12/4/2019 8:15:00 AM,2,0,0,36.214390,-86.838080,CLARKSVILLE PKE,,,,0.00,,,CEDAR CIR,,,,0.00,Y,T-Intersection, ,Intersection,None,,,         ,Wesley,Young,Clear,Front to Rear,no,no,no,no,no,False
102587753,METROPOLITAN NASHVILLE POLICE DEPT,20190871856,Davidson,Nashville,12/4/2019 7:53:00 AM,2,0,0,36.148610,-86.665390,ELM HILL PKE,,,,272.00,Feet,East,DONELSON PKE,,,,0.00,N,Not at Intersection, ,Non-Junction,Construction Zone,,,         ,Michael,Dance,Clear,Front to Rear,no,no,no,no,no,False
102587755,METROPOLITAN NASHVILLE POLICE DEPT,20190871853,Davidson,Nashville,12/4/2019 7:57:00 AM,2,0,0,36.200950,-86.739940,GALLATIN PKE,,,,0.00,,,BURCHWOOD AV,,,,0.00,Y,Four-Way, ,Intersection,None,,,         ,Doyle,Price,Clear,Angle,no,no,no,no,no,False
102587758,METROPOLITAN NASHVILLE POLICE DEPT,20190871987,Davidson,Nashville,12/4/2019 8:49:00 AM,2,0,0,36.172610,-86.649480,LEBANON PKE,,,,0.00,,,DISSPAYNE DR,,,,0.00,Y,Four-Way, ,Intersection-Related,None,,,         ,Tien,Nguyen,Clear,Front to Rear,no,no,no,no,no,False
102587759,METROPOLITAN NASHVILLE POLICE DEPT,20190871919,Davidson,Nashville,12/4/2019 8:10:00 AM,2,0,0,36.192880,-86.623830,JUAREZ DR,,,,0.00,,,LEBANON PKE,,,,0.00,Y,Four-Way, ,OtherLocation,None,,,         ,William,Mckay,Clear,Front to Rear,no,no,no,yes,yes,False
102587766,METROPOLITAN NASHVILLE POLICE DEPT,20190871793,Davidson,Nashville,12/4/2019 7:25:00 AM,2,0,0,36.155210,-86.739670,OMOHUNDRO PL,,,,272.00,Feet,North,LEBANON PKE,,,,0.00,N,Not at Intersection, ,"Driveway, Alley Access, etc",None,,,         ,Michael,Dance,Clear,Angle,no,no,no,no,no,False
102587767,METROPOLITAN NASHVILLE POLICE DEPT,20190871921,Davidson,Antioch,12/4/2019 8:15:00 AM,2,0,0,36.039400,-86.602990,MURFREESBORO PKE,,,,0.00,,,OLD HICKORY BLVD,,,,0.00,Y,T-Intersection,N,Intersection,None,,,         ,Brandon,Evans,Clear,Front to Rear,no,no,no,no,yes,False
102587771,METROPOLITAN NASHVILLE POLICE DEPT,20190871859,Davidson,Nashville,12/4/2019 8:02:00 AM,2,0,0,36.090640,-86.626080,BELL RD,,,,165.00,Feet,East,SMITH SPRINGS RD,,,,0.00,N,Not at Intersection, ,,None,,,         ,Terry,Denton,,,no,no,no,no,no,False
102587772,METROPOLITAN NASHVILLE POLICE DEPT,20190872031,Davidson,Nashville,12/4/2019 9:02:00 AM,2,0,0,36.038700,-86.783100,OLD HICKORY BLVD,,,,131.00,Feet,East,I65 S EXT RAMP,,,,0.00,N,Not at Intersection, ,Non-Junction,None,,,         ,Nathan,Kemp,Clear,Front to Rear,no,no,no,no,no,False
102587777,METROPOLITAN NASHVILLE POLICE DEPT,20190871984,Davidson,Madison,12/4/2019 8:25:00 AM,2,0,0,36.264070,-86.690290,STATE RT 45,,,,0.00,,,MYATT DR,,,,0.00,Y,Four-Way, ,Intersection-Related,None,,,         ,Nathaniel,Carroll,Clear,"Sideswipe, Same Direction",no,no,no,no,no,False