master_record_number,agency,agency_tracking_number,county,city,collision_date,vehicles_involved,number_injured,number_dead,latitude,longitude,roadway_name,roadway_suffix,roadway_number,roadway_local_id,distance_from_reference,miles-feet_indicator,direction_from_reference,intersection_road_name,intersection_road_name_suffix,intersection_road_number,intersection_local_id,mile_marker,intersection_indicator,intersect_type,interchange_related_indicator,relation_to_junction,work_zone_type,construction_maintenance_zone,construction_maintenance_zone_location,fatal_case_number,officer_first_name,officer_last_name,weather_condition(s),manner_of_crash,pedestrian,bicycle,scooter,parking,hitrun,mou
102587780,METROPOLITAN NASHVILLE POLICE DEPT,20190871992,Davidson,Nashville,12/4/2019 8:51:00 AM,2,0,0,36.170900,-86.767730,I 24,,,,0.00,,,,,,,48.60,N,Not at Intersection, ,Non-Junction,None,,,         ,Kyle,Eicholtz,Clear,Unknown,no,no,no,no,no,False
102587797,METROPOLITAN NASHVILLE POLICE DEPT,20190872002,Davidson,Not in City Limit,12/4/2019 8:54:00 AM,2,1,0,36.020560,-86.627640,I 24,,,,0.00,,,,,,,62.00,N,Not at Intersection,N,Non-Junction,Construction Zone,Work On Shoulder Or Median,Unknown,         ,Keith,Parlato,Clear,Front to Rear,no,no,no,no,no,False
102587799,METROPOLITAN NASHVILLE POLICE DEPT,20190871890,Davidson,Nashville,12/4/2019 7:35:00 AM,2,0,0,36.134130,-86.826520,US HWY 70S,,,,371.00,Feet,East,CRAIGHEAD AVE,,,,0.00,N,Not at Intersection, ,Non-Junction,None,,,         ,Brian,Myatt,Clear,Front to Rear,no,no,no,no,no,False
102587800,METROPOLITAN NASHVILLE POLICE DEPT,20190872021,Davidson,Antioch,12/4/2019 8:50:00 AM,1,0,0,36.017920,-86.624690,I 24,,,,0.00,,,,,,,62.25,N,Not at Intersection,N,Non-Junction,None,,,         ,Honorio,Canchola,Clear,Not Collision with Motor Vehicle in Transport,no,no,no,no,no,False
102587806,METROPOLITAN NASHVILLE POLICE DEPT,20190871973,Davidson,Nashville,12/4/2019 8:35:00 AM,2,1,0,36.130420,-86.899440,CHARLOTTE PKE,,,,0.00,,,I40 W ENT RAMP,,,,0.00,Y,OTHER,N,Non-Junction,None,,,         ,Wesley,Tilley,Clear,Angle,no,no,no,no,no,False
102587808,METROPOLITAN NASHVILLE POLICE DEPT,20190872093,Davidson,Nashville,12/4/2019 9:42:00 AM,3,0,0,36.039000,-86.734670,OLD HICKORY BLVD,,,,360.00,Feet,East,THRIBLE SPRINGS DR,,,,0.00,N,Not at Intersection, ,Non-Junction,None,,,         ,Nathan,Kemp,Clear,Front to Rear,no,no,no,no,no,False
102587814,METROPOLITAN NASHVILLE POLICE DEPT,20190871914,Davidson,Nashville,12/4/2019 8:04:00 AM,2,0,0,36.168540,-86.600330,OLD HICKORY BLVD,,,,0.00,,,MILLS RD,,,,0.00,Y,Four-Way, ,Intersection-Related,None,,,         ,Tien,Nguyen,Clear,Angle,no,no,no,no,no,False
102587818,METROPOLITAN NASHVILLE POLICE DEPT,20190871985,Davidson,Nashville,12/4/2019 8:45:00 AM,2,1,0,36.239260,-86.780000,BRILEY PKWY W EXT RAMP,,,,278.00,Feet,East,BRICK CHURCH PKE,,,,0.00,N,Not at Intersection, ,Entrance/Exit Ramp Related,None,,,         ,Brandon,Bilbrey,Clear,Front to Rear,no,no,no,no,no,False
102587826,METROPOLITAN NASHVILLE POLICE DEPT,20190872101,Davidson,Nashville,12/4/2019 9:30:00 AM,2,0,0,36.194400,-86.687480,BRILEY PKWYS,,,,298.00,Feet,South,BRILEY PKWYN,,,,0.00,N,Not at Intersection, ,Non-Junction,None,,,         ,Lee,Davis,Clear,"Sideswipe, Same Direction",no,no,no,no,no,False
102587828,METROPOLITAN NASHVILLE POLICE DEPT,20190872029,Davidson,Nashville,12/4/2019 9:09:00 AM,3,1,0,36.102250,-86.713170,I 24,,,,0.00,,,,,,,54.40,N,Not at Intersection, ,Non-Junction,None,,,         ,Charles,Wakefield,Clear,"Sideswipe, Same Direction",no,no,no,no,no,False
102587831,METROPOLITAN NASHVILLE POLICE DEPT,20190871946,Davidson,Nashville,12/4/2019 7:45:00 AM,2,0,0,36.089940,-86.890640,HARDING PKE,,,,165.00,Feet,West,ST LUKE DR,,,,0.00,N,Not at Intersection, ,Non-Junction,None,,,         ,Charles,Boles,Clear,Angle,no,no,no,no,no,False
102587835,VANDERBILT UNIVERSITY POLICE,20190869575,Davidson,Nashville,12/3/2019 10:50:00 AM,1,1,0,36.138630,-86.804180,CHILDRENS WAY,,,,0.00,,,,,,,0.00,,Not at Intersection, ,Non-Junction,None,,,         ,Yasemine,Lomax,Clear,Not Collision with Motor Vehicle in Transport,yes,no,no,yes,no,Campus
102587838,METROPOLITAN NASHVILLE POLICE DEPT,20190872032,Davidson,Nashville,12/4/2019 8:54:00 AM,2,1,0,36.019090,-86.626010,I 24,,,,0.00,,,,,,,62.15,N,Not at Intersection,N,Non-Junction,None,,,         ,Jessie,Meadows,Clear,Front to Rear,no,no,no,no,no,False
102587840,METROPOLITAN NASHVILLE POLICE DEPT,20190871992,Davidson,Nashville,12/4/2019 9:12:00 AM,2,0,0,36.169030,-86.766450,I 24,,,,0.00,,,,,,,48.75,N,Not at Intersection, ,Entrance/Exit Ramp Related,None,,,         ,Mark,Anderson,Clear,Angle,no,no,no,no,no,False
102587843,METROPOLITAN NASHVILLE POLICE DEPT,20190872197,Davidson,Nashville,12/4/2019 12:00:00 AM,2,0,0,36.156870,-86.780840,8TH AVS,,,,0.00,,,DEMONBREUN ST,,,,0.00,Y,Four-Way,N,Intersection,None,,,         ,James,Thornton,Clear,Front to Rear,no,no,no,no,yes,False
102587859,METROPOLITAN NASHVILLE POLICE DEPT,20190872075,Davidson,Nashville,12/4/2019 9:40:00 AM,3,1,0,36.073370,-86.724430,NOLENSVILLE PKE,,,,19.00,Feet,South,PROVIDENCE HTS,,,,0.00,N,Not at Intersection,N,Non-Junction,None,,,         ,James,Thomas,Clear,Front to Rear,no,no,no,no,no,False
102587862,METROPOLITAN NASHVILLE POLICE DEPT,20190872083,Davidson,Nashville,12/4/2019 9:40:00 AM,5,0,0,36.171630,-86.821520,ED TEMPLE BLVD,,,,713.00,Feet,North,W HEIMAN ST,,,,0.00,N,Not at Intersection,N,Non-Junction,None,,,         ,Wesley,Young,Clear,Front to Rear,no,no,no,no,no,False
102587864,METROPOLITAN NASHVILLE POLICE DEPT,20190872240,Davidson,Nashville,12/4/2019 10:50:00 AM,2,0,0,36.160620,-86.585380,BAYPOINTE DR,,,,0.00,,,S NEW HOPE RD,,,,0.00,Y,Four-Way,N,Intersection,None,,,         ,William,Mckay,Clear,Angle,no,no,no,no,no,False
102587876,METROPOLITAN NASHVILLE POLICE DEPT,20190872306,Davidson,Nashville,12/4/2019 11:07:00 AM,2,0,0,36.123510,-86.849700,HARDING PKE,,,,288.00,Feet,West,ROYAL OAKS CONDOS PVTDR,,,,0.00,N,Not at Intersection, ,,None,,,         ,Curtis,Rich,,,no,no,no,no,no,False
102587880,METROPOLITAN NASHVILLE POLICE DEPT,20190872293,Davidson,Nashville,12/4/2019 11:08:00 AM,2,0,0,36.129520,-86.725470,PLUS PARK BLVD,,,,444.00,Feet,East,I24 W EXT RAMP,,,,0.00,N,Not at Intersection, ,,None,,,         ,Charles,Wakefield,,,no,no,no,no,no,False
102587883,METROPOLITAN NASHVILLE POLICE DEPT,20190872224,Davidson,Nashville,12/4/2019 10:47:00 AM,2,1,0,36.124300,-86.743850,I 440,,,,0.00,,,,,,,6.60,N,Not at Intersection,N,Non-Junction,None,,,         ,Joseph,Simon,Clear,Front to Rear,no,no,no,no,no,False
102587884,METROPOLITAN NASHVILLE POLICE DEPT,20190871986,Davidson,Nashville,12/4/2019 8:39:00 AM,2,0,0,36.047150,-86.661880,I 24,,,,0.00,,,,,,,59.20,N,Not at Intersection, ,,None,,,         ,Jessie,Meadows,,,no,no,no,no,no,False
102587891,METROPOLITAN NASHVILLE POLICE DEPT,20190872207,Davidson,Nashville,12/4/2019 10:24:00 AM,2,0,0,36.079700,-86.696010,I 24,,,,0.00,,,,,,,56.20,N,Not at Intersection, ,,None,,,         ,Garrett,Latham,,,no,no,no,no,no,False
102587892,METROPOLITAN NASHVILLE POLICE DEPT,20190872342,Davidson,Nashville,12/4/2019 11:39:00 AM,2,1,0,36.135800,-86.725040,I24 W EXT RAMP,,,,0.00,,,SPENCE LN,,,,0.00,Y,Four-Way, ,Intersection-Related,None,,,         ,Tien,Nguyen,Clear,"Sideswipe, Same Direction",no,no,no,no,no,False
102587899,METROPOLITAN NASHVILLE POLICE DEPT,20190872262,Davidson,Nashville,12/4/2019 10:57:00 AM,2,0,0,36.172480,-86.595110,CENTRAL PKE,,,,0.00,,,TULIP GROVE RD,,,,0.00,Y,Four-Way, ,Intersection,None,,,         ,Joshua,Hausman,Clear,Front to Rear,no,no,no,no,no,False
102587903,METROPOLITAN NASHVILLE POLICE DEPT,20190872257,Davidson,Nashville,12/4/2019 10:57:00 AM,2,0,0,36.153780,-86.757810,I 40,,,,0.00,,,,,,,211.10,N,Not at Intersection,N,Non-Junction,None,,,         ,Michael,Dance,Clear,"Sideswipe, Same Direction",no,no,no,no,yes,False
102587911,THP District 9 - Administrative,319078719,Davidson,Nashville,12/2/2019 8:57:00 AM,3,0,0,36.167200,-86.784900,6TH AVN,,,,467.00,Feet,South,7TH AVN,,,,0.00,N,Not at Intersection, ,Non-Junction,None,,,         ,Brian,Carmouche,Clear,"Sideswipe, Same Direction",no,no,no,no,yes,False
102587919,METROPOLITAN NASHVILLE POLICE DEPT,20190872296,Davidson,Nashville,12/4/2019 11:00:00 AM,2,0,0,36.161540,-86.775970,3RD AVS,,,,0.00,Feet,East,BROADWAY,,,,0.00,N,Not at Intersection, ,Non-Junction,None,,,         ,Tony,Folad,Clear,"Sideswipe, Same Direction",no,no,no,no,no,False
102587924,METROPOLITAN NASHVILLE POLICE DEPT,20190872089,Davidson,Antioch,12/4/2019 9:45:00 AM,3,0,0,36.010980,-86.616520,I 24,,,,0.00,,,,,,,62.85,N,Not at Intersection, ,Non-Junction,None,,,         ,Nicholas,Carter,Clear,Front to Rear,no,no,no,no,yes,False
102587926,METROPOLITAN NASHVILLE POLICE DEPT,20190871898,Davidson,Nashville,12/4/2019 8:05:00 AM,2,0,0,36.174670,-86.771180,I 24,,,,0.00,,,,,,,48.10,N,Not at Intersection, ,,None,,,         ,William,Cleveland,,,no,no,no,no,no,False
102587938,METROPOLITAN NASHVILLE POLICE DEPT,20190872479,Davidson,Nashville,12/4/2019 12:38:00 PM,3,1,0,36.133810,-86.827450,WEST END AV,,,,86.00,Feet,East,CRAIGHEAD AV,,,,0.00,N,Not at Intersection,N,Non-Junction,None,,,         ,Curtis,Rich,Cloudy,Front to Rear,no,no,no,no,no,False
102587939,METROPOLITAN NASHVILLE POLICE DEPT,20190872396,Davidson,Nashville,12/4/2019 12:01:00 PM,2,0,0,36.155890,-86.795790,CHURCH ST,,,,45.00,Feet,East,17TH AVN,,,,0.00,N,Not at Intersection, ,,None,,,         ,Zaire,Murray,,,no,no,no,no,no,False
102587944,METROPOLITAN NASHVILLE POLICE DEPT,20190872317,Davidson,Not in City Limit,12/4/2019 11:28:00 AM,2,0,0,36.323730,-86.872410,EATONS CREEK RD,,,,86.00,Feet,East,BINKLEY RD,,,,0.00,N,Not at Intersection,N,Non-Junction,None,,,         ,Fabjan,Llukaj,Clear,"Sideswipe, Opposite Direction",no,no,no,no,yes,False
102587948,METROPOLITAN NASHVILLE POLICE DEPT,20190872489,Davidson,Nashville,12/4/2019 12:39:00 PM,2,0,0,36.089890,-86.688080,HARDING PL,,,,169.00,Feet,East,EZELL PKE,,,,0.00,N,Not at Intersection, ,Non-Junction,None,,,         ,Garrett,Latham,Clear,Front to Rear,no,no,no,no,no,False
102587949,METROPOLITAN NASHVILLE POLICE DEPT,20190872338,Davidson,Nashville,12/2/2019 8:00:00 AM,2,0,0,36.252730,-86.715240,E MEADE AV,,,,78.00,Feet,North,EMMITT AV,,,,0.00,N,Not at Intersection, ,Non-Junction,None,,,         ,Jason,Hees,Clear,Unknown,no,no,no,no,yes,False
102587952,METROPOLITAN NASHVILLE POLICE DEPT,20190872483,Davidson,Nashville,12/4/2019 12:38:00 PM,2,0,0,36.151070,-86.784340,DIVISION ST,,,,0.00,,,12TH AVS,,,,0.00,Y,Four-Way, ,Intersection-Related,None,,,         ,Michael,Schlegel,Clear,Front to Rear,no,no,no,no,yes,False
102587958,METROPOLITAN NASHVILLE POLICE DEPT,20190864953,Davidson,Nashville,12/1/2019 12:05:00 PM,2,1,0,36.153230,-86.764920,I 40,,,,0.00,,,,,,,210.70,N,Not at Intersection,N,Non-Junction,None,,,         ,William,Waters,Clear,Front to Rear,no,no,no,no,no,False
102587980,METROPOLITAN NASHVILLE POLICE DEPT,20190872379,Davidson,Nashville,12/4/2019 11:56:00 AM,2,0,0,36.204560,-86.748210,E TRINITY LN,,,,54.00,Feet,East,AMBROSE AV,,,,0.00,N,Not at Intersection, ,Non-Junction,None,,,         ,Russell,Freeman,Clear,HeadOn,no,no,no,no,no,False
102587988,METROPOLITAN NASHVILLE POLICE DEPT,20190872401,Davidson,Antioch,12/4/2019 11:07:00 AM,2,0,0,36.015570,-86.616170,GOULD BLVD,,,,272.00,Feet,South,FIRESTONE PKWY,,,,0.00,N,Not at Intersection,N,Non-Junction,None,,,         ,Jessie,Meadows,Clear,"Sideswipe, Opposite Direction",no,no,no,no,no,False
102587998,METROPOLITAN NASHVILLE POLICE DEPT,20190872539,Davidson,Nashville,12/4/2019 1:00:00 PM,2,0,0,36.160760,-86.793690,14TH AVN,,,,0.00,,,CHARLOTTE AV,,,,0.00,Y,Four-Way, ,Intersection,None,,,         ,Wesley,Young,Clear,"Sideswipe, Same Direction",no,no,no,no,no,False
102588026,METROPOLITAN NASHVILLE POLICE DEPT,20190872561,Davidson,Nashville,12/4/2019 12:00:00 AM,2,0,0,36.193110,-86.770120,N 2ND ST,,,,391.00,Feet,South,DOUGLAS AV,,,,0.00,N,Not at Intersection,N,Non-Junction,None,,,         ,Russell,Freeman,Unknown,Unknown,no,no,no,no,yes,False
102588030,METROPOLITAN NASHVILLE POLICE DEPT,20190872420,Davidson,Nashville,12/4/2019 12:25:00 PM,2,1,0,36.163080,-86.761880,I 24,,,,0.00,,,,,,,49.25,N,Not at Intersection,N,Non-Junction,None,,,         ,Mark,Anderson,Clear,Front to Rear,no,no,no,no,no,False
102588032,METROPOLITAN NASHVILLE POLICE DEPT,20190872525,Davidson,Nashville,12/4/2019 12:55:00 PM,2,1,0,36.164860,-86.767910,S 2ND ST,,,,0.00,,,SHELBY AV,,,,0.00,Y,Four-Way,N,Intersection,None,,,         ,William,Cleveland,Clear,Front to Rear,no,no,no,no,no,False
102588034,METROPOLITAN NASHVILLE POLICE DEPT,20190872571,Davidson,Nashville,12/4/2019 11:55:00 AM,2,0,0,36.141670,-86.876740,CHARLOTTE PKE,,,,487.00,Feet,East,CHARLOTTE ROAD CIR,,,,0.00,N,Not at Intersection,N,Non-Junction,None,,,         ,Douglas,Atwood,Clear,Front to Rear,no,no,no,no,no,False
102588035,METROPOLITAN NASHVILLE POLICE DEPT,20190867176,Davidson,Nashville,12/2/2019 2:05:00 PM,2,1,0,36.171430,-86.769040,JAMES ROBERTSON PKWY,,,,0.00,,,INTERSTATE DR,,,,0.00,Y,Four-Way,N,Intersection,None,,,         ,Michael,Douglas,Cloudy,Angle,no,no,no,no,no,False
102588036,METROPOLITAN NASHVILLE POLICE DEPT,20190872569,Davidson,Nashville,12/4/2019 1:21:00 PM,2,1,0,36.214500,-86.597690,ANDREW JACKSON PKWY,,,,228.00,Feet,South,LEBANON PKE,,,,0.00,N,Not at Intersection,N,"Driveway, Alley Access, etc",None,,,         ,Michael,Dance,Clear,Angle,no,no,no,no,no,False
102588038,METROPOLITAN NASHVILLE POLICE DEPT,20190872591,Davidson,Nashville,12/4/2019 1:31:00 PM,2,0,0,36.045190,-86.715840,OLD HICKORY BLVD,,,,311.00,Feet,West,BRENTWOOD EAST DR,,,,0.00,N,Not at Intersection, ,,None,,,         ,Nathan,Kemp,,,no,no,no,no,no,False
102588053,METROPOLITAN NASHVILLE POLICE DEPT,20190872519,Davidson,Nashville,12/4/2019 12:55:00 PM,2,1,0,36.068870,-86.683620,ANTIOCH PKE,,,,112.00,Feet,South,RICHARDS RD,,,,0.00,N,Not at Intersection,N,Non-Junction,None,,,         ,Jessie,Meadows,Clear,Angle,no,no,no,no,no,False
102588054,METROPOLITAN NASHVILLE POLICE DEPT,20190872570,Davidson,Nashville,12/4/2019 1:15:00 PM,2,0,0,36.124350,-86.742140,I 440,,,,0.00,,,,,,,6.70,N,Not at Intersection,N,Non-Junction,None,,,         ,Jessie,Meadows,Clear,Front to Rear,no,no,no,no,no,False
102588062,METROPOLITAN NASHVILLE POLICE DEPT,20190872559,Davidson,Nashville,12/4/2019 1:15:00 PM,1,0,0,36.248680,-86.735640,BRIARVILLE RD,,,,225.00,Feet,South,DUE WEST AVE W,,,,0.00,N,Not at Intersection, ,Non-Junction,None,,,         ,Brian,Sherman,Clear,Not Collision with Motor Vehicle in Transport,no,no,no,no,no,False
102588065,METROPOLITAN NASHVILLE POLICE DEPT,20190872515,Davidson,Madison,12/4/2019 12:30:00 PM,2,0,0,36.264210,-86.735670,-- UNKNOWN RAMP/ROAD --,,,,0.00,,,STATE HWY 45,,,,0.00,Y,Y-Intersection, ,,None,,,         ,Jacob,Robbins,,,no,no,no,no,no,False
102588102,METROPOLITAN NASHVILLE POLICE DEPT,20190872688,Davidson,Not in City Limit,12/4/2019 1:39:00 PM,2,0,0,36.257140,-86.738280,I 65,,,,0.00,,,,,,,91.75,N,Not at Intersection,N,Non-Junction,None,,,         ,Christopher,Littles,Clear,"Sideswipe, Same Direction",no,no,no,no,yes,False
102588106,METROPOLITAN NASHVILLE POLICE DEPT,20190867588,Davidson,Nashville,12/2/2019 4:40:00 PM,2,1,0,36.155590,-86.771070,2ND AVS,,,,0.00,,,LEA AV,,,,0.00,Y,T-Intersection,N,Intersection,None,,,         ,Michael,Douglas,Cloudy,"Sideswipe, Same Direction",no,no,no,no,no,False
102588107,METROPOLITAN NASHVILLE POLICE DEPT,2019-0868554,Davidson,Nashville,12/3/2019 12:00:00 AM,1,1,0,36.135980,-86.790730,14TH AVS,,,,0.00,,,WEDGEWOOD AV,,,,0.00,Y,Four-Way,N,Non-Junction,None,,,         ,Frank,Walker,Clear,Not Collision with Motor Vehicle in Transport,no,no,no,no,no,False
102588108,METROPOLITAN NASHVILLE POLICE DEPT,20190872636,Davidson,Nashville,12/4/2019 1:55:00 PM,2,0,0,36.157950,-86.784310,10TH AVS,,,,0.00,,,10TH AVN,,,,0.00,Y,Four-Way, ,,None,,,         ,Michael,Schlegel,,,no,no,no,no,no,False
102588112,METROPOLITAN NASHVILLE POLICE DEPT,20190872653,Davidson,Nashville,12/4/2019 2:07:00 PM,2,1,0,36.216750,-86.763440,DICKERSON PKE,,,,234.00,Feet,South,LORRAINE AV,,,,0.00,N,Not at Intersection,N,Non-Junction,None,,,         ,Joseph,Progar,Clear,"Sideswipe, Opposite Direction",no,no,no,no,no,False
102588125,METROPOLITAN NASHVILLE POLICE DEPT,20190872682,Davidson,Nashville,12/4/2019 2:34:00 PM,2,2,0,36.181180,-86.695630,BRILEY PKWYS,,,,719.00,Feet,West,BRILEY PKWYN,,,,0.00,N,Not at Intersection, ,Non-Junction,None,,,         ,Michael,Dance,Clear,Angle,no,no,no,no,no,False
102588126,METROPOLITAN NASHVILLE POLICE DEPT,20190872679,Davidson,Nashville,12/4/2019 2:33:00 PM,2,3,0,36.074000,-86.624870,ANDERSON RD,,,,0.00,,,CREEKVIEW DR,,,,0.00,Y,Four-Way,N,Non-Junction,None,,,         ,Brandon,Evans,Clear,Angle,no,no,no,no,no,False
102588131,METROPOLITAN NASHVILLE POLICE DEPT,20190872691,Davidson,Nashville,12/4/2019 2:44:00 PM,2,1,0,36.123670,-86.773070,I 65,,,,0.00,,,,,,,80.60,N,Not at Intersection,N,Non-Junction,None,,,         ,John,Chambers,Clear,Angle,no,no,no,no,yes,False
102588139,METROPOLITAN NASHVILLE POLICE DEPT,20190872794,Davidson,Nashville,12/4/2019 3:20:00 PM,2,0,0,36.116020,-86.789620,I 440,,,,0.00,,,,,,,4.00,N,Not at Intersection, ,,Construction Zone,,,         ,FELIKS,ABRAHAMYAN,,,no,no,no,no,no,False
102588145,METROPOLITAN NASHVILLE POLICE DEPT,20190872809,Davidson,Nashville,12/4/2019 3:30:00 PM,2,0,0,36.100880,-86.870860,HARDING PKE,,,,212.00,Feet,North,PAGE RD,,,,0.00,N,Not at Intersection, ,,None,,,         ,Melissa,Lomax,,,no,no,no,no,no,False
102588146,METROPOLITAN NASHVILLE POLICE DEPT,20190872732,Davidson,Nashville,12/4/2019 2:00:00 PM,2,0,0,36.224220,-86.782160,BRICK CHURCH PIKE,,,,0.00,Feet,East,BRICK CHURCH PARK DR,,,,0.00,N,Not at Intersection,N,Non-Junction,None,,,         ,Brandon,Simpkins,Clear,Angle,no,no,no,no,no,False
102588147,METROPOLITAN NASHVILLE POLICE DEPT,20190872781,Davidson,Nashville,12/4/2019 2:43:00 PM,2,0,0,36.168620,-86.666710,LEBANON PKE,,,,61.00,Feet,East,J B ESTILLE DR,,,,0.00,N,Not at Intersection, ,Non-Junction,None,,,         ,Joshua,Hausman,Clear,Front to Rear,no,no,no,no,no,False
102588154,METROPOLITAN NASHVILLE POLICE DEPT,20190872703,Davidson,Nashville,12/4/2019 2:50:00 PM,2,0,0,36.154370,-86.759780,I 40,,,,0.00,,,,,,,211.00,N,Not at Intersection,N,Non-Junction,None,,,         ,Gabriel,Vasquez,Clear,Front to Rear,no,no,no,no,no,False
102588163,METROPOLITAN NASHVILLE POLICE DEPT,20190872627,Davidson,Nashville,12/4/2019 1:46:00 PM,2,0,0,36.181000,-86.606400,OLD HICKORY BLVD,,,,600.00,Feet,East,ANDREW JACKSON WAY,,,,0.00,N,Not at Intersection,N,Non-Junction,None,,,         ,Thomas,Odom,Clear,Angle,no,no,no,yes,yes,False
102588167,METROPOLITAN NASHVILLE POLICE DEPT,20190872904,Davidson,Nashville,12/4/2019 4:19:00 PM,2,0,0,36.155270,-86.789040,I40 E ENT RAMP,,,,0.00,,,I 40,,,,0.00,Y,OTHER, ,,None,,,         ,Randall,Ward,,,no,no,no,no,no,False
102588168,METROPOLITAN NASHVILLE POLICE DEPT,20190872858,Davidson,Nashville,12/4/2019 4:12:00 PM,1,0,0,36.138580,-86.777190,LYNWOOD AV,,,,244.00,Feet,South,HAMILTON AV,,,,0.00,N,Not at Intersection, ,Non-Junction,None,,,         ,Douglas,Sykes,Clear,Not Collision with Motor Vehicle in Transport,no,no,no,no,no,False
102588170,METROPOLITAN NASHVILLE POLICE DEPT,20190872871,Davidson,Nashville,12/4/2019 4:05:00 PM,2,0,0,36.114230,-86.746940,NOLENSVILLE PKE,,,,139.00,Feet,South,CENTRAL AV,,,,0.00,N,Not at Intersection, ,,None,,,         ,FELIKS,ABRAHAMYAN,,,no,no,no,no,no,False
102588175,METROPOLITAN NASHVILLE POLICE DEPT,20190872850,Davidson,Antioch,12/4/2019 3:04:00 PM,2,0,0,36.016980,-86.619860,OLD HICKORY BLVD,,,,46.00,Feet,North,FIRESTONE PKWY,,,,0.00,N,Not at Intersection,N,Non-Junction,None,,,         ,Nathaniel,Myers,Clear,Front to Rear,no,no,no,no,no,False
102588177,METROPOLITAN NASHVILLE POLICE DEPT,20190872894,Davidson,Nashville,12/4/2019 4:27:00 PM,2,0,0,36.174410,-86.770720,I 24,,,,0.00,,,,,,,48.10,N,Not at Intersection, ,Non-Junction,None,,,         ,Jose,Oliveros,Clear,Front to Rear,no,no,no,no,no,False
102588180,METROPOLITAN NASHVILLE POLICE DEPT,20190872895,Davidson,Nashville,12/4/2019 12:00:00 AM,2,0,0,36.169820,-86.819370,W HEIMAN ST,,,,571.00,Feet,East,ED TEMPLE BLVD,,,,0.00,N,Not at Intersection, ,,None,,,         ,Julie,Nabors,,,no,no,no,no,no,False
102588181,METROPOLITAN NASHVILLE POLICE DEPT,20190872817,Davidson,Nashville,12/4/2019 3:22:00 PM,2,0,0,36.076030,-86.920860,OLD HICKORY BLVD,,,,22.00,Feet,South,BELLE FOREST SHOPPING CENTER P,,,,0.00,N,Not at Intersection, ,Non-Junction,None,,,         ,Ty,Cummings,Clear,"Sideswipe, Same Direction",no,no,no,no,no,False
102588187,METROPOLITAN NASHVILLE POLICE DEPT,20190872708,Davidson,Nashville,12/4/2019 2:14:00 PM,2,0,0,36.203910,-86.750030,ELLINGTON PKWY N EXT RAMP,,,,0.00,,East,ELLINGTON PKWYN,,,,0.00,N,Not at Intersection, ,Non-Junction,None,,,         ,Michael,Moss,Clear,Front to Rear,no,no,no,no,no,False
102588206,METROPOLITAN NASHVILLE POLICE DEPT,20190872938,Davidson,Nashville,12/4/2019 4:37:00 PM,2,0,0,36.075480,-86.745880,DANBY DR,,,,0.00,,,WAUFORD DR,,,,0.00,Y,Four-Way, ,Intersection-Related,None,,,         ,William,King,Clear,"Sideswipe, Opposite Direction",no,no,no,no,no,False
102588208,METROPOLITAN NASHVILLE POLICE DEPT,20190872881,Davidson,Nashville,12/4/2019 4:19:00 PM,2,0,0,36.152200,-86.842220,CHARLOTTE AV,,,,0.00,,,46TH AVN,,,,0.00,Y,Four-Way, ,Intersection,None,,,         ,Robert,Higgins,Clear,Front to Rear,no,no,no,no,no,False
102588210,METROPOLITAN NASHVILLE POLICE DEPT,20190872979,Davidson,Nashville,12/4/2019 5:00:00 PM,3,0,0,36.106610,-86.719270,I 24,,,,0.00,,,,,,,54.00,N,Not at Intersection,N,Non-Junction,None,,,         ,Jesse,Cox,Clear,Front to Rear,no,no,no,no,yes,False
102588221,VANDERBILT UNIVERSITY POLICE,20190872728,Davidson,Nashville,12/4/2019 2:45:00 PM,2,0,0,36.143500,-86.794410,EDGEHILL AV,,,,0.00,Feet,,17TH AVS,,,,0.00,Y,OTHER, ,Intersection-Related,None,,,         ,Christopher,Dion,Clear,"Sideswipe, Same Direction",no,no,no,no,no,Campus
102588223,METROPOLITAN NASHVILLE POLICE DEPT,20190872939,Davidson,Nashville,12/4/2019 5:15:00 PM,2,0,0,36.233550,-86.724820,GALLATIN PKE,,,,3.00,Feet,South,JOYCE LN,,,,0.00,N,Not at Intersection, ,,None,,,         ,Alexander,Hartle,,,no,no,no,no,no,False
102588226,METROPOLITAN NASHVILLE POLICE DEPT,20190872998,Davidson,Nashville,12/4/2019 5:18:00 PM,2,0,0,36.045270,-86.714230,OLD HICKORY BLVD,,,,166.00,Feet,East,BRENTWOOD EAST DR,,,,0.00,N,Not at Intersection, ,,None,,,         ,FELIKS,ABRAHAMYAN,,,no,no,no,no,no,False
102588229,METROPOLITAN NASHVILLE POLICE DEPT,20190869973,Davidson,Nashville,12/3/2019 3:10:00 PM,2,0,0,36.162120,-86.782650,7TH AVN,,,,0.00,,,CHURCH ST,,,,0.00,Y,Four-Way, ,Intersection,None,,,         ,Michael,Douglas,Cloudy,"Sideswipe, Same Direction",no,no,no,no,no,False
102588231,METROPOLITAN NASHVILLE POLICE DEPT,20190873013,Davidson,Nashville,12/4/2019 5:25:00 PM,2,0,0,36.112300,-86.767010,STATE HWY 155,,,,0.00,,,BRANSFORD AVE,,,,0.00,Y,Four-Way, ,Intersection,None,,,         ,Jarrett,Ipox,Clear,Angle,no,no,no,no,no,False
102588235,METROPOLITAN NASHVILLE POLICE DEPT,20190872734,Davidson,Nashville,12/4/2019 3:01:00 PM,3,1,0,36.082100,-86.761700,HARDING PL,,,,0.00,,,SIDCO DR,,,,0.00,Y,Four-Way,N,Intersection,None,,,         ,Brandon,Hughes,Clear,Angle,no,no,no,no,no,False