master_record_number,agency,agency_tracking_number,county,city,collision_date,vehicles_involved,number_injured,number_dead,latitude,longitude,roadway_name,roadway_suffix,roadway_number,roadway_local_id,distance_from_reference,miles-feet_indicator,direction_from_reference,intersection_road_name,intersection_road_name_suffix,intersection_road_number,intersection_local_id,mile_marker,intersection_indicator,intersect_type,interchange_related_indicator,relation_to_junction,work_zone_type,construction_maintenance_zone,construction_maintenance_zone_location,fatal_case_number,officer_first_name,officer_last_name,weather_condition(s),manner_of_crash,pedestrian,bicycle,scooter,parking,hitrun,mou
102588253,METROPOLITAN NASHVILLE POLICE DEPT,20190872981,Davidson,Nashville,12/4/2019 5:00:00 PM,3,1,0,36.176000,-86.614060,DODSON CHAPEL RD,,,,403.00,Feet,North,RAMP,,,,0.00,N,Not at Intersection,N,Non-Junction,None,,,         ,Ricki,Armstrong,Clear,"Sideswipe, Opposite Direction",no,no,no,no,no,False
102588254,METROPOLITAN NASHVILLE POLICE DEPT,20190873082,Davidson,Nashville,12/4/2019 6:03:00 PM,2,0,0,36.120550,-86.773580,I 65,,,,0.00,,,,,,,80.50,N,Not at Intersection, ,Non-Junction,None,,,         ,John,Chambers,Clear,Front to Rear,no,no,no,no,no,False
102588257,METROPOLITAN NASHVILLE POLICE DEPT,20190872982,Davidson,Nashville,12/4/2019 5:06:00 PM,3,0,0,36.139880,-86.776260,I 65,,,,0.00,,,,,,,81.80,N,Not at Intersection, ,Non-Junction,None,,,         ,Douglas,Sykes,Clear,Front to Rear,no,no,no,no,no,False
102588262,METROPOLITAN NASHVILLE POLICE DEPT,20190872854,Davidson,Nashville,12/4/2019 2:48:00 PM,2,0,0,36.072970,-86.668360,JASON DR,,,,0.00,,,VOLUNTEER DR,,,,0.00,Y,T-Intersection,N,Intersection,None,,,         ,Marcus,Darden,Clear,Angle,no,no,no,no,no,False
102588265,VANDERBILT UNIVERSITY POLICE,20190873063,Davidson,Nashville,12/4/2019 5:15:00 PM,2,0,0,36.148700,-86.795980,19TH AVE S,,,,0.00,,,CHET ATKINS PL,,,,0.00,Y,Four-Way, ,Intersection,Work Zone,,,         ,Ray,Stanard,Clear,Angle,no,no,no,no,no,False
102588269,METROPOLITAN NASHVILLE POLICE DEPT,20190873147,Davidson,Nashville,12/4/2019 6:36:00 PM,2,0,0,36.149290,-86.773520,I 40,,,,0.00,,,,,,,210.20,N,Not at Intersection, ,Non-Junction,None,,,         ,Douglas,Sykes,Clear,"Sideswipe, Same Direction",no,no,no,no,no,False
102588274,METROPOLITAN NASHVILLE POLICE DEPT,20190872991,Davidson,Not in City Limit,12/4/2019 5:15:00 PM,2,2,0,36.271820,-86.761480,OLD HICKORY BLVD,,,,0.00,,,MARYDALE DR,,,,0.00,Y,Four-Way,N,Intersection,None,,,         ,Christopher,Littles,Clear,Angle,no,no,no,no,no,False
102588275,METROPOLITAN NASHVILLE POLICE DEPT,20190873110,Davidson,Nashville,12/4/2019 5:13:00 PM,2,0,0,36.241020,-86.752090,BRILEY PKWY W EXT RAMP,,,,0.00,,,I65 S ENT RAMP,,,,0.00,Y,Y-Intersection, ,,None,,,         ,Christopher,Littles,,,no,no,no,no,no,False
102588278,METROPOLITAN NASHVILLE POLICE DEPT,20190873002,Davidson,Nashville,12/4/2019 5:20:00 PM,3,2,0,36.125550,-86.713240,EAST THOMPSON LN,,,,70.00,Feet,East,LAWNDALE DR,,,,0.00,N,Not at Intersection,N,Non-Junction,None,,,         ,Patrick,Martin,Clear,Front to Rear,no,no,no,no,no,False
102588284,METROPOLITAN NASHVILLE POLICE DEPT,20190873042,Davidson,Nashville,12/4/2019 5:20:00 PM,2,0,0,36.168310,-86.687950,BRILEY PKWY N EXT RAMP,,,,0.00,Feet,East,BRILEY PKWY N ENT RAMP,,,,0.00,N,Not at Intersection, ,Non-Junction,None,,,         ,Keenan,McCann,Clear,Front to Rear,no,no,no,no,yes,False
102588285,METROPOLITAN NASHVILLE POLICE DEPT,20190873043,Davidson,Nashville,12/4/2019 5:44:00 PM,2,0,0,36.140620,-86.721530,I 40,,,,0.00,,,,,,,213.55,N,Not at Intersection,N,Non-Junction,None,,,         ,Samuel,Sundra,Clear,"Sideswipe, Same Direction",no,no,no,no,yes,False
102588288,METROPOLITAN NASHVILLE POLICE DEPT,20190872949,Davidson,Nashville,12/4/2019 4:50:00 PM,2,0,0,36.166280,-86.764760,I 24,,,,0.00,,,,,,,49.00,N,Not at Intersection,N,Non-Junction,None,,,         ,Roy,Sain Jr.,Clear,Front to Rear,no,no,no,no,yes,False
102588289,METROPOLITAN NASHVILLE POLICE DEPT,20190872735,Davidson,Nashville,12/4/2019 3:01:00 PM,2,1,0,36.072120,-86.691650,I 24,,,,0.00,,,,,,,56.80,N,Not at Intersection,N,Entrance/Exit Ramp Related,None,,,         ,Sean,Weaver,Clear,Front to Rear,no,no,no,no,yes,False
102588290,METROPOLITAN NASHVILLE POLICE DEPT,20190873144,Davidson,Nashville,12/4/2019 6:10:00 PM,2,0,0,36.112210,-86.745870,US HWY 31 ALT,,,,157.00,Feet,North,RAMP,,,,0.00,N,Not at Intersection, ,Non-Junction,None,,,         ,Jarrett,Ipox,Clear,Angle,no,no,no,no,no,False
102588292,METROPOLITAN NASHVILLE POLICE DEPT,20190872987,Davidson,Nashville,12/4/2019 5:10:00 PM,2,0,0,36.081310,-86.753560,HARDING PL,,,,544.00,Feet,East,TIMBERHILL DR,,,,0.00,N,Not at Intersection, ,,None,,,         ,Cynthia,Quirouette,,,no,no,no,no,no,False
102588294,METROPOLITAN NASHVILLE POLICE DEPT,20190873195,Davidson,Nashville,12/4/2019 6:26:00 PM,2,0,0,36.069880,-86.633970,MURFREESBORO PKE,,,,981.00,Feet,South,BELL RD,,,,0.00,N,Not at Intersection, ,,None,,,         ,Jesse,Cox,,,no,no,no,no,no,False
102588295,METROPOLITAN NASHVILLE POLICE DEPT,20190873217,Davidson,Not in City Limit,12/4/2019 12:00:00 AM,2,0,0,36.257810,-86.676810,NEELY MEADOWS PVTDR,,,,284.00,Feet,East,CHEYENNE BLVD,,,,0.00,N,Not at Intersection,N,Non-Junction,None,,,         ,Christopher,Littles,Clear,Unknown,no,no,no,yes,yes,False
102588307,METROPOLITAN NASHVILLE POLICE DEPT,20190873050,Davidson,Nashville,12/4/2019 5:25:00 PM,2,0,0,36.161020,-86.777200,BROADWAY,,,,0.00,,,4TH AVN,,,,0.00,Y,Four-Way,N,Intersection,None,,,         ,Ricardo,Cruz,Clear,"Sideswipe, Same Direction",no,no,no,no,yes,False
102588308,METROPOLITAN NASHVILLE POLICE DEPT,20190873096,Davidson,Nashville,12/4/2019 5:45:00 PM,2,0,0,36.223130,-86.693850,BRILEY PKWYN,,,,226.00,Feet,North,MUSIC VALLEY DR,,,,0.00,N,Not at Intersection, ,Non-Junction,None,,,         ,Cressie,Prill,Clear,Front to Rear,no,no,no,no,no,False
102588311,METROPOLITAN NASHVILLE POLICE DEPT,20190873124,Davidson,Not in City Limit,12/4/2019 5:04:00 PM,1,0,0,36.281160,-86.815130,LICKTON PKE,,,,1624.00,Feet,South,WHITES CREEK PKE PVTDR,,,,0.00,N,Not at Intersection,N,Non-Junction,None,,,         ,Brian,Woodard,Clear,Not Collision with Motor Vehicle in Transport,no,no,no,no,no,False
102588319,METROPOLITAN NASHVILLE POLICE DEPT,20190873241,Davidson,Nashville,12/4/2019 12:00:00 AM,2,0,0,36.161750,-86.868230,VERNON AV,,,,1036.00,Feet,North,NASHUA AV,,,,0.00,N,Not at Intersection,N,Non-Junction,None,,,         ,Robert,Higgins,Clear,Unknown,no,no,no,no,yes,False
102588331,METROPOLITAN NASHVILLE POLICE DEPT,20190873076,Davidson,Nashville,12/4/2019 6:11:00 PM,2,1,0,36.117330,-86.914640,I 40,,,,0.00,,,,,,,199.80,N,Not at Intersection,N,Non-Junction,None,,,         ,Ty,Cummings,Clear,Angle,no,no,no,no,no,False
102588335,METROPOLITAN NASHVILLE POLICE DEPT,2019-0873169,Davidson,Nashville,12/4/2019 6:43:00 PM,2,0,0,36.153960,-86.818220,CHARLOTTE AV,,,,0.00,,,28TH AVN,,,,0.00,Y,Four-Way, ,Intersection-Related,None,,,         ,John,Roberson,Cloudy,Front to Rear,no,no,no,no,no,False
102588339,METROPOLITAN NASHVILLE POLICE DEPT,20190873030,Davidson,Nashville,12/4/2019 4:48:00 PM,3,0,0,36.243900,-86.822260,US HWY 431,,,,1532.00,Feet,East,SOLNESS AVE,,,,0.00,N,Not at Intersection, ,Non-Junction,None,,,         ,Brandon,Simpkins,Clear,Front to Rear,no,no,no,no,no,False
102588371,METROPOLITAN NASHVILLE POLICE DEPT,20190873052,Davidson,Nashville,12/4/2019 6:55:00 PM,2,0,0,36.161690,-86.782380,7TH AVN,,,,174.00,Feet,South,CHURCH ST,,,,0.00,N,Not at Intersection, ,Non-Junction,None,,,         ,David,Snowden,Clear,Angle,no,no,no,no,no,False
102588427,METROPOLITAN NASHVILLE POLICE DEPT,20190873416,Davidson,Nashville,12/4/2019 8:50:00 PM,2,0,0,36.204900,-86.724120,MCGAVOCK PKE,,,,105.00,Feet,East,RIVERSIDE DR,,,,0.00,N,Not at Intersection,N,Non-Junction,None,,,         ,Riley,Brewer,Clear,Unknown,no,no,no,no,yes,False
102588434,METROPOLITAN NASHVILLE POLICE DEPT,20190873058,Davidson,Nashville,12/4/2019 5:42:00 PM,3,1,0,36.071410,-86.769570,I 65,,,,0.00,,,,,,,77.00,N,Not at Intersection,N,Non-Junction,None,,,         ,William,King,Clear,Front to Rear,no,no,no,no,no,False
102588439,METROPOLITAN NASHVILLE POLICE DEPT,20190873436,Davidson,Nashville,12/4/2019 9:27:00 PM,2,0,0,36.040950,-86.779260,OLD HICKORY BLVD,,,,0.00,,,FRANKLIN PIKE CIR,,,,0.00,Y,Four-Way, ,,None,,,         ,FELIKS,ABRAHAMYAN,,,no,no,no,no,no,False
102588455,METROPOLITAN NASHVILLE POLICE DEPT,20190873435,Davidson,Nashville,12/4/2019 12:00:00 AM,2,1,0,36.181990,-86.774770,I 24,,,,0.00,,,,,,,47.55,N,Not at Intersection,N,Non-Junction,None,,,         ,Gordon,Stovall,Clear,Front to Rear,no,no,no,no,no,False
102588456,METROPOLITAN NASHVILLE POLICE DEPT,20190873496,Davidson,Nashville,12/4/2019 9:30:00 PM,2,0,0,36.208680,-86.714840,FERNWOOD DR,,,,68.00,Feet,South,MCGAVOCK PKE,,,,0.00,N,Not at Intersection, ,Non-Junction,None,,,         ,Riley,Brewer,Clear,Angle,no,no,no,no,no,False
102588468,METROPOLITAN NASHVILLE POLICE DEPT,20190873467,Davidson,Nashville,12/4/2019 10:05:00 PM,2,1,0,36.153350,-86.764670,I 40,,,,0.00,,,,,,,210.70,N,Not at Intersection, ,Non-Junction,None,,,         ,Ricardo,Cruz,Clear,Front to Rear,no,no,no,no,no,False
102588469,GOODLETTSVILLE POLICE DEPT,19-45342,Davidson,Goodlettsville,12/4/2019 6:10:00 PM,6,1,0,36.296910,-86.724530,DICKERSON PKES,,,,630.00,Feet,West,ROBERT CARTWRIGHT DR,,,,0.00,N,Not at Intersection,N,Non-Junction,None,,,         ,Devonte,Tapp,Clear,"Sideswipe, Same Direction",no,no,no,no,no,False
102588485,METROPOLITAN NASHVILLE POLICE DEPT,20190873463,Davidson,Nashville,12/4/2019 9:40:00 PM,1,0,0,36.191400,-86.733300,SCOTT AVE,,,,60.00,Feet,North,DOUGLAS AVE,,,,0.00,N,Not at Intersection,N,Non-Junction,None,,,         ,Chad,Connors,Clear,Not Collision with Motor Vehicle in Transport,no,no,no,no,no,False
102588489,METROPOLITAN NASHVILLE POLICE DEPT,20190873426,Davidson,Nashville,12/4/2019 8:45:00 PM,2,0,0,36.074480,-86.920940,HIGHWAY 70S,,,,0.00,,,OLD HICKORY BLVD,,,,0.00,Y,Four-Way,Y,Intersection,None,,,         ,Jackson,Smythe,Clear,Front to Rear,no,no,no,no,yes,False
102588509,METROPOLITAN NASHVILLE POLICE DEPT,20190871675,Davidson,Nashville,12/4/2019 10:30:00 PM,1,0,0,36.082680,-86.765110,HARDING PL,,,,0.00,,,I65 S EXT RAMP,,,,0.00,Y,OTHER,Y,Entrance/Exit Ramp Related,None,,,         ,Bryce,Hatten,Clear,Not Collision with Motor Vehicle in Transport,no,no,no,no,no,False
102588537,METROPOLITAN NASHVILLE POLICE DEPT,20190873287,Davidson,Nashville,12/4/2019 8:20:00 PM,2,0,0,36.168310,-86.781950,GAY ST,,,,0.00,,,JAMES ROBERTSON PKWY,,,,0.00,Y,Four-Way,N,Intersection,None,,,         ,Stephen,Waterman,Clear,Angle,no,no,no,no,no,False
102588551,METROPOLITAN NASHVILLE POLICE DEPT,20190873681,Davidson,Not in City Limit,12/5/2019 12:10:00 AM,1,2,0,36.275220,-86.866680,CLARKSVILLE PKE,,,,223.00,Feet,West,DRY FORK RD,,,,0.00,N,Not at Intersection,N,Non-Junction,None,,,         ,Dalton,Crum,Clear,Not Collision with Motor Vehicle in Transport,no,no,no,no,no,False
102588607,METROPOLITAN NASHVILLE POLICE DEPT,20190874096,Davidson,Nashville,12/5/2019 5:02:00 AM,2,0,0,36.121660,-86.756460,I 440,,,,0.00,,,,,,,6.00,N,Not at Intersection, ,Non-Junction,Construction Zone,,,         ,Bryce,Hatten,Clear,"Sideswipe, Same Direction",no,no,no,no,no,False
102588611,METROPOLITAN NASHVILLE POLICE DEPT,20190873664,Davidson,Nashville,12/5/2019 12:00:00 AM,1,0,0,36.221700,-86.761670,HART LN,,,,0.00,,,DICKERSON PKE,,,,0.00,Y,T-Intersection,Y,Intersection-Related,None,,,         ,Frederick,Ware,Clear,Not Collision with Motor Vehicle in Transport,no,no,no,no,no,False
102588634,METROPOLITAN NASHVILLE POLICE DEPT,20190874257,Davidson,Nashville,12/5/2019 6:48:00 AM,2,0,0,36.081690,-86.758710,TROUSDALE DR,,,,237.00,Feet,North,HARDING PL,,,,0.00,N,Not at Intersection,N,Non-Junction,None,,,         ,Nathan,Kemp,Clear,"Sideswipe, Same Direction",no,no,no,yes,yes,False
102588637,METROPOLITAN NASHVILLE POLICE DEPT,20190874151,Davidson,Nashville,12/5/2019 5:20:00 AM,2,1,0,36.086930,-86.648680,MURFREESBORO PKE,,,,5.00,Feet,North,NASHBORO BLVD,,,,0.00,N,Not at Intersection,N,Non-Junction,None,,,         ,Michelle,Norris,Clear,"Sideswipe, Same Direction",no,no,no,no,yes,False
102588639,METROPOLITAN NASHVILLE POLICE DEPT,20190874239,Davidson,Nashville,12/5/2019 6:30:00 AM,2,0,0,36.078610,-86.745220,HARDING PL,,,,0.00,,,DANBY DR,,,,0.00,Y,Four-Way,N,Intersection-Related,None,,,         ,William,Hamblen,Clear,Front to Rear,no,no,no,no,no,False
102588646,METROPOLITAN NASHVILLE POLICE DEPT,20190874261,Davidson,Nashville,12/5/2019 5:57:00 AM,2,0,0,36.121810,-86.727170,I 24,,,,0.00,,,,,,,52.80,N,Not at Intersection, ,Non-Junction,None,,,         ,Charles,Wakefield,Clear,Front to Rear,no,no,no,no,no,False
102588654,METROPOLITAN NASHVILLE POLICE DEPT,20190874242,Davidson,Antioch,12/5/2019 6:00:00 AM,2,0,0,36.076670,-86.571220,HOBSON PKE,,,,1921.00,Feet,North,LONDONVIEW PL,,,,0.00,N,Not at Intersection,N,Non-Junction,None,,,         ,Amy,Hirschmann,Clear,HeadOn,no,no,no,no,yes,False
102588656,METROPOLITAN NASHVILLE POLICE DEPT,20190874365,Davidson,Nashville,12/5/2019 7:22:00 AM,2,0,0,36.097080,-86.873250,W TYNE DR,,,,0.00,,,HIGHWAY 100,,,,0.00,Y,T-Intersection,N,Intersection,None,,,         ,Curtis,Rich,Clear,Angle,no,no,no,no,no,False
102588667,METROPOLITAN NASHVILLE POLICE DEPT,20190874433,Davidson,Nashville,12/5/2019 7:59:00 AM,2,0,0,36.130680,-86.811990,NATCHEZ TRC,,,,65.00,Feet,North,ASHWOOD AV,,,,0.00,N,Not at Intersection, ,Non-Junction,None,,,         ,Nathan,Kemp,Clear,Front to Rear,no,no,no,no,no,False
102588671,METROPOLITAN NASHVILLE POLICE DEPT,20190874263,Davidson,Nashville,12/5/2019 6:46:00 AM,2,0,0,36.047550,-86.655930,HICKORY HOLLOW PKWY,,,,0.00,,,BELL RD,,,,0.00,Y,Four-Way,N,Intersection,None,,,         ,Stanley,Collins,Clear,Angle,no,no,no,no,no,False
102588685,METROPOLITAN NASHVILLE POLICE DEPT,20190874384,Davidson,Nashville,12/5/2019 7:45:00 AM,2,1,0,36.047120,-86.661830,I 24,,,,0.00,,,,,,,59.20,N,Not at Intersection, ,Non-Junction,None,,,         ,Jason,Kedzierski,Clear,"Sideswipe, Same Direction",no,no,no,no,no,False
102588689,METROPOLITAN NASHVILLE POLICE DEPT,20190874495,Davidson,Nashville,12/5/2019 8:11:00 AM,2,0,0,36.125150,-86.842020,WOODLAWN DR,,,,0.00,,,RIDGEFIELD DR,,,,0.00,Y,T-Intersection, ,,None,,,         ,Curtis,Rich,,,no,no,no,no,no,False
102588694,METROPOLITAN NASHVILLE POLICE DEPT,20190874436,Davidson,Nashville,12/5/2019 8:00:00 AM,2,0,0,36.141210,-86.731620,I 40,,,,0.00,,,,,,,213.00,N,Not at Intersection, ,Non-Junction,None,,,         ,Tony,Folad,Clear,"Sideswipe, Same Direction",no,no,no,no,yes,False
102588697,METROPOLITAN NASHVILLE POLICE DEPT,20190874383,Davidson,Nashville,12/5/2019 7:43:00 AM,2,0,0,36.154370,-86.759780,I 40,,,,0.00,,,,,,,211.00,N,Not at Intersection,N,Non-Junction,None,,,         ,Tien,Nguyen,Clear,Front to Rear,no,no,no,no,no,False
102588705,METROPOLITAN NASHVILLE POLICE DEPT,20190874438,Davidson,Nashville,12/5/2019 8:00:00 AM,2,0,0,36.145100,-86.661690,ROYAL PKWY,,,,415.00,Feet,East,AIRPORT CENTER DR,,,,0.00,N,Not at Intersection, ,,None,,,         ,Larry,Benz,,,no,no,no,no,no,False
102588714,METROPOLITAN NASHVILLE POLICE DEPT,20190874273,Davidson,Nashville,12/5/2019 6:54:00 AM,2,1,0,36.099630,-86.739440,NOLENSVILLE PKE,,,,0.00,Feet,,MCCALL ST,,,,0.00,Y,T-Intersection,N,Intersection,None,,,         ,Garrett,Latham,Clear,Angle,no,no,no,no,no,False
102588715,METROPOLITAN NASHVILLE POLICE DEPT,20190874502,Davidson,Nashville,12/5/2019 8:20:00 AM,2,0,0,36.169850,-86.673520,LEBANON PKE,,,,36.00,Feet,East,SHADY GROVE RD,,,,0.00,N,Not at Intersection, ,Non-Junction,None,,,         ,Zachary,Scott,Clear,Angle,no,no,no,no,no,False
102588732,METROPOLITAN NASHVILLE POLICE DEPT,20190874613,Davidson,Nashville,12/5/2019 8:23:00 AM,2,0,0,36.183510,-86.761230,ELLINGTON PKWY S ENT RAMP,,,,0.00,,,ELLINGTON PKWYS,,,,0.00,Y,Y-Intersection, ,Non-Junction,None,,,         ,David,Collins,Clear,Front to Rear,no,no,no,no,no,False
102588735,METROPOLITAN NASHVILLE POLICE DEPT,20190874662,Davidson,Nashville,12/5/2019 9:40:00 AM,2,0,0,36.169360,-86.679890,LEBANON PKE,,,,0.00,,,MCGAVOCK PKE,,,,0.00,Y,Four-Way,N,Intersection-Related,None,,,         ,Tien,Nguyen,Clear,Angle,no,no,no,no,no,False
102588747,METROPOLITAN NASHVILLE POLICE DEPT,20190874259,Davidson,Nashville,12/5/2019 5:46:00 AM,2,0,0,36.160620,-86.793990,CHARLOTTE AV,,,,102.00,Feet,West,14TH AVN,,,,0.00,N,Not at Intersection, ,,None,,,         ,Fabjan,Llukaj,,,no,no,no,no,no,False
102588760,METROPOLITAN NASHVILLE POLICE DEPT,20190874431,Davidson,Antioch,12/5/2019 8:00:00 AM,2,0,0,36.047840,-86.612050,MURFREESBORO PKE,,,,1284.00,Feet,North,MOUNTAIN SPRINGS RD,,,,0.00,N,Not at Intersection, ,,None,,,         ,Brian,Penny,,,no,no,no,no,no,False
102588763,METROPOLITAN NASHVILLE POLICE DEPT,20190874612,Davidson,Nashville,12/5/2019 8:24:00 AM,3,0,0,36.182520,-86.761740,ELLINGTON PKWYS,,,,133.00,Feet,South,ELLINGTON PKWYN,,,,0.00,N,Not at Intersection, ,Non-Junction,None,,,         ,Miles,Posey,Clear,Front to Rear,no,no,no,no,no,False
102588768,METROPOLITAN NASHVILLE POLICE DEPT,20190874565,Davidson,Not in City Limit,12/5/2019 8:52:00 AM,1,0,0,36.075280,-86.980260,I 40,,,,0.00,,,,,,,194.80,N,Not at Intersection, ,Non-Junction,None,,,         ,Jack,Crouch,Clear,Not Collision with Motor Vehicle in Transport,no,no,no,no,no,False
102588770,METROPOLITAN NASHVILLE POLICE DEPT,20190874676,Davidson,Nashville,12/5/2019 9:46:00 AM,2,0,0,36.031130,-86.639000,I 24,,,,0.00,,,,,,,60.90,N,Not at Intersection, ,,None,,,         ,Amy,Hirschmann,,,no,no,no,no,no,False
102588771,METROPOLITAN NASHVILLE POLICE DEPT,20190874623,Davidson,Nashville,12/5/2019 12:00:00 AM,2,1,0,36.040240,-86.649930,I 24,,,,0.00,,,,,,,60.00,N,Not at Intersection,N,Non-Junction,Construction Zone,Other,Unknown,         ,Jason,Kedzierski,Clear,"Sideswipe, Same Direction",no,no,no,no,no,False
102588774,METROPOLITAN NASHVILLE POLICE DEPT,20190874307,Davidson,Nashville,12/5/2019 7:15:00 AM,2,0,0,36.185520,-86.817180,CLARKSVILLE PKE,,,,0.00,,,25TH AVN,,,,0.00,Y,Four-Way,N,Intersection,None,,,         ,Wesley,Young,Clear,Angle,no,no,no,no,no,False
102588797,METROPOLITAN NASHVILLE POLICE DEPT,20190874582,Davidson,Nashville,12/5/2019 8:24:00 AM,2,0,0,36.042890,-86.654560,I 24,,,,0.00,,,,,,,59.70,N,Not at Intersection, ,,Construction Zone,,,         ,Jason,Kedzierski,,,no,no,no,no,no,False
102588800,METROPOLITAN NASHVILLE POLICE DEPT,20190874527,Davidson,Nashville,12/5/2019 8:30:00 AM,2,0,0,36.206620,-86.777900,W TRINITY LN,,,,0.00,,,BRICK CHURCH PKE,,,,0.00,Y,Four-Way,N,Intersection,None,,,         ,Wesley,Young,Clear,Front to Rear,no,no,no,no,yes,False
102588804,METROPOLITAN NASHVILLE POLICE DEPT,20190874563,Davidson,Nashville,12/5/2019 8:40:00 AM,2,1,0,36.078350,-86.670270,BILLINGSGATE RD,,,,0.00,,,FRANKLIN LIMESTONE RD,,,,0.00,Y,T-Intersection,N,Intersection-Related,None,,,         ,Honorio,Canchola,Clear,Angle,no,no,no,no,no,False
102588805,METROPOLITAN NASHVILLE POLICE DEPT,2019874552,Davidson,Nashville,12/5/2019 8:50:00 AM,2,0,0,36.199770,-86.776600,I 65,,,,0.00,,,,,,,86.85,N,Not at Intersection, ,Non-Junction,None,,,         ,Wesley,Young,Clear,Front to Rear,no,no,no,no,no,False
102588807,METROPOLITAN NASHVILLE POLICE DEPT,20190872941,Davidson,Nashville,12/4/2019 4:50:00 PM,2,0,0,36.166510,-86.787370,ROSA L PARKS BLVD,,,,0.00,,,JAMES ROBERTSON PKWY,,,,0.00,Y,T-Intersection, ,,None,,,         ,Michael,Douglas,,,no,no,no,no,no,False
102588809,METROPOLITAN NASHVILLE POLICE DEPT,20190874561,Davidson,Nashville,12/5/2019 8:55:00 AM,2,0,0,36.200160,-86.776660,I 65,,,,0.00,,,,,,,86.90,N,Not at Intersection,N,Non-Junction,None,,,         ,Wesley,Young,Clear,Front to Rear,no,no,no,no,no,False
102588812,METROPOLITAN NASHVILLE POLICE DEPT,20190874850,Davidson,Nashville,12/5/2019 11:06:00 AM,2,0,0,36.139500,-86.700200,KNIGHTS OF COLUMBUS BLVD,,,,0.00,,,I40 E ENT RAMP,,,,0.00,Y,Four-Way,N,Intersection-Related,None,,,         ,Tien,Nguyen,Clear,Front to Rear,no,no,no,no,yes,False
102588813,METROPOLITAN NASHVILLE POLICE DEPT,20190874584,Davidson,Nashville,12/5/2019 8:20:00 AM,2,0,0,36.036500,-86.645000,I 24,,,,0.00,,,,,,,60.40,N,Not at Intersection, ,,None,,,         ,Jason,Thomas,,,no,no,no,no,no,False
102588816,METROPOLITAN NASHVILLE POLICE DEPT,20190874767,Davidson,Nashville,12/5/2019 10:29:00 AM,3,0,0,36.131320,-86.896900,I40 E EXT RAMP,,,,0.00,,,I 40,,,,0.00,Y,T-Intersection, ,Entrance/Exit Ramp Related,None,,,         ,Curtis,Rich,Clear,Front to Rear,no,no,no,no,no,False
102588834,METROPOLITAN NASHVILLE POLICE DEPT,20190874605,Davidson,Nashville,12/5/2019 7:36:00 AM,1,0,0,36.070570,-86.586900,SMITH SPRINGS PKWY,,,,219.00,Feet,South,CHESHIRE PASS,,,,0.00,N,Not at Intersection,N,Non-Junction,None,,,         ,Jason,Thomas,Clear,Not Collision with Motor Vehicle in Transport,no,no,no,no,no,False
102588838,METROPOLITAN NASHVILLE POLICE DEPT,20190872835,Davidson,Nashville,12/4/2019 3:55:00 PM,2,0,0,36.161650,-86.783920,ROSA L PARKS AV,,,,0.00,,,ROSA L PARKS BLVD,,,,0.00,Y,Y-Intersection, ,Intersection,None,,,         ,Michael,Douglas,Clear,"Sideswipe, Same Direction",no,no,no,no,no,False
102588839,GOODLETTSVILLE POLICE DEPT,19-45332,Davidson,Goodlettsville,12/4/2019 3:28:00 PM,7,1,0,36.296520,-86.715030,I 65,,,,0.00,,,,,,,94.85,N,Not at Intersection,N,Non-Junction,None,,,         ,Donald,Brinton,Clear,Front to Rear,no,no,no,no,no,False
102588849,METROPOLITAN NASHVILLE POLICE DEPT,20190874951,Davidson,Nashville,12/5/2019 11:45:00 AM,2,0,0,36.133300,-86.637840,TIMBER VALLEY DR,,,,0.00,,,HARBORWOOD CIR,,,,0.00,Y,T-Intersection, ,,None,,,         ,Samuel,Fredericks,,,no,no,no,no,no,False
102588872,METROPOLITAN NASHVILLE POLICE DEPT,20190874726,Davidson,Nashville,12/5/2019 1:30:00 AM,2,0,0,36.210630,-86.758320,WOODYHILL DR,,,,0.00,,,,,,,0.00,,,N,Non-Junction,None,,,         ,Russell,Freeman,Clear,Not Collision with Motor Vehicle in Transport,no,no,no,yes,yes,False
102588893,METROPOLITAN NASHVILLE POLICE DEPT,20190874925,Davidson,Nashville,12/5/2019 11:42:00 AM,2,0,0,36.135950,-86.724960,SPENCE LN,,,,60.00,Feet,North,MURFREESBORO PKE,,,,0.00,N,Not at Intersection, ,Non-Junction,None,,,         ,Graham,Binkley,Clear,"Sideswipe, Same Direction",no,no,no,no,no,False
102588894,METROPOLITAN NASHVILLE POLICE DEPT,20190875058,Davidson,Nashville,12/5/2019 12:29:00 PM,2,0,0,36.099730,-86.871410,HARDING PKE,,,,0.00,,,HIGHWAY 100,,,,0.00,Y,Y-Intersection, ,Intersection-Related,None,,,         ,Curtis,Rich,Clear,Angle,no,no,no,no,no,False
102588896,METROPOLITAN NASHVILLE POLICE DEPT,20190875076,Davidson,Nashville,12/5/2019 12:58:00 PM,2,0,0,36.039970,-86.781300,I65 N EXT RAMP,,,,0.00,Feet,East,I 65,,,,0.00,N,Not at Intersection, ,Entrance/Exit Ramp Related,None,,,         ,Nathan,Kemp,Clear,Front to Rear,no,no,no,no,no,False
102588922,METROPOLITAN NASHVILLE POLICE DEPT,20190874740,Davidson,Antioch,12/5/2019 8:03:00 AM,2,0,0,36.079630,-86.594820,PHILHALL PKWY,,,,0.00,Feet,East,SCENIC LAKE CT,,,,0.00,N,Not at Intersection, ,Non-Junction,None,,,         ,Jessie,Meadows,Clear,Front to Rear,no,no,no,no,no,False
102588943,METROPOLITAN NASHVILLE POLICE DEPT,20190875008,Davidson,Antioch,12/5/2019 12:21:00 PM,2,0,0,36.070750,-86.598820,SEASONS DR,,,,0.00,Feet,East,FORRESTAL WAY,,,,0.00,N,Not at Intersection,N,Non-Junction,None,,,         ,Tien,Nguyen,Clear,"Sideswipe, Same Direction",no,no,no,no,no,False