master_record_number,agency,agency_tracking_number,county,city,collision_date,vehicles_involved,number_injured,number_dead,latitude,longitude,roadway_name,roadway_suffix,roadway_number,roadway_local_id,distance_from_reference,miles-feet_indicator,direction_from_reference,intersection_road_name,intersection_road_name_suffix,intersection_road_number,intersection_local_id,mile_marker,intersection_indicator,intersect_type,interchange_related_indicator,relation_to_junction,work_zone_type,construction_maintenance_zone,construction_maintenance_zone_location,fatal_case_number,officer_first_name,officer_last_name,weather_condition(s),manner_of_crash,pedestrian,bicycle,scooter,parking,hitrun,mou
102589672,METROPOLITAN NASHVILLE POLICE DEPT,20190876826,Davidson,Nashville,12/6/2019 5:51:00 AM,2,0,0,36.264790,-86.737800,OLD HICKORY BLVDW,,,,138.00,Feet,East,I65 N ENT RAMP,,,,0.00,N,Not at Intersection,N,Entrance/Exit Ramp Related,None,,,         ,Kaleigh,Pearce,Clear,Front to Rear,no,no,no,no,no,False
102589673,BERRY HILL POLICE DEPT,19-5131,Davidson,Nashville,12/5/2019 11:35:00 AM,3,0,0,36.128590,-86.777890,FRANKLIN PKE,,,,0.00,,,8TH AVS,,,,0.00,Y,Four-Way, ,Intersection-Related,None,,,         ,Larry,Carter,Clear,"Sideswipe, Same Direction",no,no,no,no,no,False
102589689,METROPOLITAN NASHVILLE POLICE DEPT,20190876862,Davidson,Nashville,12/6/2019 6:17:00 AM,3,0,0,36.102850,-86.665880,MURFREESBORO PKE,,,,124.00,Feet,East,TOWN PARK DR,,,,0.00,N,Not at Intersection,N,Non-Junction,None,,,         ,Jessie,Meadows,Clear,"Sideswipe, Same Direction",no,no,no,no,no,False
102589698,METROPOLITAN NASHVILLE POLICE DEPT,20190876938,Davidson,Nashville,12/6/2019 7:07:00 AM,2,0,0,36.134850,-86.775670,I 65,,,,0.00,,,,,,,81.40,N,Not at Intersection, ,Non-Junction,None,,,         ,Michael,Suagua,Clear,"Sideswipe, Same Direction",no,no,no,no,yes,False
102589701,METROPOLITAN NASHVILLE POLICE DEPT,20190876905,Davidson,Nashville,12/6/2019 6:20:00 AM,3,0,0,36.044820,-86.668720,BELL RD,,,,101.00,Feet,West,BEECHWOOD TER,,,,0.00,N,Not at Intersection,N,Non-Junction,None,,,         ,Jason,Kedzierski,Cloudy,Front to Rear,no,no,no,no,no,False
102589704,METROPOLITAN NASHVILLE POLICE DEPT,20190876963,Davidson,Nashville,12/6/2019 7:15:00 AM,2,1,0,36.068220,-86.688140,I 24,,,,0.00,,,,,,,57.10,N,Not at Intersection,N,Non-Junction,None,,,         ,Keith,Parlato,Cloudy,Front to Rear,no,no,no,no,no,False
102589709,METROPOLITAN NASHVILLE POLICE DEPT,20190876997,Davidson,Nashville,12/6/2019 7:31:00 AM,2,1,0,36.143240,-86.791870,EDGEHILL AV,,,,0.00,,,VILLA PL,,,,0.00,Y,Four-Way,N,Intersection,None,,,         ,Nathan,Kemp,Clear,Angle,no,no,no,no,no,False
102589711,METROPOLITAN NASHVILLE POLICE DEPT,20190876891,Davidson,Nashville,12/6/2019 6:46:00 AM,2,0,0,36.156850,-86.632670,STEWARTS FERRY PKE,,,,0.00,,,LAUER DR,,,,0.00,Y,T-Intersection,N,Intersection-Related,None,,,         ,Tien,Nguyen,Cloudy,"Sideswipe, Same Direction",no,no,no,no,no,False
102589713,METROPOLITAN NASHVILLE POLICE DEPT,20190875026,Davidson,Nashville,12/5/2019 12:20:00 PM,2,0,0,36.045540,-86.658560,BELL RD,,,,0.00,,,I24 W EXT RAMP,,,,0.00,Y,OTHER, ,Entrance/Exit Ramp Related,None,,,         ,Honorio,Canchola,Clear,"Sideswipe, Same Direction",no,no,no,no,no,False
102589715,METROPOLITAN NASHVILLE POLICE DEPT,20190876977,Davidson,Nashville,12/6/2019 7:17:00 AM,2,0,0,36.143100,-86.745270,MURFREESBORO PKE,,,,289.00,Feet,West,FESSLERS LN,,,,0.00,N,Not at Intersection, ,"Driveway, Alley Access, etc",None,,,         ,Garrett,Latham,Cloudy,"Sideswipe, Same Direction",no,no,no,no,no,False
102589733,METROPOLITAN NASHVILLE POLICE DEPT,20190877035,Davidson,Nashville,12/6/2019 7:46:00 AM,2,0,0,36.217360,-86.763190,LORRAINE AVE,,,,0.00,,,US HWY 31W,,,,0.00,Y,T-Intersection,N,Intersection,None,,,         ,Nicholas,Smith,Cloudy,Angle,no,no,no,no,yes,False
102589738,METROPOLITAN NASHVILLE POLICE DEPT,20190877006,Davidson,Nashville,12/6/2019 7:35:00 AM,2,0,0,36.096440,-86.656060,SMITH SPRINGS RD,,,,0.00,,,MURFREESBORO PKE,,,,0.00,Y,Four-Way,N,Intersection,None,,,         ,Michael,Dance,Cloudy,Front to Rear,no,no,no,no,no,False
102589746,METROPOLITAN NASHVILLE POLICE DEPT,20190877070,Davidson,Nashville,12/6/2019 7:55:00 AM,2,0,0,36.252960,-86.716980,GALLATIN PKES,,,,107.00,Feet,South,MADISON SQ,,,,0.00,N,Not at Intersection,N,Non-Junction,None,,,         ,Brian,Otto,Cloudy,Angle,no,no,no,no,no,False
102589748,GOODLETTSVILLE POLICE DEPT,19-45201,Davidson,Goodlettsville,12/3/2019 5:49:00 PM,2,2,0,36.312160,-86.674580,VIETNAM VETERANS BLVDN,,,,506.00,Feet,West,VIETNAM VETERANS BLVDS,,,,0.00,N,Not at Intersection, ,Non-Junction,None,,,         ,Hannah,Poole,Clear,Front to Rear,no,no,no,no,no,False
102589749,METROPOLITAN NASHVILLE POLICE DEPT,20190876919,Davidson,Nashville,12/6/2019 6:55:00 AM,2,0,0,36.177920,-86.764240,SPRING ST ENT RAMP,,,,126.00,Feet,West,ELLINGTON PKWYS,,,,0.00,N,Not at Intersection, ,Non-Junction,None,,,         ,Russell,Freeman,Cloudy,Front to Rear,no,no,no,no,no,False
102589752,METROPOLITAN NASHVILLE POLICE DEPT,20190876937,Davidson,Nashville,12/6/2019 7:15:00 AM,2,0,0,36.191820,-86.784050,I 65,,,,0.00,,,,,,,86.10,N,Not at Intersection, ,Non-Junction,None,,,         ,Wesley,Young,Cloudy,Front to Rear,no,no,no,no,no,False
102589757,METROPOLITAN NASHVILLE POLICE DEPT,20190876956,Davidson,Nashville,12/6/2019 7:15:00 AM,2,0,0,36.188670,-86.822730,CLARKSVILLE PKE,,,,133.00,Feet,East,ROSA L PARKS BLVD,,,,0.00,N,Not at Intersection,N,Non-Junction,None,,,         ,Corey,Reed,Cloudy,Front to Rear,no,no,no,no,no,False
102589758,METROPOLITAN NASHVILLE POLICE DEPT,20190876952,Davidson,Nashville,12/6/2019 7:15:00 AM,2,1,0,36.249950,-86.719020,GALLATIN PKES,,,,234.00,Feet,North,E PALESTINE AV,,,,0.00,N,Not at Intersection,N,Non-Junction,None,,,         ,Brian,Otto,Cloudy,Angle,no,no,no,no,no,False
102589761,METROPOLITAN NASHVILLE POLICE DEPT,20190877036,Davidson,Nashville,12/6/2019 7:40:00 AM,2,0,0,36.063350,-86.637450,RICE RD,,,,0.00,,,BELL RD,,,,0.00,Y,T-Intersection,N,Non-Junction,None,,,         ,Honorio,Canchola,Clear,Front to Rear,no,no,no,no,no,False
102589762,METROPOLITAN NASHVILLE POLICE DEPT,20190877145,Davidson,Nashville,12/6/2019 8:21:00 AM,2,0,0,36.074150,-86.692600,I 24,,,,0.00,,,,,,,56.65,N,Not at Intersection, ,Non-Junction,None,,,         ,Nelson,Hemingway,Cloudy,"Sideswipe, Same Direction",no,no,no,no,no,False
102589766,METROPOLITAN NASHVILLE POLICE DEPT,20190877170,Davidson,Nashville,12/6/2019 7:00:00 AM,2,0,0,36.218600,-86.794950,PAPPUS CT,,,,357.00,Feet,West,OLD MATTHEWS RD,,,,0.00,N,Not at Intersection,N,Non-Junction,None,,,         ,Wesley,Young,Cloudy,Angle,no,no,no,no,yes,False
102589772,METROPOLITAN NASHVILLE POLICE DEPT,20190877261,Davidson,Nashville,12/6/2019 9:28:00 AM,2,0,0,36.040010,-86.743470,OLD HICKORY BLVD,,,,0.00,,,EDMONDSON PKE,,,,0.00,Y,Four-Way, ,Intersection,None,,,         ,Earl,Davis,Rain,Front to Rear,no,no,no,no,no,False
102589775,METROPOLITAN NASHVILLE POLICE DEPT,20190877079,Davidson,Nashville,12/6/2019 8:03:00 AM,2,0,0,36.166510,-86.787370,ROSA L PARKS BLVD,,,,0.00,Feet,,JAMES ROBERTSON PKWY,,,,0.00,Y,Y-Intersection, ,Intersection-Related,None,,,         ,James,Hill,Cloudy,Angle,no,no,no,no,no,False
102589776,VANDERBILT UNIVERSITY POLICE,20190877201,Davidson,Nashville,12/6/2019 9:00:00 AM,2,0,0,36.141510,-86.811950,VANDERBILT PL,,,,313.00,Feet,South,29TH AVS,,,,0.00,N,Not at Intersection, ,Non-Junction,None,,,         ,Casey,Clark,Cloudy,HeadOn,no,no,no,yes,no,Campus
102589786,METROPOLITAN NASHVILLE POLICE DEPT,20190876959,Davidson,Nashville,12/6/2019 7:13:00 AM,3,4,0,36.221140,-86.804900,REVELS DR,,,,0.00,Feet,,WHITES CREEK PKE,,,,0.00,Y,Four-Way,N,Non-Junction,None,,,         ,Fabjan,Llukaj,Cloudy,Front to Rear,no,no,no,no,no,False
102589810,METROPOLITAN NASHVILLE POLICE DEPT,20190877233,Davidson,Nashville,12/6/2019 9:55:00 AM,2,0,0,36.118150,-86.725920,I 24,,,,0.00,,,,,,,53.05,N,Not at Intersection, ,,None,,,         ,Jessie,Meadows,,,no,no,no,no,no,False
102589812,METROPOLITAN NASHVILLE POLICE DEPT,20190877397,Davidson,Not in City Limit,12/6/2019 10:26:00 AM,2,0,0,35.997070,-86.690170,NOLENSVILLE PKE,,,,100.00,Feet,West,CONCORD RD,,,,0.00,N,Not at Intersection,N,Non-Junction,None,,,         ,Nathan,Kemp,Clear,Front to Rear,no,no,no,no,yes,False
102589813,METROPOLITAN NASHVILLE POLICE DEPT,20190877394,Davidson,Nashville,12/6/2019 10:28:00 AM,2,0,0,36.150670,-86.762200,CHARLES E DAVIS BLVD,,,,110.00,Feet,South,CANNON ST,,,,0.00,N,Not at Intersection,N,Non-Junction,None,,,         ,Michael,Dance,Cloudy,Angle,no,no,no,no,no,False
102589832,METROPOLITAN NASHVILLE POLICE DEPT,20190877344,Davidson,Nashville,12/6/2019 10:05:00 AM,2,1,0,36.218150,-86.803480,WHITES CREEK PKE,,,,0.00,,,MOORMANS ARM RD,,,,0.00,Y,Four-Way,N,Intersection,None,,,         ,Royce,McLester,Rain,HeadOn,no,no,no,no,yes,False
102589836,METROPOLITAN NASHVILLE POLICE DEPT,20190877526,Davidson,Nashville,12/6/2019 11:30:00 AM,2,0,0,36.171930,-86.865340,CENTENNIAL BLVD,,,,163.00,Feet,East,BRILEY PKWY N ENT RAMP,,,,0.00,N,Not at Intersection, ,Non-Junction,None,,,         ,Curtis,Rich,Rain,Rear to Side,no,no,no,yes,yes,False
102589839,METROPOLITAN NASHVILLE POLICE DEPT,20190877548,Davidson,Nashville,12/6/2019 11:42:00 AM,2,0,0,36.154340,-86.758240,I 40,,,,0.00,,,,,,,211.10,N,Not at Intersection, ,Entrance/Exit Ramp Related,None,,,         ,Tien,Nguyen,Cloudy,"Sideswipe, Same Direction",no,no,no,no,no,False
102589842,METROPOLITAN NASHVILLE POLICE DEPT,20190877594,Davidson,Nashville,12/6/2019 12:03:00 PM,2,0,0,36.152700,-86.756370,GREEN ST,,,,0.00,,,FAIRFIELD AV,,,,0.00,Y,Four-Way, ,Intersection,None,,,         ,Michael,Dance,Cloudy,Front to Rear,no,no,no,no,no,False
102589844,METROPOLITAN NASHVILLE POLICE DEPT,20190877379,Davidson,Nashville,12/6/2019 10:21:00 AM,3,1,0,36.134080,-86.726920,I24E,,,,54.00,Feet,East,I24 E ENT RAMP,,,,0.00,N,Not at Intersection,N,Non-Junction,None,,,         ,Jessie,Meadows,Rain,Front to Rear,no,no,no,no,yes,False
102589845,METROPOLITAN NASHVILLE POLICE DEPT,20190877554,Davidson,Nashville,12/6/2019 11:35:00 AM,2,0,0,36.184710,-86.775690,I 24,,,,0.00,,,,,,,47.25,N,Not at Intersection,N,Non-Junction,None,,,         ,Wesley,Young,Cloudy,"Sideswipe, Same Direction",no,no,no,no,yes,False
102589862,METROPOLITAN NASHVILLE POLICE DEPT,20190877446,Davidson,Nashville,12/6/2019 10:50:00 AM,2,0,0,36.194270,-86.618240,OLD HICKORY BLVD,,,,0.00,,,HERMITAGE MARKETPLACE PVTDR,,,,0.00,Y,Four-Way, ,,None,,,         ,Michael,Brooks,,,no,no,no,no,no,False
102589868,METROPOLITAN NASHVILLE POLICE DEPT,20190877413,Davidson,Nashville,12/6/2019 10:30:00 AM,2,0,0,36.060790,-86.624100,MURFREESBORO PKE,,,,1481.00,Feet,West,HAMILTON GLEN PL,,,,0.00,N,Not at Intersection, ,Non-Junction,None,,,         ,Jessie,Meadows,Rain,Angle,no,no,no,no,no,False
102589869,METROPOLITAN NASHVILLE POLICE DEPT,20190875628,Davidson,Nashville,12/5/2019 5:23:00 PM,2,0,0,36.154780,-86.758470,HERMITAGE AV,,,,0.00,,,DRIFTWOOD ST,,,,0.00,Y,T-Intersection, ,Non-Junction,None,,,         ,Michael,Douglas,Clear,Front to Rear,no,no,no,no,no,False
102589873,METROPOLITAN NASHVILLE POLICE DEPT,20190877607,Davidson,Nashville,12/6/2019 12:13:00 PM,2,0,0,36.209720,-86.733290,SHELTON AV,,,,190.00,Feet,East,GALLATIN PKE,,,,0.00,N,Not at Intersection,N,Non-Junction,None,,,         ,Russell,Freeman,Cloudy,"Sideswipe, Same Direction",no,no,no,no,no,False
102589874,METROPOLITAN NASHVILLE POLICE DEPT,20190874262,Davidson,Nashville,12/5/2019 5:18:00 AM,2,0,0,36.210080,-86.776030,I 65,,,,0.00,,,,,,,87.60,N,Not at Intersection,N,Non-Junction,None,,,         ,Ronald,Bright,Clear,Other,no,no,no,no,no,False
102589878,METROPOLITAN NASHVILLE POLICE DEPT,20190877197,Davidson,Nashville,12/6/2019 9:00:00 AM,2,0,0,36.086870,-86.696040,HARDING PL,,,,0.00,,,METROPLEX DR,,,,0.00,Y,Four-Way, ,Intersection,None,,,         ,Donald,Davidson,Clear,Other,no,no,no,no,no,False
102589884,METROPOLITAN NASHVILLE POLICE DEPT,20190877666,Davidson,Nashville,12/6/2019 12:39:00 PM,2,0,0,36.148930,-86.864120,CHARLOTTE PKE,,,,316.00,Feet,East,LELLYETT ST,,,,0.00,N,Not at Intersection, ,Non-Junction,None,,,         ,Curtis,Rich,Cloudy,Front to Rear,no,no,no,no,no,False
102589886,METROPOLITAN NASHVILLE POLICE DEPT,20190877527,Davidson,Nashville,12/6/2019 11:34:00 AM,2,0,0,36.096150,-86.737670,NOLENSVILLE PKE,,,,0.00,Feet,,ALLIED DR,,,,0.00,Y,T-Intersection, ,Intersection-Related,None,,,         ,Garrett,Latham,Cloudy,Front to Rear,no,no,no,no,no,False
102589907,METROPOLITAN NASHVILLE POLICE DEPT,20190877719,Davidson,Nashville,12/6/2019 1:01:00 PM,2,0,0,36.147870,-86.743970,I40 W ENT RAMP,,,,0.00,,,I 40,,,,0.00,Y,OTHER, ,Non-Junction,None,,,         ,Joshua,Hausman,Cloudy,Front to Rear,no,no,no,no,no,False
102589910,METROPOLITAN NASHVILLE POLICE DEPT,20190877715,Davidson,Nashville,12/6/2019 1:00:00 PM,2,0,0,36.192450,-86.815710,ROSA L PARKS BLVD,,,,0.00,,,MAINSTREAM DR,,,,0.00,Y,Four-Way, ,Intersection,None,,,         ,Wesley,Young,Cloudy,Front to Rear,no,no,no,no,no,False
102589927,METROPOLITAN NASHVILLE POLICE DEPT,20190877744,Davidson,Nashville,12/6/2019 1:19:00 PM,2,0,0,36.149780,-86.859550,CHARLOTTE PKE,,,,46.00,Feet,West,MIDLAND AV,,,,0.00,N,Not at Intersection,N,Non-Junction,None,,,         ,Curtis,Rich,Cloudy,Front to Rear,no,no,no,no,no,False
102589928,METROPOLITAN NASHVILLE POLICE DEPT,20190877625,Davidson,Nashville,12/6/2019 12:20:00 PM,2,1,0,36.042680,-86.779700,FRANKLIN PIKE CIR,,,,655.00,Feet,North,I65 N ENT RAMP,,,,0.00,N,Not at Intersection,N,Non-Junction,None,,,         ,Nathan,Kemp,Clear,Front to Rear,no,no,no,yes,no,False
102589935,METROPOLITAN NASHVILLE POLICE DEPT,20190877725,Davidson,Antioch,12/6/2019 1:06:00 PM,2,0,0,36.016280,-86.620020,OLD HICKORY BLVD,,,,212.00,Feet,South,FIRESTONE PKWY,,,,0.00,N,Not at Intersection, ,Non-Junction,None,,,         ,Keith,Parlato,Cloudy,"Sideswipe, Same Direction",no,no,no,yes,no,False
102589993,METROPOLITAN NASHVILLE POLICE DEPT,20190877637,Davidson,Nashville,12/6/2019 12:15:00 PM,2,0,0,36.144950,-86.872120,CHARLOTTE PKE,,,,257.00,Feet,North,AMERICAN RD,,,,0.00,N,Not at Intersection,N,Non-Junction,None,,,         ,George,Spencer,Cloudy,Other,no,no,no,no,no,False
102589994,METROPOLITAN NASHVILLE POLICE DEPT,20190877788,Davidson,Nashville,12/6/2019 1:48:00 PM,2,0,0,36.118090,-86.701640,BRILEY PKWY S ENT RAMP,,,,0.00,Feet,East,BRILEY PKWYS,,,,0.00,N,Not at Intersection,Y,Non-Junction,None,,,         ,Joshua,Hausman,Clear,Front to Rear,no,no,no,no,yes,False
102590031,METROPOLITAN NASHVILLE POLICE DEPT,20190877663,Davidson,Nashville,12/6/2019 12:38:00 PM,2,3,0,36.182610,-86.812270,DR D B TODD JR BLVD,,,,0.00,,,CLAY ST,,,,0.00,Y,Four-Way,N,Intersection,None,,,         ,Fabjan,Llukaj,Rain,Angle,no,no,no,no,no,False
102590053,METROPOLITAN NASHVILLE POLICE DEPT,20190877768,Davidson,Nashville,12/6/2019 1:23:00 PM,2,0,0,36.149580,-86.860300,US HWY 70,,,,111.00,Feet,West,OCEOLA AVE,,,,0.00,N,Not at Intersection, ,"Driveway, Alley Access, etc",None,,,         ,Roger,Luther,Clear,"Sideswipe, Same Direction",no,no,no,no,no,False
102590065,METROPOLITAN NASHVILLE POLICE DEPT,20190877511,Davidson,Nashville,12/6/2019 11:25:00 AM,2,2,0,36.095900,-86.702180,ANTIOCH PKE,,,,1445.00,Feet,East,METROPLEX DR,,,,0.00,N,Not at Intersection,N,Non-Junction,None,,,         ,Jessie,Meadows,Rain,HeadOn,no,no,no,no,no,False
102590097,METROPOLITAN NASHVILLE POLICE DEPT,20190877773,Davidson,Nashville,12/6/2019 1:28:00 PM,2,1,0,36.154450,-86.792460,BROADWAY,,,,142.00,Feet,East,16TH AVS,,,,0.00,N,Not at Intersection,N,Non-Junction,None,,,         ,William,Caillouette,Clear,Front to Rear,no,no,no,no,no,False
102590123,METROPOLITAN NASHVILLE POLICE DEPT,20190877882,Davidson,Nashville,12/6/2019 2:31:00 PM,2,0,0,36.113500,-86.913320,SAUSSY PL,,,,0.00,Feet,,SAUSSY CT,,,,0.00,Y,T-Intersection, ,Intersection,None,,,         ,Mario,Diaz,Clear,HeadOn,no,no,no,no,no,False
102590126,BERRY HILL POLICE DEPT,19-5152,Davidson,Berry Hill,12/6/2019 2:35:00 PM,2,0,0,36.118860,-86.774590,FRANKLIN PKE,,,,0.00,,,BERRY RD,,,,0.00,Y,T-Intersection, ,,None,,,         ,Roy,Morris,,,no,no,no,no,no,False
102590178,METROPOLITAN NASHVILLE POLICE DEPT,20190875476,Davidson,Nashville,12/5/2019 4:24:00 PM,2,0,0,36.170270,-86.772860,N 1ST ST,,,,0.00,,,MAIN ST,,,,0.00,Y,Four-Way,N,Intersection,None,,,         ,Michael,Douglas,Clear,Angle,no,no,no,no,no,False
102590209,METROPOLITAN NASHVILLE POLICE DEPT,20190877952,Davidson,Nashville,12/6/2019 3:24:00 PM,1,1,0,36.144180,-86.813630,29TH AVE S,,,,0.00,,,US HWY 70S,,,,0.00,Y,T-Intersection, ,Intersection-Related,None,,,         ,FELIKS,ABRAHAMYAN,Clear,Not Collision with Motor Vehicle in Transport,yes,no,no,no,no,Campus
102590210,METROPOLITAN NASHVILLE POLICE DEPT,20190878064,Davidson,Nashville,12/6/2019 4:00:00 PM,2,0,0,36.105010,-86.818830,BANDYWOOD DR,,,,209.00,Feet,East,HILLSBORO CIR,,,,0.00,N,Not at Intersection,N,Non-Junction,None,,,         ,Melissa,Lomax,Clear,Rear to Rear,no,no,no,no,no,False
102590211,METROPOLITAN NASHVILLE POLICE DEPT,20190877967,Davidson,Nashville,12/6/2019 3:30:00 PM,2,0,0,36.086880,-86.696610,HARDING PL,,,,192.00,Feet,West,METROPLEX DR,,,,0.00,N,Not at Intersection, ,,None,,,         ,Patrick,Martin,,,no,no,no,no,no,False
102590214,METROPOLITAN NASHVILLE POLICE DEPT,20190878043,Davidson,Nashville,12/6/2019 4:05:00 PM,2,0,0,36.145730,-86.776990,I 65,,,,0.00,,,,,,,82.20,N,Not at Intersection, ,,None,,,         ,Nicholas,Carroll,,,no,no,no,no,no,False
102590217,METROPOLITAN NASHVILLE POLICE DEPT,20190875502,Davidson,Nashville,12/5/2019 4:30:00 PM,2,0,0,36.125060,-86.816030,SHARONDALE DR,,,,0.00,,,WOODLAWN DR,,,,0.00,Y,Four-Way, ,Intersection,None,,,         ,Steven,Begley,Clear,"Sideswipe, Opposite Direction",no,no,no,no,no,False
102590231,METROPOLITAN NASHVILLE POLICE DEPT,20190878057,Davidson,Nashville,12/6/2019 5:00:00 PM,2,0,0,36.121540,-86.755390,I 440,,,,0.00,,,,,,,6.00,N,Not at Intersection, ,Non-Junction,None,,,         ,Donovan,Coble,Clear,Angle,no,no,no,no,no,False
102590233,METROPOLITAN NASHVILLE POLICE DEPT,20190878130,Davidson,Nashville,12/6/2019 4:47:00 PM,2,0,0,36.194860,-86.779790,BAPTIST WORLD CENTER DR,,,,0.00,,,VASHTI ST,,,,0.00,Y,T-Intersection,N,Non-Junction,None,,,         ,Brandon,Simpkins,Clear,Front to Rear,no,no,no,no,yes,False
102590234,METROPOLITAN NASHVILLE POLICE DEPT,20190877949,Davidson,Nashville,12/6/2019 3:24:00 PM,2,0,0,36.169850,-86.797420,I 40,,,,0.00,,,,,,,208.00,N,Not at Intersection, ,Non-Junction,None,,,         ,Joseph,Bingham,Clear,Front to Rear,no,no,no,no,no,False
102590249,METROPOLITAN NASHVILLE POLICE DEPT,20190878036,Davidson,Nashville,12/6/2019 4:00:00 PM,2,0,0,36.154890,-86.779150,8TH AVS,,,,0.00,,,KOREAN VETERANS BLVD,,,,0.00,Y,Roundabout, ,Intersection,None,,,         ,Samuel,White,Cloudy,Angle,no,no,no,no,no,False
102590266,METROPOLITAN NASHVILLE POLICE DEPT,20190878102,Davidson,Nashville,12/6/2019 4:23:00 PM,2,0,0,36.163870,-86.786620,CHARLOTTE AV,,,,0.00,,,YMCA WAY,,,,0.00,Y,Four-Way, ,Intersection,None,,,         ,Derek,Betty,Clear,Angle,no,no,no,no,no,False
102590272,METROPOLITAN NASHVILLE POLICE DEPT,20190878194,Davidson,Nashville,12/6/2019 5:03:00 PM,2,0,0,36.119980,-86.774980,FRANKLIN PKE,,,,38.00,Feet,South,GALE LN,,,,0.00,N,Not at Intersection, ,Non-Junction,None,,,         ,Edin,Plancic,Cloudy,"Sideswipe, Same Direction",no,no,no,no,no,False
102590289,METROPOLITAN NASHVILLE POLICE DEPT,20190878242,Davidson,Nashville,12/6/2019 5:55:00 PM,2,1,0,36.220950,-86.821350,BUENA VISTA PKE,,,,0.00,Feet,North,KINGS LN,,,,0.00,N,Not at Intersection,N,Non-Junction,None,,,         ,Bryan,Musgrave,Clear,Angle,no,no,no,no,yes,False
102590296,METROPOLITAN NASHVILLE POLICE DEPT,20190878063,Davidson,Nashville,12/6/2019 4:13:00 PM,3,0,0,36.205860,-86.768220,E TRINITY LN,,,,117.00,Feet,East,DICKERSON PKE,,,,0.00,N,Not at Intersection,N,Non-Junction,None,,,         ,Chase,Harriman,Cloudy,Front to Rear,no,no,no,no,yes,False
102590297,METROPOLITAN NASHVILLE POLICE DEPT,20190878124,Davidson,Nashville,12/6/2019 4:40:00 PM,2,1,0,36.168500,-86.687980,BRILEY PKWY N ENT RAMP,,,,0.00,,,LEBANON PKE,,,,0.00,Y,Four-Way,Y,Intersection,None,,,         ,Kimberly,Forsyth,Clear,Angle,no,no,no,no,no,False
102590306,METROPOLITAN NASHVILLE POLICE DEPT,20190877946,Davidson,Goodlettsville,12/6/2019 3:22:00 PM,2,0,0,36.291260,-86.694030,MYATT DR,,,,101.00,Feet,North,EDENWOLD RD,,,,0.00,N,Not at Intersection, ,Non-Junction,None,,,         ,Christopher,Littles,Cloudy,Front to Rear,no,no,no,no,no,False
102590307,METROPOLITAN NASHVILLE POLICE DEPT,20190878031,Davidson,Not in City Limit,12/6/2019 3:46:00 PM,3,0,0,36.264720,-86.737610,OLD HICKORY BLVDW,,,,179.00,Feet,West,I65 N ENT RAMP,,,,0.00,N,Not at Intersection, ,Non-Junction,None,,,         ,Christopher,Littles,Cloudy,Front to Rear,no,no,no,no,no,False
102590308,METROPOLITAN NASHVILLE POLICE DEPT,20190878238,Davidson,Goodlettsville,12/6/2019 5:42:00 PM,2,0,0,36.288230,-86.725210,I 65,,,,0.00,,,,,,,94.05,N,Not at Intersection, ,Non-Junction,None,,,         ,Christopher,Littles,Cloudy,"Sideswipe, Same Direction",no,no,no,no,no,False
102590310,METROPOLITAN NASHVILLE POLICE DEPT,20190878288,Davidson,Nashville,12/6/2019 6:07:00 PM,2,1,0,36.142910,-86.666640,DONELSON PKE,,,,224.00,Feet,North,I40 W ENT RAMP,,,,0.00,N,Not at Intersection,N,Non-Junction,None,,,         ,Torry,Hill,Clear,Angle,no,no,no,no,no,False
102590311,METROPOLITAN NASHVILLE POLICE DEPT,20190878333,Davidson,Nashville,12/6/2019 6:28:00 PM,2,1,0,36.043160,-86.655040,I 24,,,,0.00,,,,,,,59.65,N,Not at Intersection,N,Non-Junction,None,,,         ,YUNUS,ADAK,Clear,Front to Rear,no,no,no,no,no,False
102590328,METROPOLITAN NASHVILLE POLICE DEPT,20190878248,Davidson,Nashville,12/6/2019 5:32:00 PM,2,0,0,36.208580,-86.839570,CLARKSVILLE PKE,,,,93.00,Feet,North,W HAMILTON RD,,,,0.00,N,Not at Intersection, ,Non-Junction,None,,,         ,Janelle,Keslar,Clear,Front to Rear,no,no,no,no,no,False
102590330,METROPOLITAN NASHVILLE POLICE DEPT,20190878204,Davidson,Nashville,12/6/2019 5:29:00 PM,2,0,0,36.070920,-86.635130,MURFREESBORO PKE,,,,467.00,Feet,South,BELL RD,,,,0.00,N,Not at Intersection,N,"Driveway, Alley Access, etc",None,,,         ,Patrick,Martin,Clear,Angle,no,no,no,no,no,False
102590333,METROPOLITAN NASHVILLE POLICE DEPT,20190878259,Davidson,Nashville,12/6/2019 5:45:00 PM,2,0,0,36.041830,-86.652730,I 24,,,,0.00,,,,,,,59.80,N,Not at Intersection, ,Non-Junction,None,,,         ,Ian,Wilson,Clear,Front to Rear,no,no,no,no,no,False
102590364,METROPOLITAN NASHVILLE POLICE DEPT,20190878189,Davidson,Nashville,12/6/2019 4:44:00 PM,3,0,0,36.142760,-86.776810,I 65,,,,0.00,,,,,,,82.00,N,Not at Intersection, ,Non-Junction,None,,,         ,FELIKS,ABRAHAMYAN,Clear,Front to Rear,no,no,no,no,no,False
102590376,METROPOLITAN NASHVILLE POLICE DEPT,20190878199,Davidson,Nashville,12/6/2019 4:36:00 PM,2,1,0,36.118050,-86.768140,I 440,,,,0.00,,,,,,,5.25,N,Not at Intersection,N,Non-Junction,None,,,         ,Nicholas,Carroll,Clear,"Sideswipe, Same Direction",no,no,no,no,yes,False
102590404,METROPOLITAN NASHVILLE POLICE DEPT,20190878415,Davidson,Nashville,12/6/2019 7:18:00 PM,3,1,0,36.044940,-86.664830,BELL RD,,,,525.00,Feet,North,CEDAR POINTE PKWY,,,,0.00,N,Not at Intersection,N,Non-Junction,None,,,         ,Taylor,Hurley,Clear,Front to Rear,no,no,no,no,no,False