master_record_number,agency,agency_tracking_number,county,city,collision_date,vehicles_involved,number_injured,number_dead,latitude,longitude,roadway_name,roadway_suffix,roadway_number,roadway_local_id,distance_from_reference,miles-feet_indicator,direction_from_reference,intersection_road_name,intersection_road_name_suffix,intersection_road_number,intersection_local_id,mile_marker,intersection_indicator,intersect_type,interchange_related_indicator,relation_to_junction,work_zone_type,construction_maintenance_zone,construction_maintenance_zone_location,fatal_case_number,officer_first_name,officer_last_name,weather_condition(s),manner_of_crash,pedestrian,bicycle,scooter,parking,hitrun,mou
102590420,METROPOLITAN NASHVILLE POLICE DEPT,20190878389,Davidson,Nashville,12/6/2019 7:08:00 PM,1,0,0,36.091410,-86.735030,YELTON CT,,,,0.00,,,US HWY 31 ALT,,,,0.00,Y,T-Intersection,N,Intersection-Related,None,,,         ,FELIKS,ABRAHAMYAN,Clear,Not Collision with Motor Vehicle in Transport,no,no,no,no,no,False
102590433,METROPOLITAN NASHVILLE POLICE DEPT,20190878402,Davidson,Nashville,12/6/2019 6:32:00 PM,2,0,0,36.214930,-86.763070,DELLWAY DR,,,,285.00,Feet,East,DICKERSON PKE,,,,0.00,N,Not at Intersection, ,Non-Junction,None,,,         ,Jose,Oliveros,Clear,Angle,no,no,no,no,no,False
102590434,METROPOLITAN NASHVILLE POLICE DEPT,20190878442,Davidson,Nashville,12/6/2019 7:00:00 PM,2,0,0,36.120710,-86.807990,SHARONDALE DR,,,,9.00,Feet,West,US HWY 431,,,,0.00,N,Not at Intersection,N,Non-Junction,None,,,         ,Melissa,Lomax,Clear,HeadOn,no,no,no,no,yes,False
102590435,METROPOLITAN NASHVILLE POLICE DEPT,20190878468,Davidson,Nashville,12/6/2019 7:16:00 PM,2,0,0,36.150150,-86.857950,WHITE BRIDGE PKE,,,,0.00,,,CHARLOTTE PKE,,,,0.00,Y,Four-Way, ,Intersection,None,,,         ,Robert,Higgins,Clear,Angle,no,no,no,no,no,False
102590442,BELLE MEADE POLICE DEPT,19-356,Davidson,Belle Meade,12/6/2019 6:11:00 PM,2,0,0,36.090580,-86.859960,BELLE MEADE BLVD,,,,0.00,,,TYNE BLVD,,,,0.00,Y,T-Intersection, ,Intersection-Related,None,,,         ,Chris,Roark,Clear,Angle,no,no,no,no,no,False
102590448,METROPOLITAN NASHVILLE POLICE DEPT,20190878447,Davidson,Nashville,12/6/2019 6:45:00 PM,2,0,0,36.079030,-86.704890,HILLBROOK DR,,,,0.00,,,WALLACE RD,,,,0.00,Y,T-Intersection,N,Intersection,None,,,         ,Andrew,Brazee,Clear,HeadOn,no,no,no,no,yes,False
102590458,METROPOLITAN NASHVILLE POLICE DEPT,20190878315,Davidson,Nashville,12/6/2019 6:06:00 PM,3,0,0,36.125200,-86.813400,I 440,,,,0.00,,,,,,,2.40,N,Not at Intersection, ,,None,,,         ,Gabriel,Hamilton,,,no,no,no,no,no,False
102590472,METROPOLITAN NASHVILLE POLICE DEPT,20190878365,Davidson,Nashville,12/6/2019 6:10:00 PM,2,0,0,36.046520,-86.661340,I 24,,,,0.00,,,,,,,59.25,N,Not at Intersection, ,Non-Junction,None,,,         ,Eric,Laury,Clear,"Sideswipe, Same Direction",no,no,no,no,no,False
102590482,METROPOLITAN NASHVILLE POLICE DEPT,20190878417,Davidson,Nashville,12/6/2019 7:18:00 PM,2,1,0,36.055200,-86.642340,BELL RD,,,,71.00,Feet,North,THE OVERLOOK PVTDR,,,,0.00,N,Not at Intersection,N,Non-Junction,None,,,         ,Devonte,Coleman,Clear,Front to Rear,no,no,no,no,yes,False
102590521,METROPOLITAN NASHVILLE POLICE DEPT,20190878590,Davidson,Nashville,12/6/2019 6:11:00 PM,2,0,0,36.195030,-86.622060,LEBANON PKE,,,,226.00,Feet,South,BONNASPRING DR,,,,0.00,N,Not at Intersection,N,Non-Junction,None,,,         ,Torry,Hill,Clear,"Sideswipe, Opposite Direction",no,no,no,no,yes,False
102590522,METROPOLITAN NASHVILLE POLICE DEPT,20190878404,Davidson,Not in City Limit,12/6/2019 7:00:00 PM,2,0,0,36.299780,-86.812050,I 24,,,,0.00,,,,,,,38.80,N,Not at Intersection,N,Non-Junction,None,,,         ,Christopher,Littles,Cloudy,"Sideswipe, Same Direction",no,no,no,no,yes,False
102590523,METROPOLITAN NASHVILLE POLICE DEPT,20190878439,Davidson,Nashville,12/6/2019 7:37:00 PM,2,2,0,36.249200,-86.685620,NEELYS BEND RD,,,,0.00,,,HOSPITAL DR,,,,0.00,Y,T-Intersection,N,Non-Junction,None,,,         ,Christopher,Littles,Cloudy,"Sideswipe, Same Direction",no,no,no,no,no,False
102590548,METROPOLITAN NASHVILLE POLICE DEPT,20190878308,Davidson,Nashville,12/6/2019 6:15:00 PM,2,0,0,36.131410,-86.727290,I 24,,,,0.00,,,,,,,51.10,N,Not at Intersection,N,Non-Junction,None,,,         ,Ciarra,Rench,Clear,Front to Rear,no,no,no,no,no,False
102590550,METROPOLITAN NASHVILLE POLICE DEPT,20190878449,Davidson,Nashville,12/6/2019 7:40:00 PM,2,0,0,36.120870,-86.764630,I 440,,,,0.00,,,,,,,5.50,N,Not at Intersection, ,,Construction Zone,,,         ,FELIKS,ABRAHAMYAN,,,no,no,no,no,no,False
102590554,METROPOLITAN NASHVILLE POLICE DEPT,20190878071,Davidson,Nashville,12/6/2019 3:22:00 PM,2,1,0,36.152290,-86.791510,DIVISION ST,,,,38.00,Feet,West,DEMONBREUN ST,,,,0.00,N,Not at Intersection,N,Non-Junction,None,,,         ,Thomas,Broatch,Clear,Front to Rear,no,no,no,no,no,False
102590558,METROPOLITAN NASHVILLE POLICE DEPT,20190878299,Davidson,Nashville,12/6/2019 6:12:00 PM,3,1,0,36.132970,-86.892540,CHARLOTTE PKE,,,,176.00,Feet,West,OLD CHARLOTTE PKE,,,,0.00,N,Not at Intersection,N,Non-Junction,None,,,         ,Ty,Cummings,Clear,Front to Rear,no,no,no,no,no,False
102590559,METROPOLITAN NASHVILLE POLICE DEPT,20190878325,Davidson,Nashville,12/6/2019 6:20:00 PM,2,0,0,36.149400,-86.773300,I 40,,,,0.00,,,,,,,210.20,N,Not at Intersection, ,,None,,,         ,Donovan,Coble,,,no,no,no,no,no,False
102590561,METROPOLITAN NASHVILLE POLICE DEPT,20190878616,Davidson,Nashville,12/6/2019 7:13:00 PM,2,0,0,36.077050,-86.736440,HARDING PL,,,,57.00,Feet,East,SHADESCREST DR,,,,0.00,N,Not at Intersection, ,Non-Junction,None,,,         ,William,King,Clear,Front to Rear,no,no,no,no,yes,False
102590562,METROPOLITAN NASHVILLE POLICE DEPT,20190878567,Davidson,Nashville,12/6/2019 8:54:00 PM,2,1,0,36.236600,-86.617050,RISING SUN LN,,,,0.00,,,ROLLING MILL RD,,,,0.00,Y,Four-Way,N,Non-Junction,None,,,         ,Brady,Reynolds,Clear,Angle,no,no,no,no,no,False
102590576,METROPOLITAN NASHVILLE POLICE DEPT,20190878532,Davidson,Nashville,12/6/2019 8:00:00 PM,2,0,0,36.092850,-86.679140,HARDING PL,,,,84.00,Feet,West,DONELSON PKE,,,,0.00,N,Not at Intersection, ,Non-Junction,None,,,         ,Ciarra,Rench,Clear,Front to Rear,no,no,no,no,no,False
102590577,METROPOLITAN NASHVILLE POLICE DEPT,20190878507,Davidson,Not in City Limit,12/6/2019 8:15:00 PM,2,1,0,36.266530,-86.690110,N DUPONT AV,,,,0.00,Feet,East,MYATT DR,,,,0.00,N,Not at Intersection,N,Non-Junction,None,,,         ,Jacob,Krispin,Clear,Angle,no,no,no,no,no,False
102590585,METROPOLITAN NASHVILLE POLICE DEPT,20190878300,Davidson,Nashville,12/6/2019 5:28:00 PM,2,0,0,36.044850,-86.668370,ARBOR COMMON,,,,0.00,,,BEECHWOOD TER,,,,0.00,Y,T-Intersection, ,,None,,,         ,Jesse,Cox,,,no,no,no,no,no,False
102590595,METROPOLITAN NASHVILLE POLICE DEPT,20190878504,Davidson,Nashville,12/6/2019 12:00:00 AM,2,0,0,36.055970,-86.715600,APRIL LN,,,,19.00,Feet,East,NOLENSVILLE PKE,,,,0.00,N,Not at Intersection, ,Non-Junction,None,,,         ,JA'Karyus,Redwine,Clear,Angle,no,no,no,no,no,False
102590653,METROPOLITAN NASHVILLE POLICE DEPT,20190878737,Davidson,Not in City Limit,12/6/2019 6:26:00 PM,1,0,0,36.269410,-86.701650,SEALEY DR,,,,330.00,Feet,South,ROOSEVELT AV,,,,0.00,N,Not at Intersection,N,Non-Junction,None,,,         ,Mary,Robinson,Clear,Not Collision with Motor Vehicle in Transport,no,no,no,no,yes,False
102590662,METROPOLITAN NASHVILLE POLICE DEPT,20190878725,Davidson,Nashville,12/6/2019 10:50:00 PM,2,0,0,36.150920,-86.770600,I40 W EXT RAMP,,,,0.00,Feet,,I 40,,,,0.00,Y,Four-Way,N,Intersection,None,,,         ,Bryce,Hatten,Clear,Other,no,no,no,no,yes,False
102590663,METROPOLITAN NASHVILLE POLICE DEPT,20190878837,Davidson,Nashville,12/7/2019 12:42:00 AM,2,0,0,36.150490,-86.795720,DIVISION ST,,,,0.00,,,19TH AVS,,,,0.00,Y,T-Intersection,Y,Intersection-Related,Construction Zone,Laneclosure,Activity Area,         ,Dakota,Vermillion,Clear,Front to Rear,no,no,no,no,yes,False
102590670,METROPOLITAN NASHVILLE POLICE DEPT,20190878903,Davidson,Nashville,12/7/2019 12:15:00 AM,2,0,0,36.151220,-86.799620,US HWY 70S,,,,103.00,Feet,West,20TH AVE N,,,,0.00,N,Not at Intersection, ,,None,,,         ,Douglas,Mann,,,no,no,no,no,no,Campus
102590674,METROPOLITAN NASHVILLE POLICE DEPT,20190878948,Davidson,Nashville,12/7/2019 12:00:00 AM,2,0,0,36.156140,-86.836060,41ST AVE N,,,,271.00,Feet,South,INDIANA AVE,,,,0.00,N,Not at Intersection, ,Non-Junction,None,,,         ,Joshua,Asbell,Cloudy,Angle,no,no,no,no,no,False
102590675,METROPOLITAN NASHVILLE POLICE DEPT,20190878863,Davidson,Not in City Limit,12/7/2019 12:01:00 AM,2,0,0,36.280500,-86.706710,ODETTE ST,,,,327.00,Feet,North,FLORENCE AV,,,,0.00,N,Not at Intersection,N,Non-Junction,None,,,         ,Kaleigh,Pearce,Clear,HeadOn,no,no,no,no,yes,False
102590685,METROPOLITAN NASHVILLE POLICE DEPT,20190878939,Davidson,Nashville,12/7/2019 12:15:00 AM,2,0,0,36.155720,-86.789760,14TH AVN,,,,0.00,Feet,East,BROADWAY,,,,0.00,N,Not at Intersection,N,Non-Junction,None,,,         ,Timothy,Skopek,Clear,"Sideswipe, Same Direction",no,no,no,no,yes,False
102590691,METROPOLITAN NASHVILLE POLICE DEPT,20190878930,Davidson,Nashville,12/7/2019 1:00:00 AM,2,0,0,36.182900,-86.833940,HYDES FERRY RD,,,,0.00,Feet,,HINKLE DR,,,,0.00,Y,OTHER,N,Non-Junction,None,,,         ,Dalton,Crum,Clear,Angle,no,no,no,no,no,False
102590696,METROPOLITAN NASHVILLE POLICE DEPT,20190878884,Davidson,Not in City Limit,12/7/2019 12:30:00 AM,1,0,0,36.259320,-86.757960,BELLSHIRE DR,,,,52.00,Feet,West,DICKERSON PKE,,,,0.00,N,Not at Intersection,N,Non-Junction,None,,,         ,Jeremy,Spoonemore,Clear,Not Collision with Motor Vehicle in Transport,no,no,no,no,no,False
102590700,METROPOLITAN NASHVILLE POLICE DEPT,20190879064,Davidson,Nashville,12/6/2019 11:30:00 PM,2,0,0,36.126840,-86.711150,US HWY 41,,,,65.00,Feet,North,THOMPSON PL,,,,0.00,N,Not at Intersection,N,Non-Junction,None,,,         ,Reagan,Heath,Clear,Front to Rear,no,no,no,no,no,False
102590704,METROPOLITAN NASHVILLE POLICE DEPT,20190879006,Davidson,Nashville,12/7/2019 2:02:00 AM,2,2,0,36.116710,-86.923250,CHARLOTTE PKE,,,,0.00,,,OLD HICKORY BLVD,,,,0.00,Y,Four-Way,Y,Non-Junction,None,,,         ,Angeline,Comilla,Clear,Front to Rear,no,no,no,no,no,False
102590726,METROPOLITAN NASHVILLE POLICE DEPT,20190879118,Davidson,Nashville,12/7/2019 2:00:00 AM,1,0,0,36.070330,-86.701940,HAYWOOD LN,,,,99.00,Feet,West,HAYWOOD CT,,,,0.00,N,Not at Intersection,N,Non-Junction,None,,,         ,Dylan,Bradley,Clear,Not Collision with Motor Vehicle in Transport,no,no,no,no,yes,False
102590727,METROPOLITAN NASHVILLE POLICE DEPT,20190879148,Davidson,Nashville,12/7/2019 4:00:00 AM,1,0,0,36.196510,-86.717080,STRATFORD AVE,,,,171.00,Feet,South,BERKSHIRE DR,,,,0.00,N,Not at Intersection,N,Non-Junction,None,,,         ,William,Burnett,Clear,Not Collision with Motor Vehicle in Transport,no,no,no,no,yes,False
102590739,METROPOLITAN NASHVILLE POLICE DEPT,20190879107,Davidson,Nashville,12/7/2019 3:24:00 AM,2,2,0,36.161200,-86.792680,CHARLOTTE AV,,,,0.00,Feet,,GEORGE L DAVIS BLVD,,,,0.00,Y,Four-Way,N,Intersection,None,,,         ,Christopher,Beery,Clear,Angle,no,no,no,no,no,False
102590741,METROPOLITAN NASHVILLE POLICE DEPT,20190878715,Davidson,Nashville,12/6/2019 10:37:00 PM,2,0,0,36.166260,-86.765800,INTERSTATE DR,,,,9.00,Feet,North,SHELBY AV,,,,0.00,N,Not at Intersection, ,,None,,,         ,Kelcey,Bell,,,no,no,no,no,no,False
102590742,METROPOLITAN NASHVILLE POLICE DEPT,20190878907,Davidson,Nashville,12/7/2019 12:40:00 AM,2,1,0,36.059210,-86.716250,NOLENSVILLE PKE,,,,52.00,Feet,North,TUSCULUM RD,,,,0.00,N,Not at Intersection,N,Non-Junction,None,,,         ,Michelle,Norris,Clear,"Sideswipe, Opposite Direction",no,no,no,no,no,False
102590744,METROPOLITAN NASHVILLE POLICE DEPT,20190879248,Davidson,Nashville,12/7/2019 3:50:00 AM,1,0,0,36.077510,-86.669330,BILLINGSGATE RD,,,,86.00,Feet,South,CHETOPA CT,,,,0.00,N,Not at Intersection,N,Non-Junction,None,,,         ,Dylan,Bradley,Clear,Not Collision with Motor Vehicle in Transport,no,no,no,no,yes,False
102590745,METROPOLITAN NASHVILLE POLICE DEPT,20190879229,Davidson,Nashville,12/7/2019 4:19:00 AM,2,0,0,36.040830,-86.651540,I 24,,,,0.00,,,,,,,59.90,N,Not at Intersection,N,Non-Junction,None,,,         ,Joshua,Dodge,Clear,Front to Rear,no,no,no,no,no,False
102590754,METROPOLITAN NASHVILLE POLICE DEPT,20190878778,Davidson,Nashville,12/6/2019 11:30:00 PM,2,1,0,36.154480,-86.779410,8TH AVS,,,,0.00,Feet,,LAFAYETTE ST,,,,0.00,Y,Roundabout,N,Intersection,None,,,         ,Christopher,Beery,Clear,Angle,no,no,no,no,no,False
102590767,METROPOLITAN NASHVILLE POLICE DEPT,20190879250,Davidson,Nashville,12/6/2019 7:30:00 PM,3,0,0,36.084080,-86.711360,TAMPA DR,,,,144.00,Feet,South,SPARTAN DR,,,,0.00,N,Not at Intersection,N,Non-Junction,None,,,         ,Teresah,Pinho,Clear,Angle,no,no,no,yes,yes,False
102590772,METROPOLITAN NASHVILLE POLICE DEPT,20190879289,Davidson,Not in City Limit,12/7/2019 6:10:00 AM,1,2,0,36.289000,-86.809800,I 24,,,,0.00,,,,,,,39.60,N,Not at Intersection,N,Non-Junction,None,,,         ,Timothy,Ward,Clear,Not Collision with Motor Vehicle in Transport,no,no,no,no,no,False
102590837,METROPOLITAN NASHVILLE POLICE DEPT,20190879360,Davidson,Nashville,12/7/2019 6:30:00 AM,2,0,0,36.077900,-86.640600,LAKEVILLA DR,,,,277.00,Feet,South,GRIGGS PL,,,,0.00,N,Not at Intersection, ,Non-Junction,None,,,         ,Kelsey,Hemminger,Cloudy,Angle,no,no,no,no,no,False
102590857,METROPOLITAN NASHVILLE POLICE DEPT,20190879394,Davidson,Nashville,12/7/2019 5:27:00 AM,1,0,0,36.141390,-86.700370,ENVIOUS LN,,,,475.00,Feet,North,DABBS AVE,,,,0.00,N,Not at Intersection,N,Non-Junction,None,,,         ,Richard,Luellen,Unknown,Not Collision with Motor Vehicle in Transport,no,no,no,no,yes,False
102590862,METROPOLITAN NASHVILLE POLICE DEPT,20190879434,Davidson,Nashville,12/7/2019 8:23:00 AM,2,0,0,36.101490,-86.712680,I 24,,,,0.00,,,,,,,54.50,N,Not at Intersection,N,Non-Junction,None,,,         ,Jerre,Fly,Cloudy,"Sideswipe, Same Direction",no,no,no,no,yes,False
102590866,METROPOLITAN NASHVILLE POLICE DEPT,20190879379,Davidson,Nashville,12/7/2019 12:20:00 AM,1,0,0,36.123940,-86.733780,STIRTON RD,,,,0.00,,,GARWOOD DR,,,,0.00,,Not at Intersection,N,Non-Junction,None,,,         ,James,Thomas,Cloudy,Not Collision with Motor Vehicle in Transport,no,no,no,no,yes,False
102590873,METROPOLITAN NASHVILLE POLICE DEPT,20190879466,Davidson,Nashville,12/7/2019 12:00:00 AM,1,0,0,36.059710,-86.622900,MURFREESBORO PKE,,,,1579.00,Feet,South,HAMILTON GLEN PL,,,,0.00,N,Not at Intersection,N,Non-Junction,None,,,         ,Brandon,Evans,Unknown,Not Collision with Motor Vehicle in Transport,no,no,no,no,yes,False
102590881,METROPOLITAN NASHVILLE POLICE DEPT,20190879412,Davidson,Nashville,12/7/2019 8:04:00 AM,3,2,0,36.080530,-86.717280,HARDING PL,,,,197.00,Feet,East,JONQUIL DR,,,,0.00,N,Not at Intersection,N,Non-Junction,None,,,         ,Ryan,Howard,Cloudy,Front to Rear,no,no,no,no,no,False
102590882,METROPOLITAN NASHVILLE POLICE DEPT,20190879474,Davidson,Nashville,12/7/2019 8:45:00 AM,1,0,0,36.202360,-86.630390,BONNAWOOD DR,,,,79.00,Feet,West,BONNAHURST DR,,,,0.00,N,Not at Intersection,N,Non-Junction,None,,,         ,Kelsey,Hemminger,Clear,Not Collision with Motor Vehicle in Transport,no,no,no,yes,yes,False
102590910,METROPOLITAN NASHVILLE POLICE DEPT,20190879489,Davidson,Nashville,12/7/2019 9:05:00 AM,2,0,0,36.100800,-86.818880,US HWY 431,,,,60.00,Feet,South,HOBBS RD,,,,0.00,N,Not at Intersection,N,"Driveway, Alley Access, etc",None,,,         ,Roger,Luther,Cloudy,Other,no,no,no,no,no,False
102590919,METROPOLITAN NASHVILLE POLICE DEPT,20190879618,Davidson,Not in City Limit,12/7/2019 12:00:00 AM,2,0,0,36.077960,-86.935640,BRIDLE DR,,,,76.00,Feet,West,CROSS TIMBERS DR,,,,0.00,N,Not at Intersection, ,Non-Junction,None,,,         ,Douglas,Atwood,Unknown,Unknown,no,no,no,no,yes,False
102590925,METROPOLITAN NASHVILLE POLICE DEPT,20190879486,Davidson,Nashville,12/7/2019 7:46:00 AM,2,1,0,36.167150,-86.779610,3RD AVN,,,,0.00,,,JAMES ROBERTSON PKWY,,,,0.00,Y,Four-Way,N,Intersection,None,,,         ,James,Hill,Cloudy,Angle,no,no,no,no,no,False
102590927,METROPOLITAN NASHVILLE POLICE DEPT,20190879566,Davidson,Nashville,12/7/2019 10:04:00 AM,2,0,0,36.171440,-86.802870,I 40,,,,0.00,,,,,,,207.70,N,Not at Intersection, ,,None,,,         ,Fabjan,Llukaj,,,no,no,no,no,no,False
102590934,METROPOLITAN NASHVILLE POLICE DEPT,20190879581,Davidson,Nashville,12/7/2019 9:57:00 AM,3,0,0,36.217080,-86.696380,MCGAVOCK PKE,,,,0.00,Feet,East,MUSIC VALLEY DR,,,,0.00,N,Not at Intersection, ,Non-Junction,None,,,         ,John,Frazier,Clear,Other,no,no,no,no,no,False
102590960,METROPOLITAN NASHVILLE POLICE DEPT,20190879584,Davidson,Nashville,12/7/2019 10:20:00 AM,1,3,0,36.015920,-86.622470,I 24,,,,0.00,,,,,,,62.40,N,Not at Intersection,N,Non-Junction,Construction Zone,,,         ,Jason,Hees,Clear,Not Collision with Motor Vehicle in Transport,no,no,no,no,no,False
102590986,METROPOLITAN NASHVILLE POLICE DEPT,20190879580,Davidson,Nashville,12/7/2019 9:50:00 AM,2,0,0,36.080480,-86.726610,NOLENSVILLE PKE,,,,329.00,Feet,North,HARDING PL,,,,0.00,N,Not at Intersection,N,Non-Junction,None,,,         ,Theodore,Flick,Cloudy,Angle,no,no,no,no,no,False
102591013,METROPOLITAN NASHVILLE POLICE DEPT,20190879692,Davidson,Nashville,12/7/2019 12:00:00 PM,2,0,0,36.213390,-86.622810,OLD HICKORY BLVD,,,,178.00,Feet,South,BUTLERS LN,,,,0.00,N,Not at Intersection, ,Non-Junction,None,,,         ,Kelsey,Hemminger,Clear,Angle,no,no,no,no,no,False
102591014,METROPOLITAN NASHVILLE POLICE DEPT,20190879716,Davidson,Nashville,12/7/2019 12:05:00 PM,3,2,0,36.046040,-86.730840,ENGLISH VILLAGE DR,,,,4.00,Feet,South,VILLAGE WAY,,,,0.00,N,Not at Intersection,N,Non-Junction,None,,,         ,Gregory,Scott,Clear,Angle,no,no,no,no,no,False
102591015,METROPOLITAN NASHVILLE POLICE DEPT,20190879741,Davidson,Nashville,12/7/2019 12:30:00 PM,3,0,0,36.084860,-86.703660,HARDING PL,,,,69.00,Feet,West,TRAVELERS INN DR,,,,0.00,N,Not at Intersection,N,Non-Junction,None,,,         ,Adam,Warren,Clear,Front to Rear,no,no,no,no,yes,False
102591029,METROPOLITAN NASHVILLE POLICE DEPT,20190879771,Davidson,Nashville,12/7/2019 12:56:00 PM,2,0,0,36.054930,-86.674640,I 24,,,,0.00,,,,,,,58.30,N,Not at Intersection, ,,None,,,         ,Jason,Hees,,,no,no,no,no,no,False
102591050,METROPOLITAN NASHVILLE POLICE DEPT,20190879678,Davidson,Nashville,12/7/2019 11:34:00 AM,2,0,0,36.157720,-86.792020,CHURCH ST,,,,141.00,Feet,West,14TH AVN,,,,0.00,N,Not at Intersection,N,Non-Junction,None,,,         ,William,Caillouette,Clear,"Sideswipe, Same Direction",no,no,no,no,no,False
102591051,METROPOLITAN NASHVILLE POLICE DEPT,20190879717,Davidson,Antioch,12/7/2019 12:11:00 PM,2,0,0,36.017620,-86.624350,I 24,,,,0.00,,,,,,,62.25,N,Not at Intersection,N,Non-Junction,Construction Zone,Work On Shoulder Or Median,Transition Area,         ,Brandon,Evans,Clear,Not Collision with Motor Vehicle in Transport,no,no,no,no,no,False
102591057,METROPOLITAN NASHVILLE POLICE DEPT,20190879757,Davidson,Nashville,12/7/2019 12:47:00 PM,2,0,0,36.069480,-86.689650,I 24,,,,0.00,,,,,,,57.00,N,Not at Intersection, ,Entrance/Exit Ramp Related,None,,,         ,Joseph,Simon,Clear,"Sideswipe, Same Direction",no,no,no,no,no,False
102591059,METROPOLITAN NASHVILLE POLICE DEPT,20190879724,Davidson,Nashville,12/7/2019 12:20:00 PM,2,1,0,36.040620,-86.651170,I 24,,,,0.00,,,,,,,59.95,N,Not at Intersection,N,Non-Junction,None,,,         ,James,Thomas,Clear,Front to Rear,no,no,no,no,no,False
102591069,METROPOLITAN NASHVILLE POLICE DEPT,20190879823,Davidson,Not in City Limit,12/7/2019 1:25:00 PM,2,0,0,36.069750,-86.991980,AVONDALE PARK BLVD,,,,0.00,,,HOLGATE CT,,,,0.00,Y,T-Intersection, ,Intersection,None,,,         ,Douglas,Atwood,Clear,Front to Rear,no,no,no,no,no,False
102591074,METROPOLITAN NASHVILLE POLICE DEPT,20190879760,Davidson,Nashville,12/7/2019 12:50:00 PM,4,3,0,36.113680,-86.807500,WOODMONT BLVD,,,,54.00,Feet,East,BENHAM AV,,,,0.00,N,Not at Intersection,N,Non-Junction,None,,,         ,Brent,Bauer,Clear,Front to Rear,no,no,no,no,no,False
102591078,METROPOLITAN NASHVILLE POLICE DEPT,20190879677,Davidson,Nashville,12/7/2019 11:20:00 AM,2,0,0,36.176910,-86.772010,I24 W EXT RAMP,,,,0.00,Feet,East,I 24,,,,0.00,N,Not at Intersection, ,,None,,,         ,Miles,Posey,,,no,no,no,no,no,False
102591079,METROPOLITAN NASHVILLE POLICE DEPT,20190879841,Davidson,Nashville,12/7/2019 1:26:00 PM,1,1,0,36.144950,-86.758960,N HILL ST,,,,0.00,,,LEWIS ST,,,,0.00,Y,Four-Way,N,Non-Junction,None,,,         ,Ryan,Howard,Clear,Not Collision with Motor Vehicle in Transport,yes,no,no,no,yes,False
102591084,METROPOLITAN NASHVILLE POLICE DEPT,20190879851,Davidson,Nashville,12/7/2019 1:56:00 PM,2,0,0,36.088580,-86.793950,BATTERY LN,,,,656.00,Feet,East,PADDOCK PK,,,,0.00,N,Not at Intersection, ,Non-Junction,None,,,         ,Earl,Davis,Clear,"Sideswipe, Opposite Direction",no,no,no,no,no,False
102591096,METROPOLITAN NASHVILLE POLICE DEPT,20190879857,Davidson,Nashville,12/7/2019 1:00:00 PM,2,0,0,36.021300,-86.702010,RIGDEN MILL DR,,,,0.00,,,ALTERAS DR,,,,0.00,Y,Four-Way,N,Non-Junction,None,,,         ,Nelson,Hemingway,Clear,"Sideswipe, Same Direction",no,no,no,no,no,False
102591175,METROPOLITAN NASHVILLE POLICE DEPT,20190879859,Davidson,Nashville,12/7/2019 2:21:00 PM,2,2,0,36.226660,-86.766880,HILLHURST DR,,,,0.00,,,RICH ACRES DR,,,,0.00,Y,Four-Way,N,Intersection,None,,,         ,David,Collins,Clear,HeadOn,no,no,no,no,no,False
102591178,METROPOLITAN NASHVILLE POLICE DEPT,20190879976,Davidson,Nashville,12/7/2019 3:57:00 PM,2,2,0,36.061190,-86.594770,HOBSON PKE,,,,234.00,Feet,South,WINDCREST TRL,,,,0.00,N,Not at Intersection,N,Non-Junction,None,,,         ,Ian,Wilson,Clear,Front to Rear,no,no,no,no,no,False
102591208,METROPOLITAN NASHVILLE POLICE DEPT,20190880022,Davidson,Nashville,12/7/2019 4:05:00 PM,2,0,0,36.044940,-86.659740,I24 E ENT RAMP,,,,0.00,Feet,,I 24,,,,0.00,Y,OTHER,Y,Intersection,None,,,         ,Laura,Williams,Clear,Angle,no,no,no,no,no,False
102591247,METROPOLITAN NASHVILLE POLICE DEPT,20190879926,Davidson,Not in City Limit,12/7/2019 2:45:00 PM,2,0,0,36.008430,-86.649970,CRESSENT GLEN CT,,,,313.00,Feet,West,LAWSON DR,,,,0.00,N,Not at Intersection,N,Non-Junction,None,,,         ,Jedidayah,Merriweather,Clear,Other,no,no,no,no,yes,False
102591262,METROPOLITAN NASHVILLE POLICE DEPT,20190880110,Davidson,Nashville,12/7/2019 5:20:00 PM,2,1,0,36.182660,-86.748860,GALLATIN AV,,,,13.00,Feet,South,STRATTON AV,,,,0.00,N,Not at Intersection,N,Non-Junction,None,,,         ,Alexander,Hartle,Clear,Front to Rear,no,no,no,no,no,False
102591263,METROPOLITAN NASHVILLE POLICE DEPT,20190879856,Davidson,Nashville,12/7/2019 2:14:00 PM,2,2,0,36.142800,-86.744360,MURFREESBORO PKE,,,,0.00,,,FESSLERS LN,,,,0.00,Y,Four-Way,N,Intersection,None,,,         ,Anna,Clayton,Clear,Other,no,no,no,no,no,False
102591269,METROPOLITAN NASHVILLE POLICE DEPT,20190879919,Davidson,Nashville,12/7/2019 3:03:00 PM,2,1,0,36.100450,-86.672280,CITATION DR,,,,0.00,,,EZELL PKE,,,,0.00,Y,Four-Way,N,Intersection,None,,,         ,Sean,Weaver,Clear,Angle,no,no,no,no,no,False
102591271,METROPOLITAN NASHVILLE POLICE DEPT,20190880135,Davidson,Nashville,12/7/2019 5:45:00 PM,2,1,0,36.229380,-86.759280,BROADMOOR DR,,,,0.00,,,DICKERSON PKE,,,,0.00,Y,Four-Way,N,Intersection,None,,,         ,Cooper,HIll,Clear,HeadOn,no,no,no,no,no,False