master_record_number,agency,agency_tracking_number,county,city,collision_date,vehicles_involved,number_injured,number_dead,latitude,longitude,roadway_name,roadway_suffix,roadway_number,roadway_local_id,distance_from_reference,miles-feet_indicator,direction_from_reference,intersection_road_name,intersection_road_name_suffix,intersection_road_number,intersection_local_id,mile_marker,intersection_indicator,intersect_type,interchange_related_indicator,relation_to_junction,work_zone_type,construction_maintenance_zone,construction_maintenance_zone_location,fatal_case_number,officer_first_name,officer_last_name,weather_condition(s),manner_of_crash,pedestrian,bicycle,scooter,parking,hitrun,mou
102591272,METROPOLITAN NASHVILLE POLICE DEPT,20190880124,Davidson,Nashville,12/7/2019 5:37:00 PM,2,1,0,36.161200,-86.792680,CHARLOTTE AV,,,,0.00,,,GEORGE L DAVIS BLVD,,,,0.00,Y,Four-Way,Y,Intersection,None,,,         ,Joseph,Bingham,Clear,Angle,no,no,no,no,no,False
102591274,METROPOLITAN NASHVILLE POLICE DEPT,20190880142,Davidson,Nashville,12/7/2019 5:54:00 PM,2,0,0,36.232260,-86.624690,STATE HWY 45,,,,0.00,,,SHUTE LN,,,,0.00,Y,T-Intersection, ,,None,,,         ,Ricki,Armstrong,,,no,no,no,no,no,False
102591280,METROPOLITAN NASHVILLE POLICE DEPT,20190880054,Davidson,Nashville,12/7/2019 4:35:00 PM,3,1,0,36.047840,-86.612050,MURFREESBORO PKE,,,,1284.00,Feet,North,MOUNTAIN SPRINGS RD,,,,0.00,N,Not at Intersection, ,Non-Junction,None,,,         ,Ian,Wilson,Clear,Front to Rear,no,no,no,no,no,False
102591281,METROPOLITAN NASHVILLE POLICE DEPT,20190880102,Davidson,Nashville,12/7/2019 5:05:00 PM,3,0,0,36.046430,-86.661180,I 24,,,,0.00,,,,,,,59.30,N,Not at Intersection, ,Non-Junction,None,,,         ,Laura,Williams,Clear,Angle,no,no,no,no,yes,False
102591282,METROPOLITAN NASHVILLE POLICE DEPT,20190880004,Davidson,Nashville,12/7/2019 2:41:00 PM,2,0,0,36.140870,-86.817430,WEST END AV,,,,0.00,Feet,West,ACKLEN PARK DR,,,,0.00,N,Not at Intersection, ,,None,,,         ,Gabriel,Hamilton,,,no,no,no,no,no,False
102591289,METROPOLITAN NASHVILLE POLICE DEPT,20190880101,Davidson,Nashville,12/7/2019 5:24:00 PM,2,0,0,36.065660,-86.765710,WILMAR DR,,,,0.00,,,HOGAN RD,,,,0.00,Y,T-Intersection, ,,None,,,         ,Cynthia,Quirouette,,,no,no,no,no,no,False
102591295,METROPOLITAN NASHVILLE POLICE DEPT,20190879965,Davidson,Nashville,12/7/2019 3:09:00 PM,1,1,0,36.077380,-86.740070,HARDING PL,,,,0.00,Feet,East,BINKLEY DR,,,,0.00,N,Not at Intersection,N,OtherLocation,None,,,         ,Steven,Begley,Clear,Not Collision with Motor Vehicle in Transport,no,no,no,no,no,False
102591297,METROPOLITAN NASHVILLE POLICE DEPT,20190880248,Davidson,Nashville,12/7/2019 7:15:00 PM,2,0,0,36.160470,-86.778440,5TH AVS,,,,0.00,,,BROADWAY,,,,0.00,Y,Four-Way, ,Non-Junction,None,,,         ,Michael,Douglas,Clear,"Sideswipe, Same Direction",no,no,no,no,no,False
102591308,Nashville Airport Police,2019-05119,Davidson,Nashville,12/7/2019 2:36:00 PM,2,1,0,36.116700,-86.668180,DONELSON PKE,,,,0.00,,,HANGAR LN,,,,0.00,Y,T-Intersection,N,Intersection,None,,,         ,Julio,Ramos,Clear,Front to Rear,no,no,no,no,no,False
102591312,METROPOLITAN NASHVILLE POLICE DEPT,20190880049,Davidson,Nashville,12/7/2019 4:37:00 PM,2,0,0,36.031120,-86.701070,BARNES RD,,,,365.00,Feet,West,COTTAGE GROVE CT,,,,0.00,N,Not at Intersection,N,Non-Junction,None,,,         ,Jedidayah,Merriweather,Clear,Not Collision with Motor Vehicle in Transport,no,no,no,no,no,False
102591319,METROPOLITAN NASHVILLE POLICE DEPT,20190880198,Davidson,Nashville,12/7/2019 6:34:00 PM,3,2,0,36.128670,-86.853150,STATE HWY 155,,,,429.00,Feet,West,POST PL,,,,0.00,N,Not at Intersection,N,Non-Junction,None,,,         ,Molly,Page,Clear,Angle,no,no,no,no,no,False
102591320,METROPOLITAN NASHVILLE POLICE DEPT,20190880203,Davidson,Nashville,12/7/2019 6:41:00 PM,2,0,0,36.161170,-86.760300,I 24,,,,0.00,,,,,,,49.40,N,Not at Intersection, ,Non-Junction,None,,,         ,Trevor,Jones,Clear,"Sideswipe, Same Direction",no,no,no,no,no,False
102591321,METROPOLITAN NASHVILLE POLICE DEPT,20190880193,Davidson,Nashville,12/7/2019 6:16:00 PM,2,0,0,36.070030,-86.698800,HAYWOOD LN,,,,0.00,,,EAST RIDGE DR,,,,0.00,Y,Four-Way,N,Intersection,None,,,         ,Andrew,Brazee,Clear,Front to Rear,no,no,no,no,yes,False
102591358,METROPOLITAN NASHVILLE POLICE DEPT,20190880106,Davidson,Nashville,12/7/2019 5:25:00 PM,2,0,0,36.134510,-86.825450,WEST END AV,,,,55.00,Feet,West,BOWLING AV,,,,0.00,N,Not at Intersection,N,Non-Junction,None,,,         ,Gabriel,Hamilton,Clear,"Sideswipe, Same Direction",no,no,no,no,no,False
102591380,VANDERBILT UNIVERSITY POLICE,20190880276,Davidson,Nashville,12/7/2019 5:40:00 PM,2,0,0,36.146840,-86.808630,WEST END AV,,,,0.00,,,25TH AVN,,,,0.00,Y,Four-Way,N,Intersection,None,,,         ,Martin,Hill,Clear,"Sideswipe, Same Direction",no,no,no,no,no,Campus
102591382,METROPOLITAN NASHVILLE POLICE DEPT,20190880087,Davidson,Not in City Limit,12/7/2019 5:10:00 PM,1,1,0,36.071870,-87.005140,MCCRORY LN,,,,0.57,Miles,West,SCARCROFT LN,,,,0.00,N,Not at Intersection,N,Non-Junction,None,,,         ,James,Wells Jr.,Clear,Not Collision with Motor Vehicle in Transport,no,no,no,no,no,False
102591389,METROPOLITAN NASHVILLE POLICE DEPT,20190880273,Davidson,Nashville,12/7/2019 12:00:00 AM,2,0,0,36.079520,-86.726290,NOLENSVILLE PKE,,,,31.00,Feet,South,HARDING PL,,,,0.00,N,Not at Intersection,N,Non-Junction,None,,,         ,Jedidayah,Merriweather,Clear,Angle,no,no,no,no,no,False
102591403,METROPOLITAN NASHVILLE POLICE DEPT,20190880436,Davidson,Nashville,12/7/2019 9:25:00 PM,1,0,0,36.156220,-86.858520,STATE HWY 155,,,,283.00,Feet,East,-- UNKNOWN RAMP/ROAD --,,,,0.00,N,Not at Intersection,N,Non-Junction,None,,,         ,Clayton,Smith,Clear,Not Collision with Motor Vehicle in Transport,no,no,no,no,yes,False
102591404,METROPOLITAN NASHVILLE POLICE DEPT,20190879929,Davidson,Nashville,12/7/2019 2:10:00 PM,2,0,0,36.140640,-86.878620,CHARLOTTE PKE,,,,184.00,Feet,West,CHARLOTTE ROAD CIR,,,,0.00,N,Not at Intersection,N,Non-Junction,None,,,         ,William,Vanbergen,Clear,Front to Rear,no,no,no,no,yes,False
102591415,METROPOLITAN NASHVILLE POLICE DEPT,20190880397,Davidson,Not in City Limit,12/7/2019 12:00:00 AM,1,1,0,36.079130,-86.938030,CARRIAGE DR,,,,309.00,Feet,West,HARNESS DR,,,,0.00,N,Not at Intersection,N,Non-Junction,None,,,         ,Joel,Cottrill,Clear,Not Collision with Motor Vehicle in Transport,no,no,no,yes,no,False
102591416,GOODLETTSVILLE POLICE DEPT,19-45782,Davidson,Goodlettsville,12/7/2019 10:11:00 PM,1,0,0,36.300260,-86.700760,RIVERGATE PKWY,,,,181.00,Feet,South,GLANCY ST,,,,0.00,N,Not at Intersection, ,Non-Junction,None,,,         ,Zachary,Scannell,Clear,Not Collision with Motor Vehicle in Transport,no,no,no,no,no,False
102591432,METROPOLITAN NASHVILLE POLICE DEPT,20190880500,Davidson,Nashville,12/7/2019 10:38:00 PM,2,1,0,36.069120,-86.683840,ANTIOCH PKE,,,,0.00,Feet,West,RICHARDS RD,,,,0.00,N,Not at Intersection,N,Entrance/Exit Ramp Related,None,,,         ,Alex,DiBernardo,Clear,Front to Rear,no,no,no,no,no,False
102591448,METROPOLITAN NASHVILLE POLICE DEPT,20190880499,Davidson,Nashville,12/7/2019 10:28:00 PM,2,2,0,36.156390,-86.631410,STEWARTS FERRY PIKE,,,,0.00,,,-- UNKNOWN RAMP/ROAD --,,,,0.00,Y,Four-Way,N,Intersection,None,,,         ,Mathew,Clement,Clear,Angle,no,no,no,no,no,False
102591453,METROPOLITAN NASHVILLE POLICE DEPT,20190880437,Davidson,Nashville,12/7/2019 9:33:00 PM,3,1,0,36.231600,-86.781520,EWING DR,,,,0.00,,East,BRICK CHURCH PKE,,,,0.00,N,Not at Intersection,N,Non-Junction,None,,,         ,Robert,Leverick,Clear,Front to Rear,no,no,no,no,no,False
102591469,METROPOLITAN NASHVILLE POLICE DEPT,20190880556,Davidson,Nashville,12/7/2019 8:46:00 PM,1,0,0,36.236830,-86.709270,PENNINGTON BEND RD,,,,574.00,Feet,North,BRILEY PKWYW,,,,0.00,N,Not at Intersection,N,Non-Junction,None,,,         ,Meghan,Pope,Clear,Not Collision with Motor Vehicle in Transport,no,no,no,no,no,False
102591495,METROPOLITAN NASHVILLE POLICE DEPT,20190880587,Davidson,Nashville,12/7/2019 7:30:00 PM,2,0,0,36.166930,-86.607020,LAKESIDE APT PVTDR,,,,413.00,Feet,North,I40 E EXT RAMP,,,,0.00,N,Not at Intersection,N,Non-Junction,None,,,         ,Joao,Pinho,Clear,Angle,no,no,no,yes,yes,False
102591510,METROPOLITAN NASHVILLE POLICE DEPT,20190880056,Davidson,Nashville,12/7/2019 4:47:00 PM,3,1,0,36.128580,-86.906680,RIVER RD,,,,0.00,Feet,,CHARLOTTE PKE,,,,0.00,Y,Four-Way,N,Intersection,None,,,         ,Ty,Cummings,Clear,HeadOn,no,no,no,no,no,False
102591548,METROPOLITAN NASHVILLE POLICE DEPT,20190880785,Davidson,Nashville,12/8/2019 3:22:00 AM,2,0,0,36.178440,-86.749090,FORREST AV,,,,224.00,Feet,East,N 11TH ST,,,,0.00,N,Not at Intersection,N,Non-Junction,None,,,         ,Andrew,Richey,Clear,"Sideswipe, Same Direction",no,no,no,no,yes,False
102591568,METROPOLITAN NASHVILLE POLICE DEPT,20190880650,Davidson,Nashville,12/7/2019 10:18:00 PM,2,0,0,36.045190,-86.628270,ASHEFORD TRC,,,,48.00,Feet,East,MT VIEW RD,,,,0.00,N,Not at Intersection,N,Non-Junction,None,,,         ,Michelle,Norris,Clear,"Sideswipe, Opposite Direction",no,no,no,no,yes,False
102591572,METROPOLITAN NASHVILLE POLICE DEPT,20190881006,Davidson,Not in City Limit,12/8/2019 4:50:00 AM,1,0,0,36.120580,-86.936860,OLD CHARLOTTE PKE,,,,1237.00,Feet,West,GOWER RD,,,,0.00,N,Not at Intersection,N,Non-Junction,None,,,         ,Angeline,Comilla,Clear,Not Collision with Motor Vehicle in Transport,no,no,no,no,yes,False
102591579,METROPOLITAN NASHVILLE POLICE DEPT,20190881000,Davidson,Nashville,12/8/2019 4:41:00 AM,1,1,0,36.134450,-86.746770,FESSLERS LN,,,,116.00,Feet,South,POLK AV,,,,0.00,N,Not at Intersection,N,Non-Junction,None,,,         ,Kevin,Breeding,Clear,Not Collision with Motor Vehicle in Transport,no,no,no,yes,no,False
102591582,METROPOLITAN NASHVILLE POLICE DEPT,20190880873,Davidson,Nashville,12/8/2019 2:36:00 AM,1,0,0,36.085320,-86.702350,I24 E EXT RAMP,,,,0.00,Feet,East,I 24,,,,0.00,N,Not at Intersection,Y,Entrance/Exit Ramp Related,None,,,         ,Teresah,Pinho,Clear,Not Collision with Motor Vehicle in Transport,no,no,no,no,no,False
102591583,METROPOLITAN NASHVILLE POLICE DEPT,20190880918,Davidson,Nashville,12/8/2019 2:17:00 AM,2,1,0,36.141200,-86.731400,I 40,,,,0.00,,,,,,,212.95,N,Not at Intersection,Y,Non-Junction,None,,,         ,Jacob,West,Clear,Front to Rear,no,no,no,no,no,False
102591591,BERRY HILL POLICE DEPT,19-5037,Davidson,Berry Hill,11/27/2019 12:45:00 PM,3,0,0,36.112720,-86.765010,HEATHER PL,,,,130.00,Feet,South,DOGWOOD PL,,,,0.00,N,Not at Intersection, ,"Driveway, Alley Access, etc",None,,,         ,Ronnie,Hill,Cloudy,Front to Rear,no,no,no,yes,yes,False
102591595,METROPOLITAN NASHVILLE POLICE DEPT,20190880829,Davidson,Nashville,12/8/2019 2:08:00 AM,2,2,0,36.151330,-86.768380,I40 E EXT RAMP,,,,0.00,,,I 40,,,,0.00,Y,Four-Way,N,Intersection,None,,,         ,Douglas,Meringer,Clear,Angle,no,no,no,no,no,False
102591597,METROPOLITAN NASHVILLE POLICE DEPT,20190881005,Davidson,Nashville,12/8/2019 4:30:00 AM,1,0,0,36.149120,-86.816840,31ST AVN,,,,290.00,Feet,North,PARTHENON AV,,,,0.00,N,Not at Intersection,N,Non-Junction,None,,,         ,Brian,Warstadt,Clear,Not Collision with Motor Vehicle in Transport,no,no,no,no,no,False
102591634,GOODLETTSVILLE POLICE DEPT,19-45815,Davidson,Goodlettsville,12/8/2019 6:05:00 AM,1,0,0,36.312650,-86.701310,I 65,,,,0.00,,,,,,,96.20,N,Not at Intersection,N,Non-Junction,None,,,         ,George,Forbes,Clear,Not Collision with Motor Vehicle in Transport,no,no,no,no,no,False
102591637,METROPOLITAN NASHVILLE POLICE DEPT,20190881221,Davidson,Nashville,12/8/2019 8:14:00 AM,2,0,0,36.134250,-86.774730,WEDGEWOOD AV,,,,0.00,,,I65 N ENT RAMP,,,,0.00,Y,Four-Way, ,Intersection,None,,,         ,Nathan,Kemp,Clear,Angle,no,no,no,no,no,False
102591642,METROPOLITAN NASHVILLE POLICE DEPT,20190879846,Davidson,Nashville,12/7/2019 2:03:00 PM,2,1,0,36.209460,-86.870030,ASHLAND CITY HWY EB ENT RAMP,,,,0.00,,,ASHLAND CITY HWY,,,,0.00,Y,Y-Intersection,N,Intersection-Related,None,,,         ,Fabjan,Llukaj,Clear,Front to Rear,no,no,no,no,no,False
102591651,METROPOLITAN NASHVILLE POLICE DEPT,20190881204,Davidson,Nashville,12/8/2019 8:00:00 AM,2,0,0,36.152700,-86.624980,STEWARTS FERRY PIKE,,,,160.00,Feet,North,BELL RD,,,,0.00,N,Not at Intersection,N,Non-Junction,None,,,         ,Richard,Luellen,Clear,Front to Rear,no,no,no,no,no,False
102591661,METROPOLITAN NASHVILLE POLICE DEPT,20190881225,Davidson,Nashville,12/8/2019 8:00:00 AM,1,0,0,36.182510,-86.798970,I65 N EXT RAMP,,,,0.00,Feet,East,I 65,,,,0.00,N,Not at Intersection,N,Entrance/Exit Ramp Related,None,,,         ,Brian,Mclarty,Cloudy,Not Collision with Motor Vehicle in Transport,no,no,no,no,no,False
102591678,GOODLETTSVILLE POLICE DEPT,19-45745,Davidson,Goodlettsville,12/7/2019 5:34:00 PM,2,1,0,36.295780,-86.726670,DICKERSON PKES,,,,0.00,,,ROBERT CARTWRIGHT DR,,,,0.00,Y,Four-Way,N,Intersection,None,,,         ,Daniel,Knalls,Clear,Angle,no,no,no,no,no,False
102591716,METROPOLITAN NASHVILLE POLICE DEPT,20190881349,Davidson,Nashville,12/8/2019 9:30:00 AM,2,0,0,36.056980,-86.693280,LUKER LN,,,,29.00,Feet,South,KEELEY DR,,,,0.00,N,Not at Intersection, ,Non-Junction,None,,,         ,Jason,Kedzierski,Clear,Rear to Side,no,no,no,no,no,False
102591717,METROPOLITAN NASHVILLE POLICE DEPT,20190881302,Davidson,Nashville,12/8/2019 9:08:00 AM,2,0,0,36.180410,-86.774210,I 24,,,,0.00,,,,,,,47.65,N,Not at Intersection,N,Non-Junction,None,,,         ,Dillon,Hunt,Clear,"Sideswipe, Same Direction",no,no,no,no,no,False
102591718,METROPOLITAN NASHVILLE POLICE DEPT,20190881355,Davidson,Nashville,12/8/2019 9:39:00 AM,2,0,0,36.157930,-86.791610,CHURCH ST,,,,0.00,,,14TH AVN,,,,0.00,Y,Four-Way, ,Non-Junction,None,,,         ,Walter,Cothran,Clear,Angle,no,no,no,no,no,False
102591726,METROPOLITAN NASHVILLE POLICE DEPT,20190880888,Davidson,Nashville,12/8/2019 2:49:00 AM,4,5,0,36.063120,-86.625890,MURFREESBORO PKE,,,,977.00,Feet,East,HAMILTON CHURCH RD,,,,0.00,N,Not at Intersection,N,OtherLocation,None,,,         ,David,Simmonds,Clear,Angle,yes,no,no,yes,yes,False
102591736,METROPOLITAN NASHVILLE POLICE DEPT,20190881414,Davidson,Nashville,12/8/2019 10:47:00 AM,2,0,0,36.116390,-86.777040,I440 W ENT RAMP,,,,0.00,Feet,East,I 440,,,,0.00,N,Not at Intersection,N,Entrance/Exit Ramp Related,None,,,         ,Nathan,Kemp,Clear,Front to Rear,no,no,no,no,no,False
102591737,METROPOLITAN NASHVILLE POLICE DEPT,20190881105,Davidson,Nashville,12/8/2019 6:15:00 AM,2,0,0,36.106210,-86.673060,MURFREESBORO PKE,,,,0.00,,,DONELSON PKE,,,,0.00,Y,Four-Way, ,,None,,,         ,Samuel,Fredericks,,,no,no,no,no,no,False
102591774,METROPOLITAN NASHVILLE POLICE DEPT,20190881416,Davidson,Nashville,12/8/2019 10:49:00 AM,1,0,0,36.060670,-86.832280,EDENBRIDGE WAY,,,,334.00,Feet,South,OTTER CREEK RD,,,,0.00,N,Not at Intersection,N,Non-Junction,None,,,         ,Raymond,Flaherty,Clear,Not Collision with Motor Vehicle in Transport,no,no,no,no,no,False
102591787,METROPOLITAN NASHVILLE POLICE DEPT,20190881462,Davidson,Nashville,12/8/2019 10:09:00 AM,2,0,0,36.116110,-86.832250,FOXHALL RD,,,,0.00,,,STATE HWY 155,,,,0.00,Y,T-Intersection,N,Intersection,None,,,         ,Roger,Luther,,Other,no,no,no,no,no,False
102591808,METROPOLITAN NASHVILLE POLICE DEPT,20190881501,Davidson,Nashville,12/8/2019 11:52:00 AM,2,0,0,36.155040,-86.797520,18TH AVN,,,,0.00,Feet,North,CHURCH ST,,,,0.00,N,Not at Intersection, ,Non-Junction,None,,,         ,Devin,Mabry,Clear,"Sideswipe, Same Direction",no,no,no,no,no,False
102591809,TENNESSEE STATE UNIVERSITY ,19-TSU-54233,Davidson,Nashville,12/8/2019 12:00:00 AM,2,0,0,36.162680,-86.830290,CLARE AV,,,,0.00,,,ALBION ST,,,,0.00,Y,OTHER, ,Non-Junction,None,,,         ,Harold,Taylor,Clear,"Sideswipe, Same Direction",no,no,no,yes,yes,False
102591846,METROPOLITAN NASHVILLE POLICE DEPT,20190881475,Davidson,Nashville,12/8/2019 10:30:00 AM,2,0,0,36.143180,-86.822750,I 440,,,,0.00,,,,,,,1.00,N,Not at Intersection, ,Non-Junction,Construction Zone,,,         ,Brian,Myatt,Cloudy,Other,no,no,no,no,no,False
102591855,METROPOLITAN NASHVILLE POLICE DEPT,20190881535,Davidson,Nashville,12/8/2019 12:25:00 PM,3,3,0,36.057820,-86.716040,NOLENSVILLE PKE,,,,432.00,Feet,South,TUSCULUM RD,,,,0.00,N,Not at Intersection,N,Non-Junction,None,,,         ,Jason,Kedzierski,Clear,Front to Rear,no,no,no,no,no,False
102591903,VANDERBILT UNIVERSITY POLICE,20190881520,Davidson,Nashville,12/8/2019 12:05:00 PM,2,0,0,36.108900,-86.764530,POWELL AV,,,,0.00,,,,,,,0.00,,Not at Intersection, ,Non-Junction,None,,,         ,Devon,Ross,Clear,"Sideswipe, Same Direction",no,no,no,yes,no,OHO
102591937,METROPOLITAN NASHVILLE POLICE DEPT,20190881564,Davidson,Nashville,12/8/2019 12:25:00 PM,2,1,0,36.187560,-86.812260,18TH AVN,,,,0.00,Feet,,MCKINNEY AV,,,,0.00,Y,OTHER,N,Intersection-Related,None,,,         ,Brian,Mclarty,Cloudy,Angle,no,no,no,no,no,False
102591943,METROPOLITAN NASHVILLE POLICE DEPT,20190881522,Davidson,Not in City Limit,12/8/2019 12:12:00 PM,2,0,0,36.274400,-86.689400,MYATT DR,,,,592.00,Feet,South,MYATT CIRCLE LN,,,,0.00,N,Not at Intersection,N,Non-Junction,None,,,         ,Spencer,Pittman,Cloudy,Front to Rear,no,no,no,no,yes,False
102591960,METROPOLITAN NASHVILLE POLICE DEPT,20190881593,Davidson,Nashville,12/8/2019 12:14:00 PM,2,0,0,36.148470,-86.866560,CHARLOTTE PKE,,,,278.00,Feet,East,EASTBORO DR,,,,0.00,N,Not at Intersection,N,Non-Junction,None,,,         ,Benjamin,Cantrell,Clear,Angle,no,no,no,no,no,False
102591976,METROPOLITAN NASHVILLE POLICE DEPT,20190881581,Davidson,Nashville,12/8/2019 12:23:00 PM,2,0,0,36.075970,-86.725210,NOLENSVILLE PKE,,,,421.00,Feet,South,WALLACE RD,,,,0.00,N,Not at Intersection,N,Non-Junction,None,,,         ,Jason,Hees,Clear,Angle,no,no,no,no,no,False
102591987,METROPOLITAN NASHVILLE POLICE DEPT,20190881511,Davidson,Nashville,12/8/2019 12:00:00 PM,3,1,0,36.158560,-86.787590,11TH AVN,,,,0.00,,,GRUNDY ST,,,,0.00,Y,T-Intersection,N,Intersection-Related,None,,,         ,James,Hill,Cloudy,Front to Rear,no,no,no,no,no,False
102591988,METROPOLITAN NASHVILLE POLICE DEPT,20190880211,Davidson,Nashville,12/7/2019 6:28:00 PM,2,0,0,36.077090,-86.725560,EDMONDSON PKE,,,,0.00,,,WALLACE RD,,,,0.00,Y,Four-Way,N,Intersection,None,,,         ,Steven,Begley,Clear,"Sideswipe, Same Direction",no,no,no,no,yes,False
102591989,METROPOLITAN NASHVILLE POLICE DEPT,20190881626,Davidson,Not in City Limit,12/8/2019 1:01:00 PM,2,0,0,36.078760,-87.022500,MCCRORY LN,,,,0.00,,,NEWSOM STATION RD,,,,0.00,Y,T-Intersection,N,Intersection,None,,,         ,Jack,Crouch,Cloudy,"Sideswipe, Opposite Direction",no,no,no,no,yes,False
102591991,METROPOLITAN NASHVILLE POLICE DEPT,20190881455,Davidson,Nashville,12/8/2019 11:20:00 AM,2,1,0,36.206250,-86.774080,-- UNKNOWN RAMP/ROAD --,,,,0.00,Feet,,US HWY 431,,,,0.00,Y,T-Intersection,N,Intersection-Related,None,,,         ,Nicholas,Silinsky,Clear,Front to Rear,no,no,no,no,no,False
102592029,METROPOLITAN NASHVILLE POLICE DEPT,20190881686,Davidson,Not in City Limit,12/8/2019 3:00:00 PM,1,1,0,36.273960,-86.796470,I 24,,,,0.00,,,,,,,40.80,N,Not at Intersection,N,Non-Junction,None,,,         ,Jared,Dick,Clear,Not Collision with Motor Vehicle in Transport,no,no,no,no,no,False
102592034,METROPOLITAN NASHVILLE POLICE DEPT,20190881648,Davidson,Not in City Limit,12/8/2019 2:21:00 PM,2,2,0,36.017300,-87.031280,HWY 100,,,,0.00,Feet,,STATE HWY 96,,,,0.00,Y,T-Intersection,N,Intersection-Related,None,,,         ,Molly,Page,Clear,Angle,no,no,no,no,no,False
102592047,METROPOLITAN NASHVILLE POLICE DEPT,20190881746,Davidson,Not in City Limit,12/8/2019 3:46:00 PM,2,1,0,36.266580,-86.775990,BRICK CHURCH PKE,,,,0.00,,,CHESHIRE DR,,,,0.00,Y,T-Intersection,N,Non-Junction,None,,,         ,Robert,Leverick,Clear,Front to Rear,no,no,no,no,no,False
102592051,METROPOLITAN NASHVILLE POLICE DEPT,20190881779,Davidson,Antioch,12/8/2019 3:15:00 PM,2,0,0,36.018830,-86.625250,I 24,,,,0.00,,,,,,,62.20,N,Not at Intersection, ,Non-Junction,None,,,         ,Laura,Williams,Clear,"Sideswipe, Same Direction",no,no,no,no,yes,False
102592052,METROPOLITAN NASHVILLE POLICE DEPT,20190881671,Davidson,Nashville,12/8/2019 2:20:00 PM,2,0,0,36.209220,-86.922030,OLD HYDES FERRY PKE,,,,1.00,Feet,East,OLD HICKORY BLVD,,,,0.00,N,Not at Intersection,N,Non-Junction,None,,,         ,Peter,Kinsey,Cloudy,Angle,no,no,no,no,no,False
102592062,METROPOLITAN NASHVILLE POLICE DEPT,20190881659,Davidson,Nashville,12/8/2019 2:40:00 PM,3,0,0,36.224220,-86.603480,SHUTE LN,,,,490.00,Feet,South,CHASE BLVD,,,,0.00,N,Not at Intersection,N,Non-Junction,None,,,         ,Tyler,Hall,Clear,Front to Rear,no,no,no,no,no,False
102592097,METROPOLITAN NASHVILLE POLICE DEPT,20190881889,Davidson,Nashville,12/8/2019 3:13:00 PM,2,0,0,36.199720,-86.619220,US HWY 70,,,,46.00,Feet,North,RAMP,,,,0.00,N,Not at Intersection, ,,None,,,         ,Tyler,Hall,,,no,no,no,no,no,False
102592105,METROPOLITAN NASHVILLE POLICE DEPT,20190881855,Davidson,Nashville,12/8/2019 12:00:00 AM,2,1,0,36.064810,-86.622100,HAMILTON CHURCH RD,,,,2.00,Feet,East,OWENDALE DR,,,,0.00,N,Not at Intersection,N,Non-Junction,None,,,         ,JA'Karyus,Redwine,Clear,Angle,no,no,no,no,no,False
102592107,METROPOLITAN NASHVILLE POLICE DEPT,20190881956,Davidson,Nashville,12/8/2019 5:49:00 PM,2,0,0,36.170890,-86.807230,DR D B TODD JR BLVD,,,,191.00,Feet,South,HEIMAN ST,,,,0.00,N,Not at Intersection,N,Non-Junction,None,,,         ,Eric,McCoy,Clear,Angle,no,no,no,no,yes,False
102592111,METROPOLITAN NASHVILLE POLICE DEPT,20190881876,Davidson,Nashville,12/8/2019 5:24:00 PM,2,0,0,36.077840,-86.670730,FRANKLIN LIMESTONE RD,,,,230.00,Feet,South,BILLINGSGATE RD,,,,0.00,N,Not at Intersection,N,Non-Junction,None,,,         ,Taylor,Hurley,Clear,Front to Rear,no,no,no,no,no,False
102592118,THP District 3 - Nashville,319080319,Davidson,Not in City Limit,12/8/2019 4:45:00 PM,2,0,0,36.331520,-86.901280,I 24,,,,0.00,,,,,,,33.00,N,Not at Intersection, ,Non-Junction,None,,,         ,Abasse,Meite,Clear,Front to Rear,no,no,no,no,no,False
102592161,METROPOLITAN NASHVILLE POLICE DEPT,20190882017,Davidson,Nashville,12/8/2019 6:44:00 PM,2,0,0,36.125710,-86.709850,MURFREESBORO PKE,,,,24.00,Feet,West,BOWWOOD CT,,,,0.00,N,Not at Intersection, ,Non-Junction,None,,,         ,Eric,Laury,Clear,"Sideswipe, Same Direction",no,no,no,no,no,False
102592163,METROPOLITAN NASHVILLE POLICE DEPT,20190881944,Davidson,Not in City Limit,12/8/2019 6:02:00 PM,2,0,0,36.076690,-87.018220,I40 E ENT RAMP,,,,0.00,,,I 40,,,,0.00,Y,Y-Intersection,Y,Entrance/Exit Ramp Related,None,,,         ,James,Wells Jr.,Clear,Front to Rear,no,no,no,no,yes,False
102592186,METROPOLITAN NASHVILLE POLICE DEPT,20190882067,Davidson,Nashville,12/8/2019 7:00:00 PM,2,0,0,36.066630,-86.718030,NORTHCREST DR,,,,0.00,,,NOLENSVILLE PKE,,,,0.00,Y,T-Intersection,N,Intersection,None,,,         ,Donovan,Coble,Clear,Front to Rear,no,no,no,no,yes,False
102592187,METROPOLITAN NASHVILLE POLICE DEPT,20190882005,Davidson,Nashville,12/8/2019 7:00:00 PM,2,0,0,36.248050,-86.720330,DUE WEST AVE,,,,0.00,Feet,West,GALLATIN PKES,,,,0.00,N,Not at Intersection,N,Non-Junction,None,,,         ,Evan,Grace,Clear,Front to Rear,no,no,no,no,no,False
102592191,THP District 3 - Nashville,319080310,Davidson,Not in City Limit,12/8/2019 2:18:00 PM,1,0,0,36.332070,-86.900930,I 24,,,,0.00,,,,,,,33.00,N,Not at Intersection, ,Non-Junction,None,,,         ,Ernest,Young,Cloudy,Not Collision with Motor Vehicle in Transport,no,no,no,no,no,False