master_record_number,agency,agency_tracking_number,county,city,collision_date,vehicles_involved,number_injured,number_dead,latitude,longitude,roadway_name,roadway_suffix,roadway_number,roadway_local_id,distance_from_reference,miles-feet_indicator,direction_from_reference,intersection_road_name,intersection_road_name_suffix,intersection_road_number,intersection_local_id,mile_marker,intersection_indicator,intersect_type,interchange_related_indicator,relation_to_junction,work_zone_type,construction_maintenance_zone,construction_maintenance_zone_location,fatal_case_number,officer_first_name,officer_last_name,weather_condition(s),manner_of_crash,pedestrian,bicycle,scooter,parking,hitrun,mou
102592243,METROPOLITAN NASHVILLE POLICE DEPT,20190882112,Davidson,Not in City Limit,12/8/2019 8:53:00 PM,2,0,0,36.274580,-86.689390,MYATT DR,,,,529.00,Feet,South,MYATT CENTER LN,,,,0.00,N,Not at Intersection, ,,None,,,         ,DuJuan,Kendrick,,,no,no,no,no,no,False
102592244,METROPOLITAN NASHVILLE POLICE DEPT,20190882089,Davidson,Nashville,12/8/2019 8:37:00 PM,3,0,0,36.049490,-86.665910,I 24,,,,0.00,,,,,,,58.95,N,Not at Intersection,N,Non-Junction,None,,,         ,Taylor,Hurley,Clear,Angle,no,no,no,no,no,False
102592256,METROPOLITAN NASHVILLE POLICE DEPT,20190882036,Davidson,Nashville,12/8/2019 12:00:00 AM,1,1,0,36.150330,-86.862010,OBRIEN AV,,,,361.00,Feet,East,I40 E EXT RAMP,,,,0.00,N,Not at Intersection,N,Non-Junction,None,,,         ,Joel,Cottrill,Clear,Not Collision with Motor Vehicle in Transport,no,no,no,no,no,False
102592258,METROPOLITAN NASHVILLE POLICE DEPT,20190881768,Davidson,Nashville,12/8/2019 3:58:00 PM,1,0,0,36.207380,-86.611960,LEBANON PKE,,,,25.00,Feet,South,HIGHLAND VIEW DR,,,,0.00,N,Not at Intersection,N,Non-Junction,None,,,         ,Terence,Mitchell,Clear,Not Collision with Motor Vehicle in Transport,no,no,no,yes,no,False
102592321,METROPOLITAN NASHVILLE POLICE DEPT,20190882094,Davidson,Nashville,12/8/2019 8:41:00 PM,2,2,0,36.152710,-86.633920,I 40,,,,0.00,,,,,,,218.65,N,Not at Intersection,N,Non-Junction,Maintenance Zone,Work On Shoulder Or Median,Transition Area,         ,Steven,Powers,Clear,Front to Rear,no,no,no,no,no,False
102592337,METROPOLITAN NASHVILLE POLICE DEPT,20190881874,Davidson,Nashville,12/8/2019 5:21:00 PM,2,0,0,36.089310,-86.802950,GRANNY WHITE PKE,,,,17.00,Feet,South,BATTERY LN,,,,0.00,N,Not at Intersection, ,,None,,,         ,Gabriel,Hamilton,,,no,no,no,no,no,False
102592360,METROPOLITAN NASHVILLE POLICE DEPT,20190882237,Davidson,Nashville,12/8/2019 10:20:00 PM,2,0,0,36.205890,-86.768610,E TRINITY LN,,,,0.00,Feet,East,W TRINITY LN,,,,0.00,N,Not at Intersection,N,Non-Junction,None,,,         ,Reginald,Pierre-Paul,Clear,Front to Rear,no,no,no,no,yes,False
102592410,METROPOLITAN NASHVILLE POLICE DEPT,20190882691,Davidson,Nashville,12/9/2019 3:30:00 AM,3,0,0,36.183110,-86.835100,HINKLE DR,,,,65.00,Feet,West,LEAWOOD DR,,,,0.00,N,Not at Intersection,N,Non-Junction,None,,,         ,Dalton,Crum,Clear,Angle,no,no,no,no,yes,False
102592417,METROPOLITAN NASHVILLE POLICE DEPT,20190882844,Davidson,Nashville,12/9/2019 6:00:00 AM,2,0,0,36.147840,-86.744560,I 40,,,,0.00,,,,,,,212.00,N,Not at Intersection,N,Non-Junction,None,,,         ,Douglas,Meringer,Clear,Front to Rear,no,no,no,no,yes,False
102592422,METROPOLITAN NASHVILLE POLICE DEPT,20190882811,Davidson,Not in City Limit,12/9/2019 5:30:00 AM,2,0,0,36.263830,-86.704460,STATE HWY 45,,,,0.00,Feet,,DELAWARE AVE,,,,0.00,Y,Four-Way,Y,Intersection,None,,,         ,Reagan,Heath,Clear,Angle,no,no,no,no,no,False
102592436,METROPOLITAN NASHVILLE POLICE DEPT,20190882810,Davidson,Nashville,12/9/2019 5:10:00 AM,2,1,0,36.215120,-86.597670,LEBANON PKE,,,,0.00,Feet,West,ANDREW JACKSON PKWY,,,,0.00,N,Not at Intersection,Y,Non-Junction,None,,,         ,Jeremy,Crisp,Clear,"Sideswipe, Opposite Direction",no,no,no,no,no,False
102592447,METROPOLITAN NASHVILLE POLICE DEPT,20190882901,Davidson,Nashville,12/9/2019 6:38:00 AM,2,0,0,36.105620,-86.671800,MURFREESBORO PKE,,,,0.00,,,EZELL PKE,,,,0.00,Y,T-Intersection,N,Intersection-Related,None,,,         ,Tien,Nguyen,Cloudy,Front to Rear,no,no,no,no,yes,False
102592448,METROPOLITAN NASHVILLE POLICE DEPT,20190882851,Davidson,Nashville,12/9/2019 5:49:00 AM,2,0,0,36.154630,-86.779160,8TH AVS,,,,0.00,,,LAFAYETTE ST,,,,0.00,Y,Roundabout, ,Non-Junction,None,,,         ,Billy,Price,Cloudy,Other,no,no,no,no,no,False
102592449,METROPOLITAN NASHVILLE POLICE DEPT,20190882915,Davidson,Antioch,12/9/2019 6:18:00 AM,2,0,0,36.047840,-86.612050,MURFREESBORO PKE,,,,1284.00,Feet,North,MOUNTAIN SPRINGS RD,,,,0.00,N,Not at Intersection, ,Non-Junction,None,,,         ,Jessie,Meadows,Clear,Not Collision with Motor Vehicle in Transport,no,no,no,no,no,False
102592452,METROPOLITAN NASHVILLE POLICE DEPT,20190882944,Davidson,Nashville,12/9/2019 7:08:00 AM,2,2,0,36.169570,-86.583530,I 40,,,,0.00,,,,,,,221.80,N,Not at Intersection,N,Non-Junction,None,,,         ,Michael,Dance,Cloudy,Front to Rear,no,no,no,no,no,False
102592458,METROPOLITAN NASHVILLE POLICE DEPT,20190882981,Davidson,Nashville,12/9/2019 7:22:00 AM,2,2,0,36.131530,-86.897820,I 40,,,,0.00,,,,,,,201.15,N,Not at Intersection,N,Non-Junction,None,,,         ,Curtis,Rich,Cloudy,Front to Rear,no,no,no,no,no,False
102592473,METROPOLITAN NASHVILLE POLICE DEPT,20190883062,Davidson,Nashville,12/9/2019 8:00:00 AM,2,1,0,36.169840,-86.675960,LEBANON PKE,,,,0.00,,,PARK DR,,,,0.00,Y,T-Intersection, ,Intersection-Related,None,,,         ,Tien,Nguyen,Cloudy,Front to Rear,no,no,no,no,no,False
102592481,METROPOLITAN NASHVILLE POLICE DEPT,20190882939,Davidson,Nashville,12/9/2019 7:00:00 AM,2,2,0,36.206110,-86.768530,DICKERSON PKE,,,,83.00,Feet,North,E TRINITY LN,,,,0.00,N,Not at Intersection,N,Non-Junction,None,,,         ,Zachary,Carter,Cloudy,Angle,no,no,no,no,no,False
102592483,METROPOLITAN NASHVILLE POLICE DEPT,20190882923,Davidson,Nashville,12/9/2019 6:40:00 AM,2,0,0,36.044150,-86.656750,I 24,,,,0.00,,,,,,,59.55,N,Not at Intersection,Y,Non-Junction,None,,,         ,Nelson,Hemingway,Clear,Front to Rear,no,no,no,no,no,False
102592492,METROPOLITAN NASHVILLE POLICE DEPT,20190883113,Davidson,Nashville,12/9/2019 8:19:00 AM,2,0,0,36.111040,-86.747070,THOMPSON LN,,,,81.00,Feet,West,GRANDVIEW AV,,,,0.00,N,Not at Intersection, ,Non-Junction,None,,,         ,Michael,Suagua,Clear,"Sideswipe, Same Direction",no,no,no,no,no,False
102592495,METROPOLITAN NASHVILLE POLICE DEPT,20190882910,Davidson,Nashville,12/9/2019 6:49:00 AM,2,1,0,36.152690,-86.802290,CHURCH ST,,,,141.00,Feet,East,21ST AVN,,,,0.00,N,Not at Intersection,N,Non-Junction,None,,,         ,Zaire,Murray,Cloudy,"Sideswipe, Same Direction",no,no,no,no,no,Campus
102592496,METROPOLITAN NASHVILLE POLICE DEPT,20190882975,Davidson,Nashville,12/9/2019 7:11:00 AM,2,0,0,36.037640,-86.661060,MOUNTAINHIGH DR,,,,0.00,Feet,East,CHIMNEYTOP DR,,,,0.00,N,Not at Intersection,N,Non-Junction,None,,,         ,Brandon,Evans,Clear,Angle,no,no,no,yes,no,False
102592505,METROPOLITAN NASHVILLE POLICE DEPT,20190883133,Davidson,Nashville,12/9/2019 6:26:00 AM,2,0,0,36.064440,-86.687100,NAVAHO TRL,,,,0.00,,,VILLAS OF BAVARIA PVTDR,,,,0.00,Y,T-Intersection,N,Intersection,None,,,         ,Jason,Kedzierski,Cloudy,Angle,no,no,no,no,no,False
102592516,METROPOLITAN NASHVILLE POLICE DEPT,20190883182,Davidson,Nashville,12/9/2019 8:48:00 AM,2,0,0,36.167090,-86.611200,I40 W ENT RAMP,,,,0.00,,,I 40,,,,0.00,Y,OTHER,Y,Entrance/Exit Ramp Related,None,,,         ,Jason,Hees,Clear,Front to Rear,no,no,no,no,no,False
102592519,METROPOLITAN NASHVILLE POLICE DEPT,20190883190,Davidson,Nashville,12/9/2019 8:50:00 AM,2,0,0,36.125990,-86.772490,I 65,,,,0.00,,,,,,,80.80,N,Not at Intersection, ,Non-Junction,None,,,         ,Brent,Bauer,Cloudy,Angle,no,no,no,no,no,False
102592526,METROPOLITAN NASHVILLE POLICE DEPT,20190883230,Davidson,Nashville,12/9/2019 9:16:00 AM,2,0,0,36.154890,-86.755530,WILLOW ST,,,,80.00,Feet,East,FAIRFIELD AV,,,,0.00,N,Not at Intersection, ,Non-Junction,None,,,         ,Michael,Dance,Cloudy,"Sideswipe, Same Direction",no,no,no,no,no,False
102592534,METROPOLITAN NASHVILLE POLICE DEPT,20190883208,Davidson,Nashville,12/9/2019 9:11:00 AM,2,2,0,36.050190,-86.873980,OLD HICKORY BLVD,,,,21.00,Feet,West,MIDDLETON PARK LN,,,,0.00,N,Not at Intersection,N,Non-Junction,None,,,         ,Curtis,Rich,Cloudy,Front to Rear,no,no,no,no,no,False
102592537,GOODLETTSVILLE POLICE DEPT,19-45929,Davidson,Goodlettsville,12/9/2019 6:55:00 AM,2,0,0,36.305150,-86.705180,VIETNAM VETERANS BLVDS,,,,0.60,Miles,West,CONFERENCE DR,,,,0.00,N,Not at Intersection, ,Entrance/Exit Ramp Related,None,,,         ,Charles,Hauskin,Cloudy,"Sideswipe, Same Direction",no,no,no,no,no,False
102592542,METROPOLITAN NASHVILLE POLICE DEPT,20190883278,Davidson,Nashville,12/9/2019 9:10:00 AM,2,0,0,36.130540,-86.905440,CHARLOTTE PKE PVTDR,,,,258.00,Feet,West,BROOKMEADE GRNWY,,,,0.00,N,Not at Intersection, ,Non-Junction,None,,,         ,Douglas,Atwood,Clear,Front to Rear,no,no,no,yes,yes,False
102592544,METROPOLITAN NASHVILLE POLICE DEPT,20190883088,Davidson,Nashville,12/9/2019 8:10:00 AM,2,0,0,36.143930,-86.691490,I 40,,,,0.00,,,,,,,215.20,N,Not at Intersection, ,Entrance/Exit Ramp Related,None,,,         ,Tien,Nguyen,Cloudy,Front to Rear,no,no,no,no,no,False
102592545,METROPOLITAN NASHVILLE POLICE DEPT,20190883263,Davidson,Nashville,12/9/2019 9:33:00 AM,2,0,0,36.144280,-86.696320,I 40,,,,0.00,,,,,,,214.95,N,Not at Intersection, ,Non-Junction,None,,,         ,Tien,Nguyen,Cloudy,Front to Rear,no,no,no,no,no,False
102592546,METROPOLITAN NASHVILLE POLICE DEPT,20190883155,Davidson,Nashville,12/9/2019 8:32:00 AM,2,0,0,36.157840,-86.760430,I 24,,,,0.00,,,,,,,49.60,N,Not at Intersection, ,,None,,,         ,Bianca,Crawford,,,no,no,no,no,no,False
102592558,METROPOLITAN NASHVILLE POLICE DEPT,20190883352,Davidson,Nashville,12/9/2019 10:23:00 AM,2,0,0,36.170220,-86.683590,THE CROSSINGS PVTDR,,,,0.00,,,,,,,0.00,,,N,OtherLocation,None,,,         ,Michael,Dance,Cloudy,Rear to Rear,no,no,no,yes,yes,False
102592560,VANDERBILT UNIVERSITY POLICE,20198833101,Davidson,Nashville,12/9/2019 8:15:00 AM,2,0,0,36.138630,-86.800630,21ST AVS,,,,0.00,,,CHILDRENS WAY,,,,0.00,Y,Four-Way,N,Non-Junction,None,,,         ,Jason,Bates,Cloudy,"Sideswipe, Same Direction",no,no,no,no,no,Campus
102592563,Nashville Airport Police,2019-05142,Davidson,Nashville,12/9/2019 6:08:00 AM,2,0,0,36.136160,-86.667550,TERMINAL DR,,,,0.00,,,I40 E EXT RAMP,,,,0.00,Y,OTHER, ,OtherLocation,None,,,         ,Daniel,Winter,Clear,"Sideswipe, Same Direction",no,no,no,no,no,False
102592564,METROPOLITAN NASHVILLE POLICE DEPT,20190883394,Davidson,Nashville,12/9/2019 10:04:00 AM,2,0,0,36.135970,-86.825530,RICHLAND AV,,,,57.00,Feet,East,BOWLING AV,,,,0.00,N,Not at Intersection, ,,None,,,         ,Curtis,Rich,,,no,no,no,no,no,False
102592567,METROPOLITAN NASHVILLE POLICE DEPT,20190883333,Davidson,Nashville,12/9/2019 10:15:00 AM,2,0,0,36.173990,-86.770620,I 24,,,,0.00,,,,,,,48.15,N,Not at Intersection, ,,None,,,         ,James,Hill,,,no,no,no,no,no,False
102592570,METROPOLITAN NASHVILLE POLICE DEPT,20190882933,Davidson,Not in City Limit,12/9/2019 6:30:00 AM,2,0,0,36.321230,-86.851520,I 24,,,,0.00,,,,,,,35.90,N,Not at Intersection, ,Non-Junction,None,,,         ,Corey,Reed,Cloudy,Angle,no,no,no,no,no,False
102592577,BELLE MEADE POLICE DEPT,19-0359,Davidson,Belle Meade,12/9/2019 9:28:00 AM,2,0,0,36.110390,-86.844270,ABBOTT MARTIN RD,,,,100.00,Feet,East,WALNUT DR,,,,0.00,N,Not at Intersection, ,Non-Junction,Construction Zone,,,         ,Wes,Bowker,Clear,Front to Rear,no,no,no,no,no,False
102592581,METROPOLITAN NASHVILLE POLICE DEPT,20190883384,Davidson,Nashville,12/9/2019 10:46:00 AM,2,3,0,36.099600,-86.710830,I 24,,,,0.00,,,,,,,54.60,N,Not at Intersection,N,Non-Junction,None,,,         ,Jessie,Meadows,Cloudy,Front to Rear,no,no,no,no,no,False
102592604,METROPOLITAN NASHVILLE POLICE DEPT,20190883380,Davidson,Nashville,12/9/2019 10:36:00 AM,2,1,0,36.155950,-86.788970,BROADWAY,,,,44.00,Feet,South,I40 W EXT RAMP,,,,0.00,N,Not at Intersection,N,Non-Junction,None,,,         ,Bianca,Crawford,Clear,"Sideswipe, Same Direction",no,no,no,no,no,False
102592623,METROPOLITAN NASHVILLE POLICE DEPT,20190883565,Davidson,Nashville,12/9/2019 12:16:00 PM,2,1,0,36.140930,-86.666500,DONELSON PKE,,,,206.00,Feet,North,I40 E EXT RAMP,,,,0.00,N,Not at Intersection, ,Non-Junction,None,,,         ,Tien,Nguyen,Cloudy,Front to Rear,no,no,no,no,no,False
102592629,METROPOLITAN NASHVILLE POLICE DEPT,20190883591,Davidson,Nashville,12/9/2019 12:32:00 PM,1,0,0,36.111200,-86.755590,THOMPSON LN,,,,107.00,Feet,West,SIDCO DR,,,,0.00,N,Not at Intersection, ,,None,,,         ,Michael,Suagua,,,no,no,no,no,no,False
102592638,METROPOLITAN NASHVILLE POLICE DEPT,20190865346,Davidson,Nashville,12/1/2019 5:07:00 PM,1,1,0,36.307080,-86.685260,GALLATIN PKEN,,,,143.00,Feet,West,NORTHSIDE MARKETPLACE PVTDR,,,,0.00,N,Not at Intersection,N,Non-Junction,None,,,         ,William,Waters,Clear,Not Collision with Motor Vehicle in Transport,yes,no,no,no,no,False
102592656,METROPOLITAN NASHVILLE POLICE DEPT,20190883174,Davidson,Nashville,12/9/2019 8:47:00 AM,4,1,0,36.177440,-86.764960,SPRING ST ENT RAMP,,,,400.00,Feet,West,ELLINGTON PKWYS,,,,0.00,N,Not at Intersection, ,Non-Junction,None,,,         ,Russell,Freeman,Cloudy,Front to Rear,no,no,no,no,no,False
102592670,METROPOLITAN NASHVILLE POLICE DEPT,20190882767,Davidson,Nashville,12/9/2019 5:20:00 AM,1,0,1,36.067020,-86.688510,APACHE TRL,,,,250.00,Feet,West,VILLAS OF BAVARIA PVTDR,,,,0.00,N,Not at Intersection,N,Non-Junction,None,,,19-0984  ,Donald,Davidson,Clear,Not Collision with Motor Vehicle in Transport,yes,no,no,no,yes,False
102592747,METROPOLITAN NASHVILLE POLICE DEPT,20190883664,Davidson,Nashville,12/9/2019 1:07:00 PM,2,0,0,36.168780,-86.607710,I 40,,,,0.00,,,,,,,220.50,N,Not at Intersection, ,Non-Junction,None,,,         ,Tien,Nguyen,Cloudy,"Sideswipe, Same Direction",no,no,no,no,no,False
102592748,METROPOLITAN NASHVILLE POLICE DEPT,20190883595,Davidson,Nashville,12/9/2019 11:51:00 AM,2,2,0,36.110990,-86.746330,THOMPSON LN,,,,127.00,Feet,West,ELIZABETH ST,,,,0.00,N,Not at Intersection,N,Non-Junction,None,,,         ,Timothy,Edwards,Cloudy,Front to Rear,no,no,no,no,no,False
102592773,METROPOLITAN NASHVILLE POLICE DEPT,20190883090,Davidson,Nashville,12/9/2019 8:08:00 AM,2,0,0,36.240690,-86.745860,I65 N ENT RAMP,,,,0.00,Feet,East,BRILEY PKWYE,,,,0.00,N,Not at Intersection,N,Non-Junction,None,,,         ,Michael,Agee,Cloudy,Not Collision with Motor Vehicle in Transport,no,no,no,no,no,False
102592795,METROPOLITAN NASHVILLE POLICE DEPT,20190883456,Davidson,Nashville,12/9/2019 11:05:00 AM,2,0,0,36.082520,-86.763710,I 65,,,,0.00,,,,,,,77.85,N,Not at Intersection, ,,None,,,         ,Devin,Mabry,,,no,no,no,no,no,False
102592798,METROPOLITAN NASHVILLE POLICE DEPT,20190883646,Davidson,Nashville,12/9/2019 12:55:00 PM,2,0,0,36.174630,-86.786240,JEFFERSON ST,,,,51.00,Feet,West,4TH AVN,,,,0.00,N,Not at Intersection, ,OtherLocation,None,,,         ,Frank,Campbell,Cloudy,Front to Rear,no,no,no,no,no,False
102592802,VANDERBILT UNIVERSITY POLICE,20190876074,Davidson,Nashville,12/5/2019 9:15:00 PM,1,0,0,36.142200,-86.806320,25TH AVS,,,,0.00,,,,,,,0.00,,, ,OtherLocation,None,,,         ,William,Amburn,Cloudy,Not Collision with Motor Vehicle in Transport,no,no,no,yes,no,Campus
102592803,METROPOLITAN NASHVILLE POLICE DEPT,20190883661,Davidson,Not in City Limit,12/9/2019 12:47:00 PM,2,0,0,36.315800,-86.865850,WHITES CREEK PKE,,,,0.00,,,UNION HILL RD,,,,0.00,Y,T-Intersection, ,Intersection,None,,,         ,Corey,Reed,Cloudy,Angle,no,no,no,no,no,False
102592810,METROPOLITAN NASHVILLE POLICE DEPT,20190883761,Davidson,Nashville,12/9/2019 1:43:00 PM,2,0,0,36.139680,-86.760850,2ND AVS,,,,19.00,Feet,South,OLD RADNOR CAR LINE,,,,0.00,N,Not at Intersection, ,Non-Junction,None,,,         ,Jessie,Meadows,Clear,"Sideswipe, Same Direction",no,no,no,no,no,False
102592822,METROPOLITAN NASHVILLE POLICE DEPT,20190878565,Davidson,Nashville,12/6/2019 7:07:00 PM,2,0,0,36.153960,-86.818220,28TH AVN,,,,0.00,,,CHARLOTTE AV,,,,0.00,Y,Four-Way, ,Intersection,None,,,         ,Bailee,Hickman,Clear,Front to Rear,no,no,no,no,yes,False
102592828,METROPOLITAN NASHVILLE POLICE DEPT,20190867579,Davidson,Not in City Limit,12/2/2019 5:50:00 PM,2,0,0,36.263320,-86.714500,OLD HICKORY BLVDW,,,,29.00,Feet,East,DOUGLAS ST,,,,0.00,N,Not at Intersection, ,,None,,,         ,John,Walden,,,no,no,no,no,no,False
102592850,METROPOLITAN NASHVILLE POLICE DEPT,20190883771,Davidson,Goodlettsville,12/9/2019 1:54:00 PM,2,1,0,36.299790,-86.696600,CUDE LN,,,,0.00,,,GALLATIN PKEN,,,,0.00,Y,Four-Way,N,Intersection,None,,,         ,Brandon,Bilbrey,Cloudy,Angle,no,no,no,no,yes,False
102592857,THP District 3 - Nashville,319080457,Davidson,Not in City Limit,12/9/2019 7:04:00 AM,2,0,0,36.338910,-86.916170,I 24,,,,0.00,,,,,,,32.00,N,Not at Intersection, ,Non-Junction,None,,,         ,Corey,Brock,Cloudy,Front to Rear,no,no,no,no,yes,False
102592873,THP District 9 - Administrative,319079452,Davidson,Nashville,12/6/2019 11:58:00 AM,2,0,0,36.194940,-86.818560,FREELANDS STATION RD,,,,263.00,Feet,West,MAINSTREAM DR,,,,0.00,N,Not at Intersection, ,,None,,,         ,Steve,Sakarapanee,,,no,no,no,yes,no,False
102592878,METROPOLITAN NASHVILLE POLICE DEPT,2019-0880662,Davidson,Nashville,12/8/2019 12:00:00 AM,2,0,0,36.111620,-86.792580,WOODMONT BLVD,,,,0.00,,,GRANNY WHITE PKE,,,,0.00,Y,Four-Way, ,Non-Junction,None,,,         ,Frank,Walker,Clear,Angle,no,no,no,no,no,False
102592880,METROPOLITAN NASHVILLE POLICE DEPT,20190883895,Davidson,Nashville,12/9/2019 2:53:00 PM,2,0,0,36.153240,-86.687680,ELM HILL PKE,,,,0.00,,,ATRIUM WAY,,,,0.00,Y,Four-Way, ,Intersection,None,,,         ,Thomas,Odom,Cloudy,Angle,no,no,no,no,no,False
102592893,METROPOLITAN NASHVILLE POLICE DEPT,2019-0883822,Davidson,Nashville,12/9/2019 2:15:00 PM,2,0,0,36.152420,-86.787210,I 40,,,,0.00,,,,,,,209.40,N,Not at Intersection, ,Non-Junction,None,,,         ,Po,Cheng,Cloudy,Angle,no,no,no,no,no,False
102592899,METROPOLITAN NASHVILLE POLICE DEPT,20190883756,Davidson,Nashville,12/9/2019 1:46:00 PM,2,0,0,36.200970,-86.618000,LEBANON PKE,,,,165.00,Feet,South,TYLER DR,,,,0.00,N,Not at Intersection,N,"Driveway, Alley Access, etc",None,,,         ,Michael,Dance,Cloudy,"Sideswipe, Same Direction",no,no,no,no,no,False
102592901,METROPOLITAN NASHVILLE POLICE DEPT,20190883893,Davidson,Not in City Limit,12/9/2019 2:40:00 PM,2,0,0,36.264500,-86.731850,OLD HICKORY BLVDW,,,,129.00,Feet,East,N GRAYCROFT AV,,,,0.00,N,Not at Intersection,N,Non-Junction,None,,,         ,Christopher,Littles,Cloudy,Front to Rear,no,no,no,no,no,False
102592902,METROPOLITAN NASHVILLE POLICE DEPT,20190884004,Davidson,Goodlettsville,12/9/2019 3:36:00 PM,2,0,0,36.289280,-86.693490,MYATT DR,,,,199.00,Feet,North,EDENWOLD RD,,,,0.00,N,Not at Intersection, ,Non-Junction,None,,,         ,Christopher,Littles,Cloudy,"Sideswipe, Same Direction",no,no,no,no,no,False
102592905,METROPOLITAN NASHVILLE POLICE DEPT,20190883983,Davidson,Nashville,12/9/2019 3:43:00 PM,2,0,0,36.131540,-86.773990,I 65,,,,0.00,,,,,,,81.20,N,Not at Intersection,N,Entrance/Exit Ramp Related,None,,,         ,Randy,Puckett,Clear,Angle,no,no,no,no,no,False
102592907,METROPOLITAN NASHVILLE POLICE DEPT,20190883917,Davidson,Nashville,12/9/2019 3:05:00 PM,2,1,0,36.184990,-86.810410,15TH AVN,,,,0.00,,,CASS ST,,,,0.00,Y,Four-Way,N,Intersection-Related,None,,,         ,Jonathan,Sharp,Cloudy,Angle,no,no,no,no,no,False
102592909,METROPOLITAN NASHVILLE POLICE DEPT,20190883996,Davidson,Nashville,12/9/2019 1:30:00 PM,2,0,0,36.088560,-86.751740,TROUSDALE DR,,,,530.00,Feet,South,GRASSMERE PK,,,,0.00,N,Not at Intersection,N,"Driveway, Alley Access, etc",None,,,         ,William,King,Clear,HeadOn,no,no,no,no,yes,False
102592910,VANDERBILT UNIVERSITY POLICE,20190884001,Davidson,Nashville,12/6/2019 12:00:00 AM,2,0,0,36.144540,-86.803960,24TH AVS,,,,234.00,Feet,North,KIRKLAND PL,,,,0.00,N,Not at Intersection, ,OtherLocation,None,,,         ,William,Amburn,Unknown,"Sideswipe, Opposite Direction",no,no,no,yes,no,Campus
102592918,METROPOLITAN NASHVILLE POLICE DEPT,20190883963,Davidson,Nashville,12/9/2019 3:29:00 PM,2,0,0,36.135720,-86.885390,CHARLOTTE PKE,,,,77.00,Feet,West,BROOK HOLLOW RD,,,,0.00,N,Not at Intersection, ,Non-Junction,None,,,         ,Mario,Diaz,Clear,Front to Rear,no,no,no,no,no,False
102592934,METROPOLITAN NASHVILLE POLICE DEPT,20190883999,Davidson,Nashville,12/9/2019 3:40:00 PM,2,0,0,36.237850,-86.786910,BRILEY PKWYE,,,,62.00,Feet,East,I24 E EXT RAMP,,,,0.00,N,Not at Intersection,N,Entrance/Exit Ramp Related,None,,,         ,John,Jones,Clear,"Sideswipe, Same Direction",no,no,no,no,yes,False
102592944,METROPOLITAN NASHVILLE POLICE DEPT,20190883891,Davidson,Nashville,12/9/2019 3:02:00 PM,2,0,0,36.122630,-86.751680,I 440,,,,0.00,,,,,,,6.25,N,Not at Intersection,N,Non-Junction,Construction Zone,Work On Shoulder Or Median,Activity Area,         ,Douglas,Sykes,Clear,Front to Rear,no,no,no,no,no,False
102592949,METROPOLITAN NASHVILLE POLICE DEPT,20190884159,Davidson,Nashville,12/9/2019 4:57:00 PM,2,1,0,36.171500,-86.798610,I 40,,,,0.00,,,,,,,207.90,N,Not at Intersection,N,Non-Junction,None,,,         ,Eric,McCoy,Clear,Front to Rear,no,no,no,no,no,False
102592951,METROPOLITAN NASHVILLE POLICE DEPT,20190884160,Davidson,Nashville,12/9/2019 3:25:00 PM,2,1,0,36.120750,-86.703670,GLENGARRY DR,,,,38.00,Feet,West,MURFREESBORO PKE,,,,0.00,N,Not at Intersection,N,Non-Junction,None,,,         ,Jesse,Cox,Clear,Front to Rear,no,no,no,no,no,False
102592954,METROPOLITAN NASHVILLE POLICE DEPT,20190884176,Davidson,Nashville,12/9/2019 5:01:00 PM,2,0,0,36.102630,-86.740980,NOLENSVILLE PKE,,,,0.00,,,THUSS AV,,,,0.00,Y,T-Intersection, ,Intersection,None,,,         ,Patrick,Martin,Cloudy,Angle,no,no,no,no,no,False
102592975,METROPOLITAN NASHVILLE POLICE DEPT,20190884188,Davidson,Not in City Limit,12/9/2019 5:04:00 PM,2,0,0,36.076530,-86.944040,HIGHWAY 70S,,,,322.00,Feet,West,CARRIAGE DR,,,,0.00,N,Not at Intersection, ,Non-Junction,None,,,         ,Mario,Diaz,Clear,HeadOn,no,no,no,no,no,False
102592977,METROPOLITAN NASHVILLE POLICE DEPT,20190884212,Davidson,Nashville,12/9/2019 3:30:00 PM,2,0,0,36.214150,-86.735650,HILLTOP LN,,,,238.00,Feet,North,HART LN,,,,0.00,N,Not at Intersection,N,Non-Junction,None,,,         ,Wade,Johnson,Cloudy,"Sideswipe, Opposite Direction",no,no,no,no,yes,False
102592979,METROPOLITAN NASHVILLE POLICE DEPT,20190884025,Davidson,Nashville,12/9/2019 3:56:00 PM,2,2,0,36.221700,-86.761670,HART LN,,,,0.00,,,DICKERSON PKE,,,,0.00,Y,Four-Way,N,Intersection,None,,,         ,Marc,Kozen,Clear,HeadOn,no,no,no,no,no,False
102592981,METROPOLITAN NASHVILLE POLICE DEPT,20190884142,Davidson,Nashville,12/9/2019 3:53:00 PM,2,0,0,36.107170,-86.813060,HILLSBORO PKE,,,,258.00,Feet,South,GREEN HILLS VILLAGE DR,,,,0.00,N,Not at Intersection,N,Non-Junction,None,,,         ,Randy,Puckett,Clear,Angle,no,no,no,no,no,False
102592982,METROPOLITAN NASHVILLE POLICE DEPT,20190884197,Davidson,Nashville,12/9/2019 12:00:00 AM,3,0,0,36.149580,-86.772880,I40 E EXT RAMP,,,,0.00,,,I 40,,,,0.00,Y,OTHER, ,Entrance/Exit Ramp Related,None,,,         ,Douglas,Sykes,Clear,"Sideswipe, Same Direction",no,no,no,no,no,False