master_record_number,agency,agency_tracking_number,county,city,collision_date,vehicles_involved,number_injured,number_dead,latitude,longitude,roadway_name,roadway_suffix,roadway_number,roadway_local_id,distance_from_reference,miles-feet_indicator,direction_from_reference,intersection_road_name,intersection_road_name_suffix,intersection_road_number,intersection_local_id,mile_marker,intersection_indicator,intersect_type,interchange_related_indicator,relation_to_junction,work_zone_type,construction_maintenance_zone,construction_maintenance_zone_location,fatal_case_number,officer_first_name,officer_last_name,weather_condition(s),manner_of_crash,pedestrian,bicycle,scooter,parking,hitrun,mou
102593917,METROPOLITAN NASHVILLE POLICE DEPT,20190887388,Davidson,Nashville,12/10/2019 9:12:00 PM,2,0,0,36.044770,-86.660590,BELL RD,,,,37.00,Feet,West,I24 E ENT RAMP,,,,0.00,N,Not at Intersection, ,,None,,,         ,Jesse,Cox,,,no,no,no,no,no,False
102593946,METROPOLITAN NASHVILLE POLICE DEPT,20190887358,Davidson,Nashville,12/10/2019 9:05:00 PM,3,1,0,36.197640,-86.691480,OPRY MILLS DR,,,,314.00,Feet,North,BRILEY PKWY S EXT RAMP,,,,0.00,N,Not at Intersection,Y,OtherLocation,None,,,         ,Keenan,McCann,Clear,"Sideswipe, Same Direction",no,no,no,yes,yes,False
102593948,METROPOLITAN NASHVILLE POLICE DEPT,20190887143,Davidson,Nashville,12/10/2019 6:15:00 PM,2,1,0,36.153010,-86.834790,40TH AVE N,,,,175.00,Feet,South,US HWY 70,,,,0.00,N,Not at Intersection,N,Non-Junction,None,,,         ,Molly,Page,Clear,Angle,no,no,no,no,no,False
102593961,METROPOLITAN NASHVILLE POLICE DEPT,20190887395,Davidson,Nashville,12/10/2019 9:43:00 PM,1,1,0,36.080650,-86.685020,FRANKLIN LIMESTONE RD,,,,224.00,Feet,East,ANTIOCH PKE,,,,0.00,N,Not at Intersection,N,"Driveway, Alley Access, etc",None,,,         ,Patrick,Martin,Cloudy,Not Collision with Motor Vehicle in Transport,no,no,no,no,no,False
102593964,GOODLETTSVILLE POLICE DEPT,19-46127,Davidson,Goodlettsville,12/10/2019 5:32:00 PM,2,0,0,36.331380,-86.708610,I 65,,,,0.00,,,,,,,97.50,N,Not at Intersection, ,Non-Junction,None,,,         ,Nicholas,Given,Clear,Front to Rear,no,no,no,no,no,False
102593993,METROPOLITAN NASHVILLE POLICE DEPT,20190887642,Davidson,Nashville,12/11/2019 12:06:00 AM,2,0,0,36.147550,-86.758650,LEWIS ST,,,,0.00,,,LAFAYETTE ST,,,,0.00,Y,Four-Way, ,Non-Junction,None,,,         ,Joseph,Patricio,Clear,Angle,no,no,no,no,yes,False
102594001,METROPOLITAN NASHVILLE POLICE DEPT,20190887499,Davidson,Nashville,12/10/2019 10:52:00 PM,2,0,0,36.140160,-86.666220,I40 E EXT RAMP,,,,0.00,Feet,East,DONELSON PKE,,,,0.00,N,Not at Intersection,Y,Entrance/Exit Ramp Related,None,,,         ,Bridget,Griepentrog,Clear,Front to Rear,no,no,no,no,yes,False
102594012,METROPOLITAN NASHVILLE POLICE DEPT,20190887487,Davidson,Nashville,12/10/2019 9:00:00 PM,2,0,0,36.169540,-86.601050,I40 E EXT RAMP,,,,0.00,Feet,East,I 40,,,,0.00,N,Not at Intersection, ,,None,,,         ,Joao,Pinho,,,no,no,no,no,no,False
102594014,METROPOLITAN NASHVILLE POLICE DEPT,20190887797,Davidson,Nashville,12/11/2019 1:28:00 AM,1,0,0,36.209890,-86.775880,I 65,,,,0.00,,,,,,,87.60,N,Not at Intersection,N,Non-Junction,None,,,         ,Landon,Bagwell,Clear,Not Collision with Motor Vehicle in Transport,no,no,no,no,yes,False
102594016,METROPOLITAN NASHVILLE POLICE DEPT,20190887830,Davidson,Nashville,12/11/2019 1:10:00 AM,1,0,0,36.043050,-86.691170,BELL RD,,,,705.00,Feet,East,BROOK VIEW ESTATES DR,,,,0.00,N,Not at Intersection,N,Non-Junction,None,,,         ,Henry,Perez,Clear,Not Collision with Motor Vehicle in Transport,no,no,no,no,no,False
102594027,METROPOLITAN NASHVILLE POLICE DEPT,20190887917,Davidson,Nashville,12/11/2019 2:18:00 AM,1,0,0,36.206050,-86.768550,DICKERSON PKE,,,,62.00,Feet,North,E TRINITY LN,,,,0.00,N,Not at Intersection,N,Non-Junction,None,,,         ,Carey,Steel,Clear,Not Collision with Motor Vehicle in Transport,no,no,no,no,yes,False
102594031,METROPOLITAN NASHVILLE POLICE DEPT,20190888026,Davidson,Not in City Limit,12/11/2019 3:36:00 AM,2,0,0,36.339060,-86.871220,WHITES CREEK PKE,,,,979.00,Feet,North,MORGAN RD,,,,0.00,N,Not at Intersection,N,Non-Junction,None,,,         ,John,Deiterick,Clear,"Sideswipe, Opposite Direction",no,no,no,no,yes,False
102594062,METROPOLITAN NASHVILLE POLICE DEPT,20190888207,Davidson,Nashville,12/11/2019 5:35:00 AM,2,0,0,36.166200,-86.765880,SHELBY AV,,,,0.00,,,I24 E ENT RAMP,,,,0.00,Y,Four-Way,N,Intersection,None,,,         ,Damon,Hutcheson,Clear,HeadOn,no,no,no,no,no,False
102594069,METROPOLITAN NASHVILLE POLICE DEPT,20190888213,Davidson,Nashville,12/11/2019 4:45:00 AM,1,1,0,36.218690,-86.810670,RINGGOLD DR,,,,388.00,Feet,West,WORK DR,,,,0.00,N,Not at Intersection,N,Non-Junction,None,,,         ,Abigail,Malone,Clear,Not Collision with Motor Vehicle in Transport,no,no,no,no,no,False
102594070,METROPOLITAN NASHVILLE POLICE DEPT,2019-0888304,Davidson,Goodlettsville,12/11/2019 6:50:00 AM,2,0,0,36.283320,-86.747350,DICKERSON PKES,,,,112.00,Feet,North,DICKERSON PKE,,,,0.00,N,Not at Intersection, ,Non-Junction,None,,,         ,Travis,Baxter,Clear,"Sideswipe, Same Direction",no,no,no,no,no,False
102594079,METROPOLITAN NASHVILLE POLICE DEPT,20190888300,Davidson,Not in City Limit,12/11/2019 7:00:00 AM,2,0,0,36.019260,-86.626200,I 24,,,,0.00,,,,,,,62.10,N,Not at Intersection,N,Non-Junction,None,,,         ,Keith,Parlato,Clear,"Sideswipe, Same Direction",no,no,no,no,no,False
102594092,METROPOLITAN NASHVILLE POLICE DEPT,20190888297,Davidson,Nashville,12/11/2019 6:40:00 AM,2,0,0,36.255010,-86.715240,MADISON SQ,,,,3.00,Feet,West,GALLATIN PKES,,,,0.00,N,Not at Intersection, ,Non-Junction,None,,,         ,Ryan,Russell,Clear,Front to Rear,no,no,no,no,no,False
102594095,METROPOLITAN NASHVILLE POLICE DEPT,20190888286,Davidson,Nashville,12/11/2019 6:49:00 AM,2,0,0,36.110130,-86.720410,BRILEY PKWYS,,,,55.00,Feet,East,I24 W EXT RAMP,,,,0.00,N,Not at Intersection, ,Non-Junction,None,,,         ,Charles,Wakefield,Clear,Front to Rear,no,no,no,no,no,False
102594104,METROPOLITAN NASHVILLE POLICE DEPT,20190888360,Davidson,Nashville,12/11/2019 7:16:00 AM,2,0,0,36.197890,-86.839300,NORTH GATE SHOPPING CTR PVTDR,,,,0.00,,,ASHLAND CITY HWY,,,,0.00,Y,T-Intersection,N,Intersection,None,,,         ,William,Coy,Clear,Angle,no,no,no,no,no,False
102594111,METROPOLITAN NASHVILLE POLICE DEPT,20190888455,Davidson,Antioch,12/11/2019 8:10:00 AM,2,0,0,36.012930,-86.620860,I24 E EXT RAMP,,,,0.00,,,I 24,,,,0.00,Y,T-Intersection, ,,None,,,         ,Steven,Williams,,,no,no,no,no,no,False
102594112,METROPOLITAN NASHVILLE POLICE DEPT,20190888317,Davidson,Nashville,12/11/2019 6:57:00 AM,1,0,0,36.037660,-86.647300,I24 W EXT RAMP,,,,0.00,Feet,East,I 24,,,,0.00,N,Not at Intersection, ,Non-Junction,None,,,         ,James,Thomas,Clear,Not Collision with Motor Vehicle in Transport,no,no,no,no,no,False
102594116,METROPOLITAN NASHVILLE POLICE DEPT,20190888289,Davidson,Nashville,12/11/2019 6:53:00 AM,2,0,0,36.149810,-86.772400,I 40,,,,0.00,,,,,,,210.30,N,Not at Intersection,N,Non-Junction,None,,,         ,Devin,Mabry,Clear,"Sideswipe, Same Direction",no,no,no,no,no,False
102594118,METROPOLITAN NASHVILLE POLICE DEPT,20190888421,Davidson,Nashville,12/11/2019 7:22:00 AM,2,0,0,36.160570,-86.760530,I 24,,,,0.00,,,,,,,49.45,N,Not at Intersection, ,,None,,,         ,William,Cleveland,,,no,no,no,no,no,False
102594119,METROPOLITAN NASHVILLE POLICE DEPT,20190888410,Davidson,Nashville,12/11/2019 7:46:00 AM,2,0,0,36.124290,-86.696340,BRILEY PKWY,,,,0.00,,,VULTEE BLVD,,,,0.00,Y,Four-Way, ,Intersection-Related,None,,,         ,Tien,Nguyen,Clear,Front to Rear,no,no,no,no,no,False
102594136,METROPOLITAN NASHVILLE POLICE DEPT,20190888474,Davidson,Nashville,12/11/2019 8:19:00 AM,2,0,0,36.032170,-86.712750,NOLENSVILLE PKE,,,,421.00,Feet,North,KINHAWK DR,,,,0.00,N,Not at Intersection, ,Non-Junction,None,,,         ,Jessie,Meadows,Clear,Front to Rear,no,no,no,no,no,False
102594140,METROPOLITAN NASHVILLE POLICE DEPT,20190888425,Davidson,Nashville,12/11/2019 7:49:00 AM,2,0,0,36.153100,-86.622960,BELL RD,,,,206.00,Feet,West,BELL RD PVTDR,,,,0.00,N,Not at Intersection,N,Non-Junction,None,,,         ,Tien,Nguyen,Clear,Front to Rear,no,no,no,no,yes,False
102594141,METROPOLITAN NASHVILLE POLICE DEPT,20190888481,Davidson,Nashville,12/11/2019 8:22:00 AM,2,0,0,36.161240,-86.701790,LEBANON PKE,,,,0.00,,,LYNMEADE DR,,,,0.00,Y,T-Intersection, ,Intersection-Related,None,,,         ,Tien,Nguyen,Clear,Front to Rear,no,no,no,no,no,False
102594146,METROPOLITAN NASHVILLE POLICE DEPT,20190888502,Davidson,Nashville,12/11/2019 8:26:00 AM,2,1,0,36.039710,-86.758950,OLD HICKORY BLVD,,,,100.00,Feet,East,BRENTWOOD CHASE DR,,,,0.00,N,Not at Intersection, ,Non-Junction,None,,,         ,Earl,Davis,Clear,Front to Rear,no,no,no,no,no,False
102594153,METROPOLITAN NASHVILLE POLICE DEPT,20190888514,Davidson,Nashville,12/11/2019 8:38:00 AM,1,0,0,36.180140,-86.795250,7TH AVN,,,,0.00,,,,,,,0.00,,, ,Non-Junction,None,,,         ,Jean,McCormack,Clear,Not Collision with Motor Vehicle in Transport,no,no,no,no,no,False
102594155,METROPOLITAN NASHVILLE POLICE DEPT,20190888510,Davidson,Nashville,12/11/2019 8:05:00 AM,2,0,0,36.169120,-86.768610,RUSSELL ST,,,,245.00,Feet,West,INTERSTATE DR,,,,0.00,N,Not at Intersection, ,,None,,,         ,Floyd,Brown,,,no,no,no,no,no,False
102594163,METROPOLITAN NASHVILLE POLICE DEPT,20190888531,Davidson,Madison,12/11/2019 8:47:00 AM,2,0,0,36.264230,-86.735130,STATE HWY 45,,,,0.00,,,BOYDS HILLTOP DR,,,,0.00,Y,T-Intersection,N,Intersection-Related,None,,,         ,Brian,Sherman,Clear,Front to Rear,no,no,no,no,yes,False
102594167,METROPOLITAN NASHVILLE POLICE DEPT,20190888566,Davidson,Nashville,12/11/2019 9:04:00 AM,3,0,0,36.112380,-86.800110,BELMONT BLVD,,,,181.00,Feet,North,CLAIRMONT PL,,,,0.00,N,Not at Intersection, ,Non-Junction,None,,,         ,Michael,Suagua,Clear,Front to Rear,no,no,no,no,no,False
102594170,METROPOLITAN NASHVILLE POLICE DEPT,20190888487,Davidson,Nashville,12/10/2019 2:00:00 PM,2,0,0,36.079490,-86.644600,MURFREESBORO PKE,,,,0.00,,,EDGE O LAKE DR,,,,0.00,Y,OTHER, ,OtherLocation,None,,,         ,Charles,Coe,Cloudy,"Sideswipe, Same Direction",no,no,no,yes,no,False
102594174,METROPOLITAN NASHVILLE POLICE DEPT,2019-0888547,Davidson,Nashville,12/11/2019 8:25:00 AM,2,0,0,36.080370,-86.685700,ANTIOCH PKE,,,,0.00,,,FRANKLIN LIMESTONE RD,,,,0.00,Y,Four-Way, ,Intersection,None,,,         ,Stanley,Collins,Clear,"Sideswipe, Same Direction",no,no,no,no,no,False
102594176,METROPOLITAN NASHVILLE POLICE DEPT,20190888583,Davidson,Nashville,12/11/2019 9:05:00 AM,2,2,0,36.117600,-86.887360,DAVIDSON RD,,,,0.00,,,BROOK HOLLOW RD,,,,0.00,Y,Four-Way,N,Intersection,None,,,         ,Curtis,Rich,Clear,Angle,no,no,no,no,no,False
102594177,BELLE MEADE POLICE DEPT,19-0362,Davidson,Nashville,12/11/2019 7:45:00 AM,2,0,0,36.103760,-86.845080,GLEN EDEN DR,,,,0.00,,,LYNNWOOD BLVD,,,,0.00,Y,Four-Way,N,Intersection-Related,None,,,         ,Keith,Samol,Clear,Angle,no,no,no,no,no,False
102594179,METROPOLITAN NASHVILLE POLICE DEPT,20190888691,Davidson,Nashville,12/11/2019 10:00:00 AM,2,0,0,36.140790,-86.727350,I 40,,,,0.00,,,,,,,213.30,N,Not at Intersection, ,Non-Junction,None,,,         ,Tien,Nguyen,Clear,Front to Rear,no,no,no,no,no,False
102594185,METROPOLITAN NASHVILLE POLICE DEPT,20190888630,Davidson,Nashville,12/11/2019 9:32:00 AM,2,0,0,36.169010,-86.606650,I40 E EXT RAMP,,,,0.00,,,I 40,,,,0.00,Y,Four-Way, ,Intersection-Related,None,,,         ,Tien,Nguyen,Clear,Front to Rear,no,no,no,no,no,False
102594197,METROPOLITAN NASHVILLE POLICE DEPT,20190888249,Davidson,Nashville,12/11/2019 6:26:00 AM,3,2,0,36.165910,-86.613090,I 40,,,,0.00,,,,,,,220.15,N,Not at Intersection,N,Entrance/Exit Ramp Related,None,,,         ,Tien,Nguyen,Clear,Front to Rear,no,no,no,no,no,False
102594198,METROPOLITAN NASHVILLE POLICE DEPT,20190888505,Davidson,Nashville,12/11/2019 8:20:00 AM,2,0,0,36.151970,-86.803360,ELLISTON PL,,,,146.00,Feet,East,22ND AVN,,,,0.00,N,Not at Intersection, ,Non-Junction,None,,,         ,Natalia,Johnson,Clear,Angle,no,no,no,no,no,Campus
102594202,METROPOLITAN NASHVILLE POLICE DEPT,20190888617,Davidson,Nashville,12/11/2019 9:20:00 AM,2,1,0,36.116010,-86.782200,I 440,,,,0.00,,,,,,,4.40,N,Not at Intersection, ,Entrance/Exit Ramp Related,Construction Zone,,,         ,Devin,Mabry,Clear,Front to Rear,no,no,no,no,no,False
102594207,METROPOLITAN NASHVILLE POLICE DEPT,20190888687,Davidson,Nashville,12/11/2019 10:00:00 AM,2,0,0,36.160760,-86.793690,CHARLOTTE AV,,,,0.00,,,14TH AVN,,,,0.00,Y,Four-Way,N,Intersection-Related,None,,,         ,Zaire,Murray,Clear,"Sideswipe, Same Direction",no,no,no,no,yes,False
102594215,METROPOLITAN NASHVILLE POLICE DEPT,20190888622,Davidson,Nashville,12/11/2019 9:28:00 AM,2,0,0,36.116030,-86.782820,I 440,,,,0.00,,,,,,,4.40,N,Not at Intersection, ,Non-Junction,Construction Zone,,,         ,Michael,Suagua,Clear,Front to Rear,no,no,no,no,no,False
102594225,METROPOLITAN NASHVILLE POLICE DEPT,20190888609,Davidson,Nashville,12/11/2019 9:25:00 AM,2,0,0,36.126440,-86.727820,I 24,,,,0.00,,,,,,,51.40,N,Not at Intersection,N,Non-Junction,None,,,         ,Jessie,Meadows,Clear,Front to Rear,no,no,no,no,no,False
102594261,METROPOLITAN NASHVILLE POLICE DEPT,20190888632,Davidson,Nashville,12/11/2019 8:02:00 AM,2,0,0,36.127780,-86.785560,BRADFORD AV,,,,177.00,Feet,East,10TH AVS,,,,0.00,N,Not at Intersection,N,Non-Junction,None,,,         ,Natalia,Johnson,Clear,"Sideswipe, Same Direction",no,no,no,no,yes,False
102594263,METROPOLITAN NASHVILLE POLICE DEPT,20190888810,Davidson,Nashville,12/11/2019 11:00:00 AM,1,0,0,36.055700,-86.901110,OLD HICKORY BLVD,,,,965.00,Feet,West,GAUCHO ROAD PVTDR,,,,0.00,N,Not at Intersection, ,Non-Junction,None,,,         ,Curtis,Rich,Clear,Not Collision with Motor Vehicle in Transport,no,no,no,no,no,False
102594280,METROPOLITAN NASHVILLE POLICE DEPT,20190888805,Davidson,Nashville,12/11/2019 10:53:00 AM,1,1,0,36.166430,-86.597070,HERMITAGE PARK DR,,,,446.00,Feet,East,OLD HICKORY BLVD,,,,0.00,N,Not at Intersection,N,Non-Junction,None,,,         ,Tien,Nguyen,Clear,Not Collision with Motor Vehicle in Transport,no,no,no,no,no,False
102594282,VANDERBILT UNIVERSITY POLICE,20190888604,Davidson,Nashville,12/11/2019 8:45:00 AM,2,0,0,36.144980,-86.809800,KENSINGTON PL,,,,0.00,,,NATCHEZ TRC,,,,0.00,Y,T-Intersection, ,,Construction Zone,,,         ,Laresa,Gore,,,no,no,no,no,no,Campus
102594299,METROPOLITAN NASHVILLE POLICE DEPT,20190888768,Davidson,Antioch,12/11/2019 10:45:00 AM,1,0,0,36.039230,-86.586130,LAVERGNE COUCHVILLE PKE,,,,339.00,Feet,North,LAURENWOOD DR,,,,0.00,N,Not at Intersection,N,Non-Junction,None,,,         ,Jessie,Meadows,Clear,Not Collision with Motor Vehicle in Transport,no,no,no,no,no,False
102594325,METROPOLITAN NASHVILLE POLICE DEPT,20190888887,Davidson,Nashville,12/11/2019 11:39:00 AM,2,0,0,36.130290,-86.899940,CHARLOTTE PKE,,,,0.00,,,I40 W EXT RAMP,,,,0.00,Y,T-Intersection, ,Entrance/Exit Ramp Related,None,,,         ,Curtis,Rich,Clear,Front to Rear,no,no,no,no,no,False
102594328,METROPOLITAN NASHVILLE POLICE DEPT,20190888855,Davidson,Nashville,12/11/2019 11:40:00 AM,2,0,0,36.254060,-86.716140,GALLATIN PKES,,,,362.00,Feet,North,MADISON SQ,,,,0.00,N,Not at Intersection,N,Non-Junction,None,,,         ,Brian,Otto,Clear,Front to Rear,no,no,no,no,no,False
102594331,METROPOLITAN NASHVILLE POLICE DEPT,2019-0888814,Davidson,Nashville,12/11/2019 10:00:00 AM,2,0,0,36.142780,-86.800020,21ST AVS,,,,0.00,,,MEDICAL CENTER DR,,,,0.00,Y,T-Intersection, ,Intersection-Related,None,,,         ,Po,Cheng,Clear,Angle,no,no,no,no,no,Campus
102594333,METROPOLITAN NASHVILLE POLICE DEPT,20190888711,Davidson,Nashville,12/11/2019 10:02:00 AM,4,0,0,36.039350,-86.781990,OLD HICKORY BLVD,,,,79.00,Feet,West,I65 N EXT RAMP,,,,0.00,N,Not at Intersection,N,Non-Junction,None,,,         ,Gary,Sneed,Clear,Front to Rear,no,no,no,no,no,False
102594356,METROPOLITAN NASHVILLE POLICE DEPT,20190888301,Davidson,Nashville,12/11/2019 6:45:00 AM,2,0,0,36.242330,-86.757110,US HWY 31W,,,,59.00,Feet,West,DOVERSIDE DR,,,,0.00,N,Not at Intersection,N,Non-Junction,None,,,         ,Jacob,Robbins,Clear,Front to Rear,no,no,no,no,yes,False
102594358,METROPOLITAN NASHVILLE POLICE DEPT,20190888606,Davidson,Nashville,12/11/2019 8:51:00 AM,2,0,0,36.125670,-86.709790,BOWWOOD CT,,,,0.00,,,MURFREESBORO PKE,,,,0.00,Y,T-Intersection, ,Non-Junction,None,,,         ,Thomas,Odom,Clear,Angle,no,no,no,no,no,False
102594363,METROPOLITAN NASHVILLE POLICE DEPT,20190888822,Davidson,Not in City Limit,12/11/2019 11:19:00 AM,2,2,0,36.000160,-86.689310,AMBONNAY DR,,,,190.00,Feet,South,DOLCETTO GROVE,,,,0.00,N,Not at Intersection,Y,OtherLocation,None,,,         ,Joseph,Simon,Clear,HeadOn,no,no,no,yes,yes,False
102594384,METROPOLITAN NASHVILLE POLICE DEPT,20190888857,Davidson,Nashville,12/11/2019 11:51:00 AM,2,0,0,36.152820,-86.683410,ELM HILL PKE,,,,0.00,,,MCGAVOCK PKE,,,,0.00,Y,Four-Way, ,Non-Junction,None,,,         ,Joshua,Hausman,Clear,Front to Rear,no,no,no,no,no,False
102594394,METROPOLITAN NASHVILLE POLICE DEPT,20190888914,Davidson,Nashville,12/11/2019 12:05:00 PM,2,0,0,36.178920,-86.773610,I 24,,,,0.00,,,,,,,47.75,N,Not at Intersection,N,Entrance/Exit Ramp Related,None,,,         ,Russell,Freeman,Clear,"Sideswipe, Same Direction",no,no,no,no,yes,False
102594402,Nashville Airport Police,19-05159,Davidson,Nashville,12/10/2019 12:00:00 AM,2,0,0,36.106210,-86.673060,MURFREESBORO PKE,,,,0.00,,,DONELSON PKE,,,,0.00,Y,OTHER,N,Unknown,None,,,         ,Davonte,Heard,Snow,Front to Rear,no,no,no,no,no,False
102594434,METROPOLITAN NASHVILLE POLICE DEPT,20190889044,Davidson,Nashville,12/11/2019 1:26:00 PM,2,0,0,36.192320,-86.616300,OLD HICKORY BLVD,,,,0.00,,,JUAREZ DR,,,,0.00,Y,Four-Way, ,Non-Junction,None,,,         ,Thomas,Odom,Clear,Front to Rear,no,no,no,no,no,False
102594479,METROPOLITAN NASHVILLE POLICE DEPT,2019-0889081,Davidson,Madison,12/11/2019 1:30:00 PM,4,0,0,36.257210,-86.713990,GALLATIN PKES,,,,20.00,Feet,South,HARRINGTON AV,,,,0.00,N,Not at Intersection, ,Non-Junction,None,,,         ,Travis,Baxter,Clear,Front to Rear,no,no,no,no,no,False
102594495,METROPOLITAN NASHVILLE POLICE DEPT,20190889125,Davidson,Nashville,12/11/2019 1:50:00 PM,2,0,0,36.195070,-86.775570,I 65,,,,0.00,,,,,,,86.50,N,Not at Intersection,N,Non-Junction,None,,,         ,Russell,Freeman,Clear,"Sideswipe, Same Direction",no,no,no,no,yes,False
102594496,METROPOLITAN NASHVILLE POLICE DEPT,20190889082,Davidson,Nashville,12/11/2019 1:28:00 PM,2,1,0,36.037590,-86.792620,OLD HICKORY BLVD,,,,213.00,Feet,East,HILLVIEW DR,,,,0.00,N,Not at Intersection,N,Non-Junction,None,,,         ,Gary,Sneed,Clear,Front to Rear,no,no,no,no,no,False
102594497,GOODLETTSVILLE POLICE DEPT,19-46237,Davidson,Goodlettsville,12/11/2019 1:21:00 PM,2,0,0,36.314750,-86.699030,CONFERENCE DR,,,,45.00,Feet,North,WINDSOR GREEN BLVD,,,,0.00,N,Not at Intersection, ,Non-Junction,None,,,         ,George,Forbes,Clear,"Sideswipe, Same Direction",no,no,no,no,no,False
102594499,METROPOLITAN NASHVILLE POLICE DEPT,20190888894,Davidson,Nashville,12/11/2019 11:55:00 AM,2,1,0,36.143500,-86.793110,16TH AVS,,,,51.00,Feet,North,EDGEHILL AV,,,,0.00,N,Not at Intersection,N,Non-Junction,None,,,         ,Natalia,Johnson,Clear,Front to Rear,no,no,no,no,no,False
102594500,METROPOLITAN NASHVILLE POLICE DEPT,20190889054,Davidson,Nashville,12/11/2019 1:08:00 PM,2,0,0,36.085790,-86.701590,I24 E EXT RAMP,,,,0.00,,,I 24,,,,0.00,Y,T-Intersection, ,,None,,,         ,Steven,Williams,,,no,no,no,no,no,False
102594501,METROPOLITAN NASHVILLE POLICE DEPT,20190889061,Davidson,Nashville,12/11/2019 1:01:00 PM,2,0,0,36.232560,-86.768890,I 65,,,,0.00,,,,,,,89.20,N,Not at Intersection,N,Non-Junction,None,,,         ,Nathan,Mayo,Clear,"Sideswipe, Same Direction",no,no,no,no,yes,False
102594502,METROPOLITAN NASHVILLE POLICE DEPT,20190888501,Davidson,Nashville,12/11/2019 8:09:00 AM,2,0,0,36.128430,-86.742030,LYLE LN,,,,0.00,,,FOSTER AV,,,,0.00,Y,T-Intersection, ,Non-Junction,None,,,         ,Garrett,Latham,Clear,Front to Rear,no,no,no,no,no,False
102594506,METROPOLITAN NASHVILLE POLICE DEPT,20190889040,Davidson,Nashville,12/11/2019 1:10:00 PM,2,0,0,36.133300,-86.726890,I24E,,,,71.00,Feet,East,I24 W EXT RAMP,,,,0.00,N,Not at Intersection,Y,Entrance/Exit Ramp Related,None,,,         ,Garrett,Latham,Clear,Front to Rear,no,no,no,no,no,False
102594522,METROPOLITAN NASHVILLE POLICE DEPT,20190887098,Davidson,Nashville,12/10/2019 6:50:00 PM,2,0,0,36.151800,-86.771250,4TH AVS,,,,0.00,,,LAFAYETTE ST,,,,0.00,Y,Four-Way,N,Intersection,None,,,         ,Michael,Douglas,Clear,Angle,no,no,no,no,no,False
102594531,METROPOLITAN NASHVILLE POLICE DEPT,20190888532,Davidson,Nashville,12/11/2019 8:49:00 AM,2,0,0,36.228130,-86.846270,STATE HWY 155,,,,1088.00,Feet,East,DRAKES BRANCH RD,,,,0.00,N,Not at Intersection, ,Non-Junction,None,,,         ,Jamel,Griffin,Clear,Front to Rear,no,no,no,no,no,False
102594541,METROPOLITAN NASHVILLE POLICE DEPT,20190889140,Davidson,Nashville,12/11/2019 2:05:00 PM,2,0,0,36.152340,-86.771580,4TH AVS,,,,0.00,,,ASH ST,,,,0.00,Y,Four-Way, ,Intersection,None,,,         ,Michael,Douglas,Clear,Angle,no,no,no,no,no,False
102594560,METROPOLITAN NASHVILLE POLICE DEPT,20190889165,Davidson,Nashville,12/11/2019 2:11:00 PM,1,0,0,36.116000,-86.741210,JOYNER AVE,,,,0.00,,,,,,,0.00,,, ,Non-Junction,None,,,         ,FELIKS,ABRAHAMYAN,Clear,Not Collision with Motor Vehicle in Transport,no,no,no,yes,no,False
102594567,METROPOLITAN NASHVILLE POLICE DEPT,20190889183,Davidson,Nashville,12/11/2019 2:28:00 PM,2,0,0,36.186200,-86.737170,CHAPEL AV,,,,103.00,Feet,South,BENJAMIN ST,,,,0.00,N,Not at Intersection,N,Non-Junction,None,,,         ,Michael,Agee,Clear,Angle,no,no,no,no,no,False
102594569,THP District 6 - Cookeville,619050318,Davidson,Nashville,12/11/2019 7:20:00 AM,2,1,0,36.169440,-86.580810,I 40,,,,0.00,,,,,,,221.95,N,Not at Intersection,N,Non-Junction,None,,,         ,R.C.,Christian,Clear,Front to Rear,no,no,no,no,no,False
102594595,METROPOLITAN NASHVILLE POLICE DEPT,20190888852,Davidson,Nashville,12/11/2019 8:57:00 AM,2,0,0,36.156450,-86.806600,CHARLOTTE AV,,,,49.00,Feet,West,21ST AVN,,,,0.00,N,Not at Intersection, ,Non-Junction,None,,,         ,Anthony,Cavis,Clear,"Sideswipe, Opposite Direction",no,no,no,no,no,False
102594596,BERRY HILL POLICE DEPT,19-5234,Davidson,Berry Hill,12/11/2019 12:00:00 AM,2,2,0,36.118760,-86.766000,BRANSFORD AV,,,,0.00,,,BERRYWOOD DR,,,,0.00,Y,T-Intersection,Y,Intersection,None,,,         ,John,Gleixner,Clear,Angle,no,no,no,no,no,False
102594597,TENNESSEE STATE UNIVERSITY ,19-TSU-54695,Davidson,Nashville,12/11/2019 12:45:00 PM,1,0,0,36.168020,-86.832590,TIGERBELLE DR,,,,0.00,,,37TH AVN,,,,0.00,Y,OTHER, ,Non-Junction,None,,,         ,Harold,Taylor,Clear,Not Collision with Motor Vehicle in Transport,no,no,no,yes,no,False
102594606,METROPOLITAN NASHVILLE POLICE DEPT,20190889262,Davidson,Nashville,12/11/2019 3:01:00 PM,1,1,0,36.146970,-86.693090,BRILEY PKWYN,,,,0.00,,,,,,,0.00,,,N,Non-Junction,None,,,         ,Samuel,Sundra,Clear,Not Collision with Motor Vehicle in Transport,yes,no,no,yes,yes,False