master_record_number,agency,agency_tracking_number,county,city,collision_date,vehicles_involved,number_injured,number_dead,latitude,longitude,roadway_name,roadway_suffix,roadway_number,roadway_local_id,distance_from_reference,miles-feet_indicator,direction_from_reference,intersection_road_name,intersection_road_name_suffix,intersection_road_number,intersection_local_id,mile_marker,intersection_indicator,intersect_type,interchange_related_indicator,relation_to_junction,work_zone_type,construction_maintenance_zone,construction_maintenance_zone_location,fatal_case_number,officer_first_name,officer_last_name,weather_condition(s),manner_of_crash,pedestrian,bicycle,scooter,parking,hitrun,mou
102594607,METROPOLITAN NASHVILLE POLICE DEPT,2019-0889075,Davidson,Nashville,12/11/2019 1:05:00 PM,2,0,0,36.151040,-86.791740,MUSIC SQE,,,,118.00,Feet,North,MUSIC CIRN,,,,0.00,N,Not at Intersection, ,Non-Junction,None,,,         ,Po,Cheng,Clear,Angle,no,no,no,no,no,False
102594615,METROPOLITAN NASHVILLE POLICE DEPT,20190889278,Davidson,Nashville,12/11/2019 3:00:00 PM,2,0,0,36.161570,-86.782300,7TH AVN,,,,223.00,Feet,South,CHURCH ST,,,,0.00,N,Not at Intersection, ,Non-Junction,None,,,         ,Ricardo,Cruz,Clear,"Sideswipe, Same Direction",no,no,no,no,no,False
102594627,METROPOLITAN NASHVILLE POLICE DEPT,20190889328,Davidson,Nashville,12/11/2019 2:30:00 PM,2,0,0,36.130190,-86.727270,I24E,,,,65.00,Feet,North,I440 W ENT RAMP,,,,0.00,N,Not at Intersection,N,Non-Junction,None,,,         ,Ciarra,Rench,Clear,Front to Rear,no,no,no,no,yes,False
102594628,METROPOLITAN NASHVILLE POLICE DEPT,20190889381,Davidson,Nashville,12/11/2019 3:40:00 PM,2,0,0,36.201390,-86.821860,BUENA VISTA PKE,,,,573.00,Feet,West,EAST LN,,,,0.00,N,Not at Intersection,N,Non-Junction,None,,,         ,Bryan,Musgrave,Clear,Front to Rear,no,no,no,no,no,False
102594635,METROPOLITAN NASHVILLE POLICE DEPT,20190889484,Davidson,Nashville,12/11/2019 4:47:00 PM,1,1,0,36.246680,-86.721170,GALLATIN PKES,,,,0.00,,,BERKLEY DR,,,,0.00,Y,T-Intersection,N,Intersection,None,,,         ,Christopher,Littles,Clear,Not Collision with Motor Vehicle in Transport,yes,no,no,no,yes,False
102594637,METROPOLITAN NASHVILLE POLICE DEPT,20190889227,Davidson,Nashville,12/11/2019 2:41:00 PM,3,1,0,36.162240,-86.793530,I 40,,,,0.00,,,,,,,208.65,N,Not at Intersection,N,Non-Junction,None,,,         ,David,Lang,Clear,Front to Rear,no,no,no,no,no,False
102594641,METROPOLITAN NASHVILLE POLICE DEPT,20190889454,Davidson,Nashville,12/11/2019 4:34:00 PM,2,0,0,36.135740,-86.724970,MURFREESBORO PKE,,,,29.00,Feet,East,SPENCE LN,,,,0.00,N,Not at Intersection, ,,None,,,         ,Thomas,Parsons,,,no,no,no,no,no,False
102594642,VANDERBILT UNIVERSITY POLICE,20190889266,Davidson,Nashville,12/11/2019 2:47:00 PM,2,0,0,36.138180,-86.803230,23RD AVS,,,,107.00,Feet,North,BLAKEMORE AV,,,,0.00,N,Not at Intersection, ,Non-Junction,None,,,         ,Mark,Clear,Clear,Rear to Rear,no,no,no,yes,no,Campus
102594643,METROPOLITAN NASHVILLE POLICE DEPT,20190889437,Davidson,Nashville,12/11/2019 4:25:00 PM,2,0,0,36.136430,-86.775550,I65 N ENT RAMP,,,,0.00,,,I 65,,,,0.00,Y,OTHER, ,Entrance/Exit Ramp Related,None,,,         ,Douglas,Sykes,Clear,"Sideswipe, Same Direction",no,no,no,no,no,False
102594665,METROPOLITAN NASHVILLE POLICE DEPT,20190889377,Davidson,Nashville,12/11/2019 3:55:00 PM,3,1,0,36.075120,-86.730150,EDMONDSON PIKE,,,,750.00,Feet,South,MILNER CT,,,,0.00,N,Not at Intersection,N,Non-Junction,None,,,         ,FELIKS,ABRAHAMYAN,Clear,Front to Rear,no,no,no,no,no,False
102594666,METROPOLITAN NASHVILLE POLICE DEPT,20190889480,Davidson,Nashville,12/11/2019 4:08:00 PM,2,0,0,36.040830,-86.779720,STATE HWY 254,,,,106.00,Feet,West,FRANKLIN PIKE CIR,,,,0.00,N,Not at Intersection, ,Non-Junction,None,,,         ,Jarrett,Ipox,Clear,Front to Rear,no,no,no,no,no,False
102594669,BERRY HILL POLICE DEPT,19-5239,Davidson,Berry Hill,12/11/2019 12:00:00 AM,2,0,0,36.119910,-86.765830,MELROSE AV,,,,0.00,,,BRANSFORD AV,,,,0.00,Y,T-Intersection, ,,None,,,         ,John,Gleixner,,,no,no,no,no,no,False
102594670,METROPOLITAN NASHVILLE POLICE DEPT,20190889508,Davidson,Nashville,12/11/2019 4:58:00 PM,2,1,0,36.167420,-86.662530,LEBANON PKE,,,,107.00,Feet,West,EDDINGS LN,,,,0.00,N,Not at Intersection,N,Non-Junction,None,,,         ,Steven,Powers,Clear,Front to Rear,no,no,no,no,yes,False
102594673,METROPOLITAN NASHVILLE POLICE DEPT,20190889232,Davidson,Nashville,12/11/2019 2:40:00 PM,2,0,0,36.218730,-86.748370,HART LN,,,,0.00,,,ELLINGTON PKWY S EXT RAMP,,,,0.00,Y,Four-Way,Y,Intersection-Related,None,,,         ,Randall,Smith,Clear,Angle,no,no,no,no,yes,False
102594675,METROPOLITAN NASHVILLE POLICE DEPT,20190889535,Davidson,Nashville,12/11/2019 4:41:00 PM,2,0,0,36.218510,-86.837030,CLARKSVILLE PKE,,,,3.00,Feet,North,KINGS LN,,,,0.00,N,Not at Intersection, ,Non-Junction,None,,,         ,Bryan,Musgrave,Clear,Angle,no,no,no,no,no,False
102594685,METROPOLITAN NASHVILLE POLICE DEPT,20190889546,Davidson,Nashville,12/11/2019 5:21:00 PM,2,0,0,36.189610,-86.791510,I 65,,,,0.00,,,,,,,85.65,N,Not at Intersection, ,,None,,,         ,Jordan,Vrbas,,,no,no,no,no,no,False
102594686,METROPOLITAN NASHVILLE POLICE DEPT,20190889526,Davidson,Nashville,12/11/2019 5:08:00 PM,2,1,0,36.176040,-86.780230,JEFFERSON ST,,,,570.00,Feet,West,OLDHAM ST PVTDR,,,,0.00,N,Not at Intersection, ,Non-Junction,None,,,         ,Roy,Sain Jr.,Clear,Front to Rear,no,no,no,no,no,False
102594687,Metro Park Police,20190889336,Davidson,Nashville,12/11/2019 3:35:00 PM,1,0,0,36.172990,-86.734670,FATHERLAND ST,,,,0.00,Feet,East,RUSSELL ST,,,,0.00,N,Not at Intersection,N,Non-Junction,None,,,         ,Brian,Thompson,Clear,Not Collision with Motor Vehicle in Transport,no,no,no,no,no,False
102594691,METROPOLITAN NASHVILLE POLICE DEPT,20190889540,Davidson,Nashville,12/11/2019 5:13:00 PM,2,1,0,36.119260,-86.754740,MELROSE AVE,,,,0.00,,,WINFORD AVE,,,,0.00,Y,Four-Way,N,Intersection,None,,,         ,FELIKS,ABRAHAMYAN,Clear,Angle,no,no,no,no,no,False
102594697,METROPOLITAN NASHVILLE POLICE DEPT,20190889568,Davidson,Nashville,12/11/2019 5:35:00 PM,2,2,0,36.135500,-86.786120,WEDGEWOOD AV,,,,81.00,Feet,West,WAVERLY AV,,,,0.00,N,Not at Intersection,N,Non-Junction,None,,,         ,Douglas,Sykes,Clear,"Sideswipe, Opposite Direction",no,no,no,no,no,False
102594701,METROPOLITAN NASHVILLE POLICE DEPT,20190889446,Davidson,Nashville,12/11/2019 4:28:00 PM,2,0,0,36.083460,-86.761640,SIDCO DR,,,,52.00,Feet,North,CSX DR,,,,0.00,N,Not at Intersection,N,Non-Junction,None,,,         ,Randy,Puckett,Clear,Angle,no,no,no,no,no,False
102594702,METROPOLITAN NASHVILLE POLICE DEPT,20190889601,Davidson,Nashville,12/11/2019 5:31:00 PM,2,0,0,36.120530,-86.750020,MELROSE AV,,,,0.00,Feet,East,I440 E ENT RAMP,,,,0.00,N,Not at Intersection, ,Non-Junction,None,,,         ,Je-Marc,Sears,Clear,Front to Rear,no,no,no,no,yes,False
102594703,METROPOLITAN NASHVILLE POLICE DEPT,20190889610,Davidson,Nashville,12/11/2019 6:00:00 PM,2,0,0,36.154480,-86.779470,8TH AVS,,,,0.00,,,LAFAYETTE ST,,,,0.00,Y,Roundabout, ,Intersection,None,,,         ,Derek,Betty,Clear,Angle,no,no,no,no,no,False
102594706,METROPOLITAN NASHVILLE POLICE DEPT,20190889548,Davidson,Nashville,12/11/2019 5:20:00 PM,2,0,0,36.123480,-86.847480,ROYAL OAKS CONDOS PVTDR,,,,0.00,Feet,East,WOODMONT BLVD,,,,0.00,N,Not at Intersection, ,,None,,,         ,Melissa,Lomax,,,no,no,no,no,no,False
102594707,METROPOLITAN NASHVILLE POLICE DEPT,20190889407,Davidson,Nashville,12/11/2019 3:56:00 PM,2,0,0,36.156010,-86.788850,BROADWAY,,,,0.00,,,GEORGE L DAVIS BLVD,,,,0.00,Y,Four-Way, ,Non-Junction,None,,,         ,Michael,Douglas,Clear,"Sideswipe, Same Direction",no,no,no,no,no,False
102594710,METROPOLITAN NASHVILLE POLICE DEPT,20190889600,Davidson,Nashville,12/11/2019 5:15:00 PM,2,0,0,36.171300,-86.799190,12TH AVN,,,,11.00,Feet,South,JEFFERSON ST,,,,0.00,N,Not at Intersection, ,Non-Junction,None,,,         ,Melvin,Taylor,Clear,Angle,no,no,no,no,no,False
102594715,METROPOLITAN NASHVILLE POLICE DEPT,20190889530,Davidson,Antioch,12/11/2019 4:40:00 PM,2,0,0,36.013610,-86.621070,I24 E EXT RAMP,,,,0.00,,East,I 24,,,,0.00,N,Not at Intersection,N,Non-Junction,None,,,         ,Jesse,Cox,Clear,Other,no,no,no,no,yes,False
102594716,METROPOLITAN NASHVILLE POLICE DEPT,20190889593,Davidson,Nashville,12/11/2019 5:30:00 PM,2,0,0,36.194890,-86.687350,BRILEY PKWYN,,,,142.00,Feet,South,BRILEY PKWYS,,,,0.00,N,Not at Intersection, ,Non-Junction,None,,,         ,Keenan,McCann,Clear,Front to Rear,no,no,no,no,no,False
102594718,METROPOLITAN NASHVILLE POLICE DEPT,20190889607,Davidson,Nashville,12/11/2019 4:24:00 PM,3,0,0,36.139640,-86.727450,I24 W ENT RAMP,,,,0.00,Feet,East,I 40,,,,0.00,N,Not at Intersection, ,Entrance/Exit Ramp Related,None,,,         ,Steven,Powers,Clear,Front to Rear,no,no,no,no,yes,False
102594723,METROPOLITAN NASHVILLE POLICE DEPT,20190889621,Davidson,Nashville,12/11/2019 5:38:00 PM,2,0,0,36.135500,-86.726730,I 24,,,,0.00,,,,,,,52.20,N,Not at Intersection, ,Non-Junction,None,,,         ,Ryan,Sherry,Clear,Front to Rear,no,no,no,no,no,False
102594726,METROPOLITAN NASHVILLE POLICE DEPT,20190889436,Davidson,Nashville,12/11/2019 4:18:00 PM,2,2,0,36.185110,-86.863470,BRILEY PKWYN,,,,66.00,Feet,South,BRILEY PKWY N EXT RAMP,,,,0.00,N,Not at Intersection,N,Non-Junction,None,,,         ,Janelle,Keslar,Clear,Other,no,no,no,no,no,False
102594731,VANDERBILT UNIVERSITY POLICE,20190889629,Davidson,Nashville,12/11/2019 5:35:00 PM,2,0,0,36.147960,-86.799300,21ST AVS,,,,0.00,,,BROADWAY,,,,0.00,Y,Four-Way, ,Intersection,None,,,         ,Christopher,Dion,Clear,"Sideswipe, Same Direction",no,no,no,no,no,Campus
102594753,METROPOLITAN NASHVILLE POLICE DEPT,20190889617,Davidson,Nashville,12/11/2019 6:07:00 PM,2,1,0,36.220760,-86.693330,BRILEY PKWYN,,,,81.00,Feet,North,BRILEY PKWY N ENT RAMP,,,,0.00,N,Not at Intersection,N,Non-Junction,None,,,         ,Cressie,Prill,Clear,Front to Rear,no,no,no,no,no,False
102594755,METROPOLITAN NASHVILLE POLICE DEPT,20190889690,Davidson,Nashville,12/11/2019 6:28:00 PM,3,2,0,36.090930,-86.762780,I 65,,,,0.00,,,,,,,78.40,N,Not at Intersection,N,Non-Junction,None,,,         ,John,Chambers,Clear,Front to Rear,no,no,no,no,yes,False
102594756,METROPOLITAN NASHVILLE POLICE DEPT,20190889359,Davidson,Nashville,12/11/2019 3:38:00 PM,2,0,0,36.158410,-86.790610,CHURCH ST,,,,0.00,,,GEORGE L DAVIS BLVD,,,,0.00,Y,Four-Way,N,Intersection,None,,,         ,John,Roberson,Clear,"Sideswipe, Same Direction",no,no,no,no,yes,False
102594757,METROPOLITAN NASHVILLE POLICE DEPT,20190889547,Davidson,Nashville,12/11/2019 5:07:00 PM,2,0,0,36.133230,-86.801310,21ST AVS,,,,0.00,,,PORTLAND AV,,,,0.00,Y,Four-Way,N,Intersection,None,,,         ,John,Roberson,Clear,Angle,no,no,no,no,no,False
102594758,METROPOLITAN NASHVILLE POLICE DEPT,20190889642,Davidson,Nashville,12/11/2019 5:00:00 PM,2,0,0,36.173010,-86.792380,9TH AVN,,,,11.00,Feet,South,JEFFERSON ST,,,,0.00,N,Not at Intersection, ,,None,,,         ,Brandon,Simpkins,,,no,no,no,no,no,False
102594763,METROPOLITAN NASHVILLE POLICE DEPT,20190889728,Davidson,Nashville,12/11/2019 4:23:00 PM,2,0,0,36.140560,-86.666870,I40 E EXT RAMP,,,,0.00,,,I 40,,,,0.00,Y,OTHER, ,,None,,,         ,Terence,Mitchell,,,no,no,no,no,no,False
102594773,METROPOLITAN NASHVILLE POLICE DEPT,20190889527,Davidson,Antioch,12/11/2019 2:50:00 PM,2,0,0,36.063740,-86.615600,GRACEWOOD GROVE,,,,1.05,Miles,North,STONEFARM TRL,,,,0.00,N,Not at Intersection, ,"Driveway, Alley Access, etc",None,,,         ,Patrick,Martin,Clear,"Sideswipe, Same Direction",no,no,no,no,no,False
102594780,METROPOLITAN NASHVILLE POLICE DEPT,20190889556,Davidson,Nashville,12/11/2019 5:25:00 PM,2,0,0,36.209820,-86.871720,BRILEY PKWYS,,,,4.00,Feet,North,ASHLAND CITY HWY,,,,0.00,N,Not at Intersection,N,Entrance/Exit Ramp Related,None,,,         ,Janelle,Keslar,Clear,Front to Rear,no,no,no,no,no,False
102594781,METROPOLITAN NASHVILLE POLICE DEPT,20190889787,Davidson,Nashville,12/11/2019 7:31:00 PM,2,1,0,36.216670,-86.693100,MCGAVOCK PKE,,,,0.00,,,MCGAVOCK PKE EB EXT RAMP,,,,0.00,Y,Five Point Or More, ,Non-Junction,None,,,         ,Keenan,McCann,Clear,Front to Rear,no,no,no,no,no,False
102594792,METROPOLITAN NASHVILLE POLICE DEPT,20190889814,Davidson,Not in City Limit,12/11/2019 7:46:00 PM,2,0,0,36.035380,-86.968290,STATE HWY 100,,,,41.00,Feet,West,PASQUO RD,,,,0.00,N,Not at Intersection, ,,None,,,         ,Edward,Starke,,,no,no,no,no,no,False
102594794,METROPOLITAN NASHVILLE POLICE DEPT,20190889523,Davidson,Not in City Limit,12/11/2019 5:06:00 PM,2,1,0,36.027090,-87.012710,STATE HWY 100,,,,393.00,Feet,West,OLD HARDING LN,,,,0.00,N,Not at Intersection,N,Non-Junction,None,,,         ,Ty,Cummings,Clear,Angle,no,no,no,no,no,False
102594798,METROPOLITAN NASHVILLE POLICE DEPT,20190889864,Davidson,Nashville,12/11/2019 8:02:00 PM,2,0,0,36.196720,-86.744760,CAHAL AV,,,,280.00,Feet,West,TREVECCA AV,,,,0.00,N,Not at Intersection, ,Non-Junction,None,,,         ,Amanda,Fox,Clear,Rear to Rear,no,no,no,no,no,False
102594818,METROPOLITAN NASHVILLE POLICE DEPT,20190889757,Davidson,Not in City Limit,12/11/2019 7:21:00 PM,1,3,0,36.274190,-86.815460,OLD HICKORY BLVD,,,,597.00,Feet,East,LICKTON PKE,,,,0.00,N,Not at Intersection,N,Non-Junction,None,,,         ,Brian,Woodard,Cloudy,Not Collision with Motor Vehicle in Transport,no,no,no,no,no,False
102594823,METROPOLITAN NASHVILLE POLICE DEPT,20190889838,Davidson,Nashville,12/11/2019 5:34:00 PM,2,0,0,36.096030,-86.737970,ALLIED DR,,,,102.00,Feet,West,NOLENSVILLE PKE,,,,0.00,N,Not at Intersection,N,Non-Junction,None,,,         ,Douglas,Sykes,Clear,Angle,no,no,no,no,no,False
102594824,METROPOLITAN NASHVILLE POLICE DEPT,20190889529,Davidson,Nashville,12/11/2019 5:28:00 PM,2,0,0,36.091240,-86.651280,MURFREESBORO PKE,,,,0.00,,,BRITISH WOODS DR,,,,0.00,Y,Four-Way, ,Intersection-Related,None,,,         ,Sarah,Cartwright,Clear,HeadOn,no,no,no,no,no,False
102594866,METROPOLITAN NASHVILLE POLICE DEPT,20190889557,Davidson,Nashville,12/11/2019 5:23:00 PM,1,0,0,36.040390,-86.782160,I65 N EXT RAMP,,,,0.00,Feet,East,I 65,,,,0.00,N,Not at Intersection,N,Entrance/Exit Ramp Related,None,,,         ,Brandon,Hughes,Clear,Not Collision with Motor Vehicle in Transport,no,no,no,no,no,False
102594881,VANDERBILT UNIVERSITY POLICE,20190889808,Davidson,Nashville,12/11/2019 12:00:00 AM,1,1,0,36.139880,-86.801530,MEDICAL CENTER DR,,,,68.00,Feet,North,PIERCE AV,,,,0.00,N,Not at Intersection,N,Non-Junction,None,,,         ,Alan,Reed,Clear,Not Collision with Motor Vehicle in Transport,no,no,no,yes,no,Campus
102594883,METROPOLITAN NASHVILLE POLICE DEPT,20190889926,Davidson,Nashville,12/11/2019 8:49:00 PM,2,0,0,36.086640,-86.771960,FRANKLIN PKE,,,,24.00,Feet,North,HARDING PL,,,,0.00,N,Not at Intersection, ,Non-Junction,None,,,         ,John,Chambers,Clear,Front to Rear,no,no,no,no,no,False
102594884,METROPOLITAN NASHVILLE POLICE DEPT,20190889522,Davidson,Nashville,12/11/2019 5:05:00 PM,2,0,0,36.062350,-86.904540,HIGHWAY 100,,,,28.00,Feet,East,OLD HICKORY BLVD,,,,0.00,N,Not at Intersection,N,Non-Junction,None,,,         ,Mario,Diaz,Clear,Not Collision with Motor Vehicle in Transport,no,no,no,no,no,False
102594904,METROPOLITAN NASHVILLE POLICE DEPT,20190889997,Davidson,Nashville,12/11/2019 9:24:00 PM,1,1,0,36.157320,-86.760420,I40 W ENT RAMP,,,,0.00,,,I 24,,,,0.00,Y,Y-Intersection,N,Entrance/Exit Ramp Related,None,,,         ,Derek,Betty,Clear,Not Collision with Motor Vehicle in Transport,no,no,no,no,no,False
102594916,METROPOLITAN NASHVILLE POLICE DEPT,20190890041,Davidson,Not in City Limit,12/11/2019 9:46:00 PM,2,1,0,36.273760,-86.709720,PIERCE RD,,,,133.00,Feet,North,ANDERSON LN,,,,0.00,N,Not at Intersection,N,OtherLocation,None,,,         ,Christopher,Littles,Clear,Front to Rear,no,no,no,yes,no,False
102594918,METROPOLITAN NASHVILLE POLICE DEPT,20190889825,Davidson,Nashville,12/11/2019 7:40:00 PM,2,0,0,36.130430,-86.899480,I40 W ENT RAMP,,,,0.00,Feet,East,I 40,,,,0.00,N,Not at Intersection,N,Non-Junction,None,,,         ,Melissa,Lomax,Clear,"Sideswipe, Same Direction",no,no,no,no,no,False
102594938,Nashville Airport Police,2019-05182,Davidson,Nashville,12/11/2019 12:00:00 AM,2,0,0,36.138560,-86.680090,MCGAVOCK PKE,,,,0.62,Miles,West,I40 E EXT RAMP,,,,0.00,N,Not at Intersection, ,Non-Junction,None,,,         ,Breana,Copeland,Clear,Angle,no,no,no,yes,no,False
102594948,METROPOLITAN NASHVILLE POLICE DEPT,20190889832,Davidson,Nashville,12/11/2019 6:51:00 PM,2,0,0,36.145500,-86.822040,I 440,,,,0.00,,,,,,,1.15,N,Not at Intersection, ,Non-Junction,Construction Zone,,,         ,Stephen,Waterman,Clear,Front to Rear,no,no,no,no,no,False
102594966,METROPOLITAN NASHVILLE POLICE DEPT,20190890282,Davidson,Nashville,12/11/2019 11:35:00 PM,2,0,0,36.064790,-86.628480,HAMILTON CHURCH RD,,,,0.00,,,MURFREESBORO PKE,,,,0.00,Y,Four-Way,N,Intersection,None,,,         ,Hillary,Sherman,Clear,Angle,no,no,no,no,yes,False
102594971,METROPOLITAN NASHVILLE POLICE DEPT,20190884780,Davidson,Nashville,12/9/2019 9:28:00 PM,2,0,0,36.037400,-86.786570,FRANKLIN PKE,,,,0.00,Feet,East,OLD HICKORY BLVD,,,,0.00,N,Not at Intersection, ,Non-Junction,None,,,         ,Jose,Salazar,Rain,Front to Rear,no,no,no,no,no,False
102594981,METROPOLITAN NASHVILLE POLICE DEPT,20190890188,Davidson,Nashville,12/11/2019 12:00:00 AM,2,0,0,36.150800,-86.837410,SYLVAN GLEN CT,,,,161.00,Feet,South,PARK AV,,,,0.00,N,Not at Intersection,N,Non-Junction,None,,,         ,William,McDaniel,Clear,Unknown,no,no,no,yes,yes,False
102594984,METROPOLITAN NASHVILLE POLICE DEPT,20190890447,Davidson,Nashville,12/12/2019 1:12:00 AM,2,2,0,36.158810,-86.798160,17TH AVN,,,,0.00,,,CHARLOTTE AV,,,,0.00,Y,Four-Way,Y,Intersection,None,,,         ,Dakota,Vermillion,Clear,Angle,no,no,no,no,no,False
102594993,METROPOLITAN NASHVILLE POLICE DEPT,20190890833,Davidson,Nashville,12/8/2019 7:30:00 AM,1,0,0,36.037970,-86.797770,OLD HICKORY BLVD,,,,0.00,,,WOODWARD HILLS PL,,,,0.00,Y,Four-Way, ,Non-Junction,None,,,         ,Eric,Schaefer,Clear,Not Collision with Motor Vehicle in Transport,no,no,no,no,no,False
102595005,METROPOLITAN NASHVILLE POLICE DEPT,20190890736,Davidson,Nashville,12/12/2019 3:40:00 AM,2,0,0,36.157900,-86.759870,I 24,,,,0.00,,,,,,,49.60,N,Not at Intersection,N,Non-Junction,None,,,         ,Shaquille,Graham,Clear,"Sideswipe, Same Direction",no,no,no,no,yes,False
102595027,METROPOLITAN NASHVILLE POLICE DEPT,20190890857,Davidson,Nashville,12/12/2019 5:00:00 AM,2,0,0,36.158020,-86.793280,15TH AVN,,,,288.00,Feet,North,CHURCH ST,,,,0.00,N,Not at Intersection,N,Non-Junction,None,,,         ,Eric,Schaefer,Clear,Angle,no,no,no,no,no,False
102595030,METROPOLITAN NASHVILLE POLICE DEPT,20190890802,Davidson,Nashville,12/12/2019 4:00:00 AM,2,0,0,36.252490,-86.829900,BUENA VISTA PKE,,,,0.00,,,WHITES CREEK PKE,,,,0.00,Y,Four-Way,Y,Intersection,None,,,         ,Jerre,Fly,Clear,"Sideswipe, Opposite Direction",no,no,no,no,yes,False
102595032,METROPOLITAN NASHVILLE POLICE DEPT,20190890879,Davidson,Not in City Limit,12/12/2019 5:35:00 AM,2,1,0,36.291940,-86.883770,CLARKSVILLE PKE,,,,0.00,,,EATONS CREEK RD,,,,0.00,Y,T-Intersection,N,Intersection,None,,,         ,Timothy,Skopek,Clear,Angle,no,no,no,no,no,False
102595045,THP District 3 - Nashville,319080050,Davidson,Nashville,12/7/2019 12:37:00 PM,2,0,0,36.139500,-86.700200,KNIGHTS OF COLUMBUS BLVD,,,,0.00,,,I40 E ENT RAMP,,,,0.00,Y,Four-Way, ,Intersection,None,,,         ,Brandon,Hart,Clear,Front to Rear,no,no,no,no,no,False
102595066,METROPOLITAN NASHVILLE POLICE DEPT,20190891010,Davidson,Nashville,12/12/2019 7:14:00 AM,3,2,0,36.183000,-86.609760,OLD HICKORY BLVD,,,,345.00,Feet,East,CHANDLER PL,,,,0.00,N,Not at Intersection,N,Non-Junction,None,,,         ,Michael,Dance,Clear,Front to Rear,no,no,no,no,no,False
102595077,METROPOLITAN NASHVILLE POLICE DEPT,20190890916,Davidson,Nashville,12/12/2019 12:00:00 AM,2,1,0,36.116140,-86.696720,MURFREESBORO PKE,,,,213.00,Feet,East,MCGAVOCK PKE,,,,0.00,N,Not at Intersection,N,Non-Junction,None,,,         ,Antoine,Maghamez,Clear,Angle,no,no,no,no,no,False
102595083,METROPOLITAN NASHVILLE POLICE DEPT,20190890910,Davidson,Nashville,12/12/2019 5:55:00 AM,5,1,0,36.245210,-86.784650,I 24,,,,0.00,,,,,,,43.00,N,Not at Intersection,N,Non-Junction,None,,,         ,Ian,Ward,Clear,Front to Rear,no,no,no,no,no,False
102595113,METROPOLITAN NASHVILLE POLICE DEPT,20190891053,Davidson,Not in City Limit,12/12/2019 7:30:00 AM,2,0,0,36.275660,-86.725680,E CAMPBELL RD,,,,0.00,Feet,,RONNIE RD,,,,0.00,Y,T-Intersection, ,Intersection,None,,,         ,Brian,Otto,,Angle,no,no,no,no,no,False
102595128,METROPOLITAN NASHVILLE POLICE DEPT,20190891157,Davidson,Nashville,12/12/2019 8:18:00 AM,2,0,0,36.144390,-86.695830,I 40,,,,0.00,,,,,,,215.00,N,Not at Intersection, ,Non-Junction,None,,,         ,Tien,Nguyen,Clear,"Sideswipe, Same Direction",no,no,no,no,no,False
102595135,METROPOLITAN NASHVILLE POLICE DEPT,20190891164,Davidson,Nashville,12/12/2019 8:18:00 AM,2,1,0,36.140940,-86.718890,I 40,,,,0.00,,,,,,,213.70,N,Not at Intersection,N,Non-Junction,None,,,         ,Zachary,Scott,Clear,Front to Rear,no,no,no,no,no,False
102595146,METROPOLITAN NASHVILLE POLICE DEPT,20190891005,Davidson,Nashville,12/12/2019 6:36:00 AM,2,0,0,36.208240,-86.777750,BRICK CHURCH PKE,,,,112.00,Feet,North,I65 S EXT RAMP,,,,0.00,N,Not at Intersection, ,Non-Junction,None,,,         ,William,Coy,Clear,Angle,no,no,no,no,no,False
102595151,METROPOLITAN NASHVILLE POLICE DEPT,20190891123,Davidson,Nashville,12/12/2019 8:00:00 AM,3,1,0,36.050480,-86.647790,BELL RD,,,,276.00,Feet,West,HICKORY HOLLOW TER,,,,0.00,N,Not at Intersection, ,Non-Junction,None,,,         ,Nicholas,Carter,Clear,Front to Rear,no,no,no,no,no,False
102595152,METROPOLITAN NASHVILLE POLICE DEPT,20190890948,Davidson,Madison,12/12/2019 6:10:00 AM,2,0,0,36.266110,-86.739370,-- UNKNOWN RAMP/ROAD --,,,,0.00,,,EXIT 92,,,,0.00,Y,Y-Intersection,Y,Entrance/Exit Ramp Related,None,,,         ,Jacob,Robbins,Clear,Front to Rear,no,no,no,no,no,False
102595157,METROPOLITAN NASHVILLE POLICE DEPT,20190891215,Davidson,Nashville,12/12/2019 8:44:00 AM,2,1,0,36.193380,-86.753290,MCFERRIN AV,,,,0.00,,,ELLINGTON PKWY S EXT RAMP,,,,0.00,Y,Four-Way,N,Intersection,None,,,         ,Nicholas,Silinsky,Clear,Angle,no,no,no,no,no,False
102595164,METROPOLITAN NASHVILLE POLICE DEPT,20190891072,Davidson,Nashville,12/12/2019 7:28:00 AM,2,0,0,36.155970,-86.808710,CHARLOTTE AV,,,,0.00,,,23RD AVN,,,,0.00,Y,T-Intersection, ,Non-Junction,None,,,         ,Caleb,Jernigan,Clear,Angle,no,no,no,no,no,False
102595166,THP District 9 - Administrative,319080736,Davidson,Nashville,12/10/2019 2:20:00 PM,1,0,0,36.165790,-86.785030,7TH AVN,,,,413.00,Feet,North,6TH AVN,,,,0.00,N,Not at Intersection, ,Non-Junction,None,,,         ,Casey,Newsom,Cloudy,Not Collision with Motor Vehicle in Transport,no,no,no,yes,no,False
102595167,METROPOLITAN NASHVILLE POLICE DEPT,20190891194,Davidson,Nashville,12/12/2019 8:30:00 AM,2,0,0,36.154560,-86.665290,STATE HWY 255,,,,145.00,Feet,South,LAKELAND DR,,,,0.00,N,Not at Intersection,N,Non-Junction,None,,,         ,Zachary,Plese,Clear,Angle,no,no,no,no,no,False
102595170,METROPOLITAN NASHVILLE POLICE DEPT,20190891116,Davidson,Nashville,12/12/2019 7:50:00 AM,2,0,0,36.255610,-86.738590,I 65,,,,0.00,,,,,,,91.65,N,Not at Intersection, ,,None,,,         ,Jacob,Robbins,,,no,no,no,no,no,False