master_record_number,agency,agency_tracking_number,county,city,collision_date,vehicles_involved,number_injured,number_dead,latitude,longitude,roadway_name,roadway_suffix,roadway_number,roadway_local_id,distance_from_reference,miles-feet_indicator,direction_from_reference,intersection_road_name,intersection_road_name_suffix,intersection_road_number,intersection_local_id,mile_marker,intersection_indicator,intersect_type,interchange_related_indicator,relation_to_junction,work_zone_type,construction_maintenance_zone,construction_maintenance_zone_location,fatal_case_number,officer_first_name,officer_last_name,weather_condition(s),manner_of_crash,pedestrian,bicycle,scooter,parking,hitrun,mou
102596629,METROPOLITAN NASHVILLE POLICE DEPT,20190894460,Davidson,Nashville,12/13/2019 2:35:00 PM,2,0,0,36.086520,-86.698500,HARDING PL,,,,61.00,Feet,East,I24 W ENT RAMP,,,,0.00,N,Not at Intersection, ,Non-Junction,None,,,         ,Ian,Wilson,Rain,Front to Rear,no,no,no,no,no,False
102596659,METROPOLITAN NASHVILLE POLICE DEPT,20190894574,Davidson,Nashville,12/13/2019 3:38:00 PM,2,0,0,36.242800,-86.749190,I 65,,,,0.00,,,,,,,90.55,N,Not at Intersection,N,Entrance/Exit Ramp Related,None,,,         ,Christopher,Littles,Rain,Front to Rear,no,no,no,no,yes,False
102596661,METROPOLITAN NASHVILLE POLICE DEPT,20190894580,Davidson,Nashville,12/13/2019 3:13:00 PM,2,0,0,36.167350,-86.663370,DONELSON PKE,,,,113.00,Feet,South,LEBANON PKE,,,,0.00,N,Not at Intersection, ,,None,,,         ,Joshua,Hausman,,,no,no,no,no,no,False
102596676,METROPOLITAN NASHVILLE POLICE DEPT,20190894414,Davidson,Nashville,12/13/2019 1:57:00 PM,2,0,0,36.167060,-86.795630,I 40,,,,0.00,,,,,,,208.25,N,Not at Intersection, ,Non-Junction,None,,,         ,Nelson,Hemingway,Cloudy,Front to Rear,no,no,no,no,no,False
102596688,METROPOLITAN NASHVILLE POLICE DEPT,20190894510,Davidson,Nashville,12/13/2019 3:01:00 PM,2,1,0,36.125860,-86.710040,MURFREESBORO PKE,,,,100.00,Feet,West,VULTEE BLVD,,,,0.00,N,Not at Intersection,N,Non-Junction,None,,,         ,Devonte,Coleman,Rain,Angle,no,no,no,no,no,False
102596689,METROPOLITAN NASHVILLE POLICE DEPT,20190894361,Davidson,Nashville,12/13/2019 1:33:00 PM,1,0,0,36.167750,-86.656490,DONELSONWOOD DR,,,,0.00,,,STEWARTS FERRY PKE,,,,0.00,Y,OTHER, ,OtherLocation,None,,,         ,Keith,Covert,Rain,Not Collision with Motor Vehicle in Transport,no,no,no,no,no,False
102596703,METROPOLITAN NASHVILLE POLICE DEPT,20190894561,Davidson,Nashville,12/13/2019 3:20:00 PM,2,0,0,36.074430,-86.745970,BLACKMAN RD,,,,0.00,,,DANBY DR,,,,0.00,Y,Four-Way, ,,None,,,         ,Donovan,Coble,,,no,no,no,no,no,False
102596726,METROPOLITAN NASHVILLE POLICE DEPT,20190894619,Davidson,Not in City Limit,12/13/2019 3:45:00 PM,2,0,0,36.263460,-86.684270,STATE RT 45,,,,0.00,,,LARKIN SPRINGS RD,,,,0.00,Y,T-Intersection, ,,None,,,         ,Christopher,Littles,,,no,no,no,no,no,False
102596739,METROPOLITAN NASHVILLE POLICE DEPT,20190894618,Davidson,Nashville,12/13/2019 2:53:00 PM,2,0,0,36.087310,-86.730660,NOLENSVILLE PKE,,,,202.00,Feet,North,ELYSIAN FIELDS CT,,,,0.00,N,Not at Intersection, ,Non-Junction,None,,,         ,Ian,Wilson,Rain,HeadOn,no,no,no,no,no,False
102596752,METROPOLITAN NASHVILLE POLICE DEPT,20190894606,Davidson,Nashville,12/13/2019 3:50:00 PM,2,0,0,36.208240,-86.767400,DICKERSON PKE,,,,0.00,,,GRIZZARD AV,,,,0.00,Y,T-Intersection,N,Intersection,None,,,         ,Cooper,HIll,Rain,Angle,no,no,no,no,yes,False
102596773,VANDERBILT UNIVERSITY POLICE,20190895570,Davidson,Nashville,12/12/2019 8:04:00 PM,2,0,0,36.141520,-86.800850,MEDICAL CENTER DR,,,,0.00,,,,,,,0.00,,, ,,None,,,         ,Edwin,Melgar,,,no,no,no,yes,no,Campus
102596786,METROPOLITAN NASHVILLE POLICE DEPT,20190894687,Davidson,Nashville,12/13/2019 4:35:00 PM,1,0,0,36.229940,-86.762300,EWING DR,,,,551.00,Feet,South,BROADMOOR DR,,,,0.00,N,Not at Intersection,N,Non-Junction,None,,,         ,Chase,Harriman,Rain,Not Collision with Motor Vehicle in Transport,no,no,no,no,no,False
102596791,METROPOLITAN NASHVILLE POLICE DEPT,20190894624,Davidson,Nashville,12/13/2019 4:08:00 PM,1,1,0,36.064070,-86.691820,PACKARD DR,,,,80.00,Feet,West,COLEMONT PL,,,,0.00,N,Not at Intersection,N,Non-Junction,None,,,         ,Sean,Weaver,Rain,Not Collision with Motor Vehicle in Transport,no,no,no,no,no,False
102596806,METROPOLITAN NASHVILLE POLICE DEPT,20190894699,Davidson,Nashville,12/13/2019 4:35:00 PM,2,1,0,36.148360,-86.777040,I 40,,,,0.00,,,,,,,210.00,N,Not at Intersection,Y,Non-Junction,None,,,         ,Heather,Fox,Rain,Front to Rear,no,no,no,no,no,False
102596807,METROPOLITAN NASHVILLE POLICE DEPT,20190894607,Davidson,Nashville,12/13/2019 2:25:00 PM,3,0,0,36.134440,-86.726910,I24E,,,,732.00,Feet,South,I24 E ENT RAMP,,,,0.00,N,Not at Intersection, ,,None,,,         ,Jesse,Cox,,,no,no,no,no,no,False
102596809,METROPOLITAN NASHVILLE POLICE DEPT,20190894715,Davidson,Nashville,12/13/2019 4:50:00 PM,2,0,0,36.119580,-86.808750,HILLSBORO PKE,,,,0.00,Feet,West,STOKES LN,,,,0.00,N,Not at Intersection, ,Non-Junction,None,,,         ,Conor,Cronin,Rain,"Sideswipe, Same Direction",no,no,no,no,no,False
102596823,METROPOLITAN NASHVILLE POLICE DEPT,20190894694,Davidson,Nashville,12/13/2019 4:48:00 PM,2,1,0,36.146180,-86.668420,ROYAL PKWY,,,,214.00,Feet,West,CLARIDGE DR,,,,0.00,N,Not at Intersection,N,Non-Junction,None,,,         ,Steven,Powers,Rain,Angle,no,no,no,no,no,False
102596825,METROPOLITAN NASHVILLE POLICE DEPT,20190894732,Davidson,Nashville,12/13/2019 4:34:00 PM,2,1,0,36.152150,-86.634800,I 40,,,,0.00,,,,,,,218.60,N,Not at Intersection,N,Non-Junction,None,,,         ,Brady,Reynolds,Rain,Front to Rear,no,no,no,no,no,False
102596831,METROPOLITAN NASHVILLE POLICE DEPT,20190894710,Davidson,Nashville,12/13/2019 4:27:00 PM,2,0,0,36.097120,-86.706690,ANTIOCH PKE,,,,40.00,Feet,East,SPACE PARK SOUTH DR,,,,0.00,N,Not at Intersection,N,Non-Junction,None,,,         ,Eric,Laury,Rain,Front to Rear,no,no,no,no,yes,False
102596833,METROPOLITAN NASHVILLE POLICE DEPT,20190894729,Davidson,Nashville,12/13/2019 5:07:00 PM,2,0,0,36.110510,-86.770570,I440 ENT RAMP,,,,0.00,,,I 65,,,,0.00,Y,Y-Intersection,Y,Entrance/Exit Ramp Related,None,,,         ,John,Chambers,Rain,Angle,no,no,no,no,yes,False
102596834,METROPOLITAN NASHVILLE POLICE DEPT,20190894621,Davidson,Nashville,12/13/2019 4:02:00 PM,3,0,0,36.226340,-86.603180,SAUNDERSVILLE RD,,,,0.00,,,SHUTE LN,,,,0.00,Y,T-Intersection, ,Intersection,None,,,         ,Torrance,Bennett,Rain,Front to Rear,no,no,no,no,no,False
102596837,METROPOLITAN NASHVILLE POLICE DEPT,20190894592,Davidson,Nashville,12/13/2019 3:48:00 PM,2,0,0,36.223610,-86.774540,I 65,,,,0.00,,,,,,,88.50,N,Not at Intersection,N,Non-Junction,None,,,         ,Tyler,Geiger,Rain,Not Collision with Motor Vehicle in Transport,no,no,no,no,no,False
102596841,BERRY HILL POLICE DEPT,19-5269,Davidson,Berry Hill,12/13/2019 4:18:00 PM,2,0,0,36.126970,-86.777350,FRANKLIN PKE,,,,0.00,,,HILLVIEW HTS,,,,0.00,Y,T-Intersection,N,Intersection,None,,,         ,Roy,Morris,Rain,Angle,no,no,no,no,no,False
102596857,METROPOLITAN NASHVILLE POLICE DEPT,20190894721,Davidson,Nashville,12/13/2019 4:36:00 PM,2,1,0,36.050100,-86.649700,MT VIEW RD,,,,74.00,Feet,West,BELL RD,,,,0.00,N,Not at Intersection, ,Non-Junction,None,,,         ,YUNUS,ADAK,Rain,Front to Rear,no,no,no,no,no,False
102596858,METROPOLITAN NASHVILLE POLICE DEPT,20190894834,Davidson,Not in City Limit,12/13/2019 5:50:00 PM,2,0,0,36.267560,-86.736940,I 65,,,,0.00,,,,,,,92.45,N,Not at Intersection, ,,None,,,         ,Christopher,Littles,,,no,no,no,no,no,False
102596861,METROPOLITAN NASHVILLE POLICE DEPT,20190894693,Davidson,Nashville,12/13/2019 4:40:00 PM,2,0,0,36.148300,-86.799440,RAMP,,,,0.00,Feet,East,21ST AVE S,,,,0.00,N,Not at Intersection,N,Non-Junction,None,,,         ,Jarrett,Ipox,Rain,"Sideswipe, Same Direction",no,no,no,no,yes,Campus
102596868,METROPOLITAN NASHVILLE POLICE DEPT,20190894775,Davidson,Nashville,12/13/2019 5:24:00 PM,2,1,0,36.122390,-86.727350,I 24,,,,0.00,,,,,,,52.75,N,Not at Intersection,N,Non-Junction,None,,,         ,Jesse,Cox,Rain,Other,no,no,no,no,yes,False
102596877,METROPOLITAN NASHVILLE POLICE DEPT,20190894859,Davidson,Nashville,12/13/2019 5:33:00 PM,2,0,0,36.106150,-86.672950,MURFREESBORO PKE,,,,38.00,Feet,East,DONELSON PKE,,,,0.00,N,Not at Intersection,N,Non-Junction,None,,,         ,Brady,Reynolds,Rain,"Sideswipe, Same Direction",no,no,no,no,yes,False
102596882,METROPOLITAN NASHVILLE POLICE DEPT,20190894647,Davidson,Nashville,12/13/2019 3:30:00 PM,2,0,0,36.141850,-86.712610,I 40,,,,0.00,,,,,,,214.05,N,Not at Intersection,N,Non-Junction,None,,,         ,Maryanne,Bartello,Rain,Front to Rear,no,no,no,no,no,False
102596888,METROPOLITAN NASHVILLE POLICE DEPT,20190894873,Davidson,Nashville,12/13/2019 5:50:00 PM,2,0,0,36.114390,-86.724520,I 24,,,,0.00,,,,,,,53.30,N,Not at Intersection,N,Non-Junction,None,,,         ,Ciarra,Rench,Rain,"Sideswipe, Same Direction",no,no,no,no,yes,False
102596889,METROPOLITAN NASHVILLE POLICE DEPT,20190894833,Davidson,Nashville,12/13/2019 5:52:00 PM,3,1,0,36.133020,-86.727140,I 24,,,,0.00,,,,,,,52.00,N,Not at Intersection,N,Non-Junction,None,,,         ,Ian,Wilson,Rain,Front to Rear,no,no,no,no,no,False
102596893,METROPOLITAN NASHVILLE POLICE DEPT,20190894807,Davidson,Not in City Limit,12/13/2019 5:43:00 PM,3,0,0,36.307640,-86.820760,I 24,,,,0.00,,,,,,,38.05,N,Not at Intersection,N,Non-Junction,None,,,         ,Tyler,Geiger,Clear,Front to Rear,no,no,no,no,no,False
102596895,METROPOLITAN NASHVILLE POLICE DEPT,20190894609,Davidson,Nashville,12/13/2019 12:00:00 AM,2,1,0,36.183630,-86.813670,CLARKSVILLE PKE,,,,33.00,Feet,East,MCDANIEL ST,,,,0.00,N,Not at Intersection,N,Non-Junction,None,,,         ,Melvin,Taylor,Rain,Front to Rear,no,no,no,no,no,False
102596896,METROPOLITAN NASHVILLE POLICE DEPT,20190894723,Davidson,Nashville,12/13/2019 4:45:00 PM,2,0,0,36.183790,-86.693520,BRILEY PKWYS,,,,542.00,Feet,North,WINDEMERE DR,,,,0.00,N,Not at Intersection, ,,None,,,         ,Kimberly,Forsyth,,,no,no,no,no,no,False
102596899,METROPOLITAN NASHVILLE POLICE DEPT,20190894717,Davidson,Nashville,12/13/2019 4:53:00 PM,2,0,0,36.157980,-86.772640,2ND AVS,,,,0.00,,,KOREAN VETERANS BLVD,,,,0.00,Y,Four-Way, ,,None,,,         ,Timothy,Mead,,,no,no,no,no,no,False
102596901,METROPOLITAN NASHVILLE POLICE DEPT,20190894797,Davidson,Nashville,12/13/2019 3:31:00 PM,2,0,0,36.089260,-86.617070,SMITH SPRINGS RD,,,,0.00,Feet,East,BUTLER RD,,,,0.00,N,Not at Intersection,N,Non-Junction,None,,,         ,Deandera,Payne,Rain,HeadOn,no,no,no,no,yes,False
102596902,METROPOLITAN NASHVILLE POLICE DEPT,20190894748,Davidson,Nashville,12/13/2019 5:00:00 PM,2,0,0,36.081320,-86.759220,HARDING PL,,,,266.00,Feet,West,TROUSDALE DR,,,,0.00,N,Not at Intersection, ,Non-Junction,None,,,         ,Harold,Wells,Rain,"Sideswipe, Same Direction",no,no,no,no,no,False
102596907,METROPOLITAN NASHVILLE POLICE DEPT,20190894846,Davidson,Nashville,12/13/2019 5:32:00 PM,3,0,0,36.101470,-86.870580,HARDING PKE,,,,276.00,Feet,South,HARDING PL,,,,0.00,N,Not at Intersection, ,Non-Junction,None,,,         ,Broderick,Jones,Rain,Front to Rear,no,no,no,no,yes,False
102596909,METROPOLITAN NASHVILLE POLICE DEPT,20190894811,Davidson,Nashville,12/13/2019 4:16:00 PM,2,0,0,36.186630,-86.817040,25TH AVN,,,,292.00,Feet,South,HYDE ST,,,,0.00,N,Not at Intersection, ,Non-Junction,None,,,         ,Denarius,Lawson,Clear,"Sideswipe, Opposite Direction",no,no,no,no,no,False
102596911,METROPOLITAN NASHVILLE POLICE DEPT,20190894926,Davidson,Nashville,12/13/2019 6:52:00 PM,2,0,0,36.159390,-86.772590,1ST AVS,,,,0.00,,,MOLLOY ST,,,,0.00,Y,T-Intersection, ,Intersection,None,,,         ,Ronald,Bright,Cloudy,Angle,no,no,no,no,no,False
102596913,METROPOLITAN NASHVILLE POLICE DEPT,20190894927,Davidson,Nashville,12/13/2019 6:42:00 PM,2,0,0,36.073180,-86.692280,I 24,,,,0.00,,,,,,,56.70,N,Not at Intersection,N,Non-Junction,None,,,         ,Richard,Olive,Rain,Front to Rear,no,no,no,no,no,False
102596914,METROPOLITAN NASHVILLE POLICE DEPT,20190894948,Davidson,Nashville,12/13/2019 6:00:00 PM,2,0,0,36.160650,-86.586320,BELL RD,,,,100.00,Feet,East,NEWCASTLE LN,,,,0.00,N,Not at Intersection, ,,None,,,         ,Abbey,Sawl,,,no,no,no,no,no,False
102596915,METROPOLITAN NASHVILLE POLICE DEPT,20190894809,Davidson,Nashville,12/13/2019 5:42:00 PM,2,0,0,36.132580,-86.726750,I 24,,,,0.00,,,,,,,52.00,N,Not at Intersection, ,Non-Junction,None,,,         ,Andrew,Brazee,Rain,"Sideswipe, Same Direction",no,no,no,no,no,False
102596917,METROPOLITAN NASHVILLE POLICE DEPT,20190894889,Davidson,Nashville,12/13/2019 6:00:00 PM,2,0,0,36.169530,-86.809680,21ST AVN,,,,160.00,Feet,North,JEFFERSON ST,,,,0.00,N,Not at Intersection, ,Non-Junction,None,,,         ,Kiana,Perry,Rain,Angle,no,no,no,no,no,False
102596920,METROPOLITAN NASHVILLE POLICE DEPT,20190894795,Davidson,Nashville,12/13/2019 5:37:00 PM,2,0,0,36.171300,-86.870310,BRILEY PKWY S EXT RAMP,,,,0.00,,,CENTENNIAL BLVD,,,,0.00,Y,Four-Way,N,Intersection,None,,,         ,Robert,Higgins,Rain,Angle,no,no,no,no,no,False
102596921,METROPOLITAN NASHVILLE POLICE DEPT,20190894983,Davidson,Not in City Limit,12/13/2019 7:20:00 PM,2,0,0,36.308970,-86.824030,I 24,,,,0.00,,,,,,,37.85,N,Not at Intersection,N,Non-Junction,None,,,         ,Bryan,Musgrave,Clear,Front to Rear,no,no,no,no,no,False
102596923,METROPOLITAN NASHVILLE POLICE DEPT,20190894861,Davidson,Nashville,12/13/2019 6:05:00 PM,2,0,0,36.038760,-86.743430,EDMONDSON PKE,,,,257.00,Feet,North,BONNIE BRIDGE RD,,,,0.00,N,Not at Intersection,N,Non-Junction,None,,,         ,Nicholas,Carroll,Rain,Other,no,no,no,no,no,False
102596928,METROPOLITAN NASHVILLE POLICE DEPT,20190894622,Davidson,Nashville,12/13/2019 4:08:00 PM,2,0,0,36.160240,-86.773140,1ST AVS,,,,0.00,,,DEMONBREUN ST,,,,0.00,Y,T-Intersection,N,Intersection,None,,,         ,Michael,Douglas,Rain,"Sideswipe, Opposite Direction",no,no,no,no,no,False
102596929,METROPOLITAN NASHVILLE POLICE DEPT,20190895017,Davidson,Nashville,12/13/2019 7:15:00 PM,1,0,0,36.176290,-86.766110,ELLINGTON PKWYS,,,,97.00,Feet,North,SPRING ST ENT RAMP,,,,0.00,N,Not at Intersection,N,Non-Junction,None,,,         ,Kevin,Clausius,Rain,Not Collision with Motor Vehicle in Transport,no,no,no,no,yes,False
102596931,METROPOLITAN NASHVILLE POLICE DEPT,20190894993,Davidson,Nashville,12/13/2019 5:30:00 PM,2,0,0,36.143600,-86.769520,MARTIN ST,,,,0.00,Feet,North,CHESTNUT ST,,,,0.00,N,Not at Intersection, ,Non-Junction,None,,,         ,Conor,Cronin,Rain,Front to Rear,no,no,no,no,no,False
102596932,METROPOLITAN NASHVILLE POLICE DEPT,20190894963,Davidson,Nashville,12/13/2019 6:40:00 PM,2,0,0,36.122470,-86.727630,I 24,,,,0.00,,,,,,,52.75,N,Not at Intersection, ,Non-Junction,None,,,         ,Jesse,Cox,Rain,Front to Rear,no,no,no,no,no,False
102596933,METROPOLITAN NASHVILLE POLICE DEPT,20190894831,Davidson,Nashville,12/13/2019 4:30:00 PM,2,0,0,36.187480,-86.822000,ED TEMPLE BLVD,,,,227.00,Feet,South,ROSA L PARKS BLVD,,,,0.00,N,Not at Intersection, ,Non-Junction,None,,,         ,Peter,Kinsey,Rain,Front to Rear,no,no,no,no,no,False
102596935,METROPOLITAN NASHVILLE POLICE DEPT,20190895037,Davidson,Nashville,12/13/2019 7:20:00 PM,2,0,0,36.139550,-86.700650,KAREN DR,,,,28.00,Feet,East,ENVIOUS LN,,,,0.00,N,Not at Intersection,N,Non-Junction,None,,,         ,Deandera,Payne,Rain,Rear to Side,no,no,no,yes,yes,False
102596947,METROPOLITAN NASHVILLE POLICE DEPT,20190894966,Davidson,Nashville,12/13/2019 7:09:00 PM,1,0,0,36.166160,-86.806330,ALBION ST,,,,292.00,Feet,West,DR D B TODD JR BLVD,,,,0.00,N,Not at Intersection, ,Non-Junction,None,,,         ,Melvin,Taylor,Clear,Not Collision with Motor Vehicle in Transport,no,no,no,yes,no,False
102596949,METROPOLITAN NASHVILLE POLICE DEPT,20190894890,Davidson,Nashville,12/13/2019 4:22:00 PM,2,0,0,36.197620,-86.837330,CLARKSVILLE PKE,,,,4.00,Feet,North,ASHLAND CITY HWY,,,,0.00,N,Not at Intersection,N,Non-Junction,None,,,         ,John,Jones,Rain,HeadOn,no,no,no,no,no,False
102596952,METROPOLITAN NASHVILLE POLICE DEPT,20190894875,Davidson,Antioch,12/13/2019 6:10:00 PM,2,1,0,36.039400,-86.602990,MURFREESBORO PKE,,,,0.00,,,OLD HICKORY BLVD,,,,0.00,Y,Four-Way,N,Intersection-Related,None,,,         ,Eric,Wegener,Rain,Front to Rear,no,no,no,no,yes,False
102596959,VANDERBILT UNIVERSITY POLICE,20190894615,Davidson,Nashville,12/13/2019 3:00:00 PM,3,1,0,36.137850,-86.804540,BLAKEMORE AV,,,,0.00,,,,,,,0.00,,,N,Non-Junction,None,,,         ,V,Greene,Cloudy,Angle,no,no,no,yes,no,Campus
102596960,METROPOLITAN NASHVILLE POLICE DEPT,20190894906,Davidson,Nashville,12/13/2019 5:50:00 PM,2,0,0,36.124900,-86.752150,NOLENSVILLE PKE,,,,34.00,Feet,South,ROSEDALE AV,,,,0.00,N,Not at Intersection,N,Non-Junction,None,,,         ,Ciarra,Rench,Rain,Angle,no,no,no,no,no,False
102596961,METROPOLITAN NASHVILLE POLICE DEPT,20190895033,Davidson,Nashville,12/13/2019 7:55:00 PM,2,1,0,36.172340,-86.765050,S 5TH ST,,,,199.00,Feet,North,WOODLAND ST,,,,0.00,N,Not at Intersection, ,Non-Junction,None,,,         ,Richard,Conger,Rain,Front to Rear,no,no,no,no,no,False
102596969,METROPOLITAN NASHVILLE POLICE DEPT,20190894582,Davidson,Nashville,12/13/2019 3:42:00 PM,1,0,0,36.191830,-86.784000,I 65,,,,0.00,,,,,,,86.10,N,Not at Intersection, ,Non-Junction,None,,,         ,Janelle,Keslar,Rain,Not Collision with Motor Vehicle in Transport,no,no,no,no,no,False
102596970,METROPOLITAN NASHVILLE POLICE DEPT,20190894984,Davidson,Not in City Limit,12/13/2019 7:20:00 PM,3,0,0,36.272120,-86.689560,ANDERSON LN,,,,0.00,,,MYATT DR,,,,0.00,Y,Four-Way,N,Intersection,None,,,         ,Christopher,Littles,Rain,Front to Rear,no,no,no,no,no,False
102596983,METROPOLITAN NASHVILLE POLICE DEPT,20190894882,Davidson,Nashville,12/13/2019 5:45:00 PM,2,0,0,36.221700,-86.761670,HART LN,,,,0.00,,,DICKERSON PKE,,,,0.00,Y,T-Intersection,N,Intersection,None,,,         ,Cooper,HIll,Rain,Angle,no,no,no,no,yes,False
102596995,METROPOLITAN NASHVILLE POLICE DEPT,20190894858,Davidson,Nashville,12/13/2019 4:52:00 PM,2,0,0,36.060760,-86.624060,MURFREESBORO PKE,,,,1481.00,Feet,West,HAMILTON GLEN PL,,,,0.00,N,Not at Intersection, ,Non-Junction,None,,,         ,Sarah,Cartwright,Rain,Front to Rear,no,no,no,no,no,False
102597001,Nashville Airport Police,2019-05219,Davidson,Nashville,12/13/2019 12:00:00 AM,2,2,0,36.133410,-86.665080,BNA DR,,,,0.00,,,TERMINAL DR,,,,0.00,Y,Four-Way,Y,Unknown,None,,,         ,Nathan,Holt,Rain,Angle,no,no,no,no,no,False
102597002,METROPOLITAN NASHVILLE POLICE DEPT,20190894956,Davidson,Nashville,12/13/2019 5:40:00 PM,2,0,0,36.142820,-86.666640,DONELSON PKE,,,,190.00,Feet,North,I40 W ENT RAMP,,,,0.00,N,Not at Intersection,N,Non-Junction,None,,,         ,Allyson,Reis,Cloudy,Angle,no,no,no,no,no,False
102597003,METROPOLITAN NASHVILLE POLICE DEPT,20190895075,Davidson,Not in City Limit,12/13/2019 8:18:00 PM,2,0,0,36.320180,-86.847970,I 24,,,,0.00,,,,,,,36.10,N,Not at Intersection, ,,None,,,         ,Tyler,Geiger,,,no,no,no,no,no,False
102597014,METROPOLITAN NASHVILLE POLICE DEPT,20190895069,Davidson,Not in City Limit,12/13/2019 12:00:00 AM,2,0,0,36.068860,-86.941450,BAUGH RD,,,,0.00,Feet,,BELLEVUE RD,,,,0.00,Y,Four-Way,N,Intersection,None,,,         ,Sekou,Samassi,Rain,Angle,no,no,no,no,no,False
102597022,METROPOLITAN NASHVILLE POLICE DEPT,20190894895,Davidson,Nashville,12/13/2019 6:25:00 PM,1,0,0,36.109310,-86.811780,HILLSBORO PKE,,,,69.00,Feet,North,CRESTMOOR RD,,,,0.00,N,Not at Intersection,N,Non-Junction,None,,,         ,Heather,Fox,Rain,Not Collision with Motor Vehicle in Transport,no,no,no,no,no,False
102597023,METROPOLITAN NASHVILLE POLICE DEPT,20190895046,Davidson,Nashville,12/13/2019 5:59:00 PM,2,0,0,36.152050,-86.781480,GLEAVES ST,,,,0.00,,,PINE ST,,,,0.00,Y,T-Intersection,N,Intersection,None,,,         ,Derek,Betty,Rain,Angle,no,no,no,no,no,False
102597026,METROPOLITAN NASHVILLE POLICE DEPT,20190894955,Davidson,Nashville,12/13/2019 5:05:00 PM,2,0,0,36.077140,-86.641460,MURFREESBORO PKE,,,,0.00,,,LAKEVILLA DR,,,,0.00,Y,Four-Way,N,Non-Junction,None,,,         ,Jesse,Cox,Rain,Angle,no,no,no,no,no,False
102597053,METROPOLITAN NASHVILLE POLICE DEPT,20190895095,Davidson,Nashville,12/13/2019 8:28:00 PM,1,1,0,36.161290,-86.598310,BELL RD,,,,347.00,Feet,West,OLD HICKORY BLVD,,,,0.00,N,Not at Intersection,N,Non-Junction,None,,,         ,Luis,Pena,Rain,Not Collision with Motor Vehicle in Transport,no,no,no,no,no,False
102597057,METROPOLITAN NASHVILLE POLICE DEPT,20190895028,Davidson,Nashville,12/13/2019 7:54:00 PM,3,2,0,36.175900,-86.766570,ELLINGTON PKWYS,,,,60.00,Feet,South,SPRING ST,,,,0.00,N,Not at Intersection,N,Non-Junction,None,,,         ,Marc,Kozen,Rain,Front to Rear,no,no,no,no,no,False
102597058,METROPOLITAN NASHVILLE POLICE DEPT,20190895079,Davidson,Nashville,12/13/2019 8:20:00 PM,2,0,0,36.248050,-86.720330,DUE WEST AVE,,,,0.00,Feet,West,GALLATIN PKES,,,,0.00,N,Not at Intersection, ,,None,,,         ,Evan,Grace,,,no,no,no,no,no,False
102597068,METROPOLITAN NASHVILLE POLICE DEPT,20190895007,Davidson,Nashville,12/13/2019 7:33:00 PM,1,1,0,36.071210,-86.635450,MURFREESBORO PKE,,,,327.00,Feet,South,BELL RD,,,,0.00,N,Not at Intersection,N,Non-Junction,None,,,         ,Robert,Erickson,Rain,Not Collision with Motor Vehicle in Transport,yes,no,no,no,no,False
102597080,METROPOLITAN NASHVILLE POLICE DEPT,20190895228,Davidson,Nashville,12/13/2019 6:15:00 PM,2,0,0,36.136750,-86.799460,20TH AVS,,,,0.00,,,BELCOURT AV,,,,0.00,Y,T-Intersection, ,Intersection-Related,None,,,         ,John,Roberson,Rain,Front to Rear,no,no,no,no,no,False
102597085,METROPOLITAN NASHVILLE POLICE DEPT,20190895104,Davidson,Nashville,12/13/2019 3:28:00 PM,1,0,0,36.039890,-86.793000,HILLVIEW DR,,,,521.00,Feet,West,S HILLVIEW DR,,,,0.00,N,Not at Intersection,N,Non-Junction,None,,,         ,Nicholas,Carroll,Rain,Not Collision with Motor Vehicle in Transport,no,no,no,no,yes,False
102597095,METROPOLITAN NASHVILLE POLICE DEPT,20190895255,Davidson,Antioch,12/13/2019 9:35:00 PM,3,0,0,36.047370,-86.611520,MURFREESBORO PKE,,,,1051.00,Feet,North,MOUNTAIN SPRINGS RD,,,,0.00,N,Not at Intersection,N,Non-Junction,None,,,         ,Jerre,Fly,Clear,Front to Rear,no,no,no,no,yes,False
102597096,GOODLETTSVILLE POLICE DEPT,19-46545,Davidson,Goodlettsville,12/13/2019 6:25:00 PM,2,0,0,36.306330,-86.700370,VIETNAM VETERANS BLVDS,,,,40.00,Feet,North,VIETNAM VETERANS BLVDN,,,,0.00,N,Not at Intersection, ,Non-Junction,None,,,         ,Nicholas,Given,Rain,Front to Rear,no,no,no,no,no,False
102597097,METROPOLITAN NASHVILLE POLICE DEPT,20190895282,Davidson,Nashville,12/13/2019 10:14:00 PM,2,0,0,36.148890,-86.746590,I 40,,,,0.00,,,,,,,211.85,N,Not at Intersection,N,Non-Junction,None,,,         ,Torry,Hill,Rain,Other,no,no,no,no,no,False
102597116,METROPOLITAN NASHVILLE POLICE DEPT,20190894972,Davidson,Nashville,12/13/2019 7:14:00 PM,2,2,0,36.180170,-86.774340,I 24,,,,0.00,,,,,,,47.70,N,Not at Intersection,N,Non-Junction,None,,,         ,Joseph,Bingham,Rain,HeadOn,no,no,no,no,no,False
102597118,METROPOLITAN NASHVILLE POLICE DEPT,20190895292,Davidson,Nashville,12/13/2019 12:00:00 AM,2,0,0,36.115840,-86.783670,I 440,,,,0.00,,,,,,,4.30,N,Not at Intersection,N,Non-Junction,None,,,         ,Antoine,Maghamez,Clear,Front to Rear,no,no,no,no,yes,False
102597133,GOODLETTSVILLE POLICE DEPT,19-46586,Davidson,Goodlettsville,12/13/2019 11:17:00 PM,2,0,0,36.298120,-86.713250,I 65,,,,0.00,,,,,,,95.00,N,Not at Intersection,N,Non-Junction,None,,,         ,Matt,Shoesmith,Rain,"Sideswipe, Same Direction",no,no,no,no,yes,False