master_record_number,agency,agency_tracking_number,county,city,collision_date,vehicles_involved,number_injured,number_dead,latitude,longitude,roadway_name,roadway_suffix,roadway_number,roadway_local_id,distance_from_reference,miles-feet_indicator,direction_from_reference,intersection_road_name,intersection_road_name_suffix,intersection_road_number,intersection_local_id,mile_marker,intersection_indicator,intersect_type,interchange_related_indicator,relation_to_junction,work_zone_type,construction_maintenance_zone,construction_maintenance_zone_location,fatal_case_number,officer_first_name,officer_last_name,weather_condition(s),manner_of_crash,pedestrian,bicycle,scooter,parking,hitrun,mou
102599277,METROPOLITAN NASHVILLE POLICE DEPT,20190900086,Davidson,Nashville,12/16/2019 11:50:00 AM,2,0,0,36.075140,-86.662370,UNA ANTIOCH PKE,,,,68.00,Feet,East,BILLINGSGATE RD,,,,0.00,N,Not at Intersection,N,Non-Junction,None,,,         ,Jessie,Meadows,Rain,Front to Rear,no,no,no,no,no,False
102599285,METROPOLITAN NASHVILLE POLICE DEPT,20190900111,Davidson,Nashville,12/16/2019 12:05:00 PM,2,0,0,36.238150,-86.782720,BRILEY PKWYE,,,,91.00,Feet,East,I24 W EXT RAMP,,,,0.00,N,Not at Intersection,N,Entrance/Exit Ramp Related,None,,,         ,Samuel,Kersten,Rain,Angle,no,no,no,no,yes,False
102599286,METROPOLITAN NASHVILLE POLICE DEPT,20190900048,Davidson,Nashville,12/16/2019 11:30:00 AM,2,0,0,36.152240,-86.840860,CHARLOTTE AV,,,,15.00,Feet,East,45TH AVN,,,,0.00,N,Not at Intersection, ,Non-Junction,None,,,         ,Brian,Myatt,Sleet/Hail,Front to Rear,no,no,no,no,no,False
102599300,METROPOLITAN NASHVILLE POLICE DEPT,20190900129,Davidson,Nashville,12/16/2019 12:16:00 PM,1,0,0,36.044620,-86.659440,I24 E ENT RAMP,,,,0.00,,,I24 E ENT RAMP,,,,0.00,Y,Y-Intersection, ,Intersection-Related,None,,,         ,Alex,Moore,Cloudy,Not Collision with Motor Vehicle in Transport,no,no,no,no,no,False
102599304,METROPOLITAN NASHVILLE POLICE DEPT,20190900171,Davidson,Nashville,12/16/2019 12:39:00 PM,1,0,0,36.221520,-86.774620,I 65,,,,0.00,,,,,,,88.40,N,Not at Intersection,N,Non-Junction,None,,,         ,Wesley,Young,Rain,Not Collision with Motor Vehicle in Transport,no,no,no,no,yes,False
102599305,METROPOLITAN NASHVILLE POLICE DEPT,20190900076,Davidson,Nashville,12/16/2019 11:18:00 AM,2,0,0,36.109250,-86.811800,US HWY 431,,,,0.00,,,CRESTMOOR RD,,,,0.00,Y,T-Intersection,N,Intersection,None,,,         ,Roger,Luther,Cloudy,"Sideswipe, Same Direction",no,no,no,no,yes,False
102599313,METROPOLITAN NASHVILLE POLICE DEPT,20190900189,Davidson,Nashville,12/16/2019 12:20:00 PM,2,0,0,36.083260,-86.725540,WELCH RD,,,,0.00,Feet,West,TRAVIS DR,,,,0.00,N,Not at Intersection,N,Non-Junction,None,,,         ,Ryan,Howard,Rain,Angle,no,no,no,yes,yes,False
102599330,METROPOLITAN NASHVILLE POLICE DEPT,20190900250,Davidson,Not in City Limit,12/16/2019 1:17:00 PM,2,1,0,36.279030,-86.690830,MYATT DR,,,,345.00,Feet,North,MADISON INDUSTRIAL RD,,,,0.00,N,Not at Intersection,N,Non-Junction,None,,,         ,Matthew,Harris,Rain,Front to Rear,no,no,no,no,no,False
102599332,METROPOLITAN NASHVILLE POLICE DEPT,20190900131,Davidson,Nashville,12/16/2019 12:21:00 PM,2,0,0,36.138240,-86.881610,CHARLOTTE PKE,,,,431.00,Feet,West,HILLWOOD BLVD,,,,0.00,N,Not at Intersection, ,Non-Junction,None,,,         ,Amanda,Topping,Rain,Front to Rear,no,no,no,no,no,False
102599334,METROPOLITAN NASHVILLE POLICE DEPT,20190900253,Davidson,Antioch,12/16/2019 1:14:00 PM,2,0,0,36.015210,-86.607930,HEIL QUAKER BLVD,,,,821.00,Feet,South,CORPORATE PL,,,,0.00,N,Not at Intersection, ,Non-Junction,None,,,         ,Jessie,Meadows,Rain,Front to Rear,no,no,no,no,no,False
102599335,METROPOLITAN NASHVILLE POLICE DEPT,2019-0900203,Davidson,Nashville,12/16/2019 12:48:00 PM,1,0,0,36.074630,-86.752210,BLACKMAN RD,,,,509.00,Feet,West,BRIARWOOD DR,,,,0.00,N,Not at Intersection,N,Non-Junction,None,,,         ,Sean,Williams,Cloudy,Not Collision with Motor Vehicle in Transport,no,no,no,no,no,False
102599336,METROPOLITAN NASHVILLE POLICE DEPT,20190900324,Davidson,Nashville,12/16/2019 12:00:00 AM,2,0,0,36.146650,-86.632090,FITZPATRICK RD,,,,199.00,Feet,North,NORWALK DR,,,,0.00,N,Not at Intersection,N,Non-Junction,None,,,         ,Tien,Nguyen,Unknown,Front to Rear,no,no,no,no,yes,False
102599339,GOODLETTSVILLE POLICE DEPT,19-46889,Davidson,Goodlettsville,12/16/2019 1:00:00 PM,2,1,0,36.325110,-86.701760,LONG HOLLOW PKE,,,,0.00,,,CONFERENCE DR,,,,0.00,Y,Four-Way,N,Intersection,None,,,         ,George,Forbes,Rain,HeadOn,no,no,no,no,no,False
102599340,METROPOLITAN NASHVILLE POLICE DEPT,20190900319,Davidson,Nashville,12/16/2019 1:50:00 PM,2,1,0,36.182560,-86.748900,GALLATIN AV,,,,30.00,Feet,South,STRATTON AV,,,,0.00,N,Not at Intersection, ,Non-Junction,None,,,         ,Russell,Freeman,Rain,Front to Rear,no,no,no,no,no,False
102599349,METROPOLITAN NASHVILLE POLICE DEPT,20190900273,Davidson,Nashville,12/16/2019 1:29:00 PM,2,0,0,36.207040,-86.782590,W TRINITY LN,,,,417.00,Feet,East,MONTICELLO DR,,,,0.00,N,Not at Intersection,N,Non-Junction,None,,,         ,Jerica,Gladston,Rain,Front to Rear,no,no,no,no,no,False
102599358,METROPOLITAN NASHVILLE POLICE DEPT,20190900264,Davidson,Nashville,12/16/2019 1:26:00 PM,2,1,0,36.161200,-86.792680,CHARLOTTE AV,,,,0.00,,,GEORGE L DAVIS BLVD,,,,0.00,Y,Four-Way,N,Intersection,None,,,         ,James,Hill,Rain,Angle,no,no,no,no,no,False
102599363,METROPOLITAN NASHVILLE POLICE DEPT,20190900277,Davidson,Not in City Limit,12/16/2019 1:30:00 PM,2,1,0,36.279980,-86.691240,MYATT DR,,,,0.00,,,MYATT INDUSTRIAL DR,,,,0.00,Y,T-Intersection,N,Non-Junction,None,,,         ,Alejandro,Ramos,Rain,Front to Rear,no,no,no,no,no,False
102599374,METROPOLITAN NASHVILLE POLICE DEPT,20190900350,Davidson,Nashville,12/16/2019 2:20:00 PM,2,0,0,36.158230,-86.791050,I 40,,,,0.00,,,,,,,209.00,N,Not at Intersection, ,Non-Junction,None,,,         ,Isaac,Wood,Rain,"Sideswipe, Same Direction",no,no,no,no,yes,False
102599384,VANDERBILT UNIVERSITY POLICE,20190900335,Davidson,Nashville,12/16/2019 2:00:00 PM,1,0,0,36.139620,-86.800500,21ST AVS,,,,0.00,,,PIERCE AV,,,,0.00,Y,Four-Way, ,Intersection,None,,,         ,Jason,Bates,Rain,Not Collision with Motor Vehicle in Transport,no,no,no,no,no,Campus
102599389,METROPOLITAN NASHVILLE POLICE DEPT,20190900441,Davidson,Nashville,12/16/2019 12:00:00 AM,1,0,0,36.079790,-86.720370,RECOVERY RD,,,,257.00,Feet,North,HARDING PL,,,,0.00,N,Not at Intersection,N,Non-Junction,None,,,         ,Ryan,Sherry,Rain,Not Collision with Motor Vehicle in Transport,no,no,no,no,yes,False
102599395,METROPOLITAN NASHVILLE POLICE DEPT,20190900423,Davidson,Nashville,12/16/2019 3:03:00 PM,1,0,0,36.101450,-86.730520,SOUTHLAKE DR,,,,194.00,Feet,North,ANTIOCH PKE,,,,0.00,N,Not at Intersection,N,Non-Junction,None,,,         ,Patrick,Martin,Cloudy,Not Collision with Motor Vehicle in Transport,no,no,no,no,no,False
102599398,METROPOLITAN NASHVILLE POLICE DEPT,20190894648,Davidson,Nashville,12/13/2019 4:19:00 PM,1,1,0,36.214880,-86.730240,GALLATIN PKE,,,,164.00,Feet,North,STRATFORD AV,,,,0.00,N,Not at Intersection,N,Non-Junction,None,,,         ,Ryan,Allen,Rain,Not Collision with Motor Vehicle in Transport,yes,no,no,no,no,False
102599403,METROPOLITAN NASHVILLE POLICE DEPT,20190900402,Davidson,Nashville,12/16/2019 2:25:00 PM,2,0,0,36.157320,-86.802710,CHARLOTTE AV,,,,0.00,Feet,East,JO JOHNSTON AV,,,,0.00,N,Not at Intersection, ,Non-Junction,None,,,         ,Melvin,Taylor,Clear,Angle,no,no,no,no,no,False
102599410,METROPOLITAN NASHVILLE POLICE DEPT,20190900519,Davidson,Nashville,12/15/2019 12:00:00 AM,1,0,0,36.143100,-86.827760,PILCHER AVE,,,,238.00,Feet,West,36TH AVE N,,,,0.00,N,Not at Intersection,N,Non-Junction,None,,,         ,Molly,Page,Clear,Not Collision with Motor Vehicle in Transport,no,no,no,yes,yes,False
102599415,METROPOLITAN NASHVILLE POLICE DEPT,20190900406,Davidson,Nashville,12/16/2019 2:50:00 PM,2,1,0,36.138300,-86.881530,CHARLOTTE PKE,,,,397.00,Feet,West,HILLWOOD BLVD,,,,0.00,N,Not at Intersection,N,Non-Junction,None,,,         ,Jeremy,Huffine,Rain,Angle,no,no,no,yes,yes,False
102599418,METROPOLITAN NASHVILLE POLICE DEPT,20190900485,Davidson,Nashville,12/16/2019 3:30:00 PM,2,0,0,36.177850,-86.645000,LEBANON PKE,,,,484.00,Feet,North,WELLINGTON SQ,,,,0.00,N,Not at Intersection, ,Non-Junction,None,,,         ,Jason,Milyaro Lucas,Rain,Front to Rear,no,no,no,no,no,False
102599427,METROPOLITAN NASHVILLE POLICE DEPT,20190900440,Davidson,Nashville,12/16/2019 2:11:00 PM,2,1,0,36.173920,-86.762510,MAIN ST,,,,101.00,Feet,East,N 6TH ST,,,,0.00,N,Not at Intersection,N,Non-Junction,None,,,         ,Marc,Kozen,Rain,Front to Rear,no,no,no,no,yes,False
102599436,METROPOLITAN NASHVILLE POLICE DEPT,20190900340,Davidson,Nashville,12/16/2019 2:25:00 PM,1,1,0,36.224460,-86.774540,I 65,,,,0.00,,,,,,,88.55,N,Not at Intersection,N,Non-Junction,None,,,         ,Peter,Kinsey,Rain,Not Collision with Motor Vehicle in Transport,no,no,no,no,no,False
102599439,METROPOLITAN NASHVILLE POLICE DEPT,20190900581,Davidson,Nashville,12/16/2019 4:05:00 PM,2,0,0,36.110470,-86.744980,NOLENSVILLE PKE,,,,114.00,Feet,North,COLLIER AV,,,,0.00,N,Not at Intersection,N,Non-Junction,None,,,         ,Eric,Laury,Rain,"Sideswipe, Same Direction",no,no,no,no,yes,False
102599443,METROPOLITAN NASHVILLE POLICE DEPT,20190900501,Davidson,Nashville,12/16/2019 12:00:00 AM,3,0,0,36.149350,-86.861320,CHARLOTTE PKE,,,,426.00,Feet,West,OCEOLA AV,,,,0.00,N,Not at Intersection, ,Non-Junction,None,,,         ,Keenan,McCann,Unknown,Front to Rear,no,no,no,no,no,False
102599449,GOODLETTSVILLE POLICE DEPT,19-46916,Davidson,Goodlettsville,12/16/2019 3:55:00 PM,2,1,0,36.323080,-86.699440,NORTHCREEK BLVD,,,,0.00,,,NORTHGATE CIR,,,,0.00,Y,T-Intersection,N,Intersection-Related,None,,,         ,Rico,Jones,Rain,Angle,no,no,no,no,no,False
102599450,METROPOLITAN NASHVILLE POLICE DEPT,20190900491,Davidson,Nashville,12/16/2019 2:20:00 PM,2,0,0,36.162900,-86.873850,24TH ST,,,,8.00,Feet,North,FRISCO AV,,,,0.00,N,Not at Intersection,N,Non-Junction,None,,,         ,Clayton,Smith,Rain,Angle,no,no,no,no,no,False
102599452,METROPOLITAN NASHVILLE POLICE DEPT,20190900371,Davidson,Nashville,12/16/2019 1:53:00 PM,2,0,0,36.163170,-86.780190,5TH AVN,,,,0.00,,,CHURCH ST,,,,0.00,Y,Four-Way,Y,Intersection,None,,,         ,David,Snowden,Rain,Angle,no,no,no,no,no,False
102599460,METROPOLITAN NASHVILLE POLICE DEPT,20190900459,Davidson,Nashville,12/16/2019 3:17:00 PM,2,0,0,36.207060,-86.871010,BRILEY PKWY S ENT RAMP,,,,0.00,Feet,East,BRILEY PKWY N EXT RAMP,,,,0.00,N,Not at Intersection,N,Non-Junction,None,,,         ,Peter,Kinsey,Rain,Front to Rear,no,no,no,no,yes,False
102599462,METROPOLITAN NASHVILLE POLICE DEPT,20190900626,Davidson,Nashville,12/16/2019 4:47:00 PM,2,0,0,36.167600,-86.659270,LEBANON PKE,,,,763.00,Feet,West,DONELSONWOOD DR,,,,0.00,N,Not at Intersection, ,,None,,,         ,Samuel,Sundra,,,no,no,no,no,no,False
102599466,METROPOLITAN NASHVILLE POLICE DEPT,20190900449,Davidson,Nashville,12/16/2019 3:10:00 PM,2,0,0,36.027940,-86.665900,PETTUS RD,,,,2014.00,Feet,East,BLUE HOLE RD,,,,0.00,N,Not at Intersection,N,Non-Junction,None,,,         ,Jesse,Cox,Rain,"Sideswipe, Opposite Direction",no,no,no,no,no,False
102599467,METROPOLITAN NASHVILLE POLICE DEPT,20190900621,Davidson,Nashville,12/16/2019 4:42:00 PM,2,0,0,36.043130,-86.654980,I 24,,,,0.00,,,,,,,59.65,N,Not at Intersection, ,,None,,,         ,Patrick,Martin,,,no,no,no,no,no,False
102599475,METROPOLITAN NASHVILLE POLICE DEPT,20190900605,Davidson,Nashville,12/16/2019 4:37:00 PM,2,0,0,36.173630,-86.763260,MAIN ST,,,,39.00,Feet,East,S 6TH ST,,,,0.00,N,Not at Intersection, ,Non-Junction,None,,,         ,Kevin,Clausius,Rain,Front to Rear,no,no,no,no,no,False
102599476,METROPOLITAN NASHVILLE POLICE DEPT,20190900671,Davidson,Nashville,12/16/2019 5:21:00 PM,2,0,0,36.088530,-86.701710,I24 W ENT RAMP,,,,0.00,Feet,East,I 24,,,,0.00,N,Not at Intersection,N,Non-Junction,None,,,         ,Jarret,Sonnenberg,Rain,Front to Rear,no,no,no,no,yes,False
102599478,VANDERBILT UNIVERSITY POLICE,20190900523,Davidson,Nashville,12/16/2019 3:55:00 PM,2,0,0,36.146730,-86.808870,WEST END AV,,,,83.00,Feet,West,25TH AVN,,,,0.00,N,Not at Intersection, ,Non-Junction,None,,,         ,O'Darra,Beauvais,Rain,"Sideswipe, Opposite Direction",no,no,no,no,no,Campus
102599485,METROPOLITAN NASHVILLE POLICE DEPT,20190900684,Davidson,Nashville,12/16/2019 5:25:00 PM,2,0,0,36.114330,-86.724490,I 24,,,,0.00,,,,,,,53.30,N,Not at Intersection, ,Non-Junction,None,,,         ,Ryan,Sherry,Rain,Front to Rear,no,no,no,no,no,False
102599490,METROPOLITAN NASHVILLE POLICE DEPT,20190900692,Davidson,Nashville,12/16/2019 5:11:00 PM,2,0,0,36.153210,-86.775420,LAFAYETTE ST,,,,34.00,Feet,East,6TH AVS,,,,0.00,N,Not at Intersection,N,Non-Junction,None,,,         ,Jordan,Vrbas,Rain,Front to Rear,no,no,no,no,no,False
102599492,METROPOLITAN NASHVILLE POLICE DEPT,20190900690,Davidson,Nashville,12/16/2019 4:30:00 PM,2,0,0,36.042850,-86.655020,I 24,,,,0.00,,,,,,,59.70,N,Not at Intersection,N,Non-Junction,None,,,         ,Ian,Wilson,Rain,Front to Rear,no,no,no,no,yes,False
102599493,METROPOLITAN NASHVILLE POLICE DEPT,20190900659,Davidson,Not in City Limit,12/16/2019 5:15:00 PM,2,0,0,36.269210,-86.755750,DICKERSON PKE,,,,18.00,Feet,South,OLD HICKORY BLVD,,,,0.00,N,Not at Intersection,N,Non-Junction,None,,,         ,John,Walden,Rain,Angle,no,no,no,no,no,False
102599496,METROPOLITAN NASHVILLE POLICE DEPT,20190900649,Davidson,Nashville,12/16/2019 5:00:00 PM,2,0,0,36.174530,-86.760940,MAIN ST,,,,0.00,,,N 7TH ST,,,,0.00,Y,Four-Way,N,Intersection,None,,,         ,Marc,Kozen,Rain,"Sideswipe, Opposite Direction",no,no,no,no,yes,False
102599497,METROPOLITAN NASHVILLE POLICE DEPT,20190900668,Davidson,Nashville,12/16/2019 4:11:00 PM,2,0,0,36.207620,-86.785240,W TRINITY LN,,,,96.00,Feet,East,LIBERIA ST,,,,0.00,N,Not at Intersection, ,Non-Junction,None,,,         ,Kiana,Perry,Rain,Front to Rear,no,no,no,no,no,False
102599501,METROPOLITAN NASHVILLE POLICE DEPT,20190900665,Davidson,Nashville,12/16/2019 5:18:00 PM,2,0,0,36.114330,-86.724490,I 24,,,,0.00,,,,,,,53.30,N,Not at Intersection, ,Non-Junction,None,,,         ,Ryan,Sherry,Rain,"Sideswipe, Same Direction",no,no,no,no,no,False
102599503,THP District 5 - Fall Branch,319082248,Davidson,Nashville,12/16/2019 5:10:00 PM,1,0,0,36.157210,-86.634510,STEWARTS FERRY PKE,,,,420.00,Feet,East,MCCRORY CREEK RD,,,,0.00,N,Not at Intersection,N,"Driveway, Alley Access, etc",None,,,         ,Dylan,Reid,Rain,Not Collision with Motor Vehicle in Transport,no,no,no,no,no,False
102599509,METROPOLITAN NASHVILLE POLICE DEPT,20190900753,Davidson,Nashville,12/16/2019 6:01:00 PM,2,3,0,36.153900,-86.625640,STEWARTS FERRY PKE,,,,0.00,Feet,East,PERCY PRIEST DR,,,,0.00,N,Not at Intersection,N,Non-Junction,None,,,         ,Deandera,Payne,Rain,Angle,no,no,no,no,no,False
102599510,METROPOLITAN NASHVILLE POLICE DEPT,20190900631,Davidson,Nashville,12/16/2019 4:10:00 PM,2,0,0,36.155090,-86.788730,I 40,,,,0.00,,,,,,,209.20,N,Not at Intersection, ,Non-Junction,None,,,         ,Jason,King,Rain,"Sideswipe, Same Direction",no,no,no,no,no,False
102599511,METROPOLITAN NASHVILLE POLICE DEPT,20190900656,Davidson,Nashville,12/16/2019 5:13:00 PM,2,0,0,36.119330,-86.729940,GLENROSE AV,,,,50.00,Feet,East,WHITSETT RD,,,,0.00,N,Not at Intersection, ,,None,,,         ,Jesse,Cox,,,no,no,no,no,no,False
102599515,METROPOLITAN NASHVILLE POLICE DEPT,20190900681,Davidson,Nashville,12/16/2019 5:27:00 PM,2,0,0,36.151290,-86.857770,WHITE BRIDGE PKE,,,,53.00,Feet,North,WHITE BRIDGE PL,,,,0.00,N,Not at Intersection, ,,None,,,         ,Clayton,Smith,,,no,no,no,no,no,False
102599516,METROPOLITAN NASHVILLE POLICE DEPT,20190900674,Davidson,Nashville,12/16/2019 12:00:00 AM,2,0,0,36.162970,-86.761460,I 24,,,,0.00,,,,,,,49.25,N,Not at Intersection,N,Non-Junction,None,,,         ,Gordon,Stovall,Rain,"Sideswipe, Same Direction",no,no,no,no,no,False
102599523,METROPOLITAN NASHVILLE POLICE DEPT,20190900714,Davidson,Nashville,12/16/2019 5:40:00 PM,2,0,0,36.146440,-86.762910,TRIMBLE ST,,,,15.00,Feet,East,WHARF AV,,,,0.00,N,Not at Intersection, ,Non-Junction,None,,,         ,Ciarra,Rench,Rain,Angle,no,no,no,no,no,False
102599526,METROPOLITAN NASHVILLE POLICE DEPT,20190900766,Davidson,Nashville,12/16/2019 6:09:00 PM,2,0,0,36.124560,-86.700030,SATURN DR,,,,0.00,,,GOODBAR DR,,,,0.00,Y,Four-Way,N,Intersection-Related,None,,,         ,William,Badger,Rain,"Sideswipe, Opposite Direction",no,no,no,no,yes,False
102599544,METROPOLITAN NASHVILLE POLICE DEPT,20190900636,Davidson,Nashville,12/16/2019 4:56:00 PM,2,0,0,36.252060,-86.743270,DUE WEST AVN,,,,703.00,Feet,South,PORT DR,,,,0.00,N,Not at Intersection,N,Non-Junction,None,,,         ,Robert,Leverick,Rain,Angle,no,no,no,no,no,False
102599545,METROPOLITAN NASHVILLE POLICE DEPT,20190900686,Davidson,Nashville,12/16/2019 4:27:00 PM,2,0,0,36.250730,-86.741000,I 65,,,,0.00,,,,,,,91.25,N,Not at Intersection, ,Non-Junction,None,,,         ,Jacob,Krispin,Rain,Front to Rear,no,no,no,no,no,False
102599565,METROPOLITAN NASHVILLE POLICE DEPT,20190900488,Davidson,Not in City Limit,12/16/2019 2:45:00 PM,2,0,0,35.997600,-86.690910,NOLENSVILLE PKE,,,,401.00,Feet,West,CONCORD RD,,,,0.00,N,Not at Intersection, ,Non-Junction,None,,,         ,Donovan,Coble,Clear,Front to Rear,no,no,no,no,no,False
102599577,GOODLETTSVILLE POLICE DEPT,19-46922,Davidson,Goodlettsville,12/16/2019 5:42:00 PM,2,0,0,36.324500,-86.704420,I65 N ENT RAMP,,,,0.00,,,I 65,,,,0.00,Y,Y-Intersection,N,Entrance/Exit Ramp Related,None,,,         ,Zachary,Scannell,Rain,Front to Rear,no,no,no,no,no,False
102599581,METROPOLITAN NASHVILLE POLICE DEPT,20190900754,Davidson,Nashville,12/16/2019 5:55:00 PM,4,0,0,36.216220,-86.747950,ELLINGTON PKWYS,,,,288.00,Feet,North,ELLINGTON PKWYN,,,,0.00,N,Not at Intersection,N,Non-Junction,None,,,         ,Cooper,HIll,Rain,Front to Rear,no,no,no,no,yes,False
102599584,METROPOLITAN NASHVILLE POLICE DEPT,20190900748,Davidson,Not in City Limit,12/16/2019 5:55:00 PM,2,0,0,36.054090,-86.950600,OLD HARDING PKE,,,,0.00,,,POPLAR CREEK RD,,,,0.00,Y,T-Intersection,Y,Intersection,None,,,         ,William,Vanbergen,Rain,Angle,no,no,no,no,no,False
102599588,METROPOLITAN NASHVILLE POLICE DEPT,20190900847,Davidson,Nashville,12/16/2019 7:00:00 PM,2,0,0,36.175630,-86.692410,BRILEY PKWYS,,,,607.00,Feet,North,CRESTLINE DR,,,,0.00,N,Not at Intersection,N,Non-Junction,None,,,         ,Kimberly,Forsyth,Rain,Front to Rear,no,no,no,no,no,False
102599589,METROPOLITAN NASHVILLE POLICE DEPT,20190900829,Davidson,Nashville,12/16/2019 5:50:00 PM,2,0,0,36.176810,-86.776710,SPRING ST,,,,157.00,Feet,West,COWAN ST,,,,0.00,N,Not at Intersection,N,Non-Junction,None,,,         ,Jordan,Vrbas,Rain,"Sideswipe, Same Direction",no,no,no,no,no,False
102599591,METROPOLITAN NASHVILLE POLICE DEPT,20190900817,Davidson,Nashville,12/16/2019 6:35:00 PM,2,2,0,36.132800,-86.727160,I 24,,,,0.00,,,,,,,52.00,N,Not at Intersection,N,Non-Junction,None,,,         ,Patrick,Martin,Rain,Front to Rear,no,no,no,no,no,False
102599601,METROPOLITAN NASHVILLE POLICE DEPT,20190900530,Davidson,Nashville,12/16/2019 3:51:00 PM,1,2,0,36.194360,-86.776270,I 65,,,,0.00,,,,,,,86.50,N,Not at Intersection,N,Non-Junction,None,,,         ,John,Jones,Rain,Not Collision with Motor Vehicle in Transport,no,no,no,no,no,False
102599614,METROPOLITAN NASHVILLE POLICE DEPT,20190900821,Davidson,Nashville,12/16/2019 5:50:00 PM,2,0,0,36.034310,-86.743570,EDMONDSON PKE,,,,0.00,,,FRONTIER LN,,,,0.00,Y,Four-Way, ,,None,,,         ,Donovan,Coble,,,no,no,no,no,no,False
102599617,METROPOLITAN NASHVILLE POLICE DEPT,20190900739,Davidson,Nashville,12/16/2019 4:45:00 PM,2,0,0,36.157440,-86.770530,HERMITAGE AV,,,,0.00,,,PEABODY ST,,,,0.00,Y,Four-Way,Y,Intersection,None,,,         ,Jason,King,Rain,HeadOn,no,no,no,no,no,False
102599618,METROPOLITAN NASHVILLE POLICE DEPT,20190900725,Davidson,Nashville,12/16/2019 5:11:00 PM,2,0,0,36.066670,-86.717940,NORTHCREST DR,,,,0.00,,,NOLENSVILLE PKE,,,,0.00,Y,Four-Way, ,Intersection,None,,,         ,Sean,Weaver,Clear,Angle,no,no,no,no,no,False
102599638,METROPOLITAN NASHVILLE POLICE DEPT,20190900948,Davidson,Nashville,12/16/2019 12:00:00 AM,1,0,0,36.065060,-86.679600,ANTIOCH PKE,,,,234.00,Feet,South,REEVES RD,,,,0.00,N,Not at Intersection,N,Non-Junction,None,,,         ,Madison,Meiss,Rain,Unknown,no,no,no,no,yes,False
102599639,METROPOLITAN NASHVILLE POLICE DEPT,20190900896,Davidson,Nashville,12/16/2019 7:30:00 PM,2,2,0,36.068990,-86.681200,RICHARDS RD,,,,0.00,,,CUMMINGS PARK DR,,,,0.00,Y,Four-Way,N,Intersection,None,,,         ,Jesse,Cox,Rain,Angle,no,no,no,no,no,False
102599640,METROPOLITAN NASHVILLE POLICE DEPT,20190900911,Davidson,Nashville,12/16/2019 7:51:00 PM,2,1,0,36.116280,-86.777770,I440 W ENT RAMP,,,,0.00,,,I 440,,,,0.00,Y,Y-Intersection,N,OtherLocation,Construction Zone,Lane Shift-Crossover,Unknown,         ,FELIKS,ABRAHAMYAN,Rain,Front to Rear,no,no,no,no,no,False
102599641,METROPOLITAN NASHVILLE POLICE DEPT,20190900761,Davidson,Nashville,12/16/2019 5:15:00 PM,1,0,0,36.154760,-86.830970,I 40,,,,0.00,,,,,,,205.45,N,Not at Intersection,N,Non-Junction,None,,,         ,Molly,Page,Rain,Not Collision with Motor Vehicle in Transport,no,no,no,no,no,False
102599642,METROPOLITAN NASHVILLE POLICE DEPT,20190900768,Davidson,Nashville,12/16/2019 5:17:00 PM,2,0,0,36.156630,-86.768670,HERMITAGE AV,,,,0.00,,,LEA AV,,,,0.00,Y,Four-Way,N,Intersection-Related,None,,,         ,David,Snowden,Rain,Angle,no,no,no,no,no,False
102599643,METROPOLITAN NASHVILLE POLICE DEPT,20190900950,Davidson,Nashville,12/16/2019 8:16:00 PM,2,0,0,36.191810,-86.782130,I 65,,,,0.00,,,,,,,86.20,N,Not at Intersection, ,,None,,,         ,Bailee,Hickman,,,no,no,no,no,no,False
102599647,METROPOLITAN NASHVILLE POLICE DEPT,20190900800,Davidson,Nashville,12/16/2019 6:29:00 PM,2,0,0,36.122200,-86.794730,BELMONT BLVD,,,,71.00,Feet,South,PARIS AVE,,,,0.00,N,Not at Intersection, ,,None,,,         ,Gabriel,Hamilton,,,no,no,no,no,no,False
102599664,METROPOLITAN NASHVILLE POLICE DEPT,20190900617,Davidson,Nashville,12/16/2019 3:30:00 PM,2,1,0,36.125060,-86.816030,SHARONDALE DR,,,,0.00,Feet,,WOODLAWN DR,,,,0.00,Y,Four-Way,N,Intersection-Related,None,,,         ,Torian,Cox,,"Sideswipe, Opposite Direction",no,no,no,no,no,False
102599675,METROPOLITAN NASHVILLE POLICE DEPT,20190900996,Davidson,Nashville,12/16/2019 8:21:00 PM,2,0,0,36.074540,-86.638710,MURFREESBORO PKE,,,,28.00,Feet,North,RURAL HILL RD,,,,0.00,N,Not at Intersection,N,Non-Junction,None,,,         ,Patrick,Martin,Rain,Front to Rear,no,no,no,no,yes,False
102599683,METROPOLITAN NASHVILLE POLICE DEPT,20190900909,Davidson,Nashville,12/16/2019 7:22:00 PM,2,0,0,36.091780,-86.735360,NOLENSVILLE PKE,,,,157.00,Feet,North,YELTON CT,,,,0.00,N,Not at Intersection,N,Non-Junction,None,,,         ,Steven,Begley,Rain,Rear to Side,no,no,no,yes,yes,False
102599686,METROPOLITAN NASHVILLE POLICE DEPT,20190900747,Davidson,Not in City Limit,12/16/2019 5:07:00 PM,2,1,0,36.263170,-86.713060,OLD HICKORY BLVDW,,,,8.00,Feet,East,OLD TIME VILLAGE PVTDR,,,,0.00,N,Not at Intersection,N,Non-Junction,None,,,         ,DuJuan,Kendrick,Rain,Front to Rear,no,no,no,no,no,False
102599688,METROPOLITAN NASHVILLE POLICE DEPT,20190900884,Davidson,Nashville,12/16/2019 7:27:00 PM,2,2,0,36.183130,-86.775300,I 24,,,,0.00,,,,,,,47.40,N,Not at Intersection,N,Non-Junction,None,,,         ,Steffani,Dahlstrom,Rain,"Sideswipe, Same Direction",no,no,no,no,no,False