master_record_number,agency,agency_tracking_number,county,city,collision_date,vehicles_involved,number_injured,number_dead,latitude,longitude,roadway_name,roadway_suffix,roadway_number,roadway_local_id,distance_from_reference,miles-feet_indicator,direction_from_reference,intersection_road_name,intersection_road_name_suffix,intersection_road_number,intersection_local_id,mile_marker,intersection_indicator,intersect_type,interchange_related_indicator,relation_to_junction,work_zone_type,construction_maintenance_zone,construction_maintenance_zone_location,fatal_case_number,officer_first_name,officer_last_name,weather_condition(s),manner_of_crash,pedestrian,bicycle,scooter,parking,hitrun,mou
102602723,METROPOLITAN NASHVILLE POLICE DEPT,20190909973,Davidson,Nashville,12/20/2019 8:43:00 AM,2,0,0,36.144100,-86.738550,I 40,,,,0.00,,,,,,,212.40,N,Not at Intersection, ,Non-Junction,None,,,         ,Michael,Dance,Clear,"Sideswipe, Same Direction",no,no,no,no,no,False
102602735,METROPOLITAN NASHVILLE POLICE DEPT,20190909986,Davidson,Nashville,12/20/2019 8:40:00 AM,2,0,0,36.047840,-86.612050,MURFREESBORO PKE,,,,1284.00,Feet,North,MOUNTAIN SPRINGS RD,,,,0.00,N,Not at Intersection,N,Non-Junction,None,,,         ,Nelson,Hemingway,Clear,Front to Rear,no,no,no,no,no,False
102602737,METROPOLITAN NASHVILLE POLICE DEPT,20190909947,Davidson,Nashville,12/20/2019 8:25:00 AM,1,1,0,36.156250,-86.782880,10TH AVS,,,,74.00,Feet,North,DEMONBREUN ST,,,,0.00,N,Not at Intersection,N,Non-Junction,None,,,         ,Garrett,Short,Clear,Not Collision with Motor Vehicle in Transport,yes,no,no,no,no,False
102602781,GOODLETTSVILLE POLICE DEPT,19-47385,Davidson,Goodlettsville,12/20/2019 10:05:00 AM,2,0,0,36.325930,-86.714020,N MAIN ST,,,,42.00,Feet,South,OLD BRICK CHURCH PKE,,,,0.00,N,Not at Intersection, ,Non-Junction,None,,,         ,George,Forbes,Clear,"Sideswipe, Same Direction",no,no,no,no,no,False
102602785,METROPOLITAN NASHVILLE POLICE DEPT,20190909872,Davidson,Nashville,12/20/2019 7:48:00 AM,2,0,0,36.153190,-86.718300,LEBANON PKE,,,,339.00,Feet,West,LEBANON PIKE CIR,,,,0.00,N,Not at Intersection,N,Non-Junction,None,,,         ,Thomas,Odom,Clear,Angle,no,no,no,yes,yes,False
102602786,METROPOLITAN NASHVILLE POLICE DEPT,20190909825,Davidson,Nashville,12/20/2019 7:17:00 AM,2,0,0,36.182140,-86.608120,OLD HICKORY BLVD,,,,0.00,,,FRIST BLVD,,,,0.00,Y,Four-Way, ,Non-Junction,None,,,         ,Thomas,Odom,Clear,Front to Rear,no,no,no,no,no,False
102602792,METROPOLITAN NASHVILLE POLICE DEPT,20190910079,Davidson,Nashville,12/20/2019 9:45:00 AM,2,0,0,36.176140,-86.790160,6TH AVN,,,,52.00,Feet,South,MONROE ST,,,,0.00,N,Not at Intersection, ,Non-Junction,None,,,         ,Wesley,Young,Clear,"Sideswipe, Same Direction",no,no,no,no,no,False
102602803,METROPOLITAN NASHVILLE POLICE DEPT,20190910211,Davidson,Nashville,12/20/2019 10:00:00 AM,2,0,0,36.045370,-86.713260,NOLENSVILLE PKE,,,,0.00,,,OLD HICKORY BLVD,,,,0.00,Y,Four-Way, ,Intersection,None,,,         ,Thomas,White,Clear,"Sideswipe, Same Direction",no,no,no,no,no,False
102602825,METROPOLITAN NASHVILLE POLICE DEPT,20190910095,Davidson,Nashville,12/20/2019 9:53:00 AM,2,0,0,36.129640,-86.727130,I 24,,,,0.00,,,,,,,51.20,N,Not at Intersection,N,Non-Junction,None,,,         ,Todd,Watson,Clear,Front to Rear,no,no,no,no,no,False
102602826,METROPOLITAN NASHVILLE POLICE DEPT,20190910210,Davidson,Nashville,12/20/2019 10:20:00 AM,2,4,0,36.146830,-86.808630,US HWY 70S,,,,18.00,Feet,West,25TH AVE N,,,,0.00,N,Not at Intersection,N,Non-Junction,None,,,         ,Gregory,Scott,Clear,Front to Rear,no,no,no,no,no,Campus
102602828,METROPOLITAN NASHVILLE POLICE DEPT,20190910233,Davidson,Nashville,12/20/2019 10:59:00 AM,2,1,0,36.196230,-86.687530,BRILEY PKWY N EXT RAMP,,,,176.00,Feet,South,BRILEY PKWYN,,,,0.00,N,Not at Intersection, ,Non-Junction,None,,,         ,Michael,Dance,Clear,Front to Rear,no,no,no,no,no,False
102602832,METROPOLITAN NASHVILLE POLICE DEPT,20190910245,Davidson,Not in City Limit,12/20/2019 1:00:00 AM,1,0,0,36.270660,-86.705390,ROOSEVELT AV,,,,0.00,,,CEDARCREST AV,,,,0.00,Y,Four-Way,N,Intersection,None,,,         ,Samuel,Kersten,Clear,Not Collision with Motor Vehicle in Transport,no,no,no,no,yes,False
102602838,VANDERBILT UNIVERSITY POLICE,20190910204,Davidson,Nashville,12/20/2019 10:40:00 AM,2,0,0,36.108300,-86.764810,POWELL AV,,,,644.00,Feet,North,POWELL PL,,,,0.00,N,Not at Intersection, ,Non-Junction,None,,,         ,Devon,Ross,Clear,Rear to Side,no,no,no,yes,no,OHO
102602840,METROPOLITAN NASHVILLE POLICE DEPT,20190907176,Davidson,Antioch,12/19/2019 6:43:00 AM,2,0,0,36.055400,-86.584050,HAMILTON CHURCH RD,,,,0.00,,,S SHORE DR,,,,0.00,Y,T-Intersection,N,Intersection,None,,,         ,Amy,Hirschmann,Clear,Angle,no,no,no,no,no,False
102602841,METROPOLITAN NASHVILLE POLICE DEPT,20190910309,Davidson,Nashville,12/20/2019 11:38:00 AM,2,0,0,36.149740,-86.848420,51ST AVN,,,,0.00,,,ELKINS AV,,,,0.00,Y,Four-Way,N,Intersection,None,,,         ,Curtis,Rich,Clear,Angle,no,no,no,no,no,False
102602846,METROPOLITAN NASHVILLE POLICE DEPT,20190910243,Davidson,Nashville,12/20/2019 11:03:00 AM,2,0,0,36.195630,-86.687490,BRILEY PKWYN,,,,264.00,Feet,South,BRILEY PKWY N EXT RAMP,,,,0.00,N,Not at Intersection, ,Non-Junction,None,,,         ,Michael,Dance,Clear,Front to Rear,no,no,no,no,no,False
102602849,METROPOLITAN NASHVILLE POLICE DEPT,20190910355,Davidson,Nashville,12/20/2019 12:09:00 PM,1,0,0,36.172720,-86.649310,LEBANON PKE,,,,66.00,Feet,East,DISSPAYNE DR,,,,0.00,N,Not at Intersection, ,Non-Junction,None,,,         ,Tien,Nguyen,Clear,Not Collision with Motor Vehicle in Transport,no,no,no,no,no,False
102602873,Metro Park Police,19-090015,Davidson,Nashville,12/20/2019 9:00:00 AM,2,0,0,36.187190,-86.822240,ED TEMPLE BLVD,,,,352.00,Feet,South,ROSA L PARKS BLVD,,,,0.00,N,Not at Intersection,N,Non-Junction,None,,,         ,Darrell,Howse,,"Sideswipe, Same Direction",no,no,no,no,no,False
102602900,METROPOLITAN NASHVILLE POLICE DEPT,20190910427,Davidson,Nashville,12/20/2019 12:45:00 PM,2,0,0,36.128440,-86.713350,MURFREESBORO PKE,,,,138.00,Feet,North,PHILFRE CT,,,,0.00,N,Not at Intersection,N,Non-Junction,None,,,         ,Adam,Warren,Cloudy,Angle,no,no,no,no,yes,False
102602901,METROPOLITAN NASHVILLE POLICE DEPT,20190910387,Davidson,Nashville,12/20/2019 12:28:00 PM,2,0,0,36.109760,-86.817530,CRESTMOOR RD,,,,60.00,Feet,East,CLEGHORN AV,,,,0.00,N,Not at Intersection, ,Non-Junction,None,,,         ,Curtis,Rich,Cloudy,Angle,no,no,no,no,no,False
102602906,METROPOLITAN NASHVILLE POLICE DEPT,20190910379,Davidson,Nashville,12/20/2019 12:21:00 PM,2,0,0,36.086860,-86.695950,HARDING PL,,,,0.00,,,METROPLEX DR,,,,0.00,Y,Four-Way,N,Intersection,None,,,         ,Robert,Higgins,Clear,Angle,no,no,no,no,no,False
102602939,METROPOLITAN NASHVILLE POLICE DEPT,20190910415,Davidson,Nashville,12/20/2019 12:45:00 PM,2,0,0,36.166990,-86.795400,I 40,,,,0.00,,,,,,,208.25,N,Not at Intersection, ,Non-Junction,None,,,         ,Wesley,Young,Clear,Front to Rear,no,no,no,no,no,False
102602940,METROPOLITAN NASHVILLE POLICE DEPT,20190910423,Davidson,Nashville,12/20/2019 12:30:00 PM,2,0,0,36.161590,-86.776000,3RD AVN,,,,20.00,Feet,North,BROADWAY,,,,0.00,N,Not at Intersection,N,Non-Junction,None,,,         ,Floyd,Brown,Clear,"Sideswipe, Same Direction",no,no,no,no,yes,False
102602971,METROPOLITAN NASHVILLE POLICE DEPT,20190910441,Davidson,Nashville,12/20/2019 12:57:00 PM,2,0,0,36.129490,-86.727480,I440 W ENT RAMP,,,,0.00,Feet,East,I 24,,,,0.00,N,Not at Intersection, ,Entrance/Exit Ramp Related,None,,,         ,Tien,Nguyen,Cloudy,Front to Rear,no,no,no,no,no,False
102602977,GOODLETTSVILLE POLICE DEPT,19-47388,Davidson,Goodlettsville,12/20/2019 11:24:00 AM,2,0,0,36.325110,-86.701760,LONG HOLLOW PKE,,,,0.00,,,CONFERENCE DR,,,,0.00,Y,Four-Way, ,Non-Junction,None,,,         ,Dequionta,Rucker,Clear,Angle,no,no,no,no,no,False
102602985,METROPOLITAN NASHVILLE POLICE DEPT,20190910208,Davidson,Nashville,12/20/2019 10:51:00 AM,2,0,0,36.165860,-86.781910,5TH AVN,,,,0.00,,,CHARLOTTE AV,,,,0.00,Y,Four-Way, ,Intersection-Related,Work Zone,,,         ,Frank,Campbell,Clear,"Sideswipe, Same Direction",no,no,no,no,no,False
102602991,METROPOLITAN NASHVILLE POLICE DEPT,20190910363,Davidson,Nashville,12/20/2019 12:00:00 PM,2,2,0,36.086570,-86.691550,ANTIOCH PKE,,,,367.00,Feet,South,HARDING PL,,,,0.00,N,Not at Intersection,N,Non-Junction,None,,,         ,Honorio,Canchola,Clear,Angle,no,no,no,no,no,False
102603006,METROPOLITAN NASHVILLE POLICE DEPT,20190910254,Davidson,Nashville,12/20/2019 11:09:00 AM,1,0,0,36.186110,-86.792490,3RD AVN,,,,526.00,Feet,North,BUCHANAN ST,,,,0.00,N,Not at Intersection,N,Non-Junction,None,,,         ,Cory,West,Clear,Not Collision with Motor Vehicle in Transport,no,no,no,no,no,False
102603014,METROPOLITAN NASHVILLE POLICE DEPT,20190910465,Davidson,Nashville,12/20/2019 1:00:00 PM,2,0,0,36.043550,-86.655700,I 24,,,,0.00,,,,,,,59.60,N,Not at Intersection, ,Non-Junction,None,,,         ,Nelson,Hemingway,Clear,"Sideswipe, Same Direction",no,no,no,no,no,False
102603016,METROPOLITAN NASHVILLE POLICE DEPT,20190910522,Davidson,Nashville,12/20/2019 12:40:00 PM,1,1,0,36.085360,-86.868140,PAGE RD,,,,129.00,Feet,West,NICHOL LN,,,,0.00,N,Not at Intersection,N,Non-Junction,None,,,         ,Curtis,Rich,Cloudy,Not Collision with Motor Vehicle in Transport,no,no,no,no,no,False
102603043,METROPOLITAN NASHVILLE POLICE DEPT,20190908390,Davidson,Nashville,12/19/2019 2:45:00 PM,2,0,0,36.143060,-86.745160,MURFREESBORO PKE,,,,250.00,Feet,West,FESSLERS LN,,,,0.00,N,Not at Intersection, ,Non-Junction,None,,,         ,Ernesto,Holiday,Clear,Angle,no,no,no,no,no,False
102603047,METROPOLITAN NASHVILLE POLICE DEPT,20190910482,Davidson,Nashville,12/20/2019 1:15:00 PM,2,0,0,36.202770,-86.840440,CLARKSVILLE PKE,,,,155.00,Feet,South,ABERNATHY RD,,,,0.00,N,Not at Intersection, ,Non-Junction,None,,,         ,Keith,Parlato,Cloudy,Front to Rear,no,no,no,no,no,False
102603058,METROPOLITAN NASHVILLE POLICE DEPT,20190909939,Davidson,Nashville,12/20/2019 8:22:00 AM,2,1,0,36.040300,-86.768590,OLD HICKORY BLVD,,,,75.00,Feet,West,SEVEN SPRINGS WAY,,,,0.00,N,Not at Intersection, ,Non-Junction,None,,,         ,Earl,Davis,Clear,Front to Rear,no,no,no,no,no,False
102603064,METROPOLITAN NASHVILLE POLICE DEPT,20190910494,Davidson,Not in City Limit,12/20/2019 1:00:00 PM,2,0,0,36.017470,-87.030940,HIGHWAY 96,,,,0.00,,,HIGHWAY 100,,,,0.00,Y,T-Intersection, ,,None,,,         ,Charles,Boles,,,no,no,no,no,no,False
102603072,GOODLETTSVILLE POLICE DEPT,19-47402,Davidson,Goodlettsville,12/20/2019 1:39:00 PM,2,0,0,36.306830,-86.694420,VIETNAM VETERANS BLVD NB EXT R,,,,0.00,,,VIETNAM VETERANS BLVD NB ENT R,,,,0.00,Y,T-Intersection, ,Non-Junction,None,,,         ,George,Forbes,Clear,Front to Rear,no,no,no,no,no,False
102603073,METROPOLITAN NASHVILLE POLICE DEPT,20190907958,Davidson,Nashville,12/19/2019 1:00:00 PM,4,0,0,36.043050,-86.654840,I 24,,,,0.00,,,,,,,59.70,N,Not at Intersection, ,Non-Junction,None,,,         ,Nicholas,Carter,Clear,Front to Rear,no,no,no,no,no,False
102603076,METROPOLITAN NASHVILLE POLICE DEPT,2019091335,Davidson,Nashville,12/20/2019 11:50:00 AM,2,0,0,36.156790,-86.796650,17TH AVN,,,,0.00,Feet,,STATE ST,,,,0.00,Y,Four-Way,N,Non-Junction,None,,,         ,William,Caillouette,Clear,Angle,no,no,no,no,no,False
102603084,METROPOLITAN NASHVILLE POLICE DEPT,20190910555,Davidson,Nashville,12/20/2019 1:20:00 PM,2,1,0,36.081260,-86.759020,HARDING PL,,,,200.00,Feet,West,TROUSDALE DR,,,,0.00,N,Not at Intersection, ,Non-Junction,None,,,         ,Earl,Davis,Cloudy,Front to Rear,no,no,no,no,no,False
102603090,METROPOLITAN NASHVILLE POLICE DEPT,20190910453,Davidson,Nashville,12/20/2019 1:00:00 PM,2,2,0,36.107350,-86.719990,I 24,,,,0.00,,,,,,,53.90,N,Not at Intersection,N,Non-Junction,None,,,         ,Amy,Hirschmann,Clear,"Sideswipe, Same Direction",no,no,no,no,no,False
102603119,VANDERBILT UNIVERSITY POLICE,20190910568,Davidson,Nashville,12/20/2019 2:10:00 PM,1,0,0,36.112240,-86.766100,THOMPSON LN,,,,272.00,Feet,East,BRANSFORD AV,,,,0.00,N,Not at Intersection, ,Non-Junction,None,,,         ,Joseph,Bishop,Clear,Not Collision with Motor Vehicle in Transport,no,no,no,yes,no,False
102603142,METROPOLITAN NASHVILLE POLICE DEPT,20190908676,Davidson,Nashville,12/19/2019 6:50:00 PM,2,0,0,36.107800,-86.812670,US HWY 431,,,,0.00,,,GREEN HILLS VILLAGE DR,,,,0.00,Y,T-Intersection,N,Intersection,None,,,         ,Heather,Fox,Clear,HeadOn,no,no,no,no,no,False
102603149,METROPOLITAN NASHVILLE POLICE DEPT,20190910595,Davidson,Nashville,12/20/2019 2:45:00 PM,2,0,0,36.136290,-86.775580,I 65,,,,0.00,,,,,,,81.55,N,Not at Intersection, ,,None,,,         ,Heather,Fox,,,no,no,no,no,no,False
102603153,METROPOLITAN NASHVILLE POLICE DEPT,20190910567,Davidson,Nashville,12/20/2019 2:00:00 PM,3,1,0,35.996290,-86.689050,NOLENSVILLE PKE,,,,324.00,Feet,East,CONCORD RD,,,,0.00,N,Not at Intersection,N,Non-Junction,None,,,         ,Nelson,Hemingway,Clear,Front to Rear,no,no,no,no,no,False
102603154,METROPOLITAN NASHVILLE POLICE DEPT,20190910618,Davidson,Nashville,12/20/2019 2:45:00 PM,2,0,0,36.129950,-86.727890,I440 W ENT RAMP,,,,0.00,Feet,East,I 24,,,,0.00,N,Not at Intersection, ,,None,,,         ,Arend,Groeneweg,,,no,no,no,no,no,False
102603164,METROPOLITAN NASHVILLE POLICE DEPT,20190910518,Davidson,Goodlettsville,12/20/2019 1:40:00 PM,2,0,0,36.300750,-86.698590,RIVERGATE MALL PVTDR,,,,361.00,Feet,West,CUDE LN,,,,0.00,N,Not at Intersection, ,,None,,,         ,Brian,DeMarce,,,no,no,no,no,no,False
102603173,METROPOLITAN NASHVILLE POLICE DEPT,20190910598,Davidson,Nashville,12/20/2019 2:55:00 PM,2,0,0,36.170720,-86.804710,I 40,,,,0.00,,,,,,,207.60,N,Not at Intersection, ,Non-Junction,None,,,         ,Melvin,Taylor,Clear,"Sideswipe, Same Direction",no,no,no,no,no,False
102603175,METROPOLITAN NASHVILLE POLICE DEPT,20190910630,Davidson,Nashville,12/20/2019 2:47:00 PM,2,0,0,36.042850,-86.655020,I 24,,,,0.00,,,,,,,59.70,N,Not at Intersection,N,Non-Junction,None,,,         ,Ian,Wilson,Clear,"Sideswipe, Same Direction",no,no,no,no,yes,False
102603184,METROPOLITAN NASHVILLE POLICE DEPT,20190910593,Davidson,Nashville,12/20/2019 2:07:00 PM,2,0,0,36.125960,-86.846240,US HWY 70S,,,,102.00,Feet,East,KENNER AVE,,,,0.00,N,Not at Intersection,N,Non-Junction,None,,,         ,Molly,Page,Clear,Angle,no,no,no,no,no,False
102603226,METROPOLITAN NASHVILLE POLICE DEPT,20190910611,Davidson,Nashville,12/20/2019 3:03:00 PM,2,0,0,36.089590,-86.688520,EZELL PKE,,,,0.00,,,HARDING PL,,,,0.00,Y,Four-Way, ,Intersection,None,,,         ,Marcus,Darden,Clear,Front to Rear,no,no,no,no,no,False
102603228,METROPOLITAN NASHVILLE POLICE DEPT,20190910699,Davidson,Nashville,12/20/2019 3:12:00 PM,2,0,0,36.241230,-86.764600,BRILEY PKWYE,,,,568.00,Feet,West,BRILEY PKWYW,,,,0.00,N,Not at Intersection, ,Non-Junction,None,,,         ,Bradley,Fort,Clear,Angle,no,no,no,no,no,False
102603230,METROPOLITAN NASHVILLE POLICE DEPT,20190910628,Davidson,Not in City Limit,12/20/2019 3:08:00 PM,3,0,0,36.258600,-86.738280,I 65,,,,0.00,,,,,,,91.85,N,Not at Intersection,N,Non-Junction,None,,,         ,Evan,Grace,Cloudy,Front to Rear,no,no,no,no,no,False
102603252,METROPOLITAN NASHVILLE POLICE DEPT,20190910636,Davidson,Nashville,12/20/2019 3:00:00 PM,2,1,0,36.167860,-86.820760,ED TEMPLE BLVD,,,,24.00,Feet,North,JEFFERSON ST,,,,0.00,N,Not at Intersection,N,Non-Junction,None,,,         ,Denarius,Lawson,Clear,Front to Rear,no,no,no,no,no,False
102603266,METROPOLITAN NASHVILLE POLICE DEPT,20190910713,Davidson,Nashville,12/20/2019 3:40:00 PM,2,0,0,36.074190,-86.737800,BLACKMAN RD,,,,0.00,,,SHADESCREST DR,,,,0.00,Y,T-Intersection, ,Intersection,None,,,         ,Jarrett,Ipox,Cloudy,Angle,no,no,no,no,no,False
102603267,METROPOLITAN NASHVILLE POLICE DEPT,20190910754,Davidson,Nashville,12/20/2019 4:00:00 PM,2,0,0,36.082100,-86.761700,HARDING PL,,,,0.00,,,SIDCO DR,,,,0.00,Y,Four-Way, ,,None,,,         ,John,Chambers,,,no,no,no,no,no,False
102603270,METROPOLITAN NASHVILLE POLICE DEPT,20190910733,Davidson,Nashville,12/20/2019 3:00:00 PM,2,0,0,36.150460,-86.768020,MCCANN ST,,,,57.00,Feet,West,2ND AVS,,,,0.00,N,Not at Intersection,N,Non-Junction,None,,,         ,Eric,Laury,Clear,Angle,no,no,no,no,yes,False
102603275,METROPOLITAN NASHVILLE POLICE DEPT,20190910601,Davidson,Nashville,12/20/2019 2:44:00 PM,2,0,0,36.158420,-86.790610,US HWY 70,,,,0.00,,,CHURCH ST,,,,0.00,Y,Four-Way, ,,None,,,         ,Gabriel,Hamilton,,,no,no,no,no,no,False
102603286,METROPOLITAN NASHVILLE POLICE DEPT,20190910814,Davidson,Nashville,12/20/2019 5:00:00 PM,2,0,0,36.116060,-86.792220,I 440,,,,0.00,,,,,,,3.85,N,Not at Intersection, ,Non-Junction,None,,,         ,Conor,Cronin,Clear,Front to Rear,no,no,no,no,no,False
102603287,METROPOLITAN NASHVILLE POLICE DEPT,20190910738,Davidson,Nashville,12/20/2019 4:22:00 PM,2,0,0,36.154030,-86.787570,DEMONBREUN ST,,,,0.00,,,I40 W EXT RAMP,,,,0.00,Y,Four-Way,N,Intersection,None,,,         ,Derek,Betty,Clear,Angle,no,no,no,no,no,False
102603298,METROPOLITAN NASHVILLE POLICE DEPT,20190910779,Davidson,Nashville,12/20/2019 3:56:00 PM,2,0,0,36.186890,-86.608520,ANDREW JACKSON PKWY,,,,0.00,,,JACKSON PASS,,,,0.00,Y,T-Intersection, ,Intersection,None,,,         ,Gabriel,Vasquez,Clear,Angle,no,no,no,no,no,False
102603299,METROPOLITAN NASHVILLE POLICE DEPT,20190910831,Davidson,Nashville,12/20/2019 5:00:00 PM,2,0,0,36.157050,-86.759830,I24 W ENT RAMP,,,,0.00,Feet,East,I 24,,,,0.00,N,Not at Intersection, ,Non-Junction,None,,,         ,Kevin,Clausius,Clear,Front to Rear,no,no,no,no,no,False
102603300,METROPOLITAN NASHVILLE POLICE DEPT,20190910816,Davidson,Madison,12/20/2019 4:55:00 PM,2,1,0,36.265210,-86.737410,I 65,,,,0.00,,,,,,,92.30,N,Not at Intersection,N,Non-Junction,None,,,         ,Brian,DeMarce,Clear,"Sideswipe, Same Direction",no,no,no,no,yes,False
102603301,METROPOLITAN NASHVILLE POLICE DEPT,20190910884,Davidson,Nashville,12/20/2019 5:30:00 PM,2,0,0,36.143990,-86.776960,I 65,,,,0.00,,,,,,,82.10,N,Not at Intersection, ,,None,,,         ,Heather,Fox,,,no,no,no,no,no,False
102603302,METROPOLITAN NASHVILLE POLICE DEPT,20190910807,Davidson,Nashville,12/20/2019 5:02:00 PM,2,0,0,36.176510,-86.769720,SPRING ST,,,,0.00,,,I24 W EXT RAMP,,,,0.00,Y,Four-Way, ,Intersection,None,,,         ,Marc,Kozen,Clear,"Sideswipe, Opposite Direction",no,no,no,no,no,False
102603320,METROPOLITAN NASHVILLE POLICE DEPT,2019-0908808,Davidson,Nashville,12/19/2019 8:40:00 PM,1,2,0,36.124860,-86.665300,DONELSON PKE,,,,0.58,Miles,North,AIRPORT SERVICE RD,,,,0.00,N,Not at Intersection,N,Non-Junction,None,,,         ,James,McDugle,Clear,Not Collision with Motor Vehicle in Transport,no,no,no,no,no,False
102603322,METROPOLITAN NASHVILLE POLICE DEPT,20190910806,Davidson,Nashville,12/20/2019 5:05:00 PM,2,0,0,36.103970,-86.715720,I 24,,,,0.00,,,,,,,54.25,N,Not at Intersection, ,Non-Junction,None,,,         ,Andrew,Brazee,Clear,Front to Rear,no,no,no,no,no,False
102603326,METROPOLITAN NASHVILLE POLICE DEPT,20190910818,Davidson,Nashville,12/20/2019 5:11:00 PM,3,3,0,36.170270,-86.772860,JAMES ROBERTSON PKWY,,,,0.00,,,JAMES ROBERTSON PKWY,,,,0.00,Y,OTHER,N,Non-Junction,None,,,         ,Michael,Douglas,Clear,Front to Rear,no,no,no,no,no,False
102603328,METROPOLITAN NASHVILLE POLICE DEPT,20190910885,Davidson,Nashville,12/20/2019 5:08:00 PM,2,0,0,36.075760,-86.693860,I 24,,,,0.00,,,,,,,56.50,N,Not at Intersection, ,Non-Junction,None,,,         ,Taylor,Hurley,Clear,Angle,no,no,no,no,no,False
102603329,METROPOLITAN NASHVILLE POLICE DEPT,20190910883,Davidson,Nashville,12/20/2019 5:23:00 PM,2,0,0,36.112890,-86.689010,MURFREESBORO PKE,,,,0.00,,,MCGAVOCK PKE,,,,0.00,Y,T-Intersection, ,Non-Junction,None,,,         ,Brady,Reynolds,Clear,Other,no,no,no,no,no,False
102603331,METROPOLITAN NASHVILLE POLICE DEPT,20190910811,Davidson,Nashville,12/20/2019 4:30:00 PM,2,0,0,36.147090,-86.662160,ELM HILL PKE,,,,0.00,,,AIRPORT CENTER DR,,,,0.00,Y,T-Intersection, ,,None,,,         ,Kimberly,Forsyth,,,no,no,no,no,no,False
102603341,METROPOLITAN NASHVILLE POLICE DEPT,20190910836,Davidson,Nashville,12/20/2019 5:17:00 PM,2,0,0,36.111040,-86.754060,THOMPSON LN,,,,122.00,Feet,East,EUGENIA AV,,,,0.00,N,Not at Intersection,N,Non-Junction,None,,,         ,John,Chambers,Cloudy,Front to Rear,no,no,no,no,no,False
102603342,METROPOLITAN NASHVILLE POLICE DEPT,20190910939,Davidson,Nashville,12/20/2019 5:20:00 PM,2,0,0,36.214190,-86.597680,ANDREW JACKSON PKWY,,,,344.00,Feet,South,US HWY 70,,,,0.00,N,Not at Intersection, ,Non-Junction,None,,,         ,Gabriel,Vasquez,Clear,Front to Rear,no,no,no,no,no,False
102603343,METROPOLITAN NASHVILLE POLICE DEPT,20190910875,Davidson,Nashville,12/20/2019 5:40:00 PM,3,1,0,36.047510,-86.863450,OLD HICKORY BLVD,,,,222.00,Feet,West,HILLSBORO PKE,,,,0.00,N,Not at Intersection, ,Non-Junction,None,,,         ,Keenan,McCann,Clear,Front to Rear,no,no,no,no,no,False
102603350,METROPOLITAN NASHVILLE POLICE DEPT,20190910850,Davidson,Nashville,12/20/2019 5:27:00 PM,1,0,0,36.117470,-86.914480,I 40,,,,0.00,,,,,,,199.85,N,Not at Intersection,N,Non-Junction,None,,,         ,Edward,Starke,Clear,Not Collision with Motor Vehicle in Transport,no,no,no,no,no,False
102603351,METROPOLITAN NASHVILLE POLICE DEPT,20190910942,Davidson,Nashville,12/20/2019 6:10:00 PM,2,1,0,36.151510,-86.786480,I 40,,,,0.00,,,,,,,209.50,N,Not at Intersection,Y,Non-Junction,None,,,         ,Heather,Fox,Clear,Front to Rear,no,no,no,no,no,False
102603354,METROPOLITAN NASHVILLE POLICE DEPT,20190910822,Davidson,Nashville,12/20/2019 5:13:00 PM,2,1,0,36.150090,-86.748710,I 40,,,,0.00,,,,,,,211.70,N,Not at Intersection,N,Non-Junction,None,,,         ,Torry,Hill,Clear,Front to Rear,no,no,no,no,no,False
102603383,METROPOLITAN NASHVILLE POLICE DEPT,20190910971,Davidson,Nashville,12/20/2019 6:20:00 PM,2,0,0,36.151120,-86.769330,I 40,,,,0.00,,,,,,,210.45,N,Not at Intersection, ,Non-Junction,None,,,         ,Philip,Claibourne,Clear,"Sideswipe, Same Direction",no,no,no,no,no,False
102603384,METROPOLITAN NASHVILLE POLICE DEPT,20190910920,Davidson,Nashville,12/20/2019 5:59:00 PM,2,1,0,36.185810,-86.761940,CLEVELAND ST,,,,0.00,,,N 6TH ST,,,,0.00,Y,Four-Way,Y,Intersection,None,,,         ,Chase,Harriman,Clear,Front to Rear,no,no,no,no,no,False
102603385,METROPOLITAN NASHVILLE POLICE DEPT,20190911009,Davidson,Nashville,12/20/2019 6:43:00 PM,2,0,0,36.093840,-86.762540,I 65,,,,0.00,,,,,,,78.60,N,Not at Intersection,N,Non-Junction,None,,,         ,John,Chambers,Cloudy,"Sideswipe, Same Direction",no,no,no,no,yes,False
102603386,METROPOLITAN NASHVILLE POLICE DEPT,20190910829,Davidson,Madison,12/20/2019 4:45:00 PM,2,0,0,36.263080,-86.690460,E OLD HICKORY BLVD,,,,11.00,Feet,East,MYATT DR,,,,0.00,N,Not at Intersection, ,Non-Junction,None,,,         ,Malik,Burriss,Clear,Angle,no,no,no,no,no,False
102603387,METROPOLITAN NASHVILLE POLICE DEPT,20190910966,Davidson,Nashville,12/20/2019 6:46:00 PM,2,1,0,36.080880,-86.758630,RAMP,,,,0.00,Feet,East,TROUSDALE DR,,,,0.00,N,Not at Intersection,N,Non-Junction,None,,,         ,Jarrett,Ipox,Clear,Front to Rear,no,no,no,no,yes,False
102603388,METROPOLITAN NASHVILLE POLICE DEPT,20190910833,Davidson,Nashville,12/20/2019 5:00:00 PM,2,0,0,36.171980,-86.798930,I65 N ENT RAMP,,,,0.00,Feet,East,I 40,,,,0.00,N,Not at Intersection, ,Non-Junction,None,,,         ,Denarius,Lawson,Clear,Front to Rear,no,no,no,no,no,False