master_record_number,agency,agency_tracking_number,county,city,collision_date,vehicles_involved,number_injured,number_dead,latitude,longitude,roadway_name,roadway_suffix,roadway_number,roadway_local_id,distance_from_reference,miles-feet_indicator,direction_from_reference,intersection_road_name,intersection_road_name_suffix,intersection_road_number,intersection_local_id,mile_marker,intersection_indicator,intersect_type,interchange_related_indicator,relation_to_junction,work_zone_type,construction_maintenance_zone,construction_maintenance_zone_location,fatal_case_number,officer_first_name,officer_last_name,weather_condition(s),manner_of_crash,pedestrian,bicycle,scooter,parking,hitrun,mou
102603389,METROPOLITAN NASHVILLE POLICE DEPT,20190911018,Davidson,Nashville,12/20/2019 6:50:00 PM,4,0,0,36.162820,-86.761320,I 24,,,,0.00,,,,,,,49.30,N,Not at Intersection,N,Non-Junction,None,,,         ,Kevin,Clausius,Clear,Front to Rear,no,no,no,no,yes,False
102603390,METROPOLITAN NASHVILLE POLICE DEPT,20190910898,Davidson,Nashville,12/20/2019 12:00:00 AM,2,0,0,36.098590,-86.659390,HARDING PL,,,,6.00,Feet,South,MURFREESBORO PKE,,,,0.00,N,Not at Intersection, ,Non-Junction,None,,,         ,JA'Karyus,Redwine,Clear,Front to Rear,no,no,no,no,no,False
102603399,METROPOLITAN NASHVILLE POLICE DEPT,20190911020,Davidson,Nashville,12/20/2019 6:30:00 PM,2,1,0,36.237540,-86.757940,I 65,,,,0.00,,,,,,,89.95,N,Not at Intersection,Y,Entrance/Exit Ramp Related,None,,,         ,Cooper,HIll,Clear,Front to Rear,no,no,no,no,no,False
102603419,METROPOLITAN NASHVILLE POLICE DEPT,20190911046,Davidson,Goodlettsville,12/20/2019 6:10:00 PM,2,0,0,36.306640,-86.694250,CONFERENCE DR,,,,77.00,Feet,South,VIETNAM VETERANS BLVD NB ENT R,,,,0.00,N,Not at Intersection,N,Non-Junction,None,,,         ,Brian,DeMarce,Clear,"Sideswipe, Same Direction",no,no,no,no,yes,False
102603428,METROPOLITAN NASHVILLE POLICE DEPT,20190910956,Davidson,Nashville,12/20/2019 6:43:00 PM,2,1,0,36.079610,-86.726300,HARDING PL,,,,4.00,Feet,East,NOLENSVILLE PKE,,,,0.00,N,Not at Intersection,N,OtherLocation,None,,,         ,Edin,Plancic,Clear,Front to Rear,no,no,no,no,no,False
102603430,METROPOLITAN NASHVILLE POLICE DEPT,20190911038,Davidson,Nashville,12/20/2019 6:18:00 PM,2,1,0,36.087260,-86.730610,NOLENSVILLE PKE,,,,181.00,Feet,North,ELYSIAN FIELDS CT,,,,0.00,N,Not at Intersection,N,Non-Junction,None,,,         ,Cynthia,Quirouette,Cloudy,Front to Rear,no,no,no,no,yes,False
102603431,METROPOLITAN NASHVILLE POLICE DEPT,20190911053,Davidson,Nashville,12/20/2019 7:00:00 PM,3,1,0,36.121770,-86.760640,I 440,,,,0.00,,,,,,,5.75,N,Not at Intersection,Y,Non-Junction,None,,,         ,Heather,Fox,Clear,Front to Rear,no,no,no,no,no,False
102603434,METROPOLITAN NASHVILLE POLICE DEPT,20190910950,Davidson,Nashville,12/20/2019 6:28:00 PM,3,0,0,36.182740,-86.799130,I 65,,,,0.00,,,,,,,85.20,N,Not at Intersection,N,Non-Junction,None,,,         ,Luke,Steigerwalt,Clear,"Sideswipe, Same Direction",no,no,no,no,no,False
102603444,METROPOLITAN NASHVILLE POLICE DEPT,19-0911044,Davidson,Nashville,12/20/2019 7:30:00 PM,2,0,0,36.076940,-86.725910,EDMONDSON PKE,,,,116.00,Feet,West,WALLACE RD,,,,0.00,N,Not at Intersection,N,Non-Junction,None,,,         ,Harold,Wells,Clear,Other,no,no,no,yes,yes,False
102603445,METROPOLITAN NASHVILLE POLICE DEPT,20190911021,Davidson,Nashville,12/20/2019 6:15:00 PM,2,0,0,36.171400,-86.769010,INTERSTATE DR,,,,8.00,Feet,North,US HWY 31,,,,0.00,N,Not at Intersection, ,Non-Junction,None,,,         ,Brent,Morris,Clear,"Sideswipe, Same Direction",no,no,no,no,no,False
102603446,METROPOLITAN NASHVILLE POLICE DEPT,20190911008,Davidson,Nashville,12/20/2019 7:11:00 PM,2,0,0,36.044820,-86.668680,BELL RD,,,,92.00,Feet,West,BEECHWOOD TER,,,,0.00,N,Not at Intersection,N,Non-Junction,None,,,         ,Marcus,Darden,Clear,Angle,no,no,no,no,no,False
102603448,METROPOLITAN NASHVILLE POLICE DEPT,20190911130,Davidson,Nashville,12/20/2019 8:30:00 PM,2,1,0,36.149590,-86.772850,I40 E EXT RAMP,,,,0.00,Feet,East,I 40,,,,0.00,N,Not at Intersection,N,Non-Junction,None,,,         ,Conor,Cronin,Clear,Front to Rear,no,no,no,no,no,False
102603463,METROPOLITAN NASHVILLE POLICE DEPT,20190911113,Davidson,Nashville,12/20/2019 6:57:00 PM,1,0,0,36.240710,-86.766510,OAKVIEW DR,,,,59.00,Feet,South,BRILEY PKWYE,,,,0.00,N,Not at Intersection,N,Non-Junction,None,,,         ,Bradley,Fort,Clear,Not Collision with Motor Vehicle in Transport,no,no,no,no,no,False
102603474,METROPOLITAN NASHVILLE POLICE DEPT,20190911050,Davidson,Not in City Limit,12/20/2019 7:11:00 PM,2,0,0,36.264140,-86.735740,I65 N EXT RAMP,,,,0.00,,,OLD HICKORY BLVDW,,,,0.00,Y,T-Intersection,N,Entrance/Exit Ramp Related,None,,,         ,Michael,Fox,Clear,"Sideswipe, Same Direction",no,no,no,no,yes,False
102603475,METROPOLITAN NASHVILLE POLICE DEPT,20190911161,Davidson,Nashville,12/20/2019 7:33:00 PM,2,0,0,36.041890,-86.653360,I 24,,,,0.00,,,,,,,59.80,N,Not at Intersection,N,Non-Junction,None,,,         ,Ian,Wilson,Clear,"Sideswipe, Same Direction",no,no,no,no,yes,False
102603477,METROPOLITAN NASHVILLE POLICE DEPT,20190911142,Davidson,Nashville,12/20/2019 8:09:00 PM,2,0,0,36.119410,-86.701710,BRILEY PKWY S EXT RAMP,,,,0.00,,,MURFREESBORO PKE,,,,0.00,Y,Four-Way,N,Intersection,None,,,         ,Steven,Powers,Clear,Front to Rear,no,no,no,no,yes,False
102603478,METROPOLITAN NASHVILLE POLICE DEPT,20190910905,Davidson,Nashville,12/20/2019 6:06:00 PM,3,2,0,36.155020,-86.788870,-- UNKNOWN RAMP/ROAD --,,,,0.00,Feet,East,I 40,,,,0.00,N,Not at Intersection,N,Non-Junction,None,,,         ,Thomas,Broatch,Clear,Front to Rear,no,no,no,no,no,False
102603486,METROPOLITAN NASHVILLE POLICE DEPT,20190911084,Davidson,Nashville,12/20/2019 7:50:00 PM,2,0,0,36.120660,-86.802820,I 440,,,,0.00,,,,,,,3.00,N,Not at Intersection, ,Non-Junction,Construction Zone,,,         ,John,Roberson,Clear,"Sideswipe, Same Direction",no,no,no,no,no,False
102603494,METROPOLITAN NASHVILLE POLICE DEPT,20190911070,Davidson,Nashville,12/20/2019 6:35:00 PM,3,0,0,36.131460,-86.713970,MILLWOOD DR,,,,751.00,Feet,North,MURFREESBORO PKE,,,,0.00,N,Not at Intersection,N,OtherLocation,None,,,         ,Andrew,Anoskey,Cloudy,Angle,no,no,no,yes,yes,False
102603510,METROPOLITAN NASHVILLE POLICE DEPT,20190911172,Davidson,Nashville,12/20/2019 7:50:00 PM,2,0,0,36.205890,-86.768610,E TRINITY LN,,,,0.00,,,W TRINITY LN,,,,0.00,Y,Four-Way,N,Intersection,None,,,         ,Cooper,HIll,Clear,Front to Rear,no,no,no,no,yes,False
102603515,METROPOLITAN NASHVILLE POLICE DEPT,20190911129,Davidson,Nashville,12/20/2019 12:00:00 AM,2,0,0,36.041900,-86.712900,NOLENSVILLE PKE,,,,185.00,Feet,South,MILL CREEK WHITTLEMORE GRNWY,,,,0.00,N,Not at Intersection, ,Non-Junction,None,,,         ,JA'Karyus,Redwine,Clear,"Sideswipe, Same Direction",no,no,no,no,no,False
102603524,METROPOLITAN NASHVILLE POLICE DEPT,20190911091,Davidson,Nashville,12/20/2019 8:05:00 PM,2,0,0,36.090390,-86.626740,SMITH SPRINGS RD,,,,75.00,Feet,West,BELL RD,,,,0.00,N,Not at Intersection,N,Non-Junction,None,,,         ,Noah,Moreis,Clear,Other,no,no,no,no,no,False
102603525,METROPOLITAN NASHVILLE POLICE DEPT,20190911228,Davidson,Nashville,12/20/2019 8:39:00 PM,2,0,0,36.068220,-86.711260,HAYWOOD LN,,,,176.00,Feet,West,FAULKNER DR,,,,0.00,N,Not at Intersection,N,Non-Junction,None,,,         ,Marcus,Darden,Clear,Front to Rear,no,no,no,no,yes,False
102603527,METROPOLITAN NASHVILLE POLICE DEPT,20190911207,Davidson,Nashville,12/20/2019 9:18:00 PM,1,1,0,36.244050,-86.785000,I 24,,,,0.00,,,,,,,42.90,N,Not at Intersection,N,Non-Junction,None,,,         ,Brian,Woodard,Cloudy,Not Collision with Motor Vehicle in Transport,no,no,no,no,no,False
102603528,METROPOLITAN NASHVILLE POLICE DEPT,20190911124,Davidson,Nashville,12/20/2019 8:30:00 PM,3,0,0,36.195050,-86.776160,I 65,,,,0.00,,,,,,,86.50,N,Not at Intersection,N,Non-Junction,None,,,         ,John,Jones,Clear,"Sideswipe, Same Direction",no,no,no,no,yes,False
102603551,BELLE MEADE POLICE DEPT,19-0371,Davidson,Belle Meade,12/20/2019 6:18:00 PM,2,1,0,36.088840,-86.861580,BELLE MEADE BLVD,,,,0.00,,,CHICKERING RD,,,,0.00,Y,T-Intersection,N,Intersection,None,,,         ,Katelyn,Cloxton,Clear,Angle,no,no,no,no,yes,False
102603553,METROPOLITAN NASHVILLE POLICE DEPT,20190911140,Davidson,Nashville,12/20/2019 7:28:00 PM,2,1,0,36.199200,-86.634610,PLANTATION DR,,,,17.00,Feet,South,BONNAVISTA DR,,,,0.00,N,Not at Intersection,N,Non-Junction,Utility Zone,Laneclosure,Transition Area,         ,Torrance,Bennett,Clear,HeadOn,no,no,no,no,no,False
102603597,METROPOLITAN NASHVILLE POLICE DEPT,20190911223,Davidson,Nashville,12/20/2019 9:30:00 PM,2,0,0,36.183970,-86.814210,CLARKSVILLE PKE,,,,0.00,,,23RD AVN,,,,0.00,Y,Four-Way,N,Intersection,None,,,         ,Daniel,Garrett,Clear,Angle,no,no,no,no,yes,False
102603651,METROPOLITAN NASHVILLE POLICE DEPT,20190911291,Davidson,Nashville,12/20/2019 10:30:00 PM,2,0,0,36.035500,-86.644350,I 24,,,,0.00,,,,,,,60.45,N,Not at Intersection,N,Non-Junction,None,,,         ,Dylan,Bradley,Clear,Angle,no,no,no,no,no,False
102603653,METROPOLITAN NASHVILLE POLICE DEPT,20190911362,Davidson,Not in City Limit,12/20/2019 12:00:00 AM,2,0,0,36.084040,-86.946290,WESTFIELD DR,,,,690.00,Feet,West,GEORGE E HORN RD,,,,0.00,N,Not at Intersection, ,Non-Junction,None,,,         ,Christian,Downen,Clear,"Sideswipe, Same Direction",no,no,no,yes,yes,False
102603682,METROPOLITAN NASHVILLE POLICE DEPT,20190911471,Davidson,Nashville,12/21/2019 12:15:00 AM,2,0,0,36.187990,-86.821560,CLARKSVILLE PKE,,,,0.00,,,ROSA L PARKS BLVD,,,,0.00,Y,Four-Way,N,Intersection,None,,,         ,Ian,Ward,Clear,Angle,no,no,no,no,no,False
102603698,METROPOLITAN NASHVILLE POLICE DEPT,20190911322,Davidson,Nashville,12/20/2019 10:37:00 PM,2,0,0,36.147550,-86.758650,LEWIS ST,,,,0.00,,,LAFAYETTE ST,,,,0.00,Y,T-Intersection,N,Intersection,None,,,         ,Jacob,West,Clear,Front to Rear,no,no,no,no,yes,False
102603710,METROPOLITAN NASHVILLE POLICE DEPT,20190911355,Davidson,Nashville,12/20/2019 11:10:00 PM,2,0,0,36.157770,-86.771210,HERMITAGE AV,,,,233.00,Feet,West,PEABODY ST,,,,0.00,N,Not at Intersection,N,Non-Junction,None,,,         ,Eric,Jackson,Clear,HeadOn,no,no,no,no,no,False
102603718,VANDERBILT UNIVERSITY POLICE,20190911657,Davidson,Nashville,12/20/2019 12:00:00 AM,2,0,0,36.141690,-86.801020,MEDICAL CENTER DR,,,,0.00,,,,,,,0.00,,, ,Non-Junction,None,,,         ,Joel,Newsom,Clear,"Sideswipe, Same Direction",no,no,no,yes,yes,Campus
102603723,METROPOLITAN NASHVILLE POLICE DEPT,20190911346,Davidson,Nashville,12/20/2019 11:16:00 PM,1,2,0,36.106240,-86.622880,BELL RD,,,,0.00,,,,,,,0.00,,,N,Non-Junction,None,,,         ,Jacob,West,Clear,Not Collision with Motor Vehicle in Transport,no,no,no,yes,no,False
102603748,METROPOLITAN NASHVILLE POLICE DEPT,20190911685,Davidson,Nashville,12/21/2019 1:19:00 AM,1,2,0,36.126460,-86.696160,BRILEY PKWY,,,,0.00,,,,,,,0.00,,,N,Non-Junction,None,,,         ,Jacob,West,Clear,Not Collision with Motor Vehicle in Transport,no,no,no,no,no,False
102603756,GOODLETTSVILLE POLICE DEPT,19-47431,Davidson,Goodlettsville,12/20/2019 6:25:00 PM,2,0,0,36.308110,-86.704390,I 65,,,,0.00,,,,,,,95.85,N,Not at Intersection, ,Non-Junction,None,,,         ,Christopher,Jones,Clear,Front to Rear,no,no,no,no,no,False
102603758,METROPOLITAN NASHVILLE POLICE DEPT,20190911724,Davidson,Nashville,12/21/2019 3:13:00 AM,2,2,0,36.069280,-86.692290,HAYWOOD LN,,,,0.00,,,I24 E EXT RAMP,,,,0.00,Y,Four-Way,Y,Intersection,None,,,         ,Alex,DiBernardo,Clear,Angle,no,no,no,no,yes,False
102603763,METROPOLITAN NASHVILLE POLICE DEPT,20190911621,Davidson,Nashville,12/21/2019 12:00:00 AM,1,0,0,36.115960,-86.780910,I 440,,,,0.00,,,,,,,4.50,N,Not at Intersection,Y,Entrance/Exit Ramp Related,Construction Zone,Work On Shoulder Or Median,Advanced Warning Area,         ,Jeremy,Spears,Clear,Not Collision with Motor Vehicle in Transport,no,no,no,no,no,False
102603777,METROPOLITAN NASHVILLE POLICE DEPT,20190911670,Davidson,Nashville,12/21/2019 2:30:00 AM,2,2,0,36.158060,-86.799970,CHARLOTTE AV,,,,0.00,,,DR D B TODD JR BLVD,,,,0.00,Y,Four-Way,Y,Intersection,None,,,         ,Brian,Warstadt,Clear,Angle,no,no,no,no,no,False
102603779,METROPOLITAN NASHVILLE POLICE DEPT,20190911820,Davidson,Nashville,12/21/2019 4:40:00 AM,2,0,0,36.165870,-86.613110,I 40,,,,0.00,,,,,,,220.15,N,Not at Intersection,N,Non-Junction,None,,,         ,Jeremy,Crisp,Clear,"Sideswipe, Same Direction",no,no,no,no,no,False
102603793,METROPOLITAN NASHVILLE POLICE DEPT,20190911407,Davidson,Nashville,12/20/2019 12:00:00 AM,2,0,0,36.102620,-86.813590,WARFIELD DR,,,,325.00,Feet,East,KIMBARK DR,,,,0.00,N,Not at Intersection,N,Non-Junction,None,,,         ,Jose,Salazar,Clear,Other,no,no,no,no,no,False
102603865,METROPOLITAN NASHVILLE POLICE DEPT,20190911984,Davidson,Nashville,12/21/2019 7:50:00 AM,2,0,0,36.090560,-86.687070,HARDING PL,,,,20.00,Feet,East,EZELL PARK PVTDR,,,,0.00,N,Not at Intersection,N,Non-Junction,None,,,         ,Honorio,Canchola,Clear,Angle,no,no,no,no,no,False
102603873,METROPOLITAN NASHVILLE POLICE DEPT,20190911986,Davidson,Nashville,12/21/2019 7:55:00 AM,1,1,0,36.238380,-86.780610,STATE HWY 155,,,,66.00,Feet,East,-- UNKNOWN RAMP/ROAD --,,,,0.00,N,Not at Intersection,N,Non-Junction,None,,,         ,Jacob,Robbins,Clear,Not Collision with Motor Vehicle in Transport,no,no,no,no,no,False
102603904,METROPOLITAN NASHVILLE POLICE DEPT,20190912026,Davidson,Nashville,12/21/2019 8:44:00 AM,2,0,0,36.157950,-86.784310,10TH AVS,,,,0.00,,,10TH AVN,,,,0.00,Y,Four-Way,N,Non-Junction,None,,,         ,Tony,Folad,Cloudy,Front to Rear,no,no,no,no,no,False
102603912,METROPOLITAN NASHVILLE POLICE DEPT,20190912170,Davidson,Nashville,12/21/2019 10:25:00 AM,2,0,0,36.039940,-86.742460,OLD HICKORY BLVD,,,,303.00,Feet,East,EDMONDSON PKE,,,,0.00,N,Not at Intersection, ,,None,,,         ,Raymond,Flaherty,,,no,no,no,no,no,False
102603920,METROPOLITAN NASHVILLE POLICE DEPT,20190912167,Davidson,Nashville,12/21/2019 10:29:00 AM,2,0,0,36.233610,-86.724720,-- UNKNOWN RAMP/ROAD --,,,,0.00,,,GALLATIN PIKE,,,,0.00,Y,Four-Way, ,Intersection-Related,None,,,         ,Nicholas,Smith,Cloudy,"Sideswipe, Same Direction",no,no,no,no,no,False
102603925,METROPOLITAN NASHVILLE POLICE DEPT,20190912226,Davidson,Nashville,12/21/2019 11:07:00 AM,2,0,0,36.093420,-86.705790,I 24,,,,0.00,,,,,,,55.10,N,Not at Intersection,N,Non-Junction,None,,,         ,Jason,Thomas,Cloudy,"Sideswipe, Same Direction",no,no,no,no,yes,False
102603927,METROPOLITAN NASHVILLE POLICE DEPT,20190912242,Davidson,Nashville,12/21/2019 11:00:00 AM,2,0,0,36.180410,-86.819610,BUCHANAN ST,,,,0.00,,,26TH AVN,,,,0.00,Y,Four-Way, ,Non-Junction,None,,,         ,Jonathon,Sheppard,Clear,"Sideswipe, Opposite Direction",no,no,no,no,no,False
102603941,METROPOLITAN NASHVILLE POLICE DEPT,20190912220,Davidson,Nashville,12/21/2019 11:00:00 AM,2,0,0,36.155010,-86.627110,STEWARTS FERRY PKE,,,,0.00,,,I40 E EXT RAMP,,,,0.00,Y,T-Intersection, ,,None,,,         ,Samuel,Fredericks,,,no,no,no,no,no,False
102603947,METROPOLITAN NASHVILLE POLICE DEPT,20190912042,Davidson,Nashville,12/21/2019 8:57:00 AM,1,0,0,36.144080,-86.716920,ELM HILL PKE,,,,740.00,Feet,East,WRIGHT INDUSTRIES PVTDR,,,,0.00,N,Not at Intersection,N,OtherLocation,None,,,         ,Tien,Nguyen,Cloudy,Not Collision with Motor Vehicle in Transport,no,no,no,no,no,False
102603949,METROPOLITAN NASHVILLE POLICE DEPT,20190912251,Davidson,Nashville,12/21/2019 11:30:00 AM,2,1,0,36.172910,-86.765390,SPRING ST,,,,25.00,Feet,North,MAIN ST ENT RAMP,,,,0.00,N,Not at Intersection,N,Non-Junction,None,,,         ,Zachary,Carter,Cloudy,Front to Rear,no,no,no,no,no,False
102603951,METROPOLITAN NASHVILLE POLICE DEPT,20190912219,Davidson,Nashville,12/21/2019 11:05:00 AM,3,0,0,36.153830,-86.757050,I 40,,,,0.00,,,,,,,211.15,N,Not at Intersection, ,Non-Junction,None,,,         ,Lee,Davis,Clear,Front to Rear,no,no,no,no,no,False
102603969,METROPOLITAN NASHVILLE POLICE DEPT,20190912054,Davidson,Nashville,12/21/2019 9:03:00 AM,2,0,0,36.156010,-86.788850,BROADWAY,,,,0.00,,,I40 W ENT RAMP,,,,0.00,Y,T-Intersection,N,Intersection,None,,,         ,Cory,West,Clear,Angle,no,no,no,no,no,False
102603978,METROPOLITAN NASHVILLE POLICE DEPT,20190912087,Davidson,Nashville,12/21/2019 12:00:00 AM,2,0,0,36.259100,-86.763450,EWING CREEK DR,,,,67.00,Feet,West,TUCKAHOE DR,,,,0.00,N,Not at Intersection,N,Non-Junction,None,,,         ,Jacob,Robbins,Clear,HeadOn,no,no,no,no,yes,False
102604038,METROPOLITAN NASHVILLE POLICE DEPT,20190912418,Davidson,Nashville,12/21/2019 1:14:00 PM,2,0,0,36.142190,-86.711300,I 40,,,,0.00,,,,,,,214.15,N,Not at Intersection,N,Non-Junction,None,,,         ,Tien,Nguyen,Clear,"Sideswipe, Same Direction",no,no,no,no,yes,False
102604054,METROPOLITAN NASHVILLE POLICE DEPT,20190912365,Davidson,Nashville,12/21/2019 1:05:00 PM,2,1,0,36.183820,-86.748370,EASTLAND AV,,,,0.00,,,GALLATIN AV,,,,0.00,Y,Four-Way,N,Non-Junction,None,,,         ,Michael,Agee,Cloudy,Angle,no,no,no,no,no,False
102604055,METROPOLITAN NASHVILLE POLICE DEPT,20190912386,Davidson,Nashville,12/21/2019 1:21:00 PM,3,0,0,36.169360,-86.679890,LEBANON PKE,,,,0.00,,,MCGAVOCK PKE,,,,0.00,Y,Four-Way, ,Intersection,None,,,         ,Lee,Davis,Cloudy,Angle,no,no,no,no,no,False
102604065,METROPOLITAN NASHVILLE POLICE DEPT,20190912410,Davidson,Nashville,12/21/2019 1:38:00 PM,2,0,0,36.044850,-86.668370,ARBOR COMMON,,,,0.00,,,BEECHWOOD TER,,,,0.00,Y,T-Intersection, ,Non-Junction,None,,,         ,Nelson,Hemingway,Cloudy,"Sideswipe, Same Direction",no,no,no,no,yes,False
102604066,METROPOLITAN NASHVILLE POLICE DEPT,20190912391,Davidson,Nashville,12/21/2019 1:25:00 PM,2,0,0,36.110450,-86.766940,POWELL AV,,,,196.00,Feet,South,OLD POWELL AV,,,,0.00,N,Not at Intersection, ,Non-Junction,None,,,         ,Zachary,Maxa,Clear,"Sideswipe, Same Direction",no,no,no,no,no,False
102604100,METROPOLITAN NASHVILLE POLICE DEPT,20190912417,Davidson,Nashville,12/21/2019 1:40:00 PM,2,1,0,36.136200,-86.876820,HILLWOOD BLVD,,,,0.00,,,FLEETWOOD DR,,,,0.00,Y,Four-Way,N,Intersection,None,,,         ,Douglas,Atwood,Cloudy,Angle,no,no,no,no,no,False
102604122,METROPOLITAN NASHVILLE POLICE DEPT,20190912425,Davidson,Nashville,12/21/2019 1:45:00 PM,2,0,0,36.247630,-86.778050,VILLAGE TRL,,,,0.00,,,BRICK CHURCH PIKE,,,,0.00,Y,T-Intersection, ,,None,,,         ,Jacob,Robbins,,,no,no,no,no,no,False
102604124,METROPOLITAN NASHVILLE POLICE DEPT,20190912366,Davidson,Nashville,12/21/2019 1:05:00 PM,2,1,0,36.187920,-86.798480,DOMINICAN DR,,,,0.00,Feet,,ROSA L PARKS BLVD,,,,0.00,Y,Four-Way,N,Intersection,None,,,         ,Jerica,Gladston,Clear,Front to Rear,no,no,no,no,yes,False
102604137,METROPOLITAN NASHVILLE POLICE DEPT,20190912472,Davidson,Nashville,12/21/2019 1:54:00 PM,2,0,0,36.210840,-86.732490,GREENFIELD AV,,,,183.00,Feet,East,GALLATIN PKE,,,,0.00,N,Not at Intersection, ,Non-Junction,None,,,         ,Riley,Brewer,Cloudy,Angle,no,no,no,no,no,False
102604162,METROPOLITAN NASHVILLE POLICE DEPT,20190912476,Davidson,Nashville,12/21/2019 1:43:00 PM,2,0,0,36.134270,-86.774730,I65 N EXT RAMP,,,,0.00,,,I 65,,,,0.00,Y,OTHER, ,Intersection,None,,,         ,Douglas,Sykes,Clear,Front to Rear,no,no,no,no,no,False
102604165,METROPOLITAN NASHVILLE POLICE DEPT,20190912443,Davidson,Nashville,12/21/2019 2:15:00 PM,2,0,0,36.205460,-86.762470,E TRINITY LN,,,,261.00,Feet,East,SULTANA AV,,,,0.00,N,Not at Intersection,N,Non-Junction,None,,,         ,Chase,Harriman,Cloudy,Angle,no,no,no,no,no,False
102604182,METROPOLITAN NASHVILLE POLICE DEPT,20190912478,Davidson,Nashville,12/21/2019 2:35:00 PM,2,0,0,36.214340,-86.691640,BRILEY PKWY N EXT RAMP,,,,0.00,Feet,East,BRILEY PKWYN,,,,0.00,N,Not at Intersection, ,Entrance/Exit Ramp Related,None,,,         ,Andrew,Anoskey,Cloudy,Front to Rear,no,no,no,no,no,False
102604187,METROPOLITAN NASHVILLE POLICE DEPT,20190912508,Davidson,Nashville,12/21/2019 3:08:00 PM,2,1,0,36.125860,-86.752590,GLENROSE AV,,,,0.00,,,NOLENSVILLE PKE,,,,0.00,Y,T-Intersection,Y,Intersection,None,,,         ,Douglas,Sykes,Clear,Angle,no,no,no,no,no,False
102604202,METROPOLITAN NASHVILLE POLICE DEPT,20190912512,Davidson,Nashville,12/21/2019 3:07:00 PM,2,0,0,36.161540,-86.775970,3RD AVS,,,,0.00,,,BROADWAY,,,,0.00,Y,Four-Way, ,Intersection-Related,None,,,         ,Steffani,Dahlstrom,Cloudy,Front to Rear,no,no,no,no,yes,False
102604206,METROPOLITAN NASHVILLE POLICE DEPT,20190911201,Davidson,Nashville,12/20/2019 7:49:00 PM,3,0,0,36.043800,-86.656140,I 24,,,,0.00,,,,,,,59.60,N,Not at Intersection, ,Non-Junction,None,,,         ,Nathaniel,Myers,Clear,Front to Rear,no,no,no,no,no,False
102604207,METROPOLITAN NASHVILLE POLICE DEPT,20190912536,Davidson,Nashville,12/21/2019 2:57:00 PM,2,0,0,36.199000,-86.620000,RAMP,,,,0.00,,East,US HWY 70,,,,0.00,N,Not at Intersection, ,,None,,,         ,Ricki,Armstrong,,,no,no,no,no,no,False
102604240,METROPOLITAN NASHVILLE POLICE DEPT,20190912639,Davidson,Nashville,12/21/2019 4:20:00 PM,2,0,0,36.130140,-86.715380,US HWY 41,,,,112.00,Feet,East,CONNECTING ROAD,,,,0.00,N,Not at Intersection, ,Non-Junction,None,,,         ,Maryanne,Bartello,Clear,Angle,no,no,no,no,yes,False
102604265,METROPOLITAN NASHVILLE POLICE DEPT,20190912622,Davidson,Nashville,12/21/2019 4:00:00 PM,2,0,0,36.119260,-86.754740,MELROSE AVE,,,,0.00,,,WINFORD AVE,,,,0.00,Y,Four-Way,Y,Intersection,None,,,         ,Jarrett,Ipox,Clear,Angle,no,no,no,no,yes,False
102604267,METROPOLITAN NASHVILLE POLICE DEPT,20190912634,Davidson,Nashville,12/21/2019 4:29:00 PM,2,0,0,36.081360,-86.759330,HARDING PL,,,,301.00,Feet,West,TROUSDALE DR,,,,0.00,N,Not at Intersection,N,Non-Junction,None,,,         ,Steven,Begley,Clear,Angle,no,no,no,no,no,False
102604270,METROPOLITAN NASHVILLE POLICE DEPT,20190912712,Davidson,Nashville,12/21/2019 5:24:00 PM,2,0,0,36.152110,-86.767010,I 40,,,,0.00,,,,,,,210.55,N,Not at Intersection, ,Non-Junction,None,,,         ,Jason,Milyaro Lucas,Clear,Front to Rear,no,no,no,no,no,False
102604275,METROPOLITAN NASHVILLE POLICE DEPT,20190912636,Davidson,Nashville,12/21/2019 4:27:00 PM,2,0,0,36.040210,-86.767740,OLD HICKORY BLVD,,,,186.00,Feet,East,SEVEN SPRINGS WAY,,,,0.00,N,Not at Intersection,N,Non-Junction,None,,,         ,Jerre,Fly,Clear,Front to Rear,no,no,no,no,yes,False
102604276,METROPOLITAN NASHVILLE POLICE DEPT,20190912620,Davidson,Nashville,12/21/2019 4:10:00 PM,2,0,0,36.206490,-86.693660,OPRY MILLS DR,,,,1215.00,Feet,West,OPRYLAND DR,,,,0.00,N,Not at Intersection,N,Non-Junction,None,,,         ,Joel,Bennett,Clear,Rear to Rear,no,no,no,yes,yes,False
102604283,METROPOLITAN NASHVILLE POLICE DEPT,20190912702,Davidson,Nashville,12/21/2019 5:18:00 PM,2,1,0,36.150710,-86.666560,ALLEN RD,,,,0.00,Feet,East,DONELSON PKE,,,,0.00,N,Not at Intersection,N,Non-Junction,None,,,         ,Torrance,Bennett,Clear,"Sideswipe, Same Direction",no,no,no,no,no,False
102604297,METROPOLITAN NASHVILLE POLICE DEPT,20190912759,Davidson,Nashville,12/21/2019 5:55:00 PM,2,0,0,36.139230,-86.701180,DABBS AVE,,,,134.00,Feet,South,KAREN DR,,,,0.00,N,Not at Intersection, ,Non-Junction,None,,,         ,Maryanne,Bartello,Clear,Front to Rear,no,no,no,no,yes,False
102604298,METROPOLITAN NASHVILLE POLICE DEPT,20190912706,Davidson,Nashville,12/21/2019 4:57:00 PM,2,0,0,36.040630,-86.779870,OLD HICKORY BLVD,,,,175.00,Feet,West,FRANKLIN PIKE CIR,,,,0.00,N,Not at Intersection, ,,None,,,         ,Nicholas,Carroll,,,no,no,no,no,no,False