master_record_number,agency,agency_tracking_number,county,city,collision_date,vehicles_involved,number_injured,number_dead,latitude,longitude,roadway_name,roadway_suffix,roadway_number,roadway_local_id,distance_from_reference,miles-feet_indicator,direction_from_reference,intersection_road_name,intersection_road_name_suffix,intersection_road_number,intersection_local_id,mile_marker,intersection_indicator,intersect_type,interchange_related_indicator,relation_to_junction,work_zone_type,construction_maintenance_zone,construction_maintenance_zone_location,fatal_case_number,officer_first_name,officer_last_name,weather_condition(s),manner_of_crash,pedestrian,bicycle,scooter,parking,hitrun,mou
102604299,METROPOLITAN NASHVILLE POLICE DEPT,20190912679,Davidson,Nashville,12/21/2019 5:00:00 PM,1,0,0,36.118670,-86.767360,I 440,,,,0.00,,,,,,,5.30,N,Not at Intersection,N,Non-Junction,None,,,         ,Donovan,Coble,Clear,Not Collision with Motor Vehicle in Transport,no,no,no,no,no,False
102604304,METROPOLITAN NASHVILLE POLICE DEPT,20190912704,Davidson,Madison,12/21/2019 5:10:00 PM,2,0,0,36.274490,-86.735690,I 65,,,,0.00,,,,,,,93.00,N,Not at Intersection, ,Non-Junction,None,,,         ,Brian,DeMarce,Clear,Front to Rear,no,no,no,no,no,False
102604318,METROPOLITAN NASHVILLE POLICE DEPT,20190912795,Davidson,Nashville,12/21/2019 6:32:00 PM,2,0,0,36.078460,-86.725990,NOLENSVILLE PKE,,,,427.00,Feet,South,HARDING PL,,,,0.00,N,Not at Intersection, ,Non-Junction,None,,,         ,Ryan,Sherry,Clear,"Sideswipe, Same Direction",no,no,no,no,no,False
102604320,METROPOLITAN NASHVILLE POLICE DEPT,20190912710,Davidson,Nashville,12/21/2019 5:20:00 PM,3,1,0,36.202890,-86.689220,BRILEY PKWYN,,,,920.00,Feet,North,BRILEY PKWY N ENT RAMP,,,,0.00,N,Not at Intersection, ,Non-Junction,None,,,         ,Gabriel,Vasquez,Clear,Front to Rear,no,no,no,no,no,False
102604322,METROPOLITAN NASHVILLE POLICE DEPT,20190912659,Davidson,Nashville,12/21/2019 3:45:00 PM,3,0,0,36.046460,-86.661240,I 24,,,,0.00,,,,,,,59.25,N,Not at Intersection,N,Entrance/Exit Ramp Related,None,,,         ,Taylor,Hurley,Clear,Front to Rear,no,no,no,no,no,False
102604323,METROPOLITAN NASHVILLE POLICE DEPT,20190912678,Davidson,Nashville,12/21/2019 5:00:00 PM,2,0,0,36.204710,-86.737840,GALLATIN PKE,,,,129.00,Feet,South,MCGAVOCK PKE,,,,0.00,N,Not at Intersection,N,Non-Junction,None,,,         ,Cooper,HIll,Clear,Angle,no,no,no,no,no,False
102604325,METROPOLITAN NASHVILLE POLICE DEPT,20190912789,Davidson,Nashville,12/21/2019 6:27:00 PM,2,2,0,36.150570,-86.749330,I 40,,,,0.00,,,,,,,211.65,N,Not at Intersection,N,Non-Junction,None,,,         ,Jason,Milyaro Lucas,Clear,Front to Rear,no,no,no,no,no,False
102604326,METROPOLITAN NASHVILLE POLICE DEPT,20190912756,Davidson,Nashville,12/21/2019 5:02:00 PM,2,0,0,36.049120,-86.652290,BELL RD,,,,175.00,Feet,West,HICKORY HOLLOW LN,,,,0.00,N,Not at Intersection,N,Non-Junction,None,,,         ,Nathaniel,Myers,Clear,Front to Rear,no,no,no,no,no,False
102604327,METROPOLITAN NASHVILLE POLICE DEPT,20190912830,Davidson,Nashville,12/21/2019 5:13:00 PM,2,0,0,36.106700,-86.813350,HILLSBORO PKE,,,,345.00,Feet,North,ABBOTT MARTIN RD,,,,0.00,N,Not at Intersection, ,,None,,,         ,Douglas,Sykes,,,no,no,no,no,no,False
102604328,METROPOLITAN NASHVILLE POLICE DEPT,20190912527,Davidson,Nashville,12/21/2019 3:13:00 PM,1,0,0,36.216600,-86.791040,COMBS DR,,,,4.00,Feet,North,COMBS TER,,,,0.00,N,Not at Intersection,N,Non-Junction,None,,,         ,John,Jones,Clear,Not Collision with Motor Vehicle in Transport,no,no,no,no,no,False
102604335,METROPOLITAN NASHVILLE POLICE DEPT,20190912650,Davidson,Nashville,12/21/2019 3:52:00 PM,2,0,0,36.133150,-86.892060,CHARLOTTE PKE,,,,169.00,Feet,North,OLD CHARLOTTE PKE,,,,0.00,N,Not at Intersection, ,,None,,,         ,Clayton,Smith,,,no,no,no,no,no,False
102604353,METROPOLITAN NASHVILLE POLICE DEPT,20190912741,Davidson,Nashville,12/21/2019 5:55:00 PM,2,0,0,36.158170,-86.771980,GATEWAY BLVD,,,,55.00,Feet,West,US HWY 70,,,,0.00,N,Not at Intersection,N,Non-Junction,None,,,         ,Joseph,Bingham,Clear,"Sideswipe, Same Direction",no,no,no,no,no,False
102604356,METROPOLITAN NASHVILLE POLICE DEPT,20190912834,Davidson,Nashville,12/21/2019 5:54:00 PM,2,0,0,36.219760,-86.693350,BRILEY PKWYS,,,,31.00,Feet,South,BRILEY PKWY S EXT RAMP,,,,0.00,N,Not at Intersection, ,Non-Junction,None,,,         ,Torrance,Bennett,Clear,"Sideswipe, Same Direction",no,no,no,no,yes,False
102604374,METROPOLITAN NASHVILLE POLICE DEPT,20190912905,Davidson,Nashville,12/21/2019 7:57:00 PM,1,0,0,36.116010,-86.780580,I440 W ENT RAMP,,,,0.00,Feet,East,I 440,,,,0.00,N,Not at Intersection,Y,Entrance/Exit Ramp Related,Construction Zone,Other,Activity Area,         ,Douglas,Sykes,Clear,Not Collision with Motor Vehicle in Transport,no,no,no,no,no,False
102604375,METROPOLITAN NASHVILLE POLICE DEPT,20190912497,Davidson,Nashville,12/21/2019 2:44:00 PM,2,0,0,36.148910,-86.795940,19TH AVE S,,,,75.00,Feet,North,CHET ATKINS PL,,,,0.00,N,Not at Intersection,N,Non-Junction,None,,,         ,Gabriel,Hamilton,Clear,Front to Rear,no,no,no,no,yes,False
102604377,METROPOLITAN NASHVILLE POLICE DEPT,20190912860,Davidson,Nashville,12/21/2019 7:26:00 PM,2,1,0,36.210070,-86.778240,BRICK CHURCH PKE,,,,332.00,Feet,East,AVONDALE CIR,,,,0.00,N,Not at Intersection,N,Non-Junction,None,,,         ,Brandon,Simpkins,Clear,Front to Rear,no,no,no,no,no,False
102604413,METROPOLITAN NASHVILLE POLICE DEPT,20190912748,Davidson,Nashville,12/21/2019 5:56:00 PM,2,0,0,36.072670,-86.662390,COUNTRYSIDE DR,,,,0.00,Feet,,RADER RIDGE RD,,,,0.00,Y,T-Intersection, ,Intersection-Related,None,,,         ,Taylor,Hurley,Clear,HeadOn,no,no,no,no,no,False
102604419,VANDERBILT UNIVERSITY POLICE,20190912847,Davidson,Nashville,12/21/2019 7:10:00 PM,2,0,0,36.112240,-86.766100,THOMPSON LN,,,,272.00,Feet,East,BRANSFORD AV,,,,0.00,N,Not at Intersection, ,Non-Junction,None,,,         ,Joseph,Bishop,Clear,"Sideswipe, Same Direction",no,no,no,yes,yes,False
102604424,METROPOLITAN NASHVILLE POLICE DEPT,20190912945,Davidson,Nashville,12/21/2019 7:50:00 PM,2,0,0,36.086170,-86.691250,ANTIOCH PKE,,,,277.00,Feet,North,PERIMETER HILL DR,,,,0.00,N,Not at Intersection, ,Non-Junction,None,,,         ,Sean,Weaver,Clear,Angle,no,no,no,no,no,False
102604442,VANDERBILT UNIVERSITY POLICE,20190912915,Davidson,Nashville,12/21/2019 12:00:00 AM,2,0,0,36.142360,-86.800640,21ST AVS,,,,0.00,,,,,,,0.00,,, ,Non-Junction,None,,,         ,O'Darra,Beauvais,Unknown,Unknown,no,no,no,yes,yes,Campus
102604455,METROPOLITAN NASHVILLE POLICE DEPT,20190912943,Davidson,Nashville,12/21/2019 8:10:00 PM,2,0,0,36.180440,-86.796240,ROSA L PARKS BLVD,,,,63.00,Feet,South,GARFIELD ST,,,,0.00,N,Not at Intersection, ,Non-Junction,None,,,         ,Katelin,Ehrhardt,Clear,Front to Rear,no,no,no,no,yes,False
102604463,METROPOLITAN NASHVILLE POLICE DEPT,20190912892,Davidson,Nashville,12/21/2019 7:04:00 PM,2,0,0,36.161890,-86.775170,2ND AVS,,,,0.00,,,BROADWAY,,,,0.00,Y,Four-Way, ,Non-Junction,None,,,         ,David,Snowden,Clear,Angle,no,no,no,no,no,False
102604487,METROPOLITAN NASHVILLE POLICE DEPT,20190912931,Davidson,Nashville,12/21/2019 8:00:00 PM,1,0,0,36.044000,-86.845460,OLD HICKORY BLVD,,,,18.00,Feet,West,BALLEROY DR,,,,0.00,N,Not at Intersection,N,Non-Junction,None,,,         ,Jerre,Fly,Clear,Not Collision with Motor Vehicle in Transport,no,no,no,no,yes,False
102604510,METROPOLITAN NASHVILLE POLICE DEPT,20190912989,Davidson,Nashville,12/21/2019 12:00:00 AM,3,0,0,36.013400,-86.620690,OLD HICKORY BLVD,,,,14.00,Feet,South,I24 E EXT RAMP,,,,0.00,N,Not at Intersection,N,Non-Junction,None,,,         ,JA'Karyus,Redwine,Clear,"Sideswipe, Same Direction",no,no,no,no,no,False
102604566,METROPOLITAN NASHVILLE POLICE DEPT,20190913080,Davidson,Nashville,12/21/2019 10:24:00 PM,2,0,0,36.201450,-86.694210,OPRY MILLS DR,,,,1103.00,Feet,East,SHELBY BOTTOMS GRNWY,,,,0.00,N,Not at Intersection, ,Non-Junction,None,,,         ,Torrance,Bennett,Clear,Not Collision with Motor Vehicle in Transport,yes,no,no,yes,no,False
102604602,METROPOLITAN NASHVILLE POLICE DEPT,20190913238,Davidson,Antioch,12/21/2019 12:00:00 AM,2,0,0,36.060650,-86.592680,WINDCREST TRL,,,,198.00,Feet,West,BAYSHORE CV,,,,0.00,N,Not at Intersection,N,Non-Junction,None,,,         ,Sandra,Fly,Unknown,Not Collision with Motor Vehicle in Transport,no,no,no,no,yes,False
102604614,GOODLETTSVILLE POLICE DEPT,19-47480,Davidson,Goodlettsville,12/21/2019 1:01:00 AM,4,3,0,36.315210,-86.701070,I 65,,,,0.00,,,,,,,96.40,N,Not at Intersection,N,Non-Junction,None,,,         ,Kenneth,Parks,Clear,Front to Rear,yes,no,no,no,no,False
102604615,METROPOLITAN NASHVILLE POLICE DEPT,20190913113,Davidson,Nashville,12/21/2019 9:20:00 PM,2,0,0,36.143690,-86.814200,WEST END AV,,,,0.00,,,30TH AVN,,,,0.00,Y,OTHER,N,Non-Junction,None,,,         ,Eric,Schaefer,Clear,Rear to Side,no,no,no,yes,yes,Campus
102604628,METROPOLITAN NASHVILLE POLICE DEPT,20190913217,Davidson,Nashville,12/21/2019 11:55:00 PM,1,0,0,36.110160,-86.781370,WOODMONT BLVD,,,,118.00,Feet,West,WILBUR PL,,,,0.00,N,Not at Intersection,N,Non-Junction,None,,,         ,Stephen,Johnston,Clear,Not Collision with Motor Vehicle in Transport,no,no,no,no,no,False
102604631,METROPOLITAN NASHVILLE POLICE DEPT,20190913117,Davidson,Nashville,12/21/2019 12:00:00 AM,2,1,0,36.045260,-86.717040,OLD HICKORY BLVD,,,,0.00,,,HICKORY PLZ,,,,0.00,Y,Four-Way,Y,Intersection,None,,,         ,Jeremy,Spears,Clear,Angle,no,no,no,no,no,False
102604632,METROPOLITAN NASHVILLE POLICE DEPT,20190913193,Davidson,Nashville,12/21/2019 11:51:00 PM,2,1,0,36.180470,-86.840130,PANORAMA DR,,,,318.00,Feet,North,CROWE DR,,,,0.00,N,Not at Intersection,N,Non-Junction,None,,,         ,Joseph,Gawlowski,Clear,Front to Rear,no,no,no,no,no,False
102604633,METROPOLITAN NASHVILLE POLICE DEPT,20190913264,Davidson,Nashville,12/22/2019 12:34:00 AM,2,0,0,36.110290,-86.782100,WOODMONT BLVD,,,,0.00,,,MCNAIRY LN,,,,0.00,Y,T-Intersection,N,Non-Junction,None,,,         ,Eric,Schaefer,Clear,Angle,no,no,no,no,no,False
102604634,GOODLETTSVILLE POLICE DEPT,19-47551,Davidson,Goodlettsville,12/21/2019 6:07:00 PM,2,0,0,36.307070,-86.703660,RIVERGATE PKWY,,,,188.00,Feet,North,RIVERGATE PKWY PVTDR,,,,0.00,N,Not at Intersection, ,Entrance/Exit Ramp Related,None,,,         ,Kenneth,Parks,Clear,Angle,no,no,no,no,no,False
102604636,METROPOLITAN NASHVILLE POLICE DEPT,20190913370,Davidson,Nashville,12/22/2019 12:00:00 AM,1,0,0,36.061740,-86.681410,I 24,,,,0.00,,,,,,,57.70,N,Not at Intersection,N,Non-Junction,None,,,         ,David,Simmonds,Clear,Not Collision with Motor Vehicle in Transport,no,no,no,no,yes,False
102604647,METROPOLITAN NASHVILLE POLICE DEPT,20190913525,Davidson,Nashville,12/22/2019 12:00:00 AM,2,0,0,36.045590,-86.716970,HICKORY PLZ,,,,122.00,Feet,North,OLD HICKORY BLVD,,,,0.00,N,Not at Intersection,N,Non-Junction,None,,,         ,Jeremy,Spears,Clear,Angle,no,no,no,yes,yes,False
102604661,METROPOLITAN NASHVILLE POLICE DEPT,20190913589,Davidson,Nashville,12/22/2019 4:10:00 AM,2,0,0,36.082980,-86.637290,RAVINE DR,,,,0.00,,,FLINTLOCK PL,,,,0.00,Y,T-Intersection,N,Intersection,None,,,         ,Bradley,Pope,Clear,Angle,no,no,no,no,yes,False
102604681,METROPOLITAN NASHVILLE POLICE DEPT,20190913219,Davidson,Nashville,12/22/2019 12:00:00 AM,1,0,0,36.157890,-86.760380,I 24,,,,0.00,,,,,,,49.60,N,Not at Intersection,N,Non-Junction,None,,,         ,Christopher,Beery,Clear,Not Collision with Motor Vehicle in Transport,no,no,no,no,no,False
102604686,METROPOLITAN NASHVILLE POLICE DEPT,20190913574,Davidson,Nashville,12/22/2019 3:55:00 AM,1,0,0,36.157840,-86.760380,I 24,,,,0.00,,,,,,,49.60,N,Not at Intersection,N,Non-Junction,None,,,         ,Christopher,Beery,Clear,Unknown,no,no,no,no,yes,False
102604700,METROPOLITAN NASHVILLE POLICE DEPT,20190913678,Davidson,Nashville,12/22/2019 12:00:00 AM,1,0,0,36.124090,-86.716020,EAST THOMPSON LN,,,,424.00,Feet,West,WIMPOLE DR,,,,0.00,N,Not at Intersection,N,Non-Junction,None,,,         ,Antoine,Maghamez,Clear,Not Collision with Motor Vehicle in Transport,no,no,no,no,yes,False
102604714,METROPOLITAN NASHVILLE POLICE DEPT,20190913734,Davidson,Nashville,12/22/2019 6:13:00 AM,2,0,0,36.152560,-86.765970,I 40,,,,0.00,,,,,,,210.60,N,Not at Intersection, ,Non-Junction,None,,,         ,Tien,Nguyen,Clear,Front to Rear,no,no,no,no,no,False
102604855,METROPOLITAN NASHVILLE POLICE DEPT,20190913987,Davidson,Nashville,12/22/2019 12:00:00 AM,1,0,0,36.215580,-86.735020,GILLOCK ST,,,,84.00,Feet,West,HILLTOP LN,,,,0.00,N,Not at Intersection,N,Non-Junction,None,,,         ,Ethan,Usherwood,Clear,Unknown,no,no,no,no,no,False
102604868,GOODLETTSVILLE POLICE DEPT,19-47625,Davidson,Goodlettsville,12/22/2019 10:13:00 AM,2,2,0,36.323540,-86.706150,LONG HOLLOW PKE,,,,54.00,Feet,West,I65 S ENT RAMP,,,,0.00,N,Not at Intersection,N,Non-Junction,None,,,         ,George,Forbes,Clear,Front to Rear,no,no,no,no,no,False
102604869,METROPOLITAN NASHVILLE POLICE DEPT,20190914073,Davidson,Nashville,12/22/2019 10:51:00 AM,1,0,0,36.167240,-86.660100,LEBANON PKE,,,,617.00,Feet,East,DONELSONWOOD DR,,,,0.00,N,Not at Intersection, ,Non-Junction,None,,,         ,Tien,Nguyen,Cloudy,Not Collision with Motor Vehicle in Transport,no,no,no,no,no,False
102604905,METROPOLITAN NASHVILLE POLICE DEPT,20190901907,Davidson,Nashville,12/17/2019 6:45:00 AM,2,0,0,36.170890,-86.770640,JAMES ROBERTSON PKWY,,,,110.00,Feet,South,MAIN ST,,,,0.00,N,Not at Intersection,N,Non-Junction,None,,,         ,Gregory,Julia,Cloudy,Angle,no,no,no,no,no,False
102604906,METROPOLITAN NASHVILLE POLICE DEPT,20190914095,Davidson,Antioch,12/22/2019 11:18:00 AM,2,0,0,36.035890,-86.611160,OLD HICKORY BLVD,,,,0.00,,,HOBSON PKE,,,,0.00,Y,Four-Way, ,Intersection,None,,,         ,Brandon,Evans,Rain,Front to Rear,no,no,no,no,no,False
102604923,METROPOLITAN NASHVILLE POLICE DEPT,20190913927,Davidson,Not in City Limit,12/22/2019 8:57:00 AM,1,0,0,36.283630,-86.880100,CANTARUTTI RD,,,,187.00,Feet,West,ALESSIO RD,,,,0.00,N,Not at Intersection,N,Non-Junction,None,,,         ,Corey,Reed,Cloudy,Not Collision with Motor Vehicle in Transport,no,no,no,no,no,False
102604929,METROPOLITAN NASHVILLE POLICE DEPT,20190914026,Davidson,Nashville,12/22/2019 7:00:00 AM,1,0,0,36.144000,-86.660330,ROYAL PKWY,,,,625.00,Feet,South,ELM HILL PKE,,,,0.00,N,Not at Intersection,N,Non-Junction,None,,,         ,Kelsey,Hemminger,Clear,Not Collision with Motor Vehicle in Transport,no,no,no,yes,yes,False
102604934,METROPOLITAN NASHVILLE POLICE DEPT,20190914165,Davidson,Nashville,12/22/2019 12:15:00 PM,2,0,0,36.229380,-86.759280,BROADMOOR DR,,,,0.00,,,DICKERSON PKE,,,,0.00,Y,Four-Way, ,Intersection-Related,None,,,         ,Ethan,Usherwood,Clear,Front to Rear,no,no,no,no,no,False
102604950,METROPOLITAN NASHVILLE POLICE DEPT,20190914194,Davidson,Nashville,12/22/2019 12:00:00 AM,2,0,0,36.045760,-86.674450,BELL RD,,,,29.00,Feet,West,BLUE HOLE RD,,,,0.00,N,Not at Intersection, ,Non-Junction,None,,,         ,John,Braun,Rain,Front to Rear,no,no,no,no,no,False
102604952,METROPOLITAN NASHVILLE POLICE DEPT,20190914145,Davidson,Nashville,12/22/2019 11:50:00 AM,2,1,0,36.045590,-86.673700,BELL RD,,,,200.00,Feet,East,BLUE HOLE RD,,,,0.00,N,Not at Intersection,N,Non-Junction,None,,,         ,Honorio,Canchola,Rain,Front to Rear,no,no,no,no,no,False
102604965,METROPOLITAN NASHVILLE POLICE DEPT,20190914179,Davidson,Nashville,12/22/2019 12:20:00 PM,1,0,0,36.109060,-86.720170,I24 W EXT RAMP,,,,0.00,Feet,East,I 24,,,,0.00,N,Not at Intersection,N,Non-Junction,None,,,         ,Stanley,Collins,Rain,Not Collision with Motor Vehicle in Transport,no,no,no,no,no,False
102604974,METROPOLITAN NASHVILLE POLICE DEPT,20190914210,Davidson,Nashville,12/22/2019 12:40:00 PM,2,0,0,36.077750,-86.911100,HIGHWAY 70S,,,,109.00,Feet,West,WINDSOR TERRACE DR,,,,0.00,N,Not at Intersection,N,Non-Junction,None,,,         ,Benjamin,Cantrell,Rain,Front to Rear,no,no,no,no,yes,False
102604977,METROPOLITAN NASHVILLE POLICE DEPT,20190914109,Davidson,Nashville,12/22/2019 11:24:00 AM,2,0,0,36.160880,-86.775540,3RD AVS,,,,168.00,Feet,North,SHELBY ST PEDESTRIAN BRIDGE GR,,,,0.00,N,Not at Intersection, ,,None,,,         ,James,Hill,,,yes,no,no,no,no,False
102604994,METROPOLITAN NASHVILLE POLICE DEPT,20190902275,Davidson,Nashville,12/17/2019 9:00:00 AM,2,1,0,36.168540,-86.788320,ROSA L PARKS BLVD,,,,0.00,Feet,,HARRISON ST,,,,0.00,Y,Four-Way,N,Intersection,None,,,         ,Gregory,Julia,Cloudy,Angle,no,no,no,no,no,False
102604998,METROPOLITAN NASHVILLE POLICE DEPT,20190914213,Davidson,Nashville,12/22/2019 1:01:00 PM,2,1,0,36.180070,-86.811040,DR D B TODD JR BLVD,,,,0.00,Feet,,BUCHANAN ST,,,,0.00,Y,Four-Way,Y,Intersection,None,,,         ,Jerica,Gladston,Rain,Angle,no,no,no,no,no,False
102605015,METROPOLITAN NASHVILLE POLICE DEPT,20190914255,Davidson,Nashville,12/22/2019 1:30:00 PM,2,0,0,36.180440,-86.803050,BUCHANAN ST,,,,0.00,Feet,East,10TH AVN,,,,0.00,N,Not at Intersection,N,Non-Junction,None,,,         ,Brian,Mclarty,Rain,Front to Rear,no,no,no,no,yes,False
102605049,METROPOLITAN NASHVILLE POLICE DEPT,20190914275,Davidson,Nashville,12/22/2019 1:42:00 PM,2,0,0,36.128900,-86.853560,WHITE BRIDGE PKE,,,,139.00,Feet,West,LIONS HEAD VILLAGE PVTDR,,,,0.00,N,Not at Intersection, ,Non-Junction,None,,,         ,Alexis,Pond,Rain,Front to Rear,no,no,no,no,no,False
102605074,METROPOLITAN NASHVILLE POLICE DEPT,20190914236,Davidson,Nashville,12/22/2019 1:20:00 PM,2,1,0,36.045480,-86.647290,CROSSINGS BLVD,,,,0.00,,,MT VIEW RD,,,,0.00,Y,Four-Way,N,Intersection,None,,,         ,Brandon,Evans,Rain,Angle,no,no,no,no,no,False
102605086,METROPOLITAN NASHVILLE POLICE DEPT,20190914223,Davidson,Nashville,12/22/2019 1:08:00 PM,1,1,0,36.238540,-86.785970,I 24,,,,0.00,,,,,,,43.50,N,Not at Intersection,N,Non-Junction,None,,,         ,Jacob,Robbins,Cloudy,Not Collision with Motor Vehicle in Transport,no,no,no,no,no,False
102605092,METROPOLITAN NASHVILLE POLICE DEPT,20190914282,Davidson,Nashville,12/22/2019 2:00:00 PM,2,3,0,36.053020,-86.677000,TUSCULUM RD,,,,671.00,Feet,North,BENZING RD,,,,0.00,N,Not at Intersection,N,Non-Junction,None,,,         ,John,Braun,Rain,HeadOn,no,no,no,no,yes,False
102605116,METROPOLITAN NASHVILLE POLICE DEPT,20190914339,Davidson,Nashville,12/22/2019 3:02:00 PM,2,0,0,36.172090,-86.601820,OLD HICKORY BLVD,,,,208.00,Feet,South,PRINCETON PL,,,,0.00,N,Not at Intersection, ,Non-Junction,None,,,         ,Terence,Mitchell,Rain,Angle,no,no,no,no,no,False
102605121,METROPOLITAN NASHVILLE POLICE DEPT,20190914359,Davidson,Nashville,12/22/2019 3:05:00 PM,2,0,0,36.046480,-86.661270,I 24,,,,0.00,,,,,,,59.25,N,Not at Intersection,N,Non-Junction,None,,,         ,Eric,Wegener,Rain,Front to Rear,no,no,no,no,yes,False
102605122,METROPOLITAN NASHVILLE POLICE DEPT,20190914360,Davidson,Nashville,12/22/2019 2:36:00 PM,2,0,0,36.069900,-86.684300,ANTIOCH PKE,,,,157.00,Feet,South,HAYWOOD LN,,,,0.00,N,Not at Intersection,N,Non-Junction,None,,,         ,Taylor,Hurley,Rain,Angle,no,no,no,no,no,False
102605130,METROPOLITAN NASHVILLE POLICE DEPT,20190914336,Davidson,Nashville,12/22/2019 3:00:00 PM,2,0,0,36.098370,-86.726760,MIMOSA DR,,,,0.00,Feet,,MCCALL ST,,,,0.00,Y,Four-Way,N,Intersection,None,,,         ,Eric,Laury,Rain,Angle,no,no,no,no,no,False
102605134,METROPOLITAN NASHVILLE POLICE DEPT,20190914361,Davidson,Nashville,12/22/2019 2:21:00 PM,2,0,0,36.048000,-86.648140,MT VIEW RD,,,,342.00,Feet,North,BELL FORGE LNE,,,,0.00,N,Not at Intersection, ,Non-Junction,None,,,         ,Sean,Weaver,Clear,Angle,no,no,no,no,no,False
102605140,METROPOLITAN NASHVILLE POLICE DEPT,20190914377,Davidson,Nashville,12/22/2019 3:19:00 PM,2,1,0,36.157700,-86.797400,PATTERSON ST,,,,16.00,Feet,West,17TH AVN,,,,0.00,N,Not at Intersection,N,Non-Junction,None,,,         ,Ryan,Coll,Cloudy,Angle,no,no,no,no,no,False
102605146,METROPOLITAN NASHVILLE POLICE DEPT,20190914353,Davidson,Nashville,12/22/2019 3:14:00 PM,2,0,0,36.191830,-86.782110,I 65,,,,0.00,,,,,,,86.20,N,Not at Intersection, ,Non-Junction,None,,,         ,Joseph,Bingham,Rain,Front to Rear,no,no,no,no,no,False
102605164,METROPOLITAN NASHVILLE POLICE DEPT,20190914415,Davidson,Antioch,12/22/2019 4:00:00 PM,3,0,0,36.015830,-86.621890,I 24,,,,0.00,,,,,,,62.45,N,Not at Intersection,N,Non-Junction,None,,,         ,Eric,Wegener,Rain,Front to Rear,no,no,no,no,yes,False
102605168,METROPOLITAN NASHVILLE POLICE DEPT,20190914461,Davidson,Nashville,12/22/2019 4:36:00 PM,2,1,0,36.158840,-86.792360,14TH AVN,,,,0.00,,,I40 E EXT RAMP,,,,0.00,Y,OTHER,N,Entrance/Exit Ramp Related,None,,,         ,Randall,Ward,Cloudy,"Sideswipe, Same Direction",no,no,no,no,no,False
102605173,METROPOLITAN NASHVILLE POLICE DEPT,20190914444,Davidson,Nashville,12/22/2019 4:10:00 PM,2,0,0,36.157870,-86.759870,I 24,,,,0.00,,,,,,,49.60,N,Not at Intersection,N,Non-Junction,None,,,         ,Luis,Pena,Cloudy,Front to Rear,no,no,no,no,yes,False
102605174,METROPOLITAN NASHVILLE POLICE DEPT,20190913823,Davidson,Nashville,12/21/2019 12:00:00 AM,1,0,0,36.215930,-86.790150,COMBS DR,,,,87.00,Feet,South,SILAS DR,,,,0.00,N,Not at Intersection,N,Non-Junction,None,,,         ,Pamela,Caulder,Unknown,Not Collision with Motor Vehicle in Transport,no,no,no,no,yes,False
102605177,METROPOLITAN NASHVILLE POLICE DEPT,20190914402,Davidson,Nashville,12/22/2019 1:53:00 PM,2,0,0,36.176990,-86.604020,OLD HICKORY BLVD,,,,120.00,Feet,South,HERMITAGE WOODS DR,,,,0.00,N,Not at Intersection, ,Non-Junction,None,,,         ,Ricki,Armstrong,Rain,Angle,no,no,no,no,no,False
102605180,METROPOLITAN NASHVILLE POLICE DEPT,20190914462,Davidson,Nashville,12/22/2019 4:10:00 PM,2,0,0,36.156020,-86.788810,US HWY 70,,,,7.00,Feet,East,13TH AVE S,,,,0.00,N,Not at Intersection, ,Non-Junction,None,,,         ,Brent,Morris,Rain,Angle,no,no,no,no,no,False
102605187,METROPOLITAN NASHVILLE POLICE DEPT,20190914512,Davidson,Nashville,12/22/2019 3:13:00 PM,2,0,0,36.152070,-86.853490,RICHLAND CREEK SHOPPING CENTER,,,,327.00,Feet,North,CHARLOTTE AV,,,,0.00,N,Not at Intersection, ,Non-Junction,None,,,         ,Edward,Starke,Rain,Rear to Side,no,no,no,yes,yes,False
102605192,METROPOLITAN NASHVILLE POLICE DEPT,20190914518,Davidson,Nashville,12/22/2019 5:07:00 PM,2,0,0,36.157290,-86.760420,I40 W ENT RAMP,,,,0.00,Feet,East,I 24,,,,0.00,N,Not at Intersection, ,Non-Junction,None,,,         ,Steffani,Dahlstrom,Rain,Front to Rear,no,no,no,no,no,False
102605199,METROPOLITAN NASHVILLE POLICE DEPT,20190914553,Davidson,Nashville,12/22/2019 5:30:00 PM,2,0,0,36.143280,-86.666660,DONELSON PKE,,,,358.00,Feet,North,I40 W ENT RAMP,,,,0.00,N,Not at Intersection, ,,None,,,         ,Kimberly,Forsyth,,,no,no,no,yes,no,False
102605201,METROPOLITAN NASHVILLE POLICE DEPT,20190914561,Davidson,Nashville,12/22/2019 5:25:00 PM,2,1,0,36.065560,-86.680110,ANTIOCH PKE,,,,0.00,Feet,East,REEVES RD,,,,0.00,N,Not at Intersection,N,Non-Junction,None,,,         ,Laura,Williams,Rain,Front to Rear,no,no,no,no,no,False
102605215,METROPOLITAN NASHVILLE POLICE DEPT,20190914543,Davidson,Nashville,12/22/2019 4:00:00 PM,2,0,0,36.206630,-86.778020,W TRINITY LN,,,,32.00,Feet,West,BRICK CHURCH PKE,,,,0.00,N,Not at Intersection, ,,None,,,         ,Brandon,Simpkins,,,no,no,no,no,no,False
102605217,METROPOLITAN NASHVILLE POLICE DEPT,20190914425,Davidson,Nashville,12/22/2019 4:04:00 PM,3,0,0,36.211400,-86.691150,BRILEY PKWYN,,,,445.00,Feet,South,BRILEY PKWYS,,,,0.00,N,Not at Intersection,N,Non-Junction,None,,,         ,Mandi,Maska,Rain,Front to Rear,no,no,no,no,no,False