master_record_number,agency,agency_tracking_number,county,city,collision_date,vehicles_involved,number_injured,number_dead,latitude,longitude,roadway_name,roadway_suffix,roadway_number,roadway_local_id,distance_from_reference,miles-feet_indicator,direction_from_reference,intersection_road_name,intersection_road_name_suffix,intersection_road_number,intersection_local_id,mile_marker,intersection_indicator,intersect_type,interchange_related_indicator,relation_to_junction,work_zone_type,construction_maintenance_zone,construction_maintenance_zone_location,fatal_case_number,officer_first_name,officer_last_name,weather_condition(s),manner_of_crash,pedestrian,bicycle,scooter,parking,hitrun,mou
102605862,GOODLETTSVILLE POLICE DEPT,19-47735,Davidson,Goodlettsville,12/23/2019 1:40:00 PM,2,1,0,36.307810,-86.704040,I65 N EXT RAMP,,,,0.00,Feet,,RIVERGATE PKWY,,,,0.00,Y,T-Intersection,Y,Entrance/Exit Ramp Related,None,,,         ,Brandon,Wright,Clear,Front to Rear,no,no,no,no,no,False
102605876,METROPOLITAN NASHVILLE POLICE DEPT,20190916228,Davidson,Nashville,12/23/2019 2:18:00 PM,3,3,0,36.177970,-86.800770,I 65,,,,0.00,,,,,,,84.85,N,Not at Intersection,N,Non-Junction,None,,,         ,Jonathon,Sheppard,Clear,Front to Rear,no,no,no,no,no,False
102605890,METROPOLITAN NASHVILLE POLICE DEPT,20190900528,Davidson,Not in City Limit,12/16/2019 2:08:00 PM,2,0,0,36.262870,-86.681130,STATE RT 45,,,,54.00,Feet,West,RIO VISTA DR,,,,0.00,N,Not at Intersection, ,Non-Junction,None,,,         ,Bradley,Campbell,Rain,Front to Rear,no,no,no,no,no,False
102605892,METROPOLITAN NASHVILLE POLICE DEPT,20190916242,Davidson,Nashville,12/23/2019 2:33:00 PM,2,0,0,36.035310,-86.611300,OLD HICKORY BLVD,,,,218.00,Feet,South,HOBSON PKE,,,,0.00,N,Not at Intersection,N,Non-Junction,None,,,         ,Ian,Wilson,Clear,Front to Rear,no,no,no,no,no,False
102605905,METROPOLITAN NASHVILLE POLICE DEPT,20190912415,Davidson,Not in City Limit,12/23/2019 1:13:00 PM,3,0,0,36.321180,-86.854460,I 24,,,,0.00,,,,,,,35.75,N,Not at Intersection, ,Non-Junction,None,,,         ,Jamel,Griffin,Clear,Front to Rear,no,no,no,no,yes,False
102605906,METROPOLITAN NASHVILLE POLICE DEPT,20190916229,Davidson,Nashville,12/23/2019 2:20:00 PM,2,1,0,36.174330,-86.770900,I 24,,,,0.00,,,,,,,48.10,N,Not at Intersection,N,Non-Junction,None,,,         ,James,Hill,Clear,Front to Rear,no,no,no,no,no,False
102605918,METROPOLITAN NASHVILLE POLICE DEPT,20190916258,Davidson,Nashville,12/23/2019 2:39:00 PM,2,2,0,36.198260,-86.827010,BUENA VISTA PKE,,,,0.00,Feet,East,CURTIS ST,,,,0.00,N,Not at Intersection,N,Non-Junction,None,,,         ,Bryan,Musgrave,Clear,Angle,no,no,no,no,no,False
102605932,METROPOLITAN NASHVILLE POLICE DEPT,20190916376,Davidson,Nashville,12/23/2019 3:16:00 PM,2,0,0,36.068200,-86.632120,MURFREESBORO PKE,,,,384.00,Feet,North,FOREST VIEW DR,,,,0.00,N,Not at Intersection, ,Non-Junction,None,,,         ,Ian,Wilson,Clear,Front to Rear,no,no,no,no,no,False
102605933,METROPOLITAN NASHVILLE POLICE DEPT,20190916315,Davidson,Nashville,12/23/2019 2:24:00 PM,2,0,0,36.110850,-86.743830,THOMPSON LN,,,,256.00,Feet,West,NOLENSVILLE PKE,,,,0.00,N,Not at Intersection, ,,None,,,         ,Patrick,Martin,,,no,no,no,no,no,False
102605937,METROPOLITAN NASHVILLE POLICE DEPT,20190916400,Davidson,Nashville,12/23/2019 3:49:00 PM,2,0,0,36.155270,-86.789040,I 40,,,,0.00,,,,,,,209.20,N,Not at Intersection,Y,Entrance/Exit Ramp Related,None,,,         ,Randall,Ward,Clear,Front to Rear,no,no,no,no,no,False
102605944,METROPOLITAN NASHVILLE POLICE DEPT,20190916415,Davidson,Nashville,12/23/2019 3:25:00 PM,2,0,0,36.082930,-86.763640,I 65,,,,0.00,,,,,,,77.85,N,Not at Intersection, ,,None,,,         ,Heather,Fox,,,no,no,no,no,no,False
102605952,METROPOLITAN NASHVILLE POLICE DEPT,20190916444,Davidson,Not in City Limit,12/23/2019 4:04:00 PM,2,1,0,36.306410,-86.686430,GALLATIN PKEN,,,,396.00,Feet,East,NORTHSIDE DR,,,,0.00,N,Not at Intersection, ,Non-Junction,None,,,         ,Jared,Dick,Clear,Front to Rear,no,no,no,no,no,False
102605962,METROPOLITAN NASHVILLE POLICE DEPT,20190916462,Davidson,Nashville,12/23/2019 4:00:00 PM,1,0,0,36.183280,-86.813090,CLARKSVILLE PKE,,,,175.00,Feet,East,BOND AV,,,,0.00,N,Not at Intersection, ,,None,,,         ,Jonathan,Sharp,,,no,no,no,no,no,False
102605965,METROPOLITAN NASHVILLE POLICE DEPT,20190916391,Davidson,Nashville,12/23/2019 3:45:00 PM,1,0,0,36.083000,-86.952880,I 40,,,,0.00,,,,,,,196.55,N,Not at Intersection, ,Non-Junction,None,,,         ,Lawrence,Whited,Clear,Not Collision with Motor Vehicle in Transport,no,no,no,no,no,False
102605984,METROPOLITAN NASHVILLE POLICE DEPT,20190916375,Davidson,Nashville,12/23/2019 3:43:00 PM,2,1,0,36.060900,-86.916200,OLD HICKORY BLVD,,,,64.00,Feet,North,HIGHWAY 100,,,,0.00,N,Not at Intersection,N,Non-Junction,None,,,         ,Clayton,Smith,Clear,Front to Rear,no,no,no,no,no,False
102605996,METROPOLITAN NASHVILLE POLICE DEPT,20190916496,Davidson,Nashville,12/23/2019 4:47:00 PM,2,0,0,36.174060,-86.770670,I 24,,,,0.00,,,,,,,48.15,N,Not at Intersection, ,,Unknown,,,         ,Patrick,Martin,,,no,no,no,no,no,False
102606011,METROPOLITAN NASHVILLE POLICE DEPT,20190916558,Davidson,Nashville,12/23/2019 5:20:00 PM,2,0,0,36.142590,-86.815500,31ST AVS,,,,0.00,,,31ST AVN,,,,0.00,Y,Four-Way, ,,None,,,         ,David,Lang,,,no,no,no,no,no,Campus
102606012,METROPOLITAN NASHVILLE POLICE DEPT,20190916481,Davidson,Nashville,12/23/2019 3:55:00 PM,2,0,0,36.157350,-86.823150,I40 W EXT RAMP,,,,0.00,,,I 40,,,,0.00,Y,Y-Intersection,Y,Entrance/Exit Ramp Related,None,,,         ,Luke,Steigerwalt,Clear,"Sideswipe, Same Direction",no,no,no,no,yes,False
102606014,METROPOLITAN NASHVILLE POLICE DEPT,20190916556,Davidson,Nashville,12/23/2019 12:00:00 AM,2,0,0,36.169050,-86.809910,JEFFERSON ST,,,,91.00,Feet,West,21ST AVN,,,,0.00,N,Not at Intersection, ,Non-Junction,None,,,         ,Melvin,Taylor,Clear,Angle,no,no,no,no,no,False
102606021,METROPOLITAN NASHVILLE POLICE DEPT,20190916634,Davidson,Nashville,12/23/2019 4:56:00 PM,2,0,0,36.047750,-86.663420,I 24,,,,0.00,,,,,,,59.10,N,Not at Intersection, ,Non-Junction,None,,,         ,Patrick,Martin,Clear,Front to Rear,no,no,no,no,no,False
102606024,METROPOLITAN NASHVILLE POLICE DEPT,20190916603,Davidson,Not in City Limit,12/23/2019 5:45:00 PM,2,1,0,36.306590,-86.686140,GALLATIN PKEN,,,,460.00,Feet,West,NORTHSIDE MARKETPLACE PVTDR,,,,0.00,N,Not at Intersection,N,Non-Junction,None,,,         ,Jared,Dick,Clear,Front to Rear,no,no,no,no,no,False
102606028,BERRY HILL POLICE DEPT,19-5412,Davidson,Berry Hill,12/23/2019 12:00:00 AM,2,2,0,36.116490,-86.766350,BRANSFORD AV,,,,66.00,Feet,South,E IRIS DR,,,,0.00,N,Not at Intersection,Y,Non-Junction,None,,,         ,John,Gleixner,Clear,Front to Rear,no,no,no,no,no,False
102606035,METROPOLITAN NASHVILLE POLICE DEPT,20190916604,Davidson,Nashville,12/23/2019 5:30:00 PM,3,2,0,36.059020,-86.672460,BLUE HOLE RD,,,,110.00,Feet,South,BLUE HOLE GRNWY PVTDR,,,,0.00,N,Not at Intersection,N,Non-Junction,None,,,         ,Ryan,Sherry,Clear,"Sideswipe, Same Direction",no,no,no,no,no,False
102606038,METROPOLITAN NASHVILLE POLICE DEPT,20190916418,Davidson,Nashville,12/23/2019 1:50:00 PM,2,0,0,36.077610,-86.775900,TYNE BLVD,,,,830.00,Feet,West,FRANKLIN PKE,,,,0.00,N,Not at Intersection,N,Non-Junction,None,,,         ,Donovan,Coble,Clear,Angle,no,no,no,no,no,False
102606044,METROPOLITAN NASHVILLE POLICE DEPT,20190916394,Davidson,Nashville,12/23/2019 3:45:00 PM,2,0,0,36.197890,-86.690960,OPRY MILLS DR,,,,343.00,Feet,North,BRILEY PKWY S EXT RAMP,,,,0.00,N,Not at Intersection, ,Non-Junction,None,,,         ,Mandi,Maska,Clear,"Sideswipe, Same Direction",no,no,no,yes,no,False
102606045,METROPOLITAN NASHVILLE POLICE DEPT,20190916234,Davidson,Nashville,12/23/2019 2:00:00 PM,2,1,0,36.162110,-86.790610,11TH AVN,,,,0.00,,,CHARLOTTE AV,,,,0.00,Y,Four-Way,N,Intersection,None,,,         ,Timothy,Mead,Clear,Angle,no,no,no,no,no,False
102606046,METROPOLITAN NASHVILLE POLICE DEPT,20190916538,Davidson,Nashville,12/23/2019 4:00:00 PM,2,0,0,36.161970,-86.781220,6TH AVN,,,,0.00,,,,,,,0.00,,, ,,None,,,         ,Timothy,Mead,,,no,no,no,yes,no,False
102606047,GOODLETTSVILLE POLICE DEPT,19-47752,Davidson,Goodlettsville,12/23/2019 5:43:00 PM,3,0,0,36.299930,-86.711620,I 65,,,,0.00,,,,,,,95.15,N,Not at Intersection,N,Non-Junction,None,,,         ,Nicholas,Given,Clear,Front to Rear,no,no,no,no,no,False
102606052,METROPOLITAN NASHVILLE POLICE DEPT,20190916723,Davidson,Antioch,12/23/2019 6:25:00 PM,2,0,0,36.049340,-86.626050,MT VIEW RD,,,,0.53,Miles,West,MURFREESBORO PKE,,,,0.00,N,Not at Intersection,N,Non-Junction,None,,,         ,Eric,Wegener,Clear,Front to Rear,no,no,no,no,no,False
102606063,METROPOLITAN NASHVILLE POLICE DEPT,20190916674,Davidson,Not in City Limit,12/23/2019 6:15:00 PM,2,2,0,35.997280,-86.690460,NOLENSVILLE PKE,,,,225.00,Feet,West,CONCORD RD,,,,0.00,N,Not at Intersection, ,Non-Junction,None,,,         ,Brandon,Hughes,Clear,Front to Rear,no,no,no,no,no,False
102606066,METROPOLITAN NASHVILLE POLICE DEPT,20190916154,Davidson,Nashville,12/23/2019 1:30:00 PM,2,2,0,36.152350,-86.769010,2ND AVS,,,,0.00,,,LINDSLEY AV,,,,0.00,Y,Four-Way,N,Intersection,None,,,         ,Michael,Douglas,Clear,Angle,no,no,no,no,no,False
102606070,METROPOLITAN NASHVILLE POLICE DEPT,20190916628,Davidson,Not in City Limit,12/23/2019 6:00:00 PM,2,0,0,36.079570,-86.953510,HIGHWAY 70S,,,,0.00,,,COLEY DAVIS RD,,,,0.00,Y,Four-Way,N,Intersection,None,,,         ,Lawrence,Whited,Clear,Front to Rear,no,no,no,no,no,False
102606081,METROPOLITAN NASHVILLE POLICE DEPT,20190916286,Davidson,Nashville,12/23/2019 2:30:00 PM,2,0,0,36.098190,-86.873830,HARDING PKE,,,,431.00,Feet,East,HIGHWAY 100,,,,0.00,N,Not at Intersection,N,Non-Junction,None,,,         ,William,Vanbergen,Clear,Front to Rear,no,no,no,no,no,False
102606082,METROPOLITAN NASHVILLE POLICE DEPT,20190916725,Davidson,Antioch,12/23/2019 6:55:00 PM,2,0,0,36.026550,-86.588490,MURFREESBORO PKE,,,,55.00,Feet,North,HICKORY WOODS DR,,,,0.00,N,Not at Intersection, ,Non-Junction,None,,,         ,Wesley,Carver,Clear,Front to Rear,no,no,no,no,no,False
102606084,METROPOLITAN NASHVILLE POLICE DEPT,20190916631,Davidson,Not in City Limit,12/23/2019 4:41:00 PM,2,0,0,36.264320,-86.711450,US HWY 31E,,,,478.00,Feet,North,STATE HWY 45,,,,0.00,N,Not at Intersection, ,Non-Junction,None,,,         ,Kevin,Crawford,Cloudy,Angle,no,no,no,no,no,False
102606100,METROPOLITAN NASHVILLE POLICE DEPT,20190916799,Davidson,Nashville,12/23/2019 7:48:00 PM,1,1,0,36.159240,-86.615050,BELL RD,,,,1577.00,Feet,South,DODSON CHAPEL RD,,,,0.00,N,Not at Intersection,N,Non-Junction,None,,,         ,Tyler,Hall,Clear,Not Collision with Motor Vehicle in Transport,no,no,no,no,no,False
102606109,METROPOLITAN NASHVILLE POLICE DEPT,20190916796,Davidson,Nashville,12/23/2019 7:47:00 PM,2,0,0,36.146540,-86.767720,4TH AVS,,,,0.00,,,MILDRED SHUTE AV,,,,0.00,Y,OTHER,Y,Intersection,None,,,         ,Douglas,Sykes,Clear,"Sideswipe, Same Direction",no,no,no,no,no,False
102606137,METROPOLITAN NASHVILLE POLICE DEPT,20190916717,Davidson,Nashville,12/23/2019 6:25:00 PM,2,1,0,36.132880,-86.892800,CHARLOTTE PKE,,,,197.00,Feet,East,I40 E ENT RAMP,,,,0.00,N,Not at Intersection,N,Non-Junction,None,,,         ,William,Vanbergen,Clear,Front to Rear,no,no,no,no,yes,False
102606142,METROPOLITAN NASHVILLE POLICE DEPT,20190916932,Davidson,Not in City Limit,12/23/2019 8:13:00 PM,2,0,0,36.086600,-86.936950,HICKS RD,,,,0.00,,,SAWYER BROWN RD,,,,0.00,Y,Four-Way,N,Intersection,None,,,         ,Lawrence,Whited,Clear,Angle,no,no,no,no,yes,False
102606143,METROPOLITAN NASHVILLE POLICE DEPT,20190916673,Davidson,Nashville,12/23/2019 5:25:00 PM,2,0,0,36.195550,-86.687480,BRILEY PKWYN,,,,130.00,Feet,North,BRILEY PKWYS,,,,0.00,N,Not at Intersection, ,Non-Junction,None,,,         ,Allyson,Reis,Clear,Front to Rear,no,no,no,no,no,False
102606145,METROPOLITAN NASHVILLE POLICE DEPT,20190916929,Davidson,Nashville,12/23/2019 8:00:00 PM,2,0,0,36.134300,-86.774730,I65 N ENT RAMP,,,,0.00,,,I 65,,,,0.00,Y,Four-Way,Y,Intersection,None,,,         ,Conor,Cronin,Clear,Angle,no,no,no,no,yes,False
102606149,METROPOLITAN NASHVILLE POLICE DEPT,20190916730,Davidson,Nashville,12/23/2019 7:08:00 PM,2,0,0,36.249730,-86.686970,NEELYS BEND RD,,,,125.00,Feet,West,LARKIN SPRINGS RD,,,,0.00,N,Not at Intersection,N,Non-Junction,None,,,         ,DuJuan,Kendrick,Clear,"Sideswipe, Same Direction",no,no,no,no,yes,False
102606171,METROPOLITAN NASHVILLE POLICE DEPT,20190916887,Davidson,Nashville,12/23/2019 7:38:00 PM,2,0,0,36.207640,-86.858260,ASHLAND CITY HWY,,,,62.00,Feet,West,DRAKES BRANCH RD,,,,0.00,N,Not at Intersection,N,Non-Junction,None,,,         ,Kiana,Perry,Clear,"Sideswipe, Opposite Direction",no,no,no,no,yes,False
102606174,METROPOLITAN NASHVILLE POLICE DEPT,20190916891,Davidson,Nashville,12/23/2019 8:32:00 PM,2,1,0,36.173590,-86.602150,OLD HICKORY BLVD,,,,0.00,,West,CENTRAL PKE,,,,0.00,N,Not at Intersection,N,Non-Junction,None,,,         ,Torrance,Bennett,Clear,Angle,no,no,no,no,yes,False
102606183,METROPOLITAN NASHVILLE POLICE DEPT,20190916919,Davidson,Nashville,12/23/2019 8:42:00 PM,2,1,0,36.217620,-86.692060,MCGAVOCK PKE WB EXT RAMP,,,,0.00,Feet,East,BRILEY PKWY N ENT RAMP,,,,0.00,N,Not at Intersection,Y,Entrance/Exit Ramp Related,None,,,         ,Mandi,Maska,Clear,Front to Rear,no,no,no,no,no,False
102606184,METROPOLITAN NASHVILLE POLICE DEPT,20190917023,Davidson,Not in City Limit,12/23/2019 9:40:00 PM,2,0,0,36.261310,-86.679170,LONDON BRIDGE RD,,,,304.00,Feet,West,SANDHURST DR,,,,0.00,N,Not at Intersection, ,Non-Junction,None,,,         ,DuJuan,Kendrick,Clear,Rear to Rear,no,no,no,no,no,False
102606187,METROPOLITAN NASHVILLE POLICE DEPT,20190916638,Davidson,Nashville,12/23/2019 6:00:00 PM,2,1,0,36.135210,-86.886740,CHARLOTTE PKE,,,,432.00,Feet,East,W HILLWOOD DR,,,,0.00,N,Not at Intersection,N,Non-Junction,None,,,         ,Clayton,Smith,Clear,Front to Rear,no,no,no,no,no,False
102606246,METROPOLITAN NASHVILLE POLICE DEPT,20190916669,Davidson,Nashville,12/23/2019 6:30:00 PM,2,0,0,36.184870,-86.803390,9TH AVN,,,,0.00,,,CLAY ST,,,,0.00,Y,Four-Way,N,Intersection,None,,,         ,Jonathan,Sharp,Cloudy,"Sideswipe, Same Direction",no,no,no,no,yes,False
102606293,METROPOLITAN NASHVILLE POLICE DEPT,20190917119,Davidson,Nashville,12/23/2019 10:15:00 PM,2,0,0,36.243890,-86.756580,SKYLINE MEMORIAL CT,,,,0.00,Feet,East,DICKERSON PKE,,,,0.00,N,Not at Intersection,N,Unknown,None,,,         ,Coleman,McKellar,Clear,Front to Rear,no,no,no,no,yes,False
102606297,METROPOLITAN NASHVILLE POLICE DEPT,20190917238,Davidson,Nashville,12/23/2019 12:00:00 AM,2,0,0,36.201540,-86.829320,LINCOLN AV,,,,221.00,Feet,East,ALPINE AV,,,,0.00,N,Not at Intersection,N,Non-Junction,None,,,         ,Abigail,Malone,Clear,Angle,no,no,no,no,yes,False
102606302,METROPOLITAN NASHVILLE POLICE DEPT,20190917140,Davidson,Nashville,12/23/2019 11:02:00 PM,2,0,0,36.156230,-86.787260,12TH AVS,,,,197.00,Feet,South,BROADWAY,,,,0.00,N,Not at Intersection,N,Non-Junction,None,,,         ,Eric,Jackson,Clear,Angle,no,no,no,yes,no,False
102606320,THP District 3 - Nashville,319082701,Davidson,Not in City Limit,12/18/2019 7:11:00 PM,1,0,0,36.309700,-86.952770,LYNN DR,,,,79.00,Feet,West,NORTH FORK DR,,,,0.00,N,Not at Intersection,N,Non-Junction,None,,,         ,Chantilly,Worling,Clear,Not Collision with Motor Vehicle in Transport,no,no,no,no,no,False
102606405,Nashville Airport Police,2019-05344,Davidson,Nashville,12/23/2019 11:34:00 AM,2,0,0,36.136160,-86.667550,TERMINAL DR,,,,0.00,,,I40 E EXT RAMP,,,,0.00,Y,OTHER,N,OtherLocation,None,,,         ,Daniel,Winter,Clear,Other,no,no,no,no,no,False
102606494,METROPOLITAN NASHVILLE POLICE DEPT,20190914006,Davidson,Nashville,12/22/2019 10:00:00 AM,2,0,0,36.124680,-86.752020,NOLENSVILLE PKE,,,,122.00,Feet,South,ROSEDALE AV,,,,0.00,N,Not at Intersection,N,Non-Junction,None,,,         ,David,Barras,Cloudy,Angle,no,no,no,no,no,False
102606579,METROPOLITAN NASHVILLE POLICE DEPT,20190863900,Davidson,Nashville,11/30/2019 9:58:00 PM,2,0,0,36.204650,-86.695240,OPRY MILLS DR,,,,1078.00,Feet,East,MOSS ROSE DR,,,,0.00,N,Not at Intersection, ,Non-Junction,None,,,         ,Nopel,Stella,Rain,Not Collision with Motor Vehicle in Transport,no,no,no,no,yes,False
102607520,THP District 9 - Administrative,319082670,Davidson,Nashville,12/18/2019 5:00:00 PM,2,0,0,36.053740,-86.673270,I 24,,,,0.00,,,,,,,58.40,N,Not at Intersection,N,Non-Junction,None,,,         ,Brian,Carmouche,Clear,Front to Rear,no,no,no,no,no,False
102609156,METROPOLITAN NASHVILLE POLICE DEPT,20190911379,Davidson,Nashville,12/20/2019 10:50:00 PM,2,0,0,36.206680,-86.778760,W TRINITY LN,,,,95.00,Feet,West,HAMPTON ST,,,,0.00,N,Not at Intersection,N,Non-Junction,None,,,         ,Daniel,Kallman,Clear,HeadOn,no,no,no,no,yes,False
102613704,METROPOLITAN NASHVILLE POLICE DEPT,20190913744,Davidson,Nashville,12/22/2019 6:50:00 AM,2,1,0,36.164510,-86.781060,5TH AVN,,,,0.00,Feet,,UNION ST,,,,0.00,Y,Four-Way,N,Intersection,None,,,         ,Gregory,Julia,Clear,Angle,no,no,no,no,yes,False
102613994,METROPOLITAN NASHVILLE POLICE DEPT,20190912388,Davidson,Nashville,12/21/2019 1:24:00 PM,1,0,1,36.049040,-86.652550,BELL RD,,,,258.00,Feet,West,HICKORY HOLLOW MALL PVTDR PL,,,,0.00,N,Not at Intersection,N,Non-Junction,None,,,19-1074  ,Russell,Ward,Cloudy,Not Collision with Motor Vehicle in Transport,yes,no,no,no,no,False
102633858,Nashville Airport Police,2019-5311,Davidson,Nashville,12/21/2019 4:34:00 AM,2,0,0,36.138360,-86.665270,DONELSON PKE,,,,283.00,Feet,South,I40 E ENT RAMP,,,,0.00,N,Not at Intersection, ,Non-Junction,None,,,         ,Daniel,Littleton,Clear,"Sideswipe, Same Direction",no,no,no,no,yes,False
102606314,METROPOLITAN NASHVILLE POLICE DEPT,20190917244,Davidson,Nashville,12/24/2019 12:03:00 AM,2,0,0,36.076240,-86.634900,BELL RD,,,,125.00,Feet,South,DAVENPORT DR,,,,0.00,N,Not at Intersection, ,Non-Junction,None,,,         ,Michael,Griggs,Clear,"Sideswipe, Same Direction",no,no,no,no,yes,False
102606324,METROPOLITAN NASHVILLE POLICE DEPT,20190917497,Davidson,Nashville,12/24/2019 2:25:00 AM,1,1,0,36.183530,-86.693440,STATE HWY 155,,,,0.00,,,,,,,0.00,,,N,Non-Junction,None,,,         ,Jeremy,Crisp,Clear,Not Collision with Motor Vehicle in Transport,no,no,no,no,no,False
102606332,METROPOLITAN NASHVILLE POLICE DEPT,20190917502,Davidson,Nashville,12/24/2019 2:35:00 AM,2,1,0,36.153960,-86.818220,28TH AVN,,,,0.00,,,CHARLOTTE AV,,,,0.00,Y,Four-Way,N,Intersection,None,,,         ,Eric,Schaefer,Clear,Angle,no,no,no,no,no,False
102606345,METROPOLITAN NASHVILLE POLICE DEPT,2019091545,Davidson,Nashville,12/24/2019 3:04:00 AM,1,0,0,36.249620,-86.756840,OLD DUE WEST AV,,,,80.00,Feet,East,DICKERSON PKE,,,,0.00,N,Not at Intersection,N,Non-Junction,None,,,         ,Corey,Eldridge,Cloudy,Not Collision with Motor Vehicle in Transport,no,no,no,no,no,False
102606410,METROPOLITAN NASHVILLE POLICE DEPT,20190917866,Davidson,Nashville,12/24/2019 6:30:00 AM,2,0,0,36.135500,-86.724670,MURFREESBORO PKE,,,,144.00,Feet,North,I24 W EXT RAMP,,,,0.00,N,Not at Intersection,N,Non-Junction,None,,,         ,Adam,Warren,Clear,"Sideswipe, Same Direction",no,no,no,no,yes,False
102606486,METROPOLITAN NASHVILLE POLICE DEPT,20190917832,Davidson,Nashville,12/24/2019 6:45:00 AM,1,2,0,36.206820,-86.768260,DICKERSON PKE,,,,0.00,Feet,East,OLD TRINITY LN,,,,0.00,N,Not at Intersection,N,Non-Junction,None,,,         ,Ky,Luu,Clear,Not Collision with Motor Vehicle in Transport,no,no,no,no,yes,False
102606496,METROPOLITAN NASHVILLE POLICE DEPT,20190917882,Davidson,Nashville,12/24/2019 7:35:00 AM,2,0,0,36.106470,-86.672900,DONELSON PKE,,,,105.00,Feet,North,MURFREESBORO PKE,,,,0.00,N,Not at Intersection, ,Non-Junction,None,,,         ,John,Frazier,Clear,Other,no,no,no,no,no,False
102606497,METROPOLITAN NASHVILLE POLICE DEPT,20190917968,Davidson,Nashville,12/24/2019 8:41:00 AM,2,0,0,36.198170,-86.691880,OPRY MILLS DR,,,,539.00,Feet,North,GAYLORD DR,,,,0.00,N,Not at Intersection, ,,None,,,         ,Ralph,Harvey,,,no,no,no,no,no,False
102606498,METROPOLITAN NASHVILLE POLICE DEPT,20190917931,Davidson,Old Hickory,12/24/2019 8:10:00 AM,3,0,0,36.257910,-86.656850,MARTINGALE DR,,,,0.00,,,ROBINSON RD,,,,0.00,Y,Four-Way, ,Intersection,None,,,         ,William,Mckay,Clear,Angle,no,no,no,no,yes,False
102606502,METROPOLITAN NASHVILLE POLICE DEPT,20190917907,Davidson,Nashville,12/24/2019 7:56:00 AM,2,0,0,36.080200,-86.613300,LAKE TERRACE,DR,,,500.00,Feet,West,BRANTLEY,DR,,,0.00,N,Not at Intersection,N,Non-Junction,None,,,         ,Kelsey,Hemminger,Clear,Front to Rear,no,no,no,no,no,False
102606505,METROPOLITAN NASHVILLE POLICE DEPT,20190916067,Davidson,Nashville,12/24/2019 12:00:00 AM,2,0,0,36.159430,-86.796670,CHARLOTTE AV,,,,20.00,Feet,West,16TH AVN,,,,0.00,N,Not at Intersection, ,Non-Junction,None,,,         ,Zachary,Maxa,Clear,Front to Rear,no,no,no,no,no,False
102606516,METROPOLITAN NASHVILLE POLICE DEPT,20190918030,Davidson,Antioch,12/24/2019 9:25:00 AM,3,1,0,36.047840,-86.612050,MURFREESBORO PKE,,,,1.49,Miles,South,HAMILTON CHURCH RD,,,,0.00,N,Not at Intersection,N,Non-Junction,Construction Zone,Other,Activity Area,         ,Jason,Hees,Clear,Front to Rear,no,no,no,no,no,False
102606527,METROPOLITAN NASHVILLE POLICE DEPT,20190917849,Davidson,Nashville,12/24/2019 6:50:00 AM,2,1,0,36.134320,-86.774730,I65 N ENT RAMP,,,,0.00,,,I 65,,,,0.00,Y,T-Intersection,N,Intersection,None,,,         ,David,Barras,Clear,Angle,no,no,no,no,no,False
102606532,METROPOLITAN NASHVILLE POLICE DEPT,20190918000,Davidson,Nashville,12/24/2019 9:02:00 AM,2,0,0,36.164140,-86.762530,I24 W EXT RAMP,,,,0.00,Feet,East,I 24,,,,0.00,N,Not at Intersection, ,Non-Junction,None,,,         ,Faye,Denson,Clear,"Sideswipe, Same Direction",no,no,no,no,no,False
102606535,METROPOLITAN NASHVILLE POLICE DEPT,20190918056,Davidson,Nashville,12/24/2019 9:50:00 AM,2,1,0,36.047100,-86.655440,HICKORY HOLLOW PKWY,,,,216.00,Feet,South,BELL RD,,,,0.00,N,Not at Intersection,N,Non-Junction,None,,,         ,Brandon,Evans,Clear,Front to Rear,no,no,no,yes,no,False
102606567,METROPOLITAN NASHVILLE POLICE DEPT,20190918221,Davidson,Nashville,12/24/2019 12:00:00 AM,1,0,0,36.051250,-86.715160,OCALA DR,,,,256.00,Feet,West,NOLENSVILLE PKE,,,,0.00,N,Not at Intersection,N,OtherLocation,None,,,         ,Gary,Sneed,Clear,Not Collision with Motor Vehicle in Transport,no,no,no,yes,yes,False
102606573,METROPOLITAN NASHVILLE POLICE DEPT,20190918178,Davidson,Nashville,12/24/2019 10:54:00 AM,2,0,0,36.264090,-86.650810,DONELSON AV,,,,0.00,,,BRYAN ST,,,,0.00,Y,Four-Way,N,Intersection,None,,,         ,Cassandra,Del Bosco,Clear,Angle,no,no,no,no,no,False
102606577,METROPOLITAN NASHVILLE POLICE DEPT,20190918253,Davidson,Nashville,12/24/2019 12:11:00 PM,2,0,0,36.049280,-86.651730,BELL RD,,,,0.00,Feet,,HICKORY HOLLOW LN,,,,0.00,Y,Four-Way, ,Intersection,None,,,         ,Joseph,Simon,Clear,Front to Rear,no,no,no,no,no,False
102606580,METROPOLITAN NASHVILLE POLICE DEPT,20190918088,Davidson,Nashville,12/24/2019 10:02:00 AM,2,1,0,36.037900,-86.647000,I 24,,,,0.00,,,,,,,60.25,N,Not at Intersection,N,Non-Junction,None,,,         ,Nopel,Stella,Clear,Front to Rear,no,no,no,no,no,False
102606586,METROPOLITAN NASHVILLE POLICE DEPT,20190918196,Davidson,Nashville,12/24/2019 11:25:00 AM,2,2,0,36.118230,-86.700230,BRILEY PKWY N ENT RAMP,,,,0.00,,,BRILEY PKWYN,,,,0.00,Y,Four-Way,N,Intersection,None,,,         ,Jason,Kedzierski,Clear,HeadOn,no,no,no,no,no,False