master_record_number,agency,agency_tracking_number,county,city,collision_date,vehicles_involved,number_injured,number_dead,latitude,longitude,roadway_name,roadway_suffix,roadway_number,roadway_local_id,distance_from_reference,miles-feet_indicator,direction_from_reference,intersection_road_name,intersection_road_name_suffix,intersection_road_number,intersection_local_id,mile_marker,intersection_indicator,intersect_type,interchange_related_indicator,relation_to_junction,work_zone_type,construction_maintenance_zone,construction_maintenance_zone_location,fatal_case_number,officer_first_name,officer_last_name,weather_condition(s),manner_of_crash,pedestrian,bicycle,scooter,parking,hitrun,mou
102607395,METROPOLITAN NASHVILLE POLICE DEPT,20190921148,Davidson,Nashville,12/26/2019 8:00:00 AM,1,0,0,36.179650,-86.800520,I 65,,,,0.00,,,,,,,85.00,N,Not at Intersection,N,Non-Junction,None,,,         ,Wesley,Young,Cloudy,Not Collision with Motor Vehicle in Transport,no,no,no,no,no,False
102607396,METROPOLITAN NASHVILLE POLICE DEPT,20190921259,Davidson,Nashville,12/26/2019 8:50:00 AM,2,0,0,36.065750,-86.697130,KEELEY DR,,,,657.00,Feet,West,CREEKSIDE DR,,,,0.00,N,Not at Intersection, ,Non-Junction,None,,,         ,Honorio,Canchola,Clear,Front to Rear,no,no,no,no,no,False
102607415,METROPOLITAN NASHVILLE POLICE DEPT,20190921344,Davidson,Antioch,12/26/2019 8:50:00 AM,2,0,0,36.042140,-86.582700,PEPPERWOOD DR,,,,323.00,Feet,North,MYSTIC VALLEY CT,,,,0.00,N,Not at Intersection, ,,None,,,         ,Nicholas,Carter,,,no,no,no,no,no,False
102607422,METROPOLITAN NASHVILLE POLICE DEPT,20190921047,Davidson,Nashville,12/26/2019 6:40:00 AM,2,0,0,36.089840,-86.703160,I 24,,,,0.00,,,,,,,55.40,N,Not at Intersection,N,Non-Junction,None,,,         ,Ryan,Howard,Clear,Front to Rear,no,no,no,no,no,False
102607431,Nashville Airport Police,2019-05376,Davidson,Nashville,12/26/2019 5:10:00 AM,2,0,0,36.130400,-86.668650,AIRPORT SERVICE RD,,,,0.00,,,,,,,0.00,,Not at Intersection, ,Non-Junction,None,,,         ,Brian,Robbins,Clear,Rear to Side,no,no,no,yes,no,False
102607438,METROPOLITAN NASHVILLE POLICE DEPT,20190921049,Davidson,Nashville,12/26/2019 7:39:00 AM,2,1,0,36.154510,-86.815630,CHARLOTTE AV,,,,0.00,,,26TH AVN,,,,0.00,Y,Four-Way,N,Non-Junction,None,,,         ,Isaac,Wood,Cloudy,Front to Rear,no,no,no,no,no,False
102607466,METROPOLITAN NASHVILLE POLICE DEPT,20190921435,Davidson,Not in City Limit,12/26/2019 10:49:00 AM,2,1,0,36.082280,-86.958280,HIGHWAY 70S,,,,0.00,Feet,,HARPETH VALLEY RD,,,,0.00,Y,T-Intersection,Y,Intersection-Related,None,,,         ,Jack,Crouch,Cloudy,Angle,no,no,no,no,no,False
102607484,METROPOLITAN NASHVILLE POLICE DEPT,20190921501,Davidson,Nashville,12/26/2019 11:30:00 AM,2,0,0,36.223620,-86.849840,LUNN DR,,,,425.00,Feet,South,PUTNAM DR,,,,0.00,N,Not at Intersection,N,Non-Junction,None,,,         ,Wesley,Young,Cloudy,"Sideswipe, Same Direction",no,no,no,no,yes,False
102607512,BERRY HILL POLICE DEPT,19-5440,Davidson,Berry Hill,12/26/2019 12:00:00 PM,2,0,0,36.126430,-86.771980,CRAIGHEAD ST,,,,250.00,Feet,West,MCKEAND AV,,,,0.00,N,Not at Intersection, ,,None,,,         ,Monty,Sands,,,no,no,no,no,no,False
102607519,METROPOLITAN NASHVILLE POLICE DEPT,20190921361,Davidson,Nashville,12/26/2019 10:05:00 AM,2,2,0,36.151800,-86.771250,4TH AVS,,,,0.00,,,LAFAYETTE ST,,,,0.00,Y,T-Intersection,N,Intersection,None,,,         ,Johnathan,Carlisle,Cloudy,Angle,no,no,no,no,no,False
102607522,METROPOLITAN NASHVILLE POLICE DEPT,20190921477,Davidson,Not in City Limit,12/26/2019 11:20:00 AM,2,0,0,36.268340,-86.756160,DICKERSON PKE,,,,0.00,Feet,,BELL GRIMES LN,,,,0.00,Y,T-Intersection, ,Intersection-Related,None,,,         ,Nathaniel,Carroll,Clear,Front to Rear,no,no,no,no,no,False
102607543,METROPOLITAN NASHVILLE POLICE DEPT,20190921651,Davidson,Not in City Limit,12/26/2019 1:00:00 AM,2,0,0,36.271380,-86.692020,SCALF DR,,,,345.00,Feet,South,ANDERSON LN,,,,0.00,N,Not at Intersection,N,Non-Junction,None,,,         ,Brian,Otto,Clear,Angle,no,no,no,no,yes,False
102607604,METROPOLITAN NASHVILLE POLICE DEPT,20190921631,Davidson,Nashville,12/26/2019 12:03:00 PM,2,0,0,36.045790,-86.713310,NOLENSVILLE PKE,,,,156.00,Feet,North,OLD HICKORY BLVD,,,,0.00,N,Not at Intersection, ,Non-Junction,None,,,         ,Ian,Hammond,Clear,Front to Rear,no,no,no,no,yes,False
102607605,METROPOLITAN NASHVILLE POLICE DEPT,20190921656,Davidson,Antioch,12/26/2019 12:25:00 PM,2,0,0,36.071171,-86.604666,NEW TOWNE,RD,,,100.00,Feet,South,TOWNE RIDGE,DR,,,0.00,N,Not at Intersection, ,Non-Junction,None,,,         ,Nicholas,Carter,Cloudy,Front to Rear,no,no,no,no,yes,False
102607619,METROPOLITAN NASHVILLE POLICE DEPT,20190921699,Davidson,Nashville,12/26/2019 1:25:00 PM,1,1,0,36.112020,-86.769830,THOMPSON LN,,,,451.00,Feet,East,W IRIS DR,,,,0.00,N,Not at Intersection,N,OtherLocation,None,,,         ,Gregory,Scott,Clear,Not Collision with Motor Vehicle in Transport,yes,no,no,yes,no,False
102607621,METROPOLITAN NASHVILLE POLICE DEPT,20190921714,Davidson,Nashville,12/26/2019 1:42:00 PM,2,0,0,36.040640,-86.651210,I 24,,,,0.00,,,,,,,59.95,N,Not at Intersection,N,Non-Junction,None,,,         ,Jason,Kedzierski,Cloudy,"Sideswipe, Same Direction",no,no,no,no,yes,False
102607638,METROPOLITAN NASHVILLE POLICE DEPT,20190921739,Davidson,Nashville,12/26/2019 1:20:00 PM,2,0,0,36.154720,-86.791840,BROADWAY,,,,398.00,Feet,West,15TH AVN,,,,0.00,N,Not at Intersection, ,,None,,,         ,Brian,Murphy,,,no,no,no,no,no,False
102607646,METROPOLITAN NASHVILLE POLICE DEPT,20190921706,Davidson,Nashville,12/26/2019 1:25:00 PM,2,0,0,36.159210,-86.782310,ROSA L PARKS BLVD,,,,130.00,Feet,North,BROADWAY,,,,0.00,N,Not at Intersection, ,Non-Junction,None,,,         ,Destiny,Zunic,Clear,Front to Rear,no,no,no,no,no,False
102607659,METROPOLITAN NASHVILLE POLICE DEPT,20190921789,Davidson,Nashville,12/26/2019 12:00:00 AM,2,0,0,36.083320,-86.647080,MURFREESBORO PKE,,,,127.00,Feet,South,BROOKSBORO PL,,,,0.00,N,Not at Intersection,N,Non-Junction,None,,,         ,Madison,Meiss,Clear,Front to Rear,no,no,no,no,no,False
102607668,METROPOLITAN NASHVILLE POLICE DEPT,20190921723,Davidson,Nashville,12/26/2019 1:49:00 PM,3,2,0,36.236530,-86.758080,-- UNKNOWN RAMP/ROAD --,,,,0.00,Feet,,I 65,,,,0.00,Y,T-Intersection,Y,Intersection,None,,,         ,Nicholas,Smith,Cloudy,Angle,no,no,no,no,no,False
102607708,METROPOLITAN NASHVILLE POLICE DEPT,20190921846,Davidson,Nashville,12/26/2019 2:35:00 PM,2,0,0,36.167190,-86.663400,DONELSON PKE,,,,174.00,Feet,South,LEBANON PKE,,,,0.00,N,Not at Intersection, ,Non-Junction,None,,,         ,Samuel,Sundra,Cloudy,Angle,no,no,no,no,no,False
102607714,METROPOLITAN NASHVILLE POLICE DEPT,20190921848,Davidson,Nashville,12/26/2019 3:09:00 PM,2,0,0,36.163320,-86.613120,BELL RD,,,,0.00,,,DODSON CHAPEL RD,,,,0.00,Y,T-Intersection,N,Intersection,None,,,         ,Joshua,Hausman,Clear,Front to Rear,no,no,no,no,no,False
102607716,METROPOLITAN NASHVILLE POLICE DEPT,20190921840,Davidson,Nashville,12/26/2019 2:19:00 PM,2,1,0,36.113120,-86.746380,NOLENSVILLE PKE,,,,577.00,Feet,South,CENTRAL AV,,,,0.00,N,Not at Intersection, ,Non-Junction,None,,,         ,Jesse,Cox,Cloudy,Front to Rear,no,no,no,no,no,False
102607717,METROPOLITAN NASHVILLE POLICE DEPT,20190921851,Davidson,Nashville,12/26/2019 3:11:00 PM,1,0,0,36.044950,-86.659750,I24 E ENT RAMP,,,,0.00,,,I 24,,,,0.00,Y,Four-Way,N,Non-Junction,None,,,         ,Eric,Wegener,Clear,Not Collision with Motor Vehicle in Transport,no,no,no,no,yes,False
102607729,METROPOLITAN NASHVILLE POLICE DEPT,20190921853,Davidson,Nashville,12/26/2019 2:00:00 PM,2,0,0,36.057630,-86.659070,WINTON DR,,,,236.00,Feet,South,MOSS RD,,,,0.00,N,Not at Intersection, ,Non-Junction,None,,,         ,Marcus,Darden,Clear,"Sideswipe, Same Direction",no,no,no,no,no,False
102607747,METROPOLITAN NASHVILLE POLICE DEPT,20190921979,Davidson,Nashville,12/26/2019 4:15:00 PM,2,0,0,36.100990,-86.712210,I 24,,,,0.00,,,,,,,54.50,N,Not at Intersection, ,Non-Junction,None,,,         ,Jesse,Cox,Cloudy,Front to Rear,no,no,no,no,no,False
102607748,METROPOLITAN NASHVILLE POLICE DEPT,20190921938,Davidson,Nashville,12/26/2019 12:00:00 AM,2,3,0,36.064200,-86.629100,HAMILTON CHURCH RD,,,,284.00,Feet,South,MURFREESBORO PKE,,,,0.00,N,Not at Intersection,N,Non-Junction,None,,,         ,JA'Karyus,Redwine,Clear,Angle,no,no,no,no,no,False
102607751,METROPOLITAN NASHVILLE POLICE DEPT,20190921967,Davidson,Nashville,12/26/2019 4:16:00 PM,2,2,0,36.207910,-86.786450,W TRINITY LN,,,,269.00,Feet,East,MONTICELLO ST,,,,0.00,N,Not at Intersection,N,Non-Junction,None,,,         ,Luke,Steigerwalt,Clear,Angle,no,no,no,no,no,False
102607764,METROPOLITAN NASHVILLE POLICE DEPT,20190921965,Davidson,Nashville,12/26/2019 4:00:00 PM,1,0,0,36.167870,-86.779820,3RD AVN,,,,0.00,,,,,,,0.00,,, ,,None,,,         ,Timothy,Mead,,,no,no,no,yes,no,False
102607773,METROPOLITAN NASHVILLE POLICE DEPT,20190921980,Davidson,Nashville,12/26/2019 4:19:00 PM,2,0,0,36.165310,-86.783150,CHARLOTTE AV,,,,0.00,,,6TH AVN,,,,0.00,Y,T-Intersection, ,Intersection,None,,,         ,Michael,Douglas,Clear,"Sideswipe, Opposite Direction",no,no,no,no,no,False
102607778,METROPOLITAN NASHVILLE POLICE DEPT,20190922030,Davidson,Nashville,12/26/2019 4:40:00 PM,2,0,0,36.116290,-86.743560,JOYNER AV,,,,20.00,Feet,West,FOSTER AV,,,,0.00,N,Not at Intersection,N,Non-Junction,None,,,         ,Eric,Laury,Clear,Angle,no,no,no,no,yes,False
102607781,METROPOLITAN NASHVILLE POLICE DEPT,20190921899,Davidson,Nashville,12/26/2019 3:22:00 PM,2,0,0,36.146540,-86.767720,4TH AVS,,,,0.00,,,MILDRED SHUTE AV,,,,0.00,Y,T-Intersection,N,Intersection,None,,,         ,Patrick,Martin,Clear,"Sideswipe, Same Direction",no,no,no,no,no,False
102607787,METROPOLITAN NASHVILLE POLICE DEPT,20190921860,Davidson,Nashville,12/26/2019 1:40:00 PM,2,0,0,36.185230,-86.636470,JACKSON DOWNS BLVD,,,,0.00,,,LEBANON PKE,,,,0.00,Y,T-Intersection, ,Intersection-Related,None,,,         ,Allyson,Reis,Clear,Front to Rear,no,no,no,no,no,False
102607789,METROPOLITAN NASHVILLE POLICE DEPT,20190922069,Davidson,Nashville,12/26/2019 4:53:00 PM,2,0,0,36.167020,-86.763730,S 4TH ST,,,,9.00,Feet,North,SHELBY AVE,,,,0.00,N,Not at Intersection, ,Non-Junction,None,,,         ,Phillip,Burke,Clear,"Sideswipe, Same Direction",no,no,no,no,no,False
102607793,METROPOLITAN NASHVILLE POLICE DEPT,20190921820,Davidson,Nashville,12/26/2019 2:57:00 PM,1,1,0,36.074480,-86.920940,OLD HICKORY BLVD,,,,0.00,Feet,,HIGHWAY 70S,,,,0.00,Y,Four-Way,N,Intersection,None,,,         ,Ty,Cummings,Clear,Not Collision with Motor Vehicle in Transport,yes,no,no,no,no,False
102607795,METROPOLITAN NASHVILLE POLICE DEPT,20190922128,Davidson,Nashville,12/26/2019 5:10:00 PM,2,0,0,36.064460,-86.717200,NOLENSVILLE PKE,,,,563.00,Feet,East,FAIRLANE DR,,,,0.00,N,Not at Intersection,N,Non-Junction,None,,,         ,Richard,Olive,Clear,"Sideswipe, Same Direction",no,no,no,yes,yes,False
102607796,METROPOLITAN NASHVILLE POLICE DEPT,20190922131,Davidson,Nashville,12/26/2019 5:51:00 PM,2,0,0,36.143430,-86.688280,I 40,,,,0.00,,,,,,,215.40,N,Not at Intersection, ,Non-Junction,None,,,         ,Steven,Powers,Clear,"Sideswipe, Same Direction",no,no,no,no,yes,False
102607798,METROPOLITAN NASHVILLE POLICE DEPT,20190922120,Davidson,Nashville,12/26/2019 5:39:00 PM,2,0,0,36.087430,-86.692210,ANTIOCH PKE,,,,0.00,,,HARDING PL,,,,0.00,Y,Four-Way,N,Intersection,None,,,         ,Andrew,Brazee,Clear,"Sideswipe, Opposite Direction",no,no,no,no,yes,False
102607800,METROPOLITAN NASHVILLE POLICE DEPT,20190922072,Davidson,Nashville,12/26/2019 5:12:00 PM,1,1,0,36.074060,-86.922960,HIGHWAY 70S,,,,100.00,Feet,East,OLD HARDING PKE RAMP,,,,0.00,N,Not at Intersection,N,Non-Junction,None,,,         ,Walter,Gray II,Clear,Not Collision with Motor Vehicle in Transport,yes,no,no,no,yes,False
102607801,METROPOLITAN NASHVILLE POLICE DEPT,20190922091,Davidson,Nashville,12/26/2019 5:25:00 PM,2,1,0,36.065260,-86.685360,I 24,,,,0.00,,,,,,,57.40,N,Not at Intersection,N,Non-Junction,None,,,         ,Eric,Wegener,Clear,"Sideswipe, Same Direction",no,no,no,no,yes,False
102607805,METROPOLITAN NASHVILLE POLICE DEPT,20190922066,Davidson,Nashville,12/26/2019 4:50:00 PM,2,0,0,36.068280,-86.719200,NOLENSVILLE PKE,,,,38.00,Feet,North,HAYWOOD LN,,,,0.00,N,Not at Intersection,N,Non-Junction,None,,,         ,Jesse,Cox,Cloudy,Front to Rear,no,no,no,no,yes,False
102607814,METROPOLITAN NASHVILLE POLICE DEPT,20190922101,Davidson,Nashville,12/26/2019 5:30:00 PM,2,0,0,36.080190,-86.724090,HARDING PL,,,,237.00,Feet,East,SEVEN MILE CREEK HARDING MALL,,,,0.00,N,Not at Intersection, ,,None,,,         ,Patrick,Martin,,,no,no,no,no,no,False
102607819,METROPOLITAN NASHVILLE POLICE DEPT,20190922210,Davidson,Nashville,12/26/2019 6:48:00 PM,2,0,0,36.082610,-86.710670,HARDING PL,,,,56.00,Feet,West,TAMPA DR,,,,0.00,N,Not at Intersection, ,,None,,,         ,Jesse,Cox,,,no,no,no,no,no,False
102607825,METROPOLITAN NASHVILLE POLICE DEPT,20190922239,Davidson,Nashville,12/26/2019 7:09:00 PM,2,1,0,36.193680,-86.617820,OLD HICKORY BLVD,,,,231.00,Feet,West,HERMITAGE MARKETPLACE PVTDR,,,,0.00,N,Not at Intersection,N,Non-Junction,None,,,         ,Jason,Milyaro Lucas,Clear,Front to Rear,no,no,no,no,no,False
102607826,METROPOLITAN NASHVILLE POLICE DEPT,20190922229,Davidson,Nashville,12/26/2019 6:25:00 PM,2,0,0,36.174930,-86.756630,WOODLAND ST,,,,0.00,,,S 9TH ST,,,,0.00,Y,Four-Way, ,Intersection,None,,,         ,Kevin,Clausius,Clear,Angle,no,no,no,no,no,False
102607828,METROPOLITAN NASHVILLE POLICE DEPT,20190922097,Davidson,Nashville,12/26/2019 5:27:00 PM,6,1,0,36.046190,-86.778260,I 65,,,,0.00,,,,,,,75.15,N,Not at Intersection,N,Non-Junction,None,,,         ,Nicholas,Carroll,Clear,Front to Rear,no,no,no,no,yes,False
102607845,METROPOLITAN NASHVILLE POLICE DEPT,20190922157,Davidson,Nashville,12/26/2019 6:07:00 PM,1,1,0,36.174030,-86.606660,CENTRAL PKE,,,,0.00,,,CENTRAL PKE EXIT RAMP,,,,0.00,Y,T-Intersection,N,Entrance/Exit Ramp Related,None,,,         ,Abbey,Sawl,Clear,Not Collision with Motor Vehicle in Transport,yes,no,no,no,no,False
102607854,METROPOLITAN NASHVILLE POLICE DEPT,20190922249,Davidson,Nashville,12/26/2019 7:18:00 PM,2,1,0,36.180380,-86.772370,ALLEY,,,,187.00,Feet,West,TREUTLAND AVE,,,,0.00,N,Not at Intersection,N,Non-Junction,None,,,         ,Kaleb,Stella,Clear,"Sideswipe, Same Direction",no,no,no,yes,no,False
102607855,METROPOLITAN NASHVILLE POLICE DEPT,20190922096,Davidson,Not in City Limit,12/26/2019 5:08:00 PM,3,1,0,36.261240,-86.712530,GALLATIN PKES,,,,0.00,,,MAPLE ST,,,,0.00,Y,T-Intersection,N,Intersection,None,,,         ,Kevin,Crawford,Clear,HeadOn,no,no,no,no,no,False
102607857,METROPOLITAN NASHVILLE POLICE DEPT,20190922257,Davidson,Nashville,12/26/2019 6:48:00 PM,2,0,0,36.192070,-86.617740,LOPEZ LN,,,,1.00,Feet,South,JUAREZ DR,,,,0.00,N,Not at Intersection, ,Non-Junction,None,,,         ,Steven,Powers,Clear,Front to Rear,no,no,no,no,yes,False
102607863,METROPOLITAN NASHVILLE POLICE DEPT,20190922055,Davidson,Goodlettsville,12/26/2019 5:00:00 PM,2,0,0,36.299790,-86.696600,CUDE LN,,,,0.00,,,GALLATIN PKEN,,,,0.00,Y,Four-Way, ,Intersection-Related,None,,,         ,Derek,Sibley,Clear,Front to Rear,no,no,no,no,no,False
102607864,METROPOLITAN NASHVILLE POLICE DEPT,20190922135,Davidson,Not in City Limit,12/26/2019 5:38:00 PM,2,0,0,36.283650,-86.706850,GALLATIN PKEN,,,,101.00,Feet,North,EDGEMEADE BLVD,,,,0.00,N,Not at Intersection, ,Non-Junction,None,,,         ,Derek,Sibley,Clear,Angle,no,no,no,no,no,False
102607896,Metro Park Police,20190921923,Davidson,Nashville,12/26/2019 4:04:00 PM,2,0,0,36.146840,-86.808630,WEST END AV,,,,0.00,,,25TH AVN,,,,0.00,Y,Four-Way, ,,None,,,         ,Brian,Thompson,,,no,no,no,no,no,Campus
102607916,METROPOLITAN NASHVILLE POLICE DEPT,20190922379,Davidson,Nashville,12/26/2019 8:55:00 PM,2,1,0,36.144930,-86.766660,4TH AVS,,,,0.00,,,CHESTNUT ST,,,,0.00,Y,Four-Way,N,Intersection,None,,,         ,Heather,Fox,Clear,Angle,no,no,no,no,no,False
102607921,METROPOLITAN NASHVILLE POLICE DEPT,20190921880,Davidson,Nashville,12/26/2019 3:27:00 PM,1,2,1,36.204060,-86.818410,W TRINITY LN,,,,196.00,Feet,West,YOUNGS LN,,,,0.00,N,Not at Intersection,N,Non-Junction,None,,,19-1056  ,Ryan,Allen,Cloudy,Not Collision with Motor Vehicle in Transport,yes,no,no,no,no,False
102607976,METROPOLITAN NASHVILLE POLICE DEPT,20190922264,Davidson,Nashville,12/26/2019 7:31:00 PM,2,2,0,36.131190,-86.716870,MURFREESBORO PKE,,,,0.00,,,FOOTHILL DR,,,,0.00,Y,T-Intersection,N,Intersection,None,,,         ,Dontaveous,Eubanks,Clear,Angle,no,no,no,no,yes,False
102607990,METROPOLITAN NASHVILLE POLICE DEPT,20190922477,Davidson,Nashville,12/26/2019 10:05:00 PM,2,1,0,36.085510,-86.713320,TAMPA DR,,,,50.00,Feet,East,DOLPHIN DR,,,,0.00,N,Not at Intersection,N,Non-Junction,None,,,         ,Patrick,Martin,Clear,HeadOn,no,no,no,no,yes,False
102608062,BELLE MEADE POLICE DEPT,19-0376,Davidson,Belle Meade,12/26/2019 5:45:00 PM,2,1,0,36.112020,-86.864020,HARDING PKE,,,,554.00,Feet,South,JACKSON BLVD,,,,0.00,N,Not at Intersection,N,Non-Junction,None,,,         ,Katelyn,Cloxton,Clear,Other,no,no,no,no,no,False
102608070,METROPOLITAN NASHVILLE POLICE DEPT,20190922139,Davidson,Nashville,12/26/2019 5:52:00 PM,2,0,0,36.078510,-86.683410,ANTIOCH PKE,,,,329.00,Feet,East,CHEROKEE HILLS DR,,,,0.00,N,Not at Intersection,N,Non-Junction,None,,,         ,Marcus,Darden,Clear,Angle,no,no,no,no,no,False
102608075,METROPOLITAN NASHVILLE POLICE DEPT,20190922610,Davidson,Nashville,12/26/2019 11:30:00 PM,1,0,0,36.187110,-86.770900,N 2ND ST,,,,36.00,Feet,South,CLEVELAND ST,,,,0.00,N,Not at Intersection,N,Non-Junction,None,,,         ,Kaleb,Stella,Rain,Not Collision with Motor Vehicle in Transport,no,no,no,no,yes,False
102608083,METROPOLITAN NASHVILLE POLICE DEPT,20190922100,Davidson,Nashville,12/26/2019 5:30:00 PM,3,1,0,36.240990,-86.757320,DICKERSON PKE,,,,102.00,Feet,South,BRILEY PKWYE,,,,0.00,N,Not at Intersection,N,Non-Junction,None,,,         ,Michael,Fox,Clear,Front to Rear,no,no,no,no,no,False
102608106,METROPOLITAN NASHVILLE POLICE DEPT,20190922938,Davidson,Nashville,12/27/2019 3:25:00 AM,1,0,0,36.193360,-86.830740,CLARKSVILLE PKE,,,,175.00,Feet,East,BUENA VISTA PKE,,,,0.00,N,Not at Intersection,N,Non-Junction,None,,,         ,Dalton,Crum,Rain,Not Collision with Motor Vehicle in Transport,no,no,no,yes,yes,False
102608130,METROPOLITAN NASHVILLE POLICE DEPT,20190922934,Davidson,Nashville,12/27/2019 3:00:00 AM,2,0,0,36.148660,-86.795120,CHET ATKINS PL,,,,114.00,Feet,West,18TH AVE S,,,,0.00,N,Not at Intersection,N,Non-Junction,None,,,         ,Douglas,Mann,Rain,Not Collision with Motor Vehicle in Transport,no,no,no,no,no,False
102608155,METROPOLITAN NASHVILLE POLICE DEPT,20190923000,Davidson,Nashville,12/27/2019 12:00:00 AM,1,0,0,36.113520,-86.690520,MURFREESBORO PKE,,,,502.00,Feet,West,AIR FREIGHT BLVD,,,,0.00,N,Not at Intersection,N,Non-Junction,None,,,         ,Antoine,Maghamez,Clear,Not Collision with Motor Vehicle in Transport,no,no,no,no,no,False
102608156,METROPOLITAN NASHVILLE POLICE DEPT,20190922734,Davidson,Nashville,12/27/2019 12:48:00 AM,3,0,0,36.175990,-86.747660,HOLLY ST,,,,96.00,Feet,West,S 13TH ST,,,,0.00,N,Not at Intersection,N,Non-Junction,None,,,         ,William,Burnett,Clear,Front to Rear,no,no,no,no,yes,False
102608169,METROPOLITAN NASHVILLE POLICE DEPT,20190923035,Davidson,Nashville,12/27/2019 5:20:00 AM,1,1,0,36.238110,-86.783310,BRILEY PKWYE,,,,75.00,Feet,West,I24 W EXT RAMP,,,,0.00,N,Not at Intersection,N,Non-Junction,None,,,         ,Coleman,McKellar,Cloudy,Not Collision with Motor Vehicle in Transport,no,no,no,no,no,False
102608179,METROPOLITAN NASHVILLE POLICE DEPT,20190921679,Davidson,Nashville,12/26/2019 1:08:00 PM,2,0,0,36.184090,-86.775550,I 24,,,,0.00,,,,,,,47.30,N,Not at Intersection, ,,None,,,         ,Byron,Carter,,,no,no,no,no,no,False
102608194,METROPOLITAN NASHVILLE POLICE DEPT,20190921715,Davidson,Nashville,12/24/2019 2:40:00 PM,2,0,0,36.246300,-86.760830,SKYLINE COMMONS PVTDR,,,,0.00,,,,,,,0.00,,,N,Non-Junction,None,,,         ,Wesley,Young,Clear,"Sideswipe, Opposite Direction",no,no,no,yes,yes,False
102608216,METROPOLITAN NASHVILLE POLICE DEPT,20190923115,Davidson,Not in City Limit,12/27/2019 6:32:00 AM,1,0,0,36.104250,-86.931850,I 40,,,,0.00,,,,,,,198.60,N,Not at Intersection,N,Non-Junction,None,,,         ,Jack,Crouch,Rain,Not Collision with Motor Vehicle in Transport,no,no,no,no,no,False
102608220,METROPOLITAN NASHVILLE POLICE DEPT,20190923133,Davidson,Nashville,12/27/2019 5:45:00 AM,2,0,0,36.102590,-86.713850,I 24,,,,0.00,,,,,,,54.40,N,Not at Intersection, ,Non-Junction,None,,,         ,Adam,Warren,Rain,"Sideswipe, Same Direction",no,no,no,no,no,False
102608237,METROPOLITAN NASHVILLE POLICE DEPT,20190923141,Davidson,Nashville,12/27/2019 6:46:00 AM,2,0,0,36.045000,-86.649220,CROSSINGS PL,,,,0.00,,,CROSSINGS BLVD,,,,0.00,Y,T-Intersection,N,Intersection,None,,,         ,Robert,Higgins,Rain,Angle,no,no,no,no,no,False
102608242,METROPOLITAN NASHVILLE POLICE DEPT,20190923148,Davidson,Nashville,12/27/2019 7:06:00 AM,2,0,0,36.035450,-86.638360,CROSSINGS BLVD,,,,0.00,Feet,,OLD FRANKLIN RD,,,,0.00,Y,Four-Way,N,Intersection-Related,None,,,         ,Jason,Thomas,Rain,Angle,no,no,no,no,no,False
102608246,METROPOLITAN NASHVILLE POLICE DEPT,20190923244,Davidson,Nashville,12/27/2019 8:02:00 AM,2,0,0,36.227170,-86.759740,US HWY 31W,,,,496.00,Feet,North,HILLHURST DR,,,,0.00,N,Not at Intersection, ,Non-Junction,None,,,         ,Nicholas,Smith,Cloudy,Angle,no,no,no,no,no,False
102608261,METROPOLITAN NASHVILLE POLICE DEPT,20190923271,Davidson,Nashville,12/26/2019 12:00:00 AM,1,0,0,36.225700,-86.725490,GALLATIN PKE,,,,66.00,Feet,North,CALVERT ST,,,,0.00,N,Not at Intersection,N,Non-Junction,None,,,         ,Miles,Posey,Unknown,Not Collision with Motor Vehicle in Transport,no,no,no,no,yes,False
102608274,GOODLETTSVILLE POLICE DEPT,19-48118,Davidson,Goodlettsville,12/27/2019 6:30:00 AM,4,1,0,36.316190,-86.701560,I 65,,,,0.00,,,,,,,96.45,N,Not at Intersection,N,Non-Junction,None,,,         ,Charles,Hauskin,Clear,Front to Rear,no,no,no,no,no,False
102608293,METROPOLITAN NASHVILLE POLICE DEPT,20190923251,Davidson,Nashville,12/27/2019 8:03:00 AM,2,1,0,36.206290,-86.773750,W TRINITY LN,,,,80.00,Feet,West,I65 N EXT RAMP,,,,0.00,N,Not at Intersection,N,OtherLocation,None,,,         ,Nathan,Mayo,Cloudy,Front to Rear,no,no,no,no,no,False
102608294,METROPOLITAN NASHVILLE POLICE DEPT,20190923359,Davidson,Nashville,12/27/2019 9:06:00 AM,1,1,0,36.352130,-86.782100,GREER RD,,,,0.56,Miles,East,GREER RD PVTDR,,,,0.00,N,Not at Intersection,N,Non-Junction,None,,,         ,Brian,Sherman,Cloudy,Not Collision with Motor Vehicle in Transport,no,no,no,no,no,False
102608301,METROPOLITAN NASHVILLE POLICE DEPT,20190923404,Davidson,Nashville,12/27/2019 9:26:00 AM,2,0,0,36.142160,-86.666470,I40 W EXT RAMP,,,,0.00,Feet,,I 40,,,,0.00,Y,Four-Way, ,Entrance/Exit Ramp Related,None,,,         ,Mario,Diaz,Cloudy,Front to Rear,no,no,no,no,no,False
102608319,METROPOLITAN NASHVILLE POLICE DEPT,20190923358,Davidson,Nashville,12/27/2019 9:05:00 AM,2,2,0,36.042590,-86.782130,I 65,,,,0.00,,,,,,,74.85,N,Not at Intersection,N,Non-Junction,None,,,         ,Ian,Hammond,Cloudy,"Sideswipe, Same Direction",no,no,no,no,no,False
102608369,METROPOLITAN NASHVILLE POLICE DEPT,20190923493,Davidson,Nashville,12/27/2019 10:28:00 AM,3,0,0,36.219530,-86.774900,I 65,,,,0.00,,,,,,,88.25,N,Not at Intersection, ,Non-Junction,None,,,         ,Royce,McLester,Clear,Front to Rear,no,no,no,no,no,False